"fips","pop_density","prop_gen_hosts","treediversity_specrich_total","MEAN_MAT","MEAN_MAP","height_difference_NHminH","diameter_difference_NHminH","diameter_cv_t_difference_NHminH","height_cv_t_difference_NHminH","generalist_count","lat","US_L3NAME","broad_group","s_prop_gen_hosts","s_diameter_cv_diff","s_height_cv_diff","s_height_mean_diff","s_diameter_mean_diff","s_pop_density","s_MEAN_MAP","s_MEAN_MAT","s_tree_div","temp_bin"
"01001",36.13780506,0.885240963855422,68,17.63111303,1396,-1229.07453081657,0.342420259257448,90.5565577896151,58.0215127352333,1,32.53954674,"Southeastern Plains","White / red / jack pine group",0.918197301470855,0.820814734649438,0.914726555709833,-0.112017766040728,-0.834936500526964,-0.128187972517551,1.07651755733817,1.18060200930997,2.33892997220835,"High"
"01003",53.01292518,0.832525951557093,62,19.26576648,1656.670588,-1290.19467893973,0.486605646525123,78.130415675401,48.4911672417375,2,30.72889271,"Southeastern Plains","White / red / jack pine group",0.60896211689272,0.388803667957856,0.194326951254567,-0.246424746855698,0.478379964861562,-0.0770301676287767,1.88297650998312,1.56013280730846,1.94196669808447,"High"
"01005",10.91808529,0.919419067697353,56,17.99008462,1333.0625,-1288.5632815264,0.337724974685297,88.0131447685182,54.8661042092378,0,31.86794216,"Southeastern Plains","White / red / jack pine group",1.11869184352421,0.732389657728384,0.676208964131091,-0.242837203180359,-0.877703625928119,-0.204642865529787,0.88180241620345,1.26394736548408,1.54500342396058,"High"
"01007",13.8780279,0.877974543442169,54,16.82691383,1462.285714,-1357.32606776809,0.329319805880323,83.3636892978619,53.1386549581938,1,32.99526918,"Ridge and Valley","White / red / jack pine group",0.875571249427122,0.570745263277462,0.545630932304443,-0.394050817266294,-0.954262331322095,-0.195669645460978,1.28159135526033,0.993884534651498,1.41268233258595,"High"
"01009",34.5784677,0.869249394673123,50,15.56345061,1447.94898,-1147.46990722652,0.363125191564015,86.7991436867479,53.6541683306695,1,33.98234094,"Southwestern Appalachians","White / red / jack pine group",0.824388049946902,0.690183323897678,0.584598630786765,0.0674358415516353,-0.646345069534807,-0.132915184878198,1.23723657179704,0.700535993938878,1.14804014983669,"High"
"01011",6.306555245,0.913588178605846,56,17.87502729,1383.438776,-1317.50577337209,0.380756561601145,118.878432586992,58.2772951684378,1,32.09960249,"Southeastern Plains","White / red / jack pine group",1.08448686118896,1.80546171755529,0.93406117100084,-0.306483530384972,-0.485749262872837,-0.218622958862648,1.0376558214258,1.23723356858084,1.54500342396058,"High"
"01013",9.804162544,0.912724850099933,64,18.01783807,1462.638095,-1377.26958627564,0.322277703378292,107.727255186031,55.8980511044462,1,31.75293353,"Southeastern Plains","White / red / jack pine group",1.07942243004804,1.41777646499845,0.7542139153298,-0.437907846277837,-1.01840551075332,-0.208019780307034,1.28268154657947,1.27039110989101,2.07428778945909,"High"
"01015",72.85281641,0.845450168512277,46,15.94370424,1400.290323,-1300.43891070936,0.329528750064544,74.7359187083688,48.6638536096465,1,33.77376946,"Ridge and Valley","White / red / jack pine group",0.684777761078596,0.270789545623664,0.207380328093986,-0.268952445253127,-0.952359157618541,-0.0168845048221495,1.08979089753215,0.788822574581231,0.88339796708743,"High"
"01017",21.63440005,0.934074457083764,49,16.64250984,1413.176471,-1256.15785275806,0.31063467550379,111.041268640089,59.2315539585414,1,32.91358935,"Piedmont","White / red / jack pine group",1.2046628382064,1.53299247284373,1.00619367190626,-0.171575663794188,-1.12445634228574,-0.172155799617348,1.12965787868811,0.951069959195882,1.08187960414937,"High"
"01019",18.16031066,0.833667334669339,52,15.51629923,1432.034091,-1246.50402902632,0.318254060568822,86.0946723979253,51.9341592204227,2,34.17582351,"Ridge and Valley","White / red / jack pine group",0.615657663417347,0.665691459074265,0.454582999818622,-0.150346309138691,-1.05505496915307,-0.182687682407868,1.18799931487107,0.689588474219557,1.28036124121132,"High"
"01021",24.60212025,0.861339923119165,56,16.96099324,1451.737374,-1342.98308522914,0.302661948680022,114.644231319526,62.5502294731791,2,32.85042711,"Southeastern Plains","White / red / jack pine group",0.77798975107026,1.65825417805255,1.25705262866623,-0.362509712767373,-1.19707613830058,-0.163159001379678,1.24895705119937,1.0250148427131,1.54500342396058,"High"
"01023",5.391182875,0.86906269791007,72,17.76782661,1512.317073,-1285.32912049607,0.307673537290342,112.200568428433,56.8616501891461,0,32.0221262,"Southeastern Plains","White / red / jack pine group",0.823292855134917,1.57329704473535,0.827052449876634,-0.235725083316379,-1.15142794908798,-0.221397957841739,1.43637766118044,1.21234391406331,2.60357215495761,"High"
"01025",7.440699612,0.889301175015461,74,18.10381727,1534.465909,-1280.25464989435,0.360780640047394,95.1792605646092,51.5799499969508,1,31.68196134,"Southeastern Plains","White / red / jack pine group",0.942015187358756,0.98152903668039,0.427808295306838,-0.224566009038006,-0.667700479878947,-0.21518474118893,1.50490141455021,1.29035360064847,2.73589324633224,"High"
"01027",8.492858506,0.839690436705362,44,15.88105482,1471.926829,-1351.90871933585,0.307495444666258,75.9953385388581,51.1768892488358,1,33.26981661,"Piedmont","White / red / jack pine group",0.650990199418701,0.314574921598067,0.397340900004994,-0.382137733460723,-1.15305011052893,-0.211995066743446,1.31141889953713,0.77427674875696,0.751076875712801,"High"
"01029",10.30698681,0.852517985611511,44,15.47715848,1439.098765,-1475.21374165835,0.289206090145051,79.2757224361288,51.4173291668962,1,33.67668539,"Piedmont","White / red / jack pine group",0.7262387724671,0.428621753961003,0.415515773306721,-0.653293093495096,-1.319639186504,-0.206495442375781,1.20985590267612,0.680500847675987,0.751076875712801,"High"
"01031",29.70488576,0.889583333333333,47,18.38522917,1343.260417,-1294.01641613694,0.334209762349883,75.5575113738987,45.7094437146053,1,31.40149194,"Southeastern Plains","White / red / jack pine group",0.943670375808937,0.29935328813998,-0.0159437603390041,-0.254828983002348,-0.90972203172444,-0.147689702168921,0.913352586577792,1.35569129223886,0.949558512774745,"High"
"01033",35.7853014,0.787577639751553,62,15.44404681,1448.078652,-1309.65897581255,0.385697046540635,94.5642889300911,55.5875953457889,2,34.69857937,"Interior Plateau","Oak / hickory group",0.34528771198127,0.960148744279796,0.730746538843793,-0.289227937893297,-0.440748723352208,-0.129256605708463,1.23763774918383,0.672813041714324,1.94196669808447,"High"
"01035",5.548508645,0.878394811511958,47,18.11074735,1563.725806,-1312.57552201074,0.282562907049009,101.24723106366,55.548784876639,1,31.43410156,"Southeastern Plains","White / red / jack pine group",0.878036613058225,1.19248995953587,0.727812852269325,-0.295641603123889,-1.38014879783115,-0.220921016582156,1.59542526716499,1.29196261373475,0.949558512774745,"High"
"01037",6.344585383,0.907643312101911,48,16.77584542,1468.793814,-1210.58770713659,0.278931884194274,99.1313703725132,56.834868489954,2,32.93690369,"Piedmont","White / red / jack pine group",1.04961326806082,1.11892929800863,0.825028019018614,-0.0713640989279147,-1.41322206684747,-0.218507668520069,1.301726022351,0.982027566191416,1.01571905846206,"High"
"01043",43.79749277,0.826342281879195,49,15.50491052,1468.12037,-1442.96787388198,0.390331369419872,59.1943317869354,44.5228162523809,1,34.13019434,"Southwestern Appalachians","White / red / jack pine group",0.572687663926774,-0.269534030454559,-0.105641028397714,-0.582382438585569,-0.398536869165281,-0.104967230585604,1.29964253089509,0.686944264711742,1.08187960414937,"High"
"01045",33.91853603,0.861689587426326,46,18.42755909,1327.936709,-1349.96523988967,0.352645431148735,63.8428985338211,49.656131877931,0,31.43032608,"Southeastern Plains","White / red / jack pine group",0.780040941079538,-0.107920533646735,0.28238672450108,-0.377863902119368,-0.741800248228908,-0.13491580208114,0.865944317009931,1.36551937434202,0.88339796708743,"High"
"01047",15.06319959,0.851160673645881,69,17.84761987,1376.821918,-1188.71755041254,0.403672353740232,80.0268388637247,49.2095595654321,0,32.32658716,"Southeastern Plains","White / red / jack pine group",0.718276550740842,0.454735297980759,0.248630286447031,-0.0232702734792829,-0.277020155825308,-0.192076735801932,1.01718468038368,1.23087016477578,2.40509051789567,"High"
"01049",35.49104685,0.79255610290093,46,14.60705408,1477.157895,-1246.26682752712,0.356813285197895,89.2691731412588,54.6547276962402,2,34.45782868,"Southwestern Appalachians","White / red / jack pine group",0.374492219460097,0.776057125242848,0.660230996022954,-0.149824688391176,-0.703837237886283,-0.130148653690907,1.32760269702631,0.478481626247736,0.88339796708743,"High"
"01051",50.89186216,0.88622754491018,59,17.72557811,1422.229167,-1255.46099721228,0.391975512071099,107.688085966196,56.5308959363849,2,32.60089022,"Southeastern Plains","White / red / jack pine group",0.923984752924775,1.41641469589209,0.802050708541687,-0.170043235407665,-0.383561151748818,-0.0834602805620383,1.15766498064306,1.20253473590434,1.74348506102252,"High"
"01053",15.01881593,0.886430678466077,49,18.49260468,1629.465116,-1217.39192082455,0.311055142864331,107.788536972754,57.3970669446578,1,31.12599866,"Southeastern Plains","White / red / jack pine group",0.925176368745641,1.41990700638512,0.867524646729581,-0.0863269850906862,-1.12062650405996,-0.192211287177115,1.79880860817392,1.38062153846065,1.08187960414937,"High"
"01055",74.11772642,0.785216925549009,54,15.64160254,1414.371795,-1370.69329269865,0.400157027437302,69.3226615418529,48.9070213605928,1,34.04369385,"Southwestern Appalachians","White / red / jack pine group",0.331439362899445,0.0825905872271316,0.225761398509276,-0.423446170516597,-0.309039599697804,-0.0130498642961395,1.13335595505532,0.718681163704385,1.41268233258595,"High"
"01057",10.0916947,0.891012909632572,57,15.99524816,1508.26087,-1247.33026325057,0.313929658121783,95.3501821444291,51.7620136993199,1,33.72072771,"Southeastern Plains","White / red / jack pine group",0.95205651234746,0.987471348730253,0.441570505634037,-0.152163249230257,-1.09444390477468,-0.20714811161186,1.42382863810809,0.80078994606879,1.61116396964789,"High"
"01059",19.23871399,0.847476740907809,64,15.28709354,1476.94898,-1412.58128553868,0.33856955325065,98.3327465487631,55.0104952867935,2,34.44262569,"Southeastern Plains","White / red / jack pine group",0.696665977764323,1.09116409728805,0.68712349763137,-0.515560453987944,-0.870010759423324,-0.17941844658879,1.32695635877471,0.636371923377239,2.07428778945909,"High"
"01061",17.73160191,0.727895037079293,49,18.74686086,1388.294118,-1519.62198634461,0.399919975068235,36.7234977824549,38.8346216650466,0,31.09525669,"Southeastern Plains","Oak / gum / cypress group",-0.00482053705056894,-1.05076193518137,-0.535612127932021,-0.750949566439914,-0.311198797556579,-0.183987335295115,1.0526772093549,1.43965426548389,1.08187960414937,"High"
"01063",4.905769199,0.861708482676225,67,17.20161903,1408.967033,-1219.56610638243,0.488083767039235,75.1194422365111,43.7814993574226,1,32.8566071,"Southeastern Plains","White / red / jack pine group",0.780151783813618,0.284123242194264,-0.161677233828928,-0.0911081534212557,0.491843465191231,-0.222869514663294,1.11663477935515,1.08088289113506,2.27276942652104,"High"
"01065",8.845712703,0.847902783222266,57,17.2964011,1423.384615,-1237.64264456936,0.462641034187939,72.0543142309137,45.6082108788712,0,32.76023789,"Southeastern Plains","White / red / jack pine group",0.699165214091986,0.17756006216032,-0.0235959587687991,-0.130859577393527,0.260097650921883,-0.210925370881375,1.1612396892094,1.10288921587811,1.61116396964789,"High"
"01067",11.76871131,0.915352981494174,51,18.41310035,1363.60241,-1099.82437115537,0.330949985321127,84.02408250485,49.2585182357202,0,31.51140274,"Southeastern Plains","White / red / jack pine group",1.09483949363885,0.593704695993144,0.252331076385263,0.172211318203457,-0.939413798182109,-0.202064148480366,0.976286354807489,1.36216237097825,1.214200695524,"High"
"01071",18.54017626,0.75781650435674,68,14.65756782,1493.912791,-1362.47307114795,0.436309642717462,61.5054148124087,46.5722274218589,1,34.77938554,"Southwestern Appalachians","Oak / hickory group",0.17070385444584,-0.189186209395482,0.0492741314845536,-0.405369395603791,0.0202574657957077,-0.181536100071827,1.37943875564538,0.490209812458758,2.33892997220835,"High"
"01073",228.7769456,0.860487338748208,64,16.30977199,1451.889571,-1306.67440258796,0.320407668076148,78.14695838295,48.7377326165499,2,33.55705539,"Southwestern Appalachians","White / red / jack pine group",0.772988346843524,0.389378796800624,0.212964848339037,-0.282664677029956,-1.03543877743661,0.455807607698002,1.24942791611035,0.873815503987163,2.07428778945909,"High"
"01075",8.843667303,0.768037026953444,49,16.1187119,1499.82716,-1289.13968618795,0.380492099426091,80.1112555634203,49.5417878957436,1,33.77977028,"Southeastern Plains","White / red / jack pine group",0.230659169903045,0.457670154845173,0.27374345342598,-0.244104752632799,-0.488158123684273,-0.210931571617926,1.39773654622425,0.829455527612131,1.08187960414937,"High"
"01077",53.6774678,0.757594167679222,56,15.22175001,1448.490385,-1352.89851300424,0.414097622901849,66.7477443275415,44.4882836688636,2,34.90188562,"Interior Plateau","Oak / hickory group",0.169399589863265,-0.00692977413464065,-0.108251349243234,-0.384314350872219,-0.182061312176051,-0.0750155720909385,1.23891156287527,0.621200584103499,1.54500342396058,"High"
"01079",18.43012861,0.819815668202765,63,15.43396959,1457.394231,-1437.74942402204,0.386375505158553,74.2696971136913,44.1818076102506,1,34.52033016,"Interior Plateau","White / red / jack pine group",0.534401443419433,0.254580742716052,-0.131417899873586,-0.570906745025476,-0.434568964842129,-0.181869715250097,1.26645815482016,0.670473331515684,2.00812724377178,"High"
"01081",103.8818448,0.92996632996633,41,17.21693478,1401.413043,-1339.52175675992,0.328378152636713,85.4031444938616,55.1107356531239,4,32.60162662,"Piedmont","White / red / jack pine group",1.18056386920226,0.64164958793392,0.694700675216817,-0.354898037674254,-0.962839405136265,0.0771816096099811,1.09326435267821,1.08443887348682,0.552595238650857,"High"
"01083",66.82838463,0.6947261663286,51,15.26774259,1443.011111,-1613.73809271533,0.411894187733072,63.3603427152288,49.5590515105314,1,34.81185467,"Interior Plateau","Oak / hickory group",-0.19939474696997,-0.124697217191165,0.275048411496292,-0.957916697439972,-0.202131360482671,-0.0351478832974058,1.22195986301071,0.631879055793881,1.214200695524,"High"
"01085",5.357339812,0.898483080513419,59,18.07788301,1383.288462,-1314.20452067694,0.353000823057775,133.102194901839,57.7171005264318,1,32.15901362,"Southeastern Plains","White / red / jack pine group",0.995877799120491,2.29996939930597,0.891716011657508,-0.29922387180613,-0.738563151497728,-0.221500554848544,1.0371907821134,1.28433223239252,1.74348506102252,"High"
"01087",11.69537155,0.896991497710922,63,17.81224697,1397.882353,-1297.36299865077,0.342720074968593,89.1254625014968,53.4994556290883,1,32.38765932,"Southeastern Plains","White / red / jack pine group",0.987127921938762,0.771060837078117,0.572903884872321,-0.262188324652268,-0.832205621084251,-0.202286481779684,1.08234115424082,1.22265735063801,2.00812724377178,"High"
"01089",177.1010636,0.747634069400631,67,15.19978415,1444.647541,-1573.22950866147,0.442076033227817,65.7428497574692,48.0560186343526,2,34.76314544,"Southwestern Appalachians","White / red / jack pine group",0.110971967535003,-0.041866246866022,0.161434032015355,-0.868835819088736,0.0727807883502343,0.299149482006904,1.22702262683843,0.616100591579382,2.27276942652104,"High"
"01091",7.563963066,0.889659270998415,69,17.71324879,1435.855072,-1290.24887989413,0.352443736624254,115.648510221472,58.308871596528,0,32.2475775,"Southeastern Plains","White / red / jack pine group",0.944115839005364,1.69316924627708,0.936448035813015,-0.246543938102151,-0.743637388212365,-0.214811061613034,1.19982061146988,1.19967213731601,2.40509051789567,"High"
"01093",15.5087218,0.88015526443474,50,15.55347616,1506.776786,-1278.86143016176,0.271559339336496,104.948065348807,59.6103380352946,1,34.13704658,"Southeastern Plains","White / red / jack pine group",0.888363727873958,1.32115429899697,1.03482599161106,-0.221502232793683,-1.48037508933483,-0.190726112035658,1.41923720016544,0.698220144687713,1.14804014983669,"High"
"01095",65.59871156,0.764600179694519,52,15.21660224,1428.420455,-1251.29527310565,0.424166620112592,65.7130952901222,43.3295771090243,1,34.36846438,"Southwestern Appalachians","Oak / hickory group",0.21049804216839,-0.0429006998007519,-0.1958380739803,-0.160882550800814,-0.0903475811426108,-0.0388757012059423,1.17681949928021,0.620005384438389,1.28036124121132,"High"
"01097",130.015283,0.809074219774456,49,19.22932829,1651.722222,-1157.09230052663,0.484455773978909,73.6693685631365,51.8731390994559,3,30.7846079,"Southeastern Plains","White / red / jack pine group",0.471390288863183,0.233709536262206,0.449970483825546,0.0462756043565966,0.458797793138515,0.156406487596121,1.86766732572769,1.55167265611965,1.08187960414937,"High"
"01099",7.907487227,0.882850041425021,69,18.11935328,1508.28,-1200.8645057337,0.351362221001618,122.458950541945,68.2854059474535,1,31.56726836,"Southeastern Plains","White / red / jack pine group",0.904171745811438,1.92994310259097,1.69057509292192,-0.0499821784884398,-0.753488402255458,-0.213769650240667,1.42388782222964,1.2939607225574,2.40509051789567,"High"
"01101",111.3303325,0.824392288348701,59,18.2543463,1381.267241,-1382.88727035303,0.431884201613303,66.7347595993152,47.7910765611847,3,32.22380149,"Southeastern Plains","White / red / jack pine group",0.561248671824944,-0.00738120517737172,0.141407038781587,-0.450261480540844,-0.0200517831430173,0.0997620877199667,1.03093755737013,1.32530315088974,1.74348506102252,"High"
"01103",79.49711788,0.833672431332655,59,15.45150345,1455.810526,-1272.86236713696,0.413851651612119,74.5851751959353,49.941064312369,3,34.45514922,"Interior Plateau","Oak / hickory group",0.61568756130701,0.265548750451305,0.303924790797386,-0.208309922669412,-0.184301748262792,0.00325804087870203,1.26155851084653,0.674544310522148,1.74348506102252,"High"
"01105",4.884287348,0.918367346938776,60,17.34238524,1410.735849,-1285.41722967492,0.350525651611034,97.9821749348788,54.37582584637,2,32.6404135,"Southeastern Plains","White / red / jack pine group",1.11252227154227,1.07897601707185,0.639148782113137,-0.235918840842743,-0.761108316977152,-0.222934638012597,1.12210711710421,1.11356572798499,1.80964560670984,"High"
"01107",8.782500556,0.894140905823149,56,16.67805056,1448.242424,-1226.57055243978,0.331653514173455,101.596003646493,58.4179240469746,1,33.28082805,"Southeastern Plains","White / red / jack pine group",0.97040586743968,1.20461549408695,0.944691319565972,-0.106511362931688,-0.9330056867698,-0.211117001794805,1.23814442466497,0.959321737469156,1.54500342396058,"High"
"01109",19.11589839,0.864347826086956,54,18.03359042,1373.457447,-1397.03862384035,0.298925865478835,90.7692228782009,50.153270386098,2,31.80413807,"Southeastern Plains","White / red / jack pine group",0.795634618990882,0.828208314323931,0.319965465469853,-0.481381180919242,-1.23110635229911,-0.179790768471978,1.00677572792118,1.27404846121881,1.41268233258595,"High"
"01111",15.11819796,0.878721403948605,43,15.99151626,1440.085366,-1295.57031808587,0.282972282762668,116.62243365947,60.8403876236403,1,33.29523169,"Piedmont","White / red / jack pine group",0.879952459569971,1.72702896713478,1.12780554177631,-0.258246109364956,-1.37641998816835,-0.191910005380954,1.2129082347986,0.799923480467135,0.684916330025486,"High"
"01113",34.88869599,0.912314635718891,58,17.74304836,1316.023256,-1208.71781718036,0.290696751864358,120.420147323551,59.3996691079266,1,32.28722368,"Southeastern Plains","White / red / jack pine group",1.07701604305679,1.85906144478785,1.01890150995922,-0.0672520954202222,-1.30606145427059,-0.131974711671611,0.829086645791708,1.2065909460593,1.67732451533521,"High"
"01115",54.36556376,0.858502148557397,57,15.95195833,1416.354167,-1363.3181979219,0.347635762318167,94.0833776500792,55.4520122133774,1,33.71767427,"Ridge and Valley","White / red / jack pine group",0.761342885174959,0.94342923526788,0.72049779864579,-0.407227881579048,-0.78743095107617,-0.0729295733770856,1.13948898931569,0.790738993847009,1.61116396964789,"High"
"01117",106.3521688,0.880116959064328,58,16.57741442,1449.286957,-1225.31483976463,0.306527533770521,122.214346505845,57.2532518232437,2,33.26516355,"Ridge and Valley","White / red / jack pine group",0.888139022087632,1.92143912367448,0.856653649801703,-0.103749973199813,-1.16186635287144,0.0846705253809734,1.24137598598397,0.935956225640524,1.67732451533521,"High"
"01119",5.380411743,0.87214301878253,66,17.4068176,1433.246377,-1238.80211708676,0.353601934475689,101.672613744556,55.142165834729,1,32.59240085,"Southeastern Plains","White / red / jack pine group",0.841362538741635,1.20727894424544,0.697076485245081,-0.133409329074227,-0.733087912032484,-0.221430611088967,1.19174986803231,1.12852551350266,2.20660888083372,"High"
"01121",42.04896594,0.858074074074074,51,16.48288545,1418.830357,-1339.39580127541,0.332781095037093,93.8884645989331,56.2023511077634,1,33.38079885,"Ridge and Valley","White / red / jack pine group",0.758831727800766,0.936652828369924,0.777215977760281,-0.354621053784163,-0.922735086244078,-0.11026798067069,1.14714979067142,0.914008665184774,1.214200695524,"High"
"01123",21.79655323,0.889546800273286,58,16.87484503,1453.99115,-1411.97816929536,0.304378051184643,108.419946265222,55.7020102001104,2,32.866807,"Piedmont","White / red / jack pine group",0.94345606669519,1.44185877544191,0.739395167149375,-0.514234164117348,-1.18144497263031,-0.171664223813114,1.25592975128955,1.00501311152816,1.67732451533521,"High"
"01125",61.05090605,0.891803690222166,69,16.65688405,1465.458763,-1292.87746258833,0.337929741386863,83.4189035411617,52.5512068324037,3,33.28839834,"Southeastern Plains","White / red / jack pine group",0.956695365131939,0.572664858589126,0.501225679866744,-0.252324353801373,-0.875838502937322,-0.0526626102944848,1.29140808906549,0.954407336541459,2.40509051789567,"High"
"01127",31.14179876,0.867445517861155,63,15.98290514,1474.534483,-1299.2162220769,0.338406740103533,91.4948864258366,54.2305439770369,2,33.80205275,"Southwestern Appalachians","White / red / jack pine group",0.813806203247364,0.853436955714946,0.628166913588695,-0.266263677430861,-0.871493747338691,-0.143333625627041,1.31948642234373,0.797924166639938,2.00812724377178,"High"
"01129",5.839055077,0.850732315363041,66,18.40539335,1569.074534,-1349.7614038472,0.37639585317175,80.6997899030809,51.4353152443602,0,31.40910343,"Southeastern Plains","White / red / jack pine group",0.715763728550647,0.478131320146877,0.416875342390507,-0.377415654072023,-0.525468892508058,-0.220040209952415,1.61197308567401,1.36037297405123,2.20660888083372,"High"
"01131",4.58874272,0.908256880733945,66,17.9485648,1424.761905,-1249.11727163578,0.364816311963906,82.1404605935848,51.7404558198858,0,31.98669741,"Southeastern Plains","White / red / jack pine group",1.05321256550771,0.528218119093426,0.439940943743777,-0.156092991044088,-0.630941454035213,-0.223830596933638,1.16550072939583,1.25430737089235,2.20660888083372,"High"
"01133",14.93521143,0.873144399460189,45,15.42131347,1496.72619,-1399.7518922789,0.33929535368686,82.986059449717,49.8357809211266,1,34.15040226,"Southwestern Appalachians","White / red / jack pine group",0.847236807288446,0.557616468192699,0.29596641054155,-0.487347825800914,-0.863399786692148,-0.192464738569959,1.38814280940273,0.667534857111115,0.817237421400115,"High"
"04001",2.47259931,0.762038703870387,20,10.1943754,322.4777108,-441.309403168509,0.587664985985721,52.2920189762232,86.7200045678118,1,35.38331872,"Arizona/New Mexico Plateau","White / red / jack pine group",0.195471991433825,-0.509501953932902,3.08404792803174,1.62032640605028,1.39888166763465,-0.23024579581315,-2.24473041172398,-0.54604590326095,-0.836776220782752,"Low"
"04003",7.861754635,0.639547413793103,25,16.15491595,391.1753394,-134.293731483809,0.481234322613861,50.9641851974332,95.5614252776964,2,31.87962746,"Madrean Archipelago","Aspen / birch group",-0.523082648787011,-0.555665830210158,3.75237165108778,2.295472830939,0.429455117016201,-0.213908290973412,-2.03219466676319,0.837861316611186,-0.505973492346178,"High"
"04005",2.950340147,0.878499654828565,23,11.00338252,342.638061,-391.992170527099,0.549137846453298,56.7409601751368,90.0712392535964,3,35.83526988,"Arizona/New Mexico Mountains","White / red / jack pine group",0.878651641699009,-0.354828700132573,3.33736803523285,1.72877804671261,1.04795618433086,-0.228797499602346,-2.18235860740194,-0.35821213467834,-0.638294583720808,"Moderate"
"04007",4.370110882,0.927395209580838,25,14.52663756,523.7546898,-174.563796936071,0.499391994255071,61.484408801613,97.4416582834615,1,33.8010486,"Arizona/New Mexico Mountains","White / red / jack pine group",1.16548124183834,-0.189916510807407,3.89449861957611,2.2069164697248,0.594844755948534,-0.224493390728962,-1.62202256071058,0.459810668187566,-0.505973492346178,"High"
"04009",3.199838015,0.808922938260478,30,15.41584362,421.7914831,-211.24675345044,0.51798507158494,82.9692242381985,106.913571954741,1,32.93181453,"Chihuahuan Deserts","White / red / jack pine group",0.470502845896586,0.557031170067245,4.61048135775502,2.12624838262318,0.764200299268793,-0.228041133830693,-1.93747487742382,0.666264877510588,-0.175170763909605,"High"
"04011",1.983807532,0.884932696482848,30,12.63041488,434.8978102,-256.677797424769,0.533335391223605,54.6015261081768,82.3482996645081,0,33.2137815,"Arizona/New Mexico Mountains","White / red / jack pine group",0.916388952886625,-0.429208920871112,2.75359039264811,2.02634271087059,0.904019097223745,-0.231727593526727,-1.89692670930411,0.0195492128171653,-0.175170763909605,"Moderate"
"04013",185.1578018,0.5625,10,21.47039563,250.8734082,-272.545506561827,0.504364916433986,49.3211675114327,18.5254868270802,2,33.34829801,"Sonoran Basin and Range","Hemlock / Sitka spruce group",-0.975055818986449,-0.612787486843256,-2.07078131084199,1.99144863840754,0.640140750934074,0.323573903163293,-2.46625878330868,2.07199950332911,-1.4983816776559,"High"
"04015",6.110566133,0.988175135826143,11,16.29415717,269.4341512,-109.100635347137,0.594386173145883,48.271530650577,25.2573844419603,1,35.6984698,"Arizona/New Mexico Plateau","White / red / jack pine group",1.52202657668042,-0.649279483774336,-1.56191661309281,2.35087400539767,1.46010178107105,-0.21921711005569,-2.40883582096016,0.870190084118993,-1.43222113196858,"High"
"04017",4.27920132,0.826094991683607,16,11.34610237,301.397973,-212.394736619085,0.568490073418635,52.4775508657484,87.2287538146767,1,35.39058087,"Arizona/New Mexico Plateau","White / red / jack pine group",0.571237017783618,-0.503051695376193,3.12250432569944,2.12372389673003,1.2242264624578,-0.224768987797442,-2.30994660430884,-0.278640077273497,-1.10141840353201,"Moderate"
"04019",43.63601646,0.458157227387997,21,19.81816242,318.0085205,-157.282568797562,0.488433892789001,53.2312075065787,91.5844938568177,2,32.09927686,"Sonoran Basin and Range","Aspen / birch group",-1.58714818397467,-0.476849837524282,3.45175507590674,2.24491895777819,0.495032594969483,-0.105456754423207,-2.25855712902324,1.68838706934751,-0.770615675095437,"High"
"04021",32.20312935,0.467353951890034,11,20.21555599,330.6422136,-403.51709184193,0.539184251744145,64.690427154002,34.1033234900504,1,32.90556348,"Sonoran Basin and Range","Aspen / birch group",-1.53319864142677,-0.0784550937788641,-0.893251348477944,1.70343403290336,0.957293600076977,-0.140116146707803,-2.21947118924141,1.78065316938331,-1.43222113196858,"High"
"04023",14.55219728,0.799387442572741,16,16.59929232,504.8826816,-120.400484226575,0.47760059042747,72.6654317899801,43.0321934995299,0,31.52531163,"Madrean Archipelago","Aspen / birch group",0.414566014233647,0.198806362592071,-0.218317325629409,2.32602493977548,0.396357169979861,-0.193625865899187,-1.68040851090178,0.941035795775424,-1.10141840353201,"High"
"04025",11.04641261,0.851666175169567,20,14.81632688,427.3560606,-139.20997841538,0.504299171638017,50.4621283145911,119.652006200675,1,34.59870983,"Arizona/New Mexico Mountains","White / red / jack pine group",0.721241908238947,-0.57312049373347,5.57338065646493,2.28466170028398,0.639541912697441,-0.204253834580569,-1.92025926680586,0.527070195759751,-0.836776220782752,"High"
"05003",8.343720051,0.935425566874795,50,17.18201242,1388.755556,-1044.08463758421,0.319252917078836,114.081970599795,52.2277030500159,1,33.19179034,"South Central Plains","White / red / jack pine group",1.21258867692669,1.638706449477,0.476772002187272,0.294786435096729,-1.0459568578533,-0.212447187731507,1.05410479966743,1.07633066488836,1.14804014983669,"High"
"05005",29.04728743,0.776937618147448,41,14.41251102,1127.043956,-797.639580824603,0.331212704572006,73.5225088332968,49.5197178935623,0,36.28639575,"Ozark Highlands","Oak / hickory group",0.282871544343098,0.228603765866299,0.272075180134882,0.836734336615003,-0.937020812842247,-0.149683245730217,0.244425178923129,0.433312980375506,0.552595238650857,"Moderate"
"05007",124.5726269,0.713235294117647,48,14.0636469,1158.155556,-1011.96037928392,0.39341104061584,51.0800606488938,39.4390171839049,2,36.33657906,"Ozark Highlands","Oak / hickory group",-0.0908170705419656,-0.551637268736392,-0.48992582064996,0.365429663257135,-0.370485601514011,0.139906792372588,0.340677803907074,0.352314357788778,1.01571905846206,"Moderate"
"05009",24.56828981,0.806117159149819,42,14.00934811,1135.066667,-750.290108220191,0.366487115808625,72.9402400900457,45.7255976940743,0,36.3085567,"Ozark Highlands","Oak / hickory group",0.454043670732974,0.208360432210447,-0.0147226796942583,0.940858751417077,-0.61572289242307,-0.163261560119202,0.269245727954281,0.339707365707947,0.618755784338171,"Moderate"
"05011",6.426440833,0.91236827509706,42,16.90270676,1366.29,-963.294222218869,0.327974047024319,111.384472973839,55.4207925925935,0,33.47114195,"South Central Plains","White / red / jack pine group",1.07733070072802,1.54492441993992,0.718137904927423,0.472449548513303,-0.966520211940409,-0.218259519463327,0.984601182472431,1.01148199618412,0.618755784338171,"High"
"05013",3.169401018,0.883408071748879,44,16.87454068,1327.406977,-1306.92480924425,0.353940373639125,91.8457213707508,55.8981067222484,0,33.55549968,"South Central Plains","White / red / jack pine group",0.907445246142271,0.865634190978471,0.75421811948407,-0.28321533673353,-0.730005229839124,-0.228133405171155,0.864305439692853,1.00494244811117,0.751076875712801,"High"
"05015",17.19978796,0.79968012794882,49,13.82340737,1135.080808,-709.340882067574,0.409559254460551,70.6741055072105,47.0520688020117,1,36.34035893,"Ozark Highlands","Oak / hickory group",0.41628295618906,0.129575302489658,0.0855453811154579,1.03090862895978,-0.223399162792571,-0.185599556962147,0.269289477178682,0.29653599049528,1.08187960414937,"Moderate"
"05017",6.323932222,0.655979202772964,42,17.57467975,1367.509804,-959.663428170655,0.521019160031684,81.3464427233311,46.9951120064626,0,33.26396166,"Mississippi Alluvial Plain","Elm / ash / cottonwood group",-0.426690993419848,0.500613050364323,0.0812400122269304,0.480433888881688,0.79183637522673,-0.218570279652509,0.988374994715,1.16749943531052,0.618755784338171,"High"
"05019",9.960964171,0.898443519802743,53,16.38277696,1371.984615,-1089.56885048105,0.346483720681243,125.329561991738,63.5738307457747,0,34.04978094,"South Central Plains","White / red / jack pine group",0.9956457292957,2.02974366040558,1.33442673356106,0.19476384159956,-0.797924353211135,-0.207544428014234,1.00221910125587,0.890765662151853,1.34652178689863,"High"
"05021",8.885093298,0.706572769953052,41,14.73155839,1225.31,-1235.57027916417,0.458572600241413,70.1863372430153,48.8070940330963,0,36.36843353,"Mississippi Alluvial Plain","Oak / gum / cypress group",-0.129900564976816,0.112617401463222,0.218207883555188,-0.126302317867655,0.22304021124945,-0.210805986558118,0.548439266330651,0.507388805398493,0.552595238650857,"High"
"05023",17.46857696,0.767935578330893,40,15.02361819,1293.732558,-1109.93820041517,0.368755703615294,59.9292764348936,36.7841397716536,2,35.53869972,"Boston Mountains","Oak / hickory group",0.230064055112173,-0.243982719484076,-0.690608223923623,0.149970382979467,-0.595059399567535,-0.184784709119852,0.760124001786759,0.575198706608613,0.486434692963542,"High"
"05025",5.206673301,0.910531803962461,42,16.68976595,1345.146067,-1190.51734456911,0.33669581798566,100.232781562872,59.8335523244299,0,33.89764936,"South Central Plains","White / red / jack pine group",1.06655765021508,1.15722129715362,1.05169877819698,-0.0272281319940487,-0.887077727317388,-0.221957308217895,0.919186383692083,0.962041794931834,0.618755784338171,"High"
"05027",11.90464864,0.914981617647059,48,17.13607687,1296.391304,-1209.16028344917,0.266680814670023,85.4943839329751,50.0454086553586,1,33.21226799,"South Central Plains","White / red / jack pine group",1.09266101045538,0.644821646248839,0.31181218831809,-0.0682251060743093,-1.5248112620476,-0.201652047389779,0.768349592295301,1.06566543431732,1.01571905846206,"High"
"05031",59.55726208,0.547008547008547,31,15.45872383,1217.313725,-1217.54555592196,0.53794607797005,57.0948182558735,36.3073265235597,2,35.83049198,"Mississippi Alluvial Plain","Oak / gum / cypress group",-1.06593130428625,-0.342526361602127,-0.726650576801627,-0.0866648381591781,0.946015661061476,-0.057190669724414,0.523700504619794,0.676220724922553,-0.10901021822229,"High"
"05033",40.93949341,0.773338768854464,53,15.07700976,1238.151163,-1019.05587062034,0.432956852587647,54.7265006532348,40.6064956284356,1,35.58560919,"Boston Mountains","Oak / hickory group",0.261760085256517,-0.424864017519488,-0.401676028423229,0.349826239554606,-0.0102815129865432,-0.113631404386527,0.588167073534289,0.587595062037032,1.34652178689863,"High"
"05035",30.47981805,0.611702127659574,18,16.07246202,1290.19802,-1992.54276102153,0.536432469106226,65.0357953336068,37.5005620333861,0,35.2122284,"Mississippi Alluvial Plain","Elm / ash / cottonwood group",-0.686427810282985,-0.0664479177542369,-0.636453805877889,-1.79093155995402,0.932228914147049,-0.145340454601383,0.749188898461777,0.818717316486259,-0.969097312157381,"High"
"05037",10.3843045,0.797530864197531,36,15.95892977,1253.157895,-1141.29609530042,0.510092441971335,71.8277025538187,52.6492154167161,0,35.29613006,"Mississippi Alluvial Plain","Oak / hickory group",0.403675011243973,0.169681611113587,0.508634156864777,0.0810124353032486,0.692310070840045,-0.206261049774641,0.634594687267771,0.792357609821177,0.221792510214283,"High"
"05039",4.116044674,0.903794678003464,45,16.53943907,1334.336538,-1068.38103106977,0.374584820083564,106.133621611764,57.8500424825244,0,33.9708643,"South Central Plains","White / red / jack pine group",1.02703652902732,1.36237171153542,0.901765105119018,0.241357165152777,-0.541964735943722,-0.225263605661079,0.88574401682281,0.927139179501618,0.817237421400115,"High"
"05041",6.010202815,0.515962036238136,29,17.07182155,1331.22807,-1156.35717457223,0.526639366763667,136.862874544668,54.516045765569,0,33.82954683,"Mississippi Alluvial Plain","Elm / ash / cottonwood group",-1.24805539133497,2.43071434082128,0.649748017408085,0.0478921917354512,0.843028178916919,-0.219521366677493,0.876127082795676,1.0507467536176,-0.24133130959692,"High"
"05043",8.509358291,0.90139211136891,48,16.91171766,1362.826446,-1127.73450764404,0.440995796145777,92.1947669586814,47.6263226459751,0,33.5897078,"South Central Plains","White / red / jack pine group",1.01294266649547,0.877769216908474,0.128953276698098,0.110835204192464,0.0629414199284353,-0.211945046786508,0.973885688435685,1.01357413018823,1.01571905846206,"High"
"05045",74.44700092,0.733965844402277,43,15.85608914,1278.60396,-886.195898468645,0.426740135869364,59.9225787300265,37.1154041735017,2,35.14583692,"Arkansas Valley","Oak / hickory group",0.0307918462385977,-0.244215573945053,-0.665567920376983,0.641993524425823,-0.0669066438787608,-0.0120516515127008,0.713319360758111,0.768480263604113,0.684916330025486,"High"
"05047",11.27626388,0.775712025316456,47,15.0710735,1218.591398,-1147.85835913769,0.407473350676305,67.0663724576392,44.8782588818378,1,35.51360566,"Arkansas Valley","Oak / hickory group",0.275682009355141,0.00414774913012207,-0.078773090625464,0.0665816118062008,-0.242398673332296,-0.203557028493236,0.527653351150384,0.586216792230104,0.949558512774745,"High"
"05049",7.684736387,0.799347471451876,42,14.16384724,1145.447917,-748.370119170356,0.350122074751789,74.8250115807593,44.2747915585372,1,36.38186185,"Ozark Highlands","Oak / hickory group",0.414331536873222,0.273886975741738,-0.124389235528513,0.945080925925982,-0.764784307619062,-0.214444931004922,0.301363091352967,0.375578686383882,0.618755784338171,"Moderate"
"05051",56.4319154,0.821128205128205,52,15.70754825,1409.798246,-1120.3354620389,0.324459432431431,71.2722210003789,45.1793202545065,1,34.57708416,"Ouachita Mountains","White / red / jack pine group",0.542101007181404,0.150369569111869,-0.0560158365536879,0.127106162480968,-0.998533173182907,-0.0666653208396809,1.11920637429629,0.73399231601063,1.28036124121132,"High"
"05055",30.22595482,0.81195219123506,39,15.07840964,1235.879518,-935.372877913202,0.479670585017491,58.3103869926337,39.2041124751666,1,36.11754788,"Mississippi Valley Loess Plains","Oak / hickory group",0.488272956570702,-0.300265526197387,-0.50768228702101,0.533850309206125,0.415211771197479,-0.146110054195129,0.581139090586397,0.587920083572026,0.420274147276227,"High"
"05057",11.51882552,0.888220551378446,54,16.61797446,1327.207207,-1170.23019115168,0.377815194779685,82.3019238817715,54.3257885875882,0,33.73369804,"South Central Plains","White / red / jack pine group",0.935676066199859,0.533831601276385,0.635366461581417,0.0173845714089662,-0.512540781421104,-0.202821690257752,0.863687394112007,0.945373380296792,1.41268233258595,"High"
"05059",21.13835419,0.822758259045621,50,16.19981043,1396.597701,-1163.50979480728,0.205702080650689,115.853061203788,60.607703004615,1,34.31891584,"Ouachita Mountains","White / red / jack pine group",0.551663179360589,1.70028072844515,1.11021689217037,0.0321631380562626,-2.08023769563941,-0.173659588458038,1.07836671617943,0.848284833485743,1.14804014983669,"High"
"05061",8.72158428,0.869428571428571,48,16.03082717,1382.160494,-966.488213663474,0.241405528030663,94.3709452795558,52.733603766552,0,34.08857686,"South Central Plains","White / red / jack pine group",0.825439131121454,0.953426899644666,0.515013079211706,0.465425764049412,-1.75503188800647,-0.211301672655812,1.03370109077968,0.809050614443054,1.01571905846206,"High"
"05063",19.00148074,0.768529528339279,54,15.25008931,1223.3125,-922.079078662112,0.408781792158101,70.9174769464835,49.0818599339921,0,35.74237542,"Ozark Highlands","Oak / hickory group",0.23354826639214,0.138036428566941,0.238977460739794,0.563084194852129,-0.230480699017396,-0.180137631532679,0.542259429279344,0.627780350073907,1.41268233258595,"High"
"05065",9.048001246,0.807890743550835,52,14.59436784,1170.942529,-830.215135310396,0.362682764519461,86.3482017944015,50.4716005921974,0,36.09551726,"Ozark Highlands","Oak / hickory group",0.464447817022635,0.67450573980618,0.344028072089589,0.765098680268321,-0.650374928131138,-0.210312122635411,0.380237958860494,0.475536158637583,1.28036124121132,"High"
"05067",10.30319411,0.562982005141388,43,15.70709654,1235.693182,-1009.52435638812,0.399780552617547,74.0660350412371,37.2403337070667,0,35.59698852,"Mississippi Alluvial Plain","Oak / hickory group",-0.972228295243854,0.247500164660783,-0.656124486597334,0.3707866280662,-0.312468730686442,-0.206506940143217,0.580562606923422,0.733887438822891,0.684916330025486,"High"
"05069",30.1506631,0.842256557671577,54,16.85929997,1315.492857,-1202.96329169261,0.40790602839713,85.2286765453868,53.8021002651931,0,34.27024076,"Mississippi Alluvial Plain","White / red / jack pine group",0.666043499342952,0.635583981744057,0.595780817958241,-0.0545975384438102,-0.23845761671252,-0.146338304962775,0.82744570491953,1.00140388840705,1.41268233258595,"High"
"05071",15.46463638,0.740857669034465,49,14.67787965,1202.194444,-1337.18186051502,0.404349410133171,69.4379195046193,42.431488694551,1,35.56948885,"Arkansas Valley","Oak / hickory group",0.0712204560272816,0.0865976808996285,-0.263724651543933,-0.349752461307791,-0.270853169519043,-0.19085975928076,0.476924688393053,0.494925775373533,1.08187960414937,"High"
"05073",4.906195296,0.912522045855379,35,17.26348941,1267.475,-1006.179074675,0.412532981538549,119.586658458803,64.2362471716365,0,33.24224051,"South Central Plains","White / red / jack pine group",1.07823274602325,1.83008411536206,1.38449884600454,0.378143109175015,-0.196312889980083,-0.222868222928063,0.678888742810422,1.09524784090094,0.155631964526969,"High"
"05075",10.85043348,0.789565217391304,46,15.15209394,1206.989362,-951.122709520997,0.392240735983833,92.1215748595542,51.5915858650454,0,36.0421708,"Mississippi Alluvial Plain","Oak / hickory group",0.356947178829412,0.875224597948968,0.428687851538936,0.499215456710639,-0.381145352629302,-0.204847955512658,0.491759137411514,0.605027967312743,0.88339796708743,"High"
"05077",5.769577005,0.575242718446602,45,16.27625933,1313.762887,-1609.51210172065,0.448802020873241,84.3342832607923,50.8573474547322,0,34.78512687,"Mississippi Alluvial Plain","Oak / gum / cypress group",-0.900304875771985,0.604489230584124,0.373186709347765,-0.948623482223909,0.134044627135342,-0.220250836343584,0.822093548372021,0.866034596913035,0.817237421400115,"High"
"05081",8.972028136,0.93560325684678,44,16.84860643,1247.650602,-925.104666816731,0.266034166060532,101.986819729279,66.848225698642,0,33.70315882,"South Central Plains","White / red / jack pine group",1.2136310363778,1.21820272584824,1.58193851899275,0.556430739624363,-1.53070127824312,-0.210542439072304,0.61755630262006,0.998921082177007,0.751076875712801,"High"
"05083",11.77119464,0.859198998748436,42,15.57746034,1210.028571,-894.404692498736,0.368490950008548,70.4824929737004,45.8979389090559,1,35.21612799,"Arkansas Valley","White / red / jack pine group",0.765430726343044,0.122913642399799,-0.00169539299318156,0.623941879336658,-0.597470914892351,-0.202056620136229,0.501161798930846,0.70378874699589,0.618755784338171,"High"
"05085",36.61734228,0.831656606304494,40,16.43462286,1294.686441,-1346.87428916821,0.456544029618342,63.479603450606,39.569760188516,0,34.75356289,"Mississippi Alluvial Plain","White / red / jack pine group",0.603862390497359,-0.120550961898801,-0.480042946112892,-0.371066710569993,0.204562921345331,-0.126734230478193,0.763075111426815,0.90280314679421,0.486434692963542,"High"
"05087",7.587104386,0.660020986358867,55,13.71609603,1198.792,-1048.10223720554,0.407079973860927,74.0958309855451,45.5817451771398,0,36.01018785,"Boston Mountains","Oak / hickory group",-0.402981206800844,0.248536059596256,-0.0255965033526173,0.285951485381976,-0.245981756601192,-0.214740907497092,0.466398255603968,0.271620643144752,1.47884287827326,"Moderate"
"05089",10.73301492,0.793609390283665,45,14.40060917,1120.735632,-708.866140063369,0.335404140633975,94.8968429235844,49.9953224352391,1,36.26718719,"Ozark Highlands","Oak / hickory group",0.380670981524508,0.971710418381145,0.308026166794802,1.03195261594952,-0.898843005103742,-0.205203915988204,0.224908575976021,0.430549630976795,0.817237421400115,"Moderate"
"05091",26.92331311,0.838076152304609,47,17.30837669,1206.21875,-1005.04005404047,0.384102660642037,114.206300102646,54.3369435638676,0,33.30986613,"South Central Plains","White / red / jack pine group",0.641520533893378,1.64302892709349,0.636209667161412,0.380647885902071,-0.455271230053422,-0.156122184420944,0.489375028981085,1.10566968609289,0.949558512774745,"High"
"05093",17.7177812,0.537117903930131,21,15.59274822,1244.27972,-1418.11675835375,0.474156521742886,133.917507665526,59.2737017553725,0,35.76252352,"Mississippi Alluvial Plain","Oak / gum / cypress group",-1.12395149065444,2.32831481282935,1.00937962735631,-0.527733300607322,0.364986778034413,-0.184029233496762,0.607127515897065,0.707338258542882,-0.770615675095437,"High"
"05095",4.372235851,0.574725908828621,50,16.41103542,1277.574468,-1350.75746372747,0.517308871307389,67.0004486506458,45.8192031500095,0,34.68513805,"Mississippi Alluvial Plain","Oak / gum / cypress group",-0.90333656846521,0.00185582184345315,-0.00764703553460089,-0.379606051270476,0.758041110912491,-0.224486948774847,0.710134333070691,0.897326658841402,1.14804014983669,"High"
"05097",4.434629674,0.828536684231861,49,15.34188001,1415.440678,-1121.35398730786,0.322576061270263,66.8261902627442,42.984658139173,0,34.5372561,"Ouachita Mountains","White / red / jack pine group",0.585560399547608,-0.00420249869926839,-0.221910527452168,0.124866362505208,-1.01568790989564,-0.224297798653212,1.13666285005753,0.649092144093514,1.08187960414937,"High"
"05099",5.155406511,0.875403486120077,45,16.73587198,1356.081395,-1131.68150535821,0.345893860202583,96.7692513208909,48.6797477081124,0,33.6615318,"South Central Plains","White / red / jack pine group",0.860488992003779,1.03680714281643,0.208581764312203,0.10215551243229,-0.803297113194558,-0.222112726159897,0.953017945715908,0.972746607232228,0.817237421400115,"High"
"05101",3.645783368,0.737745565515926,51,13.75436805,1194.241667,-1039.29100801195,0.384119697248887,72.8348530202041,45.0702533405894,1,35.91962908,"Boston Mountains","Oak / hickory group",0.0529643300391975,0.204696513027864,-0.0642602136015774,0.305327922605144,-0.455116051663195,-0.226689227284393,0.452320500175091,0.280506569572531,1.214200695524,"Moderate"
"05103",12.43427405,0.875580315691736,50,16.89405973,1316.110092,-1298.10918783623,0.310080464959245,76.5664107476409,53.4057275572038,0,33.59034049,"South Central Plains","White / red / jack pine group",0.861526304200945,0.334428993103652,0.565818972162909,-0.263829240759545,-1.12950438388854,-0.200046460395657,0.829355297771777,1.00947434483991,1.14804014983669,"High"
"05107",10.15142883,0.520916334661355,53,16.56238887,1342.323232,-1578.24211091852,0.474423837250068,70.595611718076,48.8325984413258,0,34.43248282,"Mississippi Alluvial Plain","Oak / gum / cypress group",-1.21899263822985,0.126846363349821,0.220135763883654,-0.879858841055875,0.367421628498032,-0.206967024487976,0.910453136972321,0.932467621385068,1.34652178689863,"High"
"05109",6.890650115,0.885218230045816,50,15.90140001,1427.223529,-990.339786931981,0.259836838994419,97.8362998695934,55.8831550019066,1,34.16207826,"Ouachita Mountains","White / red / jack pine group",0.918063941095828,1.07390447982574,0.753087917706232,0.412974681237125,-1.58714979796873,-0.21685224486574,1.17311646666821,0.779000457134495,1.14804014983669,"High"
"05111",12.09129161,0.58355795148248,46,15.72968818,1227.092593,-1343.42455765204,0.428914677020594,52.8770505452243,44.6618410556099,0,35.5744313,"Mississippi Valley Loess Plains","Elm / ash / cottonwood group",-0.851526311364034,-0.489162567029922,-0.0951321320178304,-0.363480537892919,-0.0470997775055861,-0.201086229512619,0.553954227166096,0.739132723783623,0.88339796708743,"High"
"05113",9.011802881,0.840621611853994,44,15.13926508,1435.637795,-981.591881169762,0.302996738703668,77.3439188049655,48.1878485651263,0,34.48996215,"Ouachita Mountains","Oak / pine group",0.656452630449395,0.361460076614428,0.171399067390993,0.432211866323531,-1.19402669439483,-0.210421859862808,1.19914840298178,0.602049386456224,0.751076875712801,"High"
"05115",30.42920417,0.74862258953168,57,15.04332781,1208.991736,-1166.27479635225,0.368296459379368,59.3950544027241,38.6420555893284,1,35.45082529,"Arkansas Valley","Oak / hickory group",0.11677079393865,-0.262555646450982,-0.550168213529712,0.0260827288782733,-0.599242438002329,-0.14549389321274,0.497954053574604,0.579774849525539,1.61116396964789,"High"
"05119",200.1406122,0.77745348412988,54,16.37323218,1301.401709,-1225.8921610791,0.419187176895427,57.8523107760719,42.5737528693101,2,34.76951576,"Arkansas Valley","Oak / hickory group",0.285897701510475,-0.316191144391994,-0.252970890802043,-0.105019538428642,-0.135702973179874,0.368995072652942,0.783850711925365,0.888549572882216,1.41268233258595,"High"
"05121",10.62160123,0.771805752003772,50,14.58060317,1210.608247,-916.035936191926,0.414194720209288,81.3453140014014,47.4801469100985,0,36.34263496,"Ozark Highlands","Oak / hickory group",0.252767148935033,0.50057380887164,0.117903840727667,0.576373438399375,-0.181176898748164,-0.205541672387828,0.502955192283813,0.472340303155624,1.14804014983669,"High"
"05123",15.49617647,0.680923866552609,51,16.14466662,1284.195652,-959.041176315941,0.474738773166234,63.361230404876,49.1935923605215,0,35.02230225,"Mississippi Valley Loess Plains","Oak / hickory group",-0.280361373605218,-0.124666355500718,0.247423324106609,0.481802259143653,0.370290230733536,-0.190764143856459,0.730618857829999,0.835481646232825,1.214200695524,"High"
"05125",64.56449578,0.87150450658655,50,15.98860529,1359.056604,-1188.18959549744,0.290498265879379,102.831787874324,54.8706793040947,1,34.6480531,"Ouachita Mountains","White / red / jack pine group",0.837616918126736,1.24757914745248,0.676554795929897,-0.022109268011789,-1.30786936918598,-0.0420109801675081,0.962222604946738,0.799247616866169,1.14804014983669,"High"
"05127",4.440704952,0.878307799442897,46,15.45224074,1281.207407,-1105.15860384033,0.297797677173061,71.6169848305308,45.9892011755361,0,34.86093284,"Ouachita Mountains","White / red / jack pine group",0.877526185533628,0.162355734138118,0.00520312928168209,0.160481011059807,-1.24138248572782,-0.224279381131775,0.721373868008031,0.674715493143184,0.88339796708743,"High"
"05129",4.579874369,0.728160759140385,49,14.28072576,1167.754545,-835.281220696012,0.358505468581708,65.3785260584185,44.6939293641754,0,35.90969094,"Ozark Highlands","Oak / hickory group",-0.00326176646462585,-0.0545324362916103,-0.0927065741181713,0.753958045598074,-0.688423940169139,-0.223857481801237,0.370375019365039,0.402715323794388,1.08187960414937,"Moderate"
"05131",92.79997837,0.841242937853107,44,15.88453948,1221.7875,-892.161153409864,0.343386026010261,64.3468808733567,46.4777601283176,1,35.19555056,"Arkansas Valley","Oak / hickory group",0.660097433924571,-0.0903989291056571,0.042133340948937,0.628875560365507,-0.826139788167761,0.0435863547852468,0.537541405998622,0.775085810635215,0.751076875712801,"High"
"05135",10.99446448,0.759624716920091,47,14.59465576,1180.826087,-797.282118934006,0.354151811338097,67.5203626296572,42.5274876252392,0,36.16244624,"Ozark Highlands","Oak / hickory group",0.181311135396851,0.0199313106473077,-0.256468084429645,0.837520417391095,-0.728079343889612,-0.204411318040241,0.410815569837785,0.475603007367728,0.949558512774745,"High"
"05137",8.010577405,0.718197237702932,50,14.53374996,1228.806818,-1002.44811550953,0.402724727630734,64.7177401406994,42.1201856963924,1,35.86178254,"Ozark Highlands","Oak / hickory group",-0.0617094696221695,-0.0775055221089744,-0.287256070933949,0.386347718822954,-0.285651633648545,-0.213457127000858,0.559257672056847,0.461462011992386,1.14804014983669,"High"
"05139",14.52490237,0.890578297595842,52,17.19402844,1320.04878,-1268.25099186275,0.313380096986879,111.661365641452,54.4864018967931,0,33.16934212,"South Central Plains","White / red / jack pine group",0.949507004578449,1.55455095531953,0.647507234914391,-0.198169223619363,-1.09944959710512,-0.193708611839382,0.841540754610794,1.07912052206535,1.28036124121132,"High"
"05141",9.020771914,0.681964944649446,42,14.63928641,1266.718447,-1047.52181999889,0.379887217549371,55.7557068235434,38.2250526843546,1,35.58098742,"Boston Mountains","Oak / hickory group",-0.274254233278403,-0.389082320240172,-0.581689497622177,0.287227858668927,-0.493667706474634,-0.210394669772486,0.676548129913963,0.485965268683539,0.618755784338171,"High"
"05143",96.86604399,0.73503355704698,48,14.16555001,1206.007143,-977.520596051954,0.441019184197645,61.0299848754333,40.4473542245543,2,35.9752254,"Boston Mountains","Oak / hickory group",0.0370552293313041,-0.205715152354771,-0.413705540310997,0.441164873760928,0.0631544506258847,0.0559128443256906,0.488720362258224,0.375974032355781,1.01571905846206,"Moderate"
"05145",29.39417835,0.696686159844055,56,15.80792428,1296.251534,-1060.84162898939,0.49862870927451,93.6323051670882,55.6386704850473,1,35.25718547,"Arkansas Valley","Oak / hickory group",-0.187897093263781,0.927747111021992,0.734607312846621,0.257936775999466,0.587892354240214,-0.148631627852723,0.767917173859926,0.757297435983197,1.54500342396058,"High"
"05149",8.892866577,0.867532035280413,52,15.57338368,1252.438849,-1097.36562021884,0.358659688263594,81.3657173059608,47.4855807773367,0,35.0036424,"Ouachita Mountains","White / red / jack pine group",0.814313729072495,0.501283156413759,0.118314587201836,0.177618263377887,-0.68701922606221,-0.210782421458279,0.632370112993731,0.702842235658598,1.28036124121132,"High"
"06001",869.9313634,0.6475,14,15.10191225,515.5737705,-606.530079351946,0.560697149264659,115.943196267023,66.2336137972994,8,37.64739632,"Central California Foothills and Coastal Mountains","Aspen / birch group",-0.476431432058731,1.70341439168967,1.53547995451333,1.2569959342511,1.15324440388108,2.39950059335648,-1.64733257232705,0.593376875853196,-1.23373949490664,"High"
"06003",0.606078796,0.497145822522055,15,4.846196851,733.0258621,-1233.38992460231,0.675827425107308,77.1195695992124,64.7154902380176,1,38.59671633,"Sierra Nevada","Hemlock / Sitka spruce group",-1.35843448578769,0.353660283340059,1.42072486904793,-0.121507583516305,2.20191160791731,-0.235904249892119,-0.974582388320138,-1.78777605257205,-1.16757894921933,"Low"
"06005",25.34017352,0.71780147662018,19,13.31097698,911.2340426,-938.175033566775,0.732039592724859,83.4641252149836,67.7106821137319,1,38.44458573,"Sierra Nevada","Hemlock / Sitka spruce group",-0.0640310711193113,0.574237049166524,1.64713167077457,0.52768819584849,2.71392164365177,-0.160921554480593,-0.423244457556766,0.177560855529896,-0.902936766470067,"Moderate"
"06007",52.69425399,0.55391899000526,23,14.62330473,975.8587786,-1221.74203911651,0.649788699131796,95.0958647317846,75.5415685405453,2,39.66818524,"Central California Foothills and Coastal Mountains","Hemlock / Sitka spruce group",-1.02539347601995,0.978629671586619,2.23906902375517,-0.0958931639002036,1.96473717429808,-0.0779962359261142,-0.22330936971511,0.482254671942831,-0.638294583720808,"High"
"06009",17.34701792,0.601503759398496,23,13.75948077,916.1794872,-1081.42632669765,0.675364547983489,76.4186104754902,68.4935197268239,2,38.20529319,"Sierra Nevada","Hemlock / Sitka spruce group",-0.74625316465761,0.329290523525383,1.7063064307252,0.212669754323063,2.19769547922575,-0.185153221676004,-0.407944311487047,0.281693631393826,-0.638294583720808,"Moderate"
"06011",7.210939841,0.823218997361478,15,15.55612054,562.5084746,-565.885578135822,0.65392915830857,139.269801000355,83.8703888668144,3,39.1770453,"Central California Valley","Aspen / birch group",0.554365948305039,2.51439428396149,2.86864524139787,1.34637570283709,2.00245065771115,-0.215881269892283,-1.50212665323353,0.698834111918267,-1.16757894921933,"High"
"06013",618.1409934,0.584795321637427,9,15.34421255,518.8717949,-728.373283297396,0.370099379793432,54.6212316099444,45.6929374509485,5,37.92191788,"Central California Foothills and Coastal Mountains","Aspen / birch group",-0.844267688600351,-0.428523833354804,-0.0171914701746558,0.989055203117215,-0.582820489076398,1.63618498257952,-1.63712919140928,0.649633708892808,-1.56454222334321,"High"
"06015",10.62576584,0.458898512828894,29,10.72167792,1841.485549,-778.229602018431,0.763124400059223,104.817937701133,62.8277009631336,0,41.74200468,"Klamath Mountains/California High North Coast Range","Douglas-fir group",-1.58279967810989,1.31663024129982,1.27802672155166,0.879418078869082,2.99705844460832,-0.205529047155871,2.45475440416264,-0.423617784810389,-0.24133130959692,"Moderate"
"06017",43.0322569,0.433822289664475,32,10.67081259,1071.039146,-1845.04306033656,0.666091537794847,78.146300402314,68.4527133890878,6,38.77922815,"Sierra Nevada","Hemlock / Sitka spruce group",-1.72990104754308,0.389355921244091,1.70322187627915,-1.46657060781382,2.1132320173227,-0.107287082951275,0.0711582953739993,-0.435427602533746,-0.0428496725349756,"Moderate"
"06019",64.16505069,0.638467100506146,30,12.69569644,451.5636161,-1381.78017330661,0.7236468844618,66.9143163454445,68.3626199447141,7,36.75794407,"Central California Valley","Hemlock / Sitka spruce group",-0.529419949379938,-0.00113868028798873,1.69641170536403,-0.447826905755805,2.63747643543788,-0.0432219187464744,-1.84536627636759,0.0347061640115527,-0.175170763909605,"Moderate"
"06021",8.245277189,0.6524064171123,22,14.74646074,719.9230769,-787.631243464268,0.732189945676144,64.2423070714942,60.5745531990421,3,39.5978314,"Central California Foothills and Coastal Mountains","Aspen / birch group",-0.447649558827763,-0.0940345739643245,1.10771109562408,0.85874328863635,2.71529113753936,-0.212745622390999,-1.01511959856007,0.510848805307069,-0.704455129408122,"High"
"06023",14.72705074,0.409082024887615,35,11.23879587,1561.719328,-1055.11562712388,0.751118927037356,119.738861159965,66.4071203592157,5,40.69714538,"Coast Range","Aspen / birch group",-1.87503162821121,1.83537564113715,1.54859532988563,0.270528607768808,2.88770627173435,-0.193095788535163,1.58921765410515,-0.303554300881825,0.155631964526969,"Moderate"
"06027",0.678889375,0.862068965517241,17,14.83291781,181.7534069,-228.959168739184,0.573600921803295,82.043458252163,35.8650970431421,1,36.51053551,"Mojave Basin and Range","White / red / jack pine group",0.782266437173612,0.524845705949907,-0.760078739819297,2.0872976873941,1.27077876198603,-0.235683520832543,-2.68010125891324,0.530922247032415,-1.0352578578447,"High"
"06029",42.35955638,0.826866916979558,21,15.99165179,253.8323603,-377.295045935984,0.651415258895558,74.4828998066671,69.413376016619,5,35.34422521,"Central California Valley","White / red / jack pine group",0.575765262224178,0.261993012909601,1.77583844378562,1.76109793145786,1.97955273751269,-0.109326409587531,-2.45710441944354,0.799954947570486,-0.770615675095437,"High"
"06033",19.75017182,0.61468330134357,26,12.87869223,1006.732673,-634.606432652712,0.642774171653012,93.7681637078274,63.0046311911233,3,39.09837941,"Central California Foothills and Coastal Mountains","Hemlock / Sitka spruce group",-0.668939740865249,0.932470410704584,1.29140089212574,1.1952542992039,1.90084516270536,-0.177867935558947,-0.127792154931006,0.0771937862100469,-0.439812946658864,"Moderate"
"06035",2.601594524,0.604528301886792,20,7.6309692,469.3206522,-1027.82123131631,0.610769347309309,88.5561339503783,64.0330368873166,4,40.67242922,"Eastern Cascades Slopes and Foothills","Hemlock / Sitka spruce group",-0.728510686493335,0.751267386109507,1.36913816379788,0.330550669990776,1.60932836215455,-0.22985474010851,-1.79042981097977,-1.1412127875203,-0.836776220782752,"Low"
"06037",955.0283446,0.812080536912752,22,16.21911588,362.3755869,-211.52841855746,0.686707890147439,79.899984354432,49.1775393563652,6,34.30781796,"Southern California Mountains","Unknown",0.489025854039573,0.45032503521614,0.246209876194106,2.12562898365577,2.30101661542934,2.65747652063263,-2.12129493087731,0.852767136963719,-0.704455129408122,"High"
"06039",28.17281068,0.539449541284404,24,12.82188836,557.2752294,-1393.51683009426,0.760708732368385,66.6456334447268,67.03200797611,4,37.21673257,"Central California Foothills and Coastal Mountains","Hemlock / Sitka spruce group",-1.11027371128606,-0.0104797923945426,1.59583063655388,-0.473636538947643,2.97505527068477,-0.152334267508916,-1.51831719270063,0.0640051693136016,-0.572134038033493,"Moderate"
"06041",192.4793842,0.33800350262697,12,13.82686109,1033.127451,-293.874479845479,0.82908033327288,88.1359332292161,76.7405993498143,2,38.06986525,"Central California Foothills and Coastal Mountains","Hemlock / Sitka spruce group",-2.29199027039877,0.736658559000875,2.32970386184331,1.94454490877059,3.59781983049518,0.345769661251697,-0.0461323666729772,0.297337868781875,-1.36606058628127,"Moderate"
"06043",4.615351425,0.689215060625399,25,12.56789091,776.1454545,-1188.46999183801,0.726649602351294,63.7704569450604,66.0650236180811,1,37.57980105,"Sierra Nevada","Hemlock / Sitka spruce group",-0.231723825823528,-0.110439060132726,1.52273620891598,-0.0227258768834107,2.6648267718341,-0.223749931259613,-0.841179607468695,0.00503251374059079,-0.505973492346178,"Moderate"
"06045",9.590831769,0.459150456530369,36,12.0437837,1295.625442,-890.269341813042,0.704297907001779,92.707752290689,62.2262890140465,4,39.44179959,"Klamath Mountains/California High North Coast Range","Aspen / birch group",-1.58132173371356,0.895603822246218,1.23256594255548,0.633035770914853,2.46123575551724,-0.208666503653986,0.765980179347222,-0.1166537235766,0.221792510214283,"Moderate"
"06049",0.865744754,0.659359190556492,16,7.843226674,409.4057143,-815.58851968068,0.634943439209069,79.3060124621409,59.0597238004391,3,41.58976064,"Eastern Cascades Slopes and Foothills","Hemlock / Sitka spruce group",-0.406863412991792,0.42967482629249,0.993205016036982,0.797263511452462,1.82951872630588,-0.235117059026444,-1.97579379253729,-1.09193124194967,-1.10141840353201,"Low"
"06051",1.822930745,0.795474581251837,17,5.995647044,390.7933884,-490.942847846477,0.568024619405675,117.658368018872,82.3372985786737,2,37.93878864,"Central Basin and Range","White / red / jack pine group",0.391612507442248,1.76304457869904,2.75275881965959,1.51117939558869,1.21998686210241,-0.232215299879153,-2.03337634132718,-1.52089884443426,-1.0352578578447,"Low"
"06053",50.94072977,0.772015126958401,22,13.8218399,568.3003876,-366.458759368542,0.813824567526145,103.625386203486,78.2114998866858,5,36.21968138,"Central California Foothills and Coastal Mountains","Aspen / birch group",0.253995377857267,1.27516963028735,2.44088935513717,1.784927594924,3.45886227919976,-0.0833121358590683,-1.48420771528342,0.296172058225759,-0.704455129408122,"Moderate"
"06055",71.50136379,0.560264900662252,18,14.8219223,818.7118644,-841.318036707973,0.54915409855142,148.653098573483,79.4219091845235,3,38.50697634,"Central California Foothills and Coastal Mountains","Aspen / birch group",-0.988167290010063,2.8406168843786,2.53238429411775,0.740682714323219,1.04810421700231,-0.0209815037743788,-0.709488254757243,0.528369329969352,-0.969097312157381,"High"
"06057",40.07800891,0.472151898734177,26,10.70767231,1170.891892,-1450.35865846769,0.667729886106839,75.1361410887871,66.8885871380024,1,39.30283251,"Sierra Nevada","Hemlock / Sitka spruce group",-1.50505307314827,0.284703799612485,1.58498944353376,-0.598635230382104,2.12815495684491,-0.116243039483184,0.380081298831075,-0.426869581293464,-0.439812946658864,"Moderate"
"06061",107.5099006,0.407963757749165,29,11.1779114,1039.292887,-1053.59484957294,0.668902528749472,90.1139654551288,74.7526866001931,4,39.06406289,"Sierra Nevada","Hemlock / Sitka spruce group",-1.88159157252099,0.805427433846542,2.17943737260679,0.273872891534305,2.13883600379266,0.0881802495854094,-0.0270578285852377,-0.317690343897436,-0.24133130959692,"Moderate"
"06063",2.849797018,0.353783837186327,22,7.853321297,935.1418269,-1556.9868478419,0.639841563290755,79.7174810168226,67.3008069756721,2,40.00362197,"Sierra Nevada","Hemlock / Sitka spruce group",-2.19942015692614,0.443980068223914,1.61614917517293,-0.833117204716911,1.87413342081755,-0.229102301330554,-0.349278894987662,-1.08958749115485,-0.704455129408122,"Low"
"06065",130.5631048,0.852173913043478,17,19.79594638,218.818854,-561.477782749827,0.830148592123133,-15.8298710836181,54.6778636045641,4,33.74663292,"Mojave Basin and Range","Unknown",0.724220384545993,-2.8778484704382,0.661979841247571,1.35606871713882,3.60755009487162,0.158067237893536,-2.5654287065669,1.68322899049626,-1.0352578578447,"High"
"06069",17.11259316,0.938028169014084,11,14.28838332,489.5238095,-518.081001663044,0.423616311943838,-1.65082158810723,24.3714833378451,1,36.60311905,"Central California Foothills and Coastal Mountains","Aspen / birch group",1.22785598158692,-2.38489528827384,-1.62888195085802,1.45150091915523,-0.0953600778508988,-0.185863892536294,-1.72792557066141,0.404493241834155,-1.43222113196858,"Moderate"
"06071",41.60642969,0.803172737955347,22,18.66247001,177.321562,-327.488067005626,0.695488730199291,59.3846279444247,75.3219156336504,4,34.84198575,"Mojave Basin and Range","Aspen / birch group",0.436771197639439,-0.26291813589705,2.22246544234749,1.87062655445882,2.38099713244687,-0.111609552343824,-2.69381243754586,1.42006055487552,-0.704455129408122,"High"
"06073",304.8267815,0.970779220779221,13,17.11323784,362.224359,-409.9504775254,0.868354910097556,-43.3619827248989,7.01416024747105,5,33.03442461,"Southern California/Northern Baja Coast","Unknown",1.41997919461785,-3.83503830531187,-2.94092343951565,1.68928662042669,3.95555336641347,0.68635664314958,-2.12176279760052,1.06036271080647,-1.29990004059395,"High"
"06081",658.9280316,0.321144674085851,9,13.56378367,713.9878049,-1006.43795085274,0.805591729461554,64.5689316340641,62.8406710249879,4,37.42271811,"Coast Range","Hemlock / Sitka spruce group",-2.39088701211212,-0.0826790442764669,1.27900712960045,0.377573824470651,3.38387325297457,1.75983301159436,-1.03348205854264,0.236257042660604,-1.56454222334321,"Moderate"
"06083",62.83064138,0.882623705408516,18,14.18105557,487.6308725,-261.094749993548,0.517210692558332,140.082117289697,61.6852211803832,5,34.65278477,"Central California Foothills and Coastal Mountains","Unknown",0.902844020429444,2.54263552113905,1.19166658023745,2.01662955935833,0.757146847144634,-0.0472672500174405,-1.73378191219252,0.379574084440346,-0.969097312157381,"Moderate"
"06085",575.4906517,0.610726643598616,22,14.86225454,612.0954774,-619.43242553112,0.535112109971065,152.992585826252,91.8639423788563,7,37.23440219,"Central California Foothills and Coastal Mountains","Aspen / birch group",-0.69215016489302,2.99148482872786,3.47287861281101,1.22862287808837,0.920202387566974,1.50688825203108,-1.34871509019639,0.537733594445267,-0.704455129408122,"High"
"06087",236.9573314,0.324308062575211,19,13.88789257,774.7402597,-1435.61359349139,0.813997279087805,61.2203073120537,54.1470701131719,4,37.05423752,"Coast Range","Hemlock / Sitka spruce group",-2.37233003980481,-0.199098344168932,0.621857117311976,-0.566209921768788,3.46043542708936,0.480606872988879,-0.84552697912794,0.311508044305886,-0.902936766470067,"Moderate"
"06089",18.33267418,0.559840917499075,38,11.81507847,1095.585977,-842.666458953603,0.663903820770037,82.4813252925475,64.4442702435212,2,40.76408084,"Klamath Mountains/California High North Coast Range","Hemlock / Sitka spruce group",-0.990654447007789,0.540068725729248,1.40022332722147,0.737717450519642,2.09330513815179,-0.182165153426539,0.147100931522165,-0.169754078546842,0.354113601588913,"Moderate"
"06091",1.173899769,0.360729312762973,22,7.947041679,1020.182432,-1383.61292084672,0.651218035805282,84.7933798223689,70.5250043971732,0,39.57755923,"Sierra Nevada","Hemlock / Sitka spruce group",-2.15867682161642,0.620450322406362,1.85986652505497,-0.451857230796344,1.97775632570757,-0.234182871060921,-0.0861814820902832,-1.06782766715718,-0.704455129408122,"Low"
"06093",2.675942607,0.428055980756615,39,8.508449345,857.6959922,-1089.1111881863,0.689514139988786,80.8661557726432,68.102912135656,3,41.59277309,"Eastern Cascades Slopes and Foothills","Hemlock / Sitka spruce group",-1.76372719159035,0.483915246977109,1.67678037058744,0.195770269253273,2.32657741734191,-0.229629350025541,-0.588879715387375,-0.93748107933488,0.420274147276227,"Low"
"06097",121.7392204,0.379526462395543,25,13.88918382,1001.940239,-769.131938628307,0.731785448379065,103.887420391042,69.0175137168226,4,38.52915288,"Central California Foothills and Coastal Mountains","Douglas-fir group",-2.04840956030431,1.28427959119358,1.74591517978782,0.899424402582066,2.71160676306476,0.131317173106661,-0.142618918985645,0.311807844329503,-0.505973492346178,"Moderate"
"06099",140.9759751,0.85024154589372,6,16.20727565,395.1601732,-404.809747181136,-0.00017470828335186,103.063153914646,26.7216766694974,3,37.55822219,"Central California Valley","Aspen / birch group",0.712884791776965,1.25562289014888,-1.45123064244835,1.70059140397146,-3.95547194698862,0.18963439613309,-2.01986644470535,0.850018094382011,-1.76302386040516,"High"
"06103",8.40194725,0.538794084186576,28,13.94087803,938.1340426,-919.167007861506,0.674094138503543,89.6668839762784,67.0923845935636,2,40.12613901,"Central California Valley","Hemlock / Sitka spruce group",-1.11411873356326,0.789884062074279,1.60039451006314,0.56948801840701,2.1861239204193,-0.212270668947375,-0.340021620670585,0.323810109869763,-0.307491855284234,"Moderate"
"06105",1.523026023,0.42591131450213,35,9.633825936,1253.876209,-913.102830772009,0.729480396450718,77.8182576476046,65.6085455799034,2,40.64748521,"Klamath Mountains/California High North Coast Range","Hemlock / Sitka spruce group",-1.77630816684102,0.377951086253483,1.48823099623821,0.582823518381326,2.69061113577936,-0.233124476652071,0.636816996890635,-0.676193235338921,0.155631964526969,"Low"
"06107",37.13469744,0.579508196721311,29,11.68256653,489.0745856,-1116.81781839512,0.742297839824004,62.3289085829842,60.4816041511687,5,36.22106787,"Central California Foothills and Coastal Mountains","Hemlock / Sitka spruce group",-0.875282858246334,-0.160556372478259,1.10068506940413,0.134841678121256,2.80735916236732,-0.125165841385536,-1.72931537316532,-0.200520454338927,-0.24133130959692,"Moderate"
"06109",9.413377224,0.570502687322162,24,8.810245491,877.5242165,-1510.84780979191,0.691952621639398,68.2110885931341,67.776771399497,1,38.02653089,"Sierra Nevada","Hemlock / Sitka spruce group",-0.928110700636011,0.043945301275331,1.6521273653542,-0.731654610262623,2.34878839282967,-0.209204466342558,-0.527535437444567,-0.867410611417506,-0.572134038033493,"Low"
"06111",177.362839,0.969476744186046,10,14.34211957,452.6416382,-232.412671336711,0.884640943772406,-5.96897621170096,22.2251791264539,4,34.44304892,"Southern California Mountains","White / red / jack pine group",1.41233864646774,-2.53502157589645,-1.79112126379606,2.0797032218762,4.10389514075254,0.299943067755784,-1.84203110694796,0.416969624423961,-1.4983816776559,"Moderate"
"06115",47.36060524,0.61195219123506,18,15.53342245,903.2871287,-1102.93096979387,0.758700503749179,57.3729080730026,55.6865345092739,2,39.26426177,"Central California Foothills and Coastal Mountains","Hemlock / Sitka spruce group",-0.684960895023931,-0.332858205755383,0.738225358398485,0.165379715918016,2.95676326646821,-0.0941654696949673,-0.447830506599451,0.693564111594503,-0.969097312157381,"High"
"08007",3.885936092,0.72944211544663,14,4.807005672,615.2585366,-552.840813670579,0.572388399523541,45.2971019676086,45.4144830097517,1,37.19496148,"Southern Rockies","Aspen / birch group",0.0042548865075782,-0.752689383348665,-0.0382398644258285,1.37506194560736,1.25973447029442,-0.225961191803132,-1.3389292626922,-1.79687538762706,-1.23373949490664,"Low"
"08011",1.448859195,0.739130434782609,2,12.09382153,341.7958333,-443.015411201859,0.802681318299556,27.6548506204233,17.708243942979,0,37.9546477,"Southwestern Tablelands","Aspen / birch group",0.0610882075577253,-1.36604530293212,-2.13255676807512,1.61657478901318,3.3573636948804,-0.233349317251075,-2.18496427946507,-0.105036033264312,-2.02766604315442,"Moderate"
"08013",172.5816379,0.611301369863014,9,6.312225087,483.3846154,-496.592485096501,0.358223210461775,61.8057903986198,47.0919322072263,6,40.09200387,"Southern Rockies","Douglas-fir group",-0.688778723349059,-0.178743259667849,0.0885586592141831,1.49875549432547,-0.690994895821596,0.285448607789369,-1.74691892193267,-1.44739634316184,-1.56454222334321,"Low"
"08015",7.611110057,0.860731840524304,15,1.827422735,451.2980132,-642.146491125606,0.456440022746998,56.3196102526636,42.5587193502054,0,38.74719876,"Southern Rockies","Douglas-fir group",0.774422635645978,-0.369477480726338,-0.254107275755137,1.17867324490954,0.203615571969378,-0.21466813305611,-1.84618799483685,-2.48866941270455,-1.16757894921933,"Low"
"08019",9.316539047,0.826858108108108,10,1.526954556,586.0545455,-789.031928423582,0.453691751559978,41.6020498453689,35.9310427827328,2,39.68811224,"Southern Rockies","Douglas-fir group",0.57571358789328,-0.881152698361276,-0.755093895906863,0.85566309589737,0.178582870184101,-0.209498036315958,-1.42928015442977,-2.55843155571354,-1.4983816776559,"Low"
"08021",2.438202297,0.751544269045985,13,3.677807381,499.8442211,-834.518887106662,0.479995829979629,60.3278757436174,41.5678954992539,0,37.20185192,"Arizona/New Mexico Plateau","Aspen / birch group",0.133909860487116,-0.230124893703433,-0.329003732635682,0.755634464246666,0.418174273654593,-0.23035007214821,-1.69599642823817,-2.05905054682167,-1.29990004059395,"Low"
"08023",1.198319597,0.795691452397498,15,4.559085144,393.5923913,-594.779046577834,0.522031858604637,45.7136744482478,33.5315310480122,1,37.27708138,"Arizona/New Mexico Plateau","White / red / jack pine group",0.392884710289865,-0.738206696762501,-0.936473186485386,1.2828371811251,0.801060567327872,-0.234108841081439,-2.02471682601898,-1.85443711475158,-1.16757894921933,"Low"
"08027",2.582810985,0.770169491525424,15,3.997376526,429.3148148,-573.526254405054,0.480742424350266,44.6578317293535,41.0913302669077,0,38.10908543,"Southern Rockies","Douglas-fir group",0.243168568018912,-0.774914448456914,-0.365027337982795,1.3295733837939,0.424974648494962,-0.229911683384555,-1.91419930095877,-1.98485357704955,-1.16757894921933,"Low"
"08029",10.39792221,0.885866666666667,10,7.556564607,319.2921348,-404.251216046793,0.48008767589925,34.8750687249021,34.6064074189782,2,38.86279099,"Colorado Plateaus","Aspen / birch group",0.921867780066808,-1.11502498653853,-0.8552231926619,1.70181964843361,0.419010854675755,-0.206219766978059,-2.25458590138333,-1.1584879075502,-1.4983816776559,"Low"
"08035",158.2005145,0.679525222551929,8,7.565180158,430.6102941,-248.230419304716,0.600453487317015,40.7571654854763,44.4335306882498,3,39.33126142,"Southwestern Tablelands","Douglas-fir group",-0.288566056044855,-0.910526207065214,-0.112390131578444,2.04491901710976,1.51536607485722,0.241851483754284,-1.91019136555084,-1.15648756494166,-1.63070276903053,"Low"
"08037",12.59754585,0.768995410504844,11,2.601097585,446.3764259,-769.077126793842,0.469227277835406,53.2808248351719,38.4402470680675,1,39.62762204,"Southern Rockies","Aspen / birch group",0.236281210029615,-0.475124826265364,-0.565422936350755,0.899544937191513,0.320088627755208,-0.199551493436676,-1.86141433153161,-2.30903902486188,-1.43222113196858,"Low"
"08041",129.0082542,0.782188841201717,13,8.176058642,388.2961877,-462.549681864705,0.531143306723861,42.1154469342958,49.8069484369261,4,38.83235236,"Southwestern Tablelands","Douglas-fir group",0.313676107590811,-0.863303777756227,0.293786960675049,1.57361772128938,0.884052436790312,0.153353627379338,-2.04110214528734,-1.01465493459874,-1.29990004059395,"Low"
"08043",12.01322428,0.704445198506956,16,6.400192495,354.8081633,-223.679544738186,0.523287856413221,50.8356181016109,59.8305197451452,0,38.47412962,"Southern Rockies","White / red / jack pine group",-0.142381259188046,-0.560135633283157,1.05146954527792,2.09890790666881,0.812500857039359,-0.201322894686433,-2.14470691823461,-1.42697223396848,-1.10141840353201,"Low"
"08045",7.808030504,0.719477693144723,14,5.126432683,414.1965066,-339.0964218142,0.516110562004167,39.2258609507064,34.9703212721431,2,39.60046932,"Colorado Plateaus","Aspen / birch group",-0.0541981012733307,-0.963764010030535,-0.827714914388598,1.84509906524355,0.747126278498662,-0.214071158472545,-1.96097210755073,-1.72271141826273,-1.23373949490664,"Low"
"08047",15.71971147,0.848333333333333,7,3.033920639,530.047619,-707.737322609217,0.410705905016349,40.0348542235186,31.0215778695518,2,39.85637636,"Southern Rockies","Douglas-fir group",0.701690893917545,-0.935638301864512,-1.12620075493483,1.03443495525272,-0.212954865464571,-0.190086485870353,-1.60255358597646,-2.20854697312041,-1.69686331471784,"Low"
"08049",3.248676246,0.781746031746032,10,2.001584753,528.668942,-1115.10022857166,0.410239417458831,55.9145036854937,42.3744390493279,1,40.10543566,"Southern Rockies","Douglas-fir group",0.311078512374732,-0.383561539849293,-0.268037038947001,0.138618764230154,-0.217203879888272,-0.22789307819169,-1.60681891724374,-2.44823279926054,-1.4983816776559,"Low"
"08051",2.040567188,0.7995799579958,13,1.476700862,452.9282869,-1070.07954632964,0.495700242371566,51.3469493056334,38.225127150691,2,38.66582837,"Southern Rockies","Aspen / birch group",0.415695342290081,-0.54235853586611,-0.581683868705646,0.237622025187356,0.561218334945584,-0.231555523675576,-1.84114427728239,-2.57009936492789,-1.29990004059395,"Low"
"08055",1.642659629,0.816367265469062,18,7.542181214,374.1452282,-209.949030969479,0.61040190060772,46.7013573991818,50.5039612451455,1,37.68493612,"Southwestern Tablelands","White / red / jack pine group",0.514172529313874,-0.703868608459293,0.346474216523664,2.12910215451277,1.60598146402226,-0.232761801149297,-2.08488218224836,-1.16182741698764,-0.969097312157381,"Low"
"08057",0.314867922,0.755211835911231,7,2.173302196,684.0583658,-1044.96092614856,0.420560342958511,62.5249638208632,46.3158057065544,0,40.66573087,"Southern Rockies","Douglas-fir group",0.155424428483583,-0.153740255966144,0.0298911928067091,0.292859422419671,-0.123195453281113,-0.236787070812363,-1.12607733097068,-2.40836376269377,-1.69686331471784,"Low"
"08059",292.3597801,0.687848383500557,12,6.728696973,454.3409091,-528.153146211591,0.476587400226479,62.9957874342231,41.9444238892367,3,39.58612451,"Southern Rockies","Douglas-fir group",-0.239740985158851,-0.137371457866006,-0.300541920480507,1.42935165118595,0.387128499871555,0.648562279575635,-1.83677392683881,-1.35070067519777,-1.36606058628127,"Low"
"08067",12.82786228,0.841975308641975,17,6.194096,568.184,-486.374471908819,0.530374424315882,61.4246397666011,53.0047200115188,0,37.28623927,"Colorado Plateaus","Aspen / birch group",0.664393644931666,-0.191994459404267,0.535506778602644,1.5212255364418,0.877049050764294,-0.198853277192594,-1.48456779358269,-1.47482333489268,-1.0352578578447,"Low"
"08069",52.13777551,0.834571763785686,11,5.012113626,466.1662708,-677.68743787484,0.432855291890592,54.6677848066237,39.6232865204556,6,40.66626887,"Southern Rockies","Douglas-fir group",0.620963197695678,-0.426905350645491,-0.475996886252466,1.10051650781779,-0.0112065813184055,-0.0796832293994763,-1.80018879122992,-1.74925380431381,-1.43222113196858,"Low"
"08077",17.7422369,0.902818270165209,12,8.101270954,343.6410749,-208.464604044424,0.539327444219313,36.6670823781934,34.6618561426956,2,39.01810028,"Colorado Plateaus","White / red / jack pine group",1.02130875538331,-1.05272329042331,-0.851031819047919,2.13236650100675,0.958597872575887,-0.183955094769445,-2.17925549728319,-1.03201900091329,-1.36606058628127,"Low"
"08079",0.376067625,0.763516483516483,11,0.474394741,778.7368421,-954.406597361368,0.493763129814114,49.035208025049,41.9797077834009,1,37.66935087,"Southern Rockies","Aspen / birch group",0.204140896963813,-0.622729242024205,-0.29787480800102,0.491993984519998,0.543574093284051,-0.236601540727655,-0.833162409418744,-2.80281293607774,-1.43222113196858,"Low"
"08081",1.070415965,0.935841775205017,13,6.077888672,339.7812912,-102.102904454724,0.42369263106682,37.2268878847354,66.2653069153474,1,40.61918818,"Wyoming Basin","White / red / jack pine group",1.21503022543835,-1.03326092054229,1.53787563992907,2.36626244784565,-0.0946649230731806,-0.234496587598435,-2.19119684112264,-1.50180413619287,-1.29990004059395,"Low"
"08083",4.997345868,0.935561820378574,14,8.769801664,407.2866667,-313.654065942331,0.490922247887708,46.0206541265774,38.6778391877179,2,37.33862022,"Colorado Plateaus","White / red / jack pine group",1.21338796304185,-0.727534147143411,-0.547463328366485,1.90104837725548,0.517697844096279,-0.222591895225225,-1.98234967182238,-0.876800783955558,-1.23373949490664,"Low"
"08085",7.284601726,0.959574468085106,12,8.009539162,355.0271084,-154.117296485018,0.473108829278301,6.77764418712449,34.3157624154397,2,38.40317489,"Southern Rockies","White / red / jack pine group",1.35425021882045,-2.09186866290101,-0.877193072529207,2.25187958709684,0.355443843133191,-0.215657960054263,-2.14402954900248,-1.05331711778301,-1.36606058628127,"Low"
"08093",3.229090873,0.852032520325203,10,2.271024921,415.6070381,-611.821673431485,0.506068281354175,44.8752230455707,35.59869972298,1,39.12020631,"Southern Rockies","Douglas-fir group",0.723390950928747,-0.767356555303491,-0.780215735293773,1.24535939203434,0.655655895975066,-0.227952452269237,-1.95660822528503,-2.38567468214166,-1.4983816776559,"Low"
"08097",7.151650659,0.684165599658557,9,1.027543012,486.1741935,-1026.36024966444,0.4634030273173,34.2436941381288,35.0967285492297,1,39.21730962,"Southern Rockies","Douglas-fir group",-0.261344818516552,-1.1369755490065,-0.818159777853873,0.333763458880918,0.267038285768914,-0.216061008133149,-1.73828856493648,-2.67438399922625,-1.56454222334321,"Low"
"08101",27.0838745,0.61353711790393,10,10.98128016,313.6461126,-137.527915776115,0.712630159949735,39.3411863794922,77.7616923846808,2,38.17341454,"Southwestern Tablelands","White / red / jack pine group",-0.675663446922864,-0.959754570813722,2.40688836884066,2.2883606599205,2.53713030487277,-0.155635434210938,-2.2720534844542,-0.363343819518604,-1.4983816776559,"Moderate"
"08107",4.138385709,0.758534233365477,12,3.195533853,521.546875,-970.226430995489,0.4319510182608,61.6102036892591,46.7881222276576,0,40.48496382,"Southern Rockies","Aspen / birch group",0.174914174292449,-0.185543087173842,0.0655936377193988,0.457205193244939,-0.0194431819180055,-0.225195877650765,-1.62885306669479,-2.17102391765167,-1.36606058628127,"Low"
"08109",0.820076876,0.869178743961353,15,2.761026065,431.9218107,-762.637559102987,0.542497373852682,61.2273379740564,34.5674671342455,0,38.08103645,"Southern Rockies","Aspen / birch group",0.823973600913462,-0.198853914018093,-0.858166692007014,0.913705944284254,0.987471261623959,-0.23525550357533,-1.90613381417258,-2.2719071278001,-1.16757894921933,"Low"
"08113",2.433533483,0.894736842105263,12,6.46131697,473.0373832,-330.562413531595,0.457543166218868,31.915947356727,32.5318382565134,0,38.003367,"Colorado Plateaus","White / red / jack pine group",0.973901730537529,-1.21790270731342,-1.01204004731577,1.86386587656088,0.213663583857039,-0.230364225900833,-1.7789310415462,-1.41278046703831,-1.36606058628127,"Low"
"08117",19.50730969,0.824395992928698,6,0.665254382,540.1578947,-1042.0712267499,0.482757008795108,54.0538754026282,36.3358513592788,1,39.63783301,"Southern Rockies","Douglas-fir group",0.561270403518236,-0.448248713214048,-0.724494382109293,0.2992140498799,0.443324544919729,-0.178604184745505,-1.57127455900786,-2.75849949957874,-1.76302386040516,"Low"
"10001",118.0084662,0.754559666492965,41,12.88892682,1132.530612,-1595.36531782921,0.351132660388975,84.6820890978588,54.3612057474761,6,39.08628989,"Middle Atlantic Coastal Plain","Oak / gum / cypress group",0.151598692291161,0.616581154955469,0.638043647627987,-0.917513830669092,-0.755579361249999,0.12000719758682,0.261399717114155,0.0795700342826199,0.552595238650857,"Moderate"
"10003",505.617178,0.683257918552036,37,12.47058548,1150.935897,-1999.2423790912,0.391076050369999,59.223130900015,41.4751544181346,11,39.57964166,"Middle Atlantic Coastal Plain","Oak / hickory group",-0.266669429519669,-0.268532791659208,-0.336014038631481,-1.80566443389181,-0.391753922766924,1.29506318003002,0.318341725716336,-0.017559680034479,0.287953055901598,"Moderate"
"10005",94.96239262,0.782587548638132,49,13.21159335,1118.063291,-1243.16842156564,0.288583175476544,71.3414817003151,55.6680872738477,8,38.66136974,"Middle Atlantic Coastal Plain","White / red / jack pine group",0.316014992897234,0.152777507841703,0.736830930346177,-0.143011102308523,-1.32531302146179,0.0501418261243276,0.216640925450101,0.154486149143727,1.08187960414937,"Moderate"
"12001",118.2181724,0.851145038167939,44,20.42656639,1336.759398,-1415.68289082193,0.405839154578643,79.2239300620573,47.8385598783667,4,29.67674485,"Southern Coastal Plain","White / red / jack pine group",0.718184830380805,0.426821124404101,0.144996306656449,-0.522381075576776,-0.257283792298955,0.120642932846023,0.893239826584076,1.82964517163185,0.751076875712801,"High"
"12003",18.920804,0.697013210798392,21,19.87488959,1349.078652,-1490.6281006667,0.434691925638617,77.4209793503552,42.0123395492597,1,30.33052865,"Southern Coastal Plain","White / red / jack pine group",-0.185978557009659,0.364139187162791,-0.295408170119592,-0.687190221023904,0.00552244641372898,-0.180382207268711,0.93135295915662,1.70155787818059,-0.770615675095437,"High"
"12007",36.41237098,0.910456383593299,30,20.17193018,1322.860465,-1343.48123393223,0.324388327469568,75.4229887833326,44.8189377108252,0,29.95076209,"Southern Coastal Plain","White / red / jack pine group",1.06611522156408,0.294676434510719,-0.0832571828509205,-0.363605172533673,-0.999180834634286,-0.127355611641624,0.850239505619356,1.77052420994996,-0.175170763909605,"High"
"12009",225.9622052,0.531692307692308,35,22.22620273,1229.796791,-856.404182218103,0.543616658937282,29.4186355045351,62.5889501099583,3,28.29529767,"Southern Coastal Plain","Oak / hickory group",-1.15577895651093,-1.30472501686135,1.25997952480436,0.707507348549138,0.997666299823911,0.447274575685679,0.562320436424903,2.24748139020606,0.155631964526969,"High"
"12013",9.748232387,0.842391304347826,49,19.37455896,1535.304878,-1342.67889543657,0.430885076883476,87.5987204419926,46.9174345882666,0,30.40662742,"Southeastern Plains","White / red / jack pine group",0.666833946152778,0.717981654526773,0.0753683697579672,-0.361840780625198,-0.0291523375301457,-0.208189335488796,1.50749700489369,1.58539204298966,1.08187960414937,"High"
"12015",105.3948564,0.520454545454546,15,22.97140348,1275.284483,-1103.81934512986,0.329234825470338,135.894907318567,56.2013863234677,1,26.90147356,"Southern Coastal Plain","White / red / jack pine group",-1.2217015718785,2.39706169545261,0.777143049635537,0.163426123683581,-0.955036377664681,0.08176838301822,0.703049610091999,2.42050071446502,-1.16757894921933,"High"
"12017",98.15669017,0.701355013550136,39,21.3153961,1353.631579,-1012.18542879452,0.52858236259198,60.1433604036086,62.6019712706024,1,28.84770242,"Southern Coastal Plain","White / red / jack pine group",-0.160508807183195,-0.236539810587973,1.2609637954149,0.364934765483119,0.860726008508814,0.0598255053904631,0.945438739865754,2.03601200071178,0.420274147276227,"High"
"12019",137.4858319,0.859541984732824,33,20.39182587,1295.244444,-1309.62557956524,0.421034259753623,104.289392179731,55.2824345217318,1,29.98255887,"Southern Coastal Plain","White / red / jack pine group",0.767442740180576,1.29825466564672,0.707679406902353,-0.28915449748274,-0.118878769447617,0.179053845382054,0.764801453161052,1.82157918230642,0.0233108731523391,"High"
"12021",73.34481677,0.195031712473573,36,23.50742798,1307.047782,-875.283449831373,0.453350470893194,48.5623823043934,61.7271667413366,2,26.1108825,"Southern Florida Coastal Plain","Oak / gum / cypress group",-3.13068699055402,-0.639167646000446,1.19483724866076,0.66599067298768,0.175474306081318,-0.0153929801252523,0.80131845216055,2.54495388601141,0.221792510214283,"High"
"12023",34.32239631,0.678442028985507,43,19.99715287,1361.513761,-1482.01615159192,0.404381106930212,68.7525412789571,46.308843173041,1,30.22459723,"Southeastern Plains","White / red / jack pine group",-0.294920252844635,0.0627696113641273,0.0293648943223063,-0.668252013090556,-0.270564458393437,-0.133691478623905,0.96982452227814,1.72994473915367,0.684916330025486,"High"
"12027",22.66238905,0.481611208406305,19,22.5833441,1265.168831,-821.615733218127,0.606645482943192,4.59984356927006,68.1398036313847,0,27.18688823,"Southern Coastal Plain","Aspen / birch group",-1.44956316154798,-2.16758274691142,1.67956900180221,0.784009296612162,1.57176603301924,-0.169039397463417,0.671753950003026,2.3304018093043,-0.902936766470067,"High"
"12029",9.167430977,0.762185736275013,49,20.28084794,1477.574074,-1158.0537316575,0.466019248335759,62.3776496249949,52.3342958216545,0,29.60622813,"Southern Coastal Plain","White / red / jack pine group",0.196334508405768,-0.158861826467344,0.484829358615603,0.044161357916922,0.290868205053724,-0.20995006519031,1.32889026568923,1.79581253290858,1.08187960414937,"High"
"12031",480.2702234,0.823053589484328,41,20.49444283,1303.782258,-1319.81475750671,0.428444830769889,79.1733343935335,54.6410551897265,2,30.33040157,"Southern Coastal Plain","White / red / jack pine group",0.553395637701076,0.425062099879189,0.659197490124233,-0.31156112911164,-0.0513793846762241,1.21822256800886,0.79121562051743,1.84540459723885,0.552595238650857,"High"
"12033",186.1132586,0.812590799031477,37,19.35659039,1656.378378,-1203.84257262375,0.464417932461613,116.85391283621,46.8192898139132,1,30.67614731,"Southeastern Plains","White / red / jack pine group",0.492019137993946,1.73507664316659,0.0679495981434655,-0.0565311315202625,0.276282576484445,0.326470420178074,1.88207247484682,1.58122013382384,0.287953055901598,"High"
"12035",89.61963628,0.848537005163511,29,20.94127253,1287.736842,-1064.12263814171,0.454897686802751,73.0570192564128,55.1556940441854,1,29.46010292,"Southern Coastal Plain","White / red / jack pine group",0.70288566734645,0.212420412513738,0.698099083717301,0.250721634221652,0.189567163672774,0.033944982222396,0.741574541017842,1.94914868599994,-0.24133130959692,"High"
"12037",8.440672147,0.81025483573841,35,20.2192444,1523.17757,-1435.12812441243,0.498694728098815,78.4583461651948,52.4144838779221,1,29.83770581,"Southern Coastal Plain","White / red / jack pine group",0.478315981936402,0.400204599911987,0.490890780424145,-0.565142345279108,0.588493688471292,-0.21215327240673,1.46997771212222,1.78150953755765,0.155631964526969,"High"
"12039",34.23569548,0.87258883248731,51,19.22773601,1492.506494,-1373.13050386118,0.372041109066494,90.3467148796504,56.4717659880031,1,30.57801444,"Southeastern Plains","White / red / jack pine group",0.843977757391399,0.813519271702188,0.797581070850715,-0.428805748397595,-0.565134195936962,-0.133954316702289,1.37508797401547,1.55130296351046,1.214200695524,"High"
"12041",20.1445156,0.917543859649123,25,20.41431936,1423,-1400.24140878312,0.409664435301955,66.5470225288735,48.4339976141802,1,29.7268915,"Southern Coastal Plain","White / red / jack pine group",1.10769155571937,-0.0139081297299484,0.190005494376929,-0.48842430282873,-0.222441120278853,-0.176672461866737,1.16004977280014,1.82680167898268,-0.505973492346178,"High"
"12043",6.592940631,0.558474576271186,17,22.83499889,1216.381944,-782.419581857769,0.560578765614587,19.0440876171055,53.4565904692276,0,26.95584581,"Southern Coastal Plain","Aspen / birch group",-0.998669635914733,-1.66540972963029,0.569663703891512,0.870204054407849,1.15216610323066,-0.217754766660412,0.520817773832558,2.38883055043524,-1.0352578578447,"High"
"12045",10.5152834,0.738842975206612,41,20.01338683,1600.875,-1484.70421679915,0.501225751655415,66.7949384668718,44.1712640057108,0,29.93682393,"Southern Coastal Plain","White / red / jack pine group",0.0594019210301019,-0.00528900821660462,-0.132214891813195,-0.674163234509874,0.611547584390704,-0.205863980422654,1.71035691447782,1.73371390979561,0.552595238650857,"High"
"12047",10.80840804,0.797955209347614,38,19.75433556,1344.094595,-1248.22267282074,0.351249207650701,89.8761856504218,55.9349138034486,0,30.49790068,"Southeastern Plains","White / red / jack pine group",0.406164291718159,0.797160708251019,0.757000369797647,-0.154125712994828,-0.754517787392057,-0.204975357821181,0.915933354593705,1.67356786769376,0.354113601588913,"High"
"12049",16.3671343,0.564377682403433,26,22.44578979,1261.159091,-969.974437680091,0.574972510578923,12.456288349538,59.680906075924,0,27.49308125,"Southern Coastal Plain","Oak / hickory group",-0.964041016195193,-1.89444317883545,1.04016023564149,0.457759342109891,1.28327191511971,-0.188123789866879,0.659348673498342,2.29846470542309,-0.439812946658864,"High"
"12051",13.85218271,0.268762677484787,19,23.14275909,1286.313253,-887.54762590114,0.492711875274584,44.8053780102163,66.7591825139485,1,26.55384272,"Southern Coastal Plain","Oak / gum / cypress group",-2.69816867024454,-0.769784809217636,1.57520773729376,0.639020992312185,0.533998713127696,-0.195747996499545,0.737170261644609,2.46028574131877,-0.902936766470067,"High"
"12053",155.6765435,0.734992679355783,35,21.61347208,1326.915663,-1320.82247302547,0.44030491138249,42.7498538337392,61.3191574480317,1,28.55370749,"Southern Coastal Plain","Oak / hickory group",0.0368154338758674,-0.841247792976242,1.16399579241854,-0.313777157779044,0.0566484775401308,0.234199934310799,0.86278541943702,2.1052187274058,0.155631964526969,"High"
"12055",39.67558783,0.769100169779287,18,22.51975364,1212.798742,-909.964962417003,0.476973399699367,119.502801005815,106.673624191844,4,27.34273263,"Southern Coastal Plain","Oak / gum / cypress group",0.23689574566484,1.82716870144015,4.59234368650282,0.589723884704741,0.390644386418601,-0.117462999930717,0.509732114517456,2.31563749456291,-0.969097312157381,"High"
"12057",548.3691022,0.550724637681159,39,22.42224877,1280.728395,-1116.4337932367,0.476303544560208,45.2651065291948,60.9667544350239,3,27.9311207,"Southern Coastal Plain","Oak / gum / cypress group",-1.04413208742273,-0.753801746570601,1.13735761950519,0.135686173163974,0.384542992925449,1.42466786321395,0.719891907504591,2.29299899517955,0.420274147276227,"High"
"12059",15.74704222,0.67774343122102,42,18.88384978,1473.84507,-1304.82959416713,0.436393605351599,55.7590148992007,37.7393268647359,1,30.86698956,"Southeastern Plains","Oak / gum / cypress group",-0.299018345574357,-0.388967310667589,-0.618405552519224,-0.278607829367772,0.021022241699696,-0.190003631279333,1.31735352622306,1.47146009816638,0.618755784338171,"High"
"12061",120.5308131,0.613953488372093,13,22.59241067,1257.597701,-933.282628929695,0.576010415992177,48.0747402497349,35.1010820899307,1,27.69323569,"Southern Coastal Plain","Aspen / birch group",-0.673220947282598,-0.656121159187433,-0.817830693352045,0.538446895825297,1.2927257044015,0.127653823486631,0.64833049583819,2.33250686866548,-1.29990004059395,"High"
"12063",19.93573223,0.70917225950783,62,19.15455775,1432.110236,-1222.01537265836,0.419659091027778,54.2215983896286,36.9006474645395,0,30.79544392,"Southeastern Plains","Oak / hickory group",-0.114651519264155,-0.44241760442286,-0.681801397777783,-0.0964942412412056,-0.131404530653826,-0.177305399518768,1.1882348911876,1.53431257119585,1.94196669808447,"High"
"12065",9.21744897,0.74367201426025,47,19.45872292,1448.255556,-1541.04907790857,0.474414003945449,68.8554224390033,42.3849018461437,2,30.43816078,"Southeastern Plains","Oak / gum / cypress group",0.0877298814721048,0.0663464093184328,-0.267246155269936,-0.798069064235544,0.36733206157929,-0.209798433041405,1.23818505225954,1.60493307469979,0.949558512774745,"High"
"12067",6.094127976,0.823153409090909,38,20.05680855,1427.554054,-1210.99282401119,0.451044195788717,60.2942136361844,41.4548383140388,0,29.98479533,"Southern Coastal Plain","White / red / jack pine group",0.553981196408543,-0.231295200851504,-0.337549734621168,-0.0722549759572444,0.154467537463342,-0.219266943184139,1.17413904020582,1.74379548399231,0.354113601588913,"High"
"12069",144.4974386,0.676992690567351,39,21.5494989,1271.987261,-1329.55852039365,0.500947942344339,48.2032577473857,63.9196399045015,2,28.75664536,"Southern Coastal Plain","Oak / gum / cypress group",-0.303422317317621,-0.651653080459672,1.36056647648369,-0.332988265524523,0.609017150832988,0.200309896003603,0.692848711627927,2.09036555344657,0.420274147276227,"High"
"12071",374.0205915,0.359857482185273,21,23.36764131,1316.671642,-1025.11949191979,0.377631871680951,70.8756724088781,55.4889736839233,4,26.5841744,"Southern Coastal Plain","White / red / jack pine group",-2.16379112734948,0.136583039194965,0.723291719262784,0.336491961796931,-0.514210584780625,0.896121279271824,0.831092613164098,2.512498476937,-0.770615675095437,"High"
"12073",168.5876194,0.786941580756014,48,19.49445927,1522.329787,-1626.5618343986,0.407302475521559,89.8035324869731,42.3642191675942,2,30.46199167,"Southeastern Plains","White / red / jack pine group",0.341556482255381,0.794634826094554,-0.26880956065291,-0.986116897461187,-0.243955094260286,0.273340532842809,1.46735485315107,1.61323027398264,1.01571905846206,"High"
"12075",14.14931249,0.696810834425513,53,20.73274583,1446.035503,-1255.85905617433,0.503076406254764,52.1958854038393,60.9683606934217,1,29.31736371,"Southern Coastal Plain","White / red / jack pine group",-0.187165731066781,-0.512844163185678,1.1374790367104,-0.170918591651364,0.628404321423008,-0.194847232107718,1.23131668390647,1.90073334459838,1.34652178689863,"High"
"12077",3.850563046,0.748441118831285,51,19.58285674,1546.404959,-1627.68233734191,0.461916126589059,85.5186317360615,52.9578863830749,0,30.2375643,"Southern Coastal Plain","White / red / jack pine group",0.115706256094769,0.6456646528055,0.531966620753254,-0.988580952641504,0.253494810623463,-0.226068427033028,1.54183827740248,1.63375423417136,1.214200695524,"High"
"12079",10.28657691,0.729597197898424,38,19.67035116,1371.932039,-1296.63932546513,0.427454255359532,65.8954411545516,42.5730689063007,0,30.44395816,"Southeastern Plains","White / red / jack pine group",0.00516462641874371,-0.0365612075693829,-0.253022591622519,-0.260596922619298,-0.0604020673577614,-0.206557316049839,1.00205644237587,1.65406852589051,0.354113601588913,"High"
"12081",204.7294169,0.775374376039933,17,22.60480941,1298.593496,-1102.21415667349,0.527784014533952,59.8633298190393,88.7284420242287,2,27.47476987,"Southern Coastal Plain","White / red / jack pine group",0.273701301549225,-0.246275439750596,3.23586588155329,0.166956032243766,0.853454233819381,0.382906272919722,0.775162702540954,2.33538558506031,-1.0352578578447,"High"
"12083",87.55725097,0.848609355246523,57,20.89009179,1310.805085,-1314.44105114153,0.326003782941123,108.925704559533,74.784249430574,2,29.21043668,"Southern Coastal Plain","White / red / jack pine group",0.703310085179227,1.45944212337123,2.18182320956699,-0.299744016907091,-0.98446641516294,0.0276927538208091,0.812942742669879,1.93726563696936,1.61116396964789,"High"
"12085",113.8949178,0.447704081632653,18,23.13990629,1338.8125,-1112.87079320828,0.346098764162639,118.495968225384,42.5277597478136,2,27.07735521,"Southern Coastal Plain","White / red / jack pine group",-1.64846810625378,1.79216484429317,-0.256447514661729,0.143521430295528,-0.801430739981125,0.107536761527623,0.899591684311091,2.45962338352022,-0.969097312157381,"High"
"12087",29.51100055,0.0727272727272727,15,24.57500917,1201.541958,-426.225437561776,0.197751278861514,97.6741689624496,52.2695146734692,3,25.20850802,"Southern Florida Coastal Plain","Oak / gum / cypress group",-3.8481455351074,1.06826778699743,0.479932546263869,1.65349697808215,-2.15265778688887,-0.148277475273555,0.474906036499056,2.79282290128733,-1.16757894921933,"High"
"12089",51.04651359,0.858916136845292,38,20.0319468,1314.774194,-1465.88059321205,0.482013821618039,73.1991094612788,44.6424310647489,2,30.61011393,"Southern Coastal Plain","White / red / jack pine group",0.763771410542569,0.217360364142037,-0.0965993348331205,-0.632768923598823,0.436555204593317,-0.0829914467033487,0.825222315565436,1.73802312911358,0.354113601588913,"High"
"12091",86.09938604,0.863737486095662,45,19.09227307,1611.513514,-1019.62651842495,0.407678767309161,49.6195311913461,37.8563792275862,0,30.69128561,"Southeastern Plains","White / red / jack pine group",0.792054261297042,-0.602414483666834,-0.609557554725707,0.348571349786149,-0.24052763042492,0.0232731604127163,1.74327019757571,1.51985143002646,0.817237421400115,"High"
"12093",20.88773308,0.594965675057208,15,22.63781494,1206.728814,-1094.49293219139,0.609110494754696,4.26280767126092,66.4003781054076,2,27.38570425,"Southern Coastal Plain","Oak / hickory group",-0.78460667402651,-2.17930024027935,1.54808568236237,0.183935481782116,1.59421865918874,-0.174419359396272,0.490953057719878,2.34304874763416,-1.16757894921933,"High"
"12095",588.0344779,0.499126383226558,34,22.01940723,1244.880795,-1107.28915089722,0.481187613574823,32.1423847795894,46.3719403696448,4,28.51271493,"Southern Coastal Plain","White / red / jack pine group",-1.34681618146939,-1.21003031444276,0.0341344166346543,0.155795806488252,0.429029666481902,1.54491551398448,0.608987113171465,2.19946799560093,0.0894714188396538,"High"
"12097",105.7682402,0.278894472361809,29,22.27175253,1220.362745,-1126.04617406369,0.461392891842906,40.6116829291886,44.8414235157487,2,28.0629872,"Southern Coastal Plain","Oak / gum / cypress group",-2.63873384660886,-0.91558409822316,-0.0815574789961335,0.114547954015748,0.248728912910746,0.0829003154402233,0.533133519271195,2.2580570580595,-0.24133130959692,"High"
"12099",291.3128366,0.344943820224719,11,23.40994086,1404.702614,-878.699276939215,0.382560036546066,65.1225715281278,47.0099563567334,2,26.64673599,"Southern Florida Coastal Plain","Oak / gum / cypress group",-2.25127719266629,-0.0634310299692844,0.0823620978922169,0.658479058198628,-0.469322262987729,0.645388415868491,1.10344158058744,2.52231950779004,-1.43222113196858,"High"
"12101",279.1930895,0.537407195888064,33,22.00871234,1311.046296,-1345.77087408701,0.48020250556147,40.5848822183405,37.4877091661716,2,28.30817499,"Southern Coastal Plain","Oak / gum / cypress group",-1.12225445506423,-0.916515859953805,-0.637425355174162,-0.36864023265389,0.42005678373255,0.608646771777421,0.813688997826316,2.19698487593039,0.0233108731523391,"High"
"12103",1369.720208,0.214285714285714,13,22.62805689,1285.758621,-1116.20141415505,0.400458879277173,88.4081652475178,67.9101239211691,3,27.93108516,"Southern Coastal Plain","Aspen / birch group",-3.01773975703068,0.74612306081754,1.66220749350184,0.13619718911744,-0.306290174122004,3.91463648666074,0.735454349062161,2.34078314173255,-1.29990004059395,"High"
"12105",151.5693188,0.521668295861844,37,22.32785131,1251.471042,-1033.3440604123,0.451868266428233,44.1153532453985,44.4796522143401,3,27.9458752,"Southern Coastal Plain","Oak / gum / cypress group",-1.21458150655236,-0.793774421758085,-0.108903801604888,0.318405627690596,0.161973606975854,0.221748668877261,0.629375925480783,2.27108196847103,0.287953055901598,"High"
"12107",39.11255788,0.787849252761534,35,20.64627321,1281.666667,-1327.06175112111,0.416016737278785,70.0410062858085,52.2282179280902,1,29.60774662,"Southern Coastal Plain","White / red / jack pine group",0.346881039870485,0.107564780845404,0.476810921863513,-0.327497715681001,-0.16458100742426,-0.119169854526348,0.722794720055181,1.88065629250295,0.155631964526969,"High"
"12109",164.180945,0.808146639511202,41,20.71123695,1261.386139,-1261.54006714541,0.410582622426588,94.4683015349808,51.4276602389533,1,29.90081827,"Southern Coastal Plain","White / red / jack pine group",0.46594894603858,0.956811617070933,0.416296699898376,-0.183411485664987,-0.214077788238488,0.259981470059228,0.66005111136709,1.8957394528408,0.552595238650857,"High"
"12111",216.74684,0.427631578947368,13,22.92693823,1318.802469,-912.66183650595,0.433044051757046,97.4966275655309,60.5415876659852,1,27.37772905,"Southern Coastal Plain","White / red / jack pine group",-1.76621680443678,1.06209532835662,1.10521922825253,0.583793292010445,-0.00948725701435268,0.419337716479464,0.837684935389141,2.41017685541361,-1.29990004059395,"High"
"12113",68.48959297,0.856638418079096,47,19.22457738,1631.251572,-1193.75591116549,0.501924101144683,61.5259825048313,48.5946700861562,0,30.69304298,"Southeastern Plains","White / red / jack pine group",0.750409926738001,-0.188471146694509,0.202150739828666,-0.0343499399698822,0.617908519435728,-0.0301118437591388,1.80433552030374,1.55056959867128,0.949558512774745,"High"
"12115",297.0516595,0.570135746606335,11,22.79107473,1303.658824,-1031.31474058036,0.561741345211361,-3.63764631665664,48.318516163961,2,27.18544069,"Southern Coastal Plain","Aspen / birch group",-0.930263236982694,-2.45396984596202,0.181276241999184,0.322868227342177,1.16275549065543,0.662785956159862,0.790833742166196,2.37863232065374,-1.43222113196858,"High"
"12117",582.4318269,0.489082969432314,27,21.83021388,1250.826087,-1037.0299254553,0.576167642178835,9.99454179651472,65.3005828048598,3,28.71679375,"Southern Coastal Plain","Aspen / birch group",-1.40573254671428,-1.9800290142879,1.46495206458985,0.310300182803211,1.29415780333775,1.52793078589486,0.627380572887328,2.15554143544745,-0.373652400971549,"High"
"12119",90.04913851,0.564619615032081,29,21.47625326,1288.893333,-1646.65512692609,0.515340901410805,30.3779224051861,37.3095077043363,0,28.70206461,"Southern Coastal Plain","Oak / gum / cypress group",-0.962621798446518,-1.27137415434873,-0.650895618419825,-1.03030328879339,0.740115804350221,0.0352470405855595,0.745152476402724,2.07335951696887,-0.24133130959692,"High"
"12121",24.83416659,0.91715708465369,42,20.12504983,1376.659794,-1344.96474002209,0.428060960757455,71.655427011226,49.4548979167031,0,30.19738957,"Southeastern Plains","White / red / jack pine group",1.10542266813141,0.163692226778829,0.267175432720475,-0.366867494054179,-0.0548758749756367,-0.1624555408234,1.01668310346148,1.759639617472,0.618755784338171,"High"
"12123",8.033752766,0.801700179826712,55,19.98063361,1471.948387,-1082.79267340168,0.447893285737278,61.7134546463096,46.95734847171,0,30.04869906,"Southern Coastal Plain","White / red / jack pine group",0.428132922414661,-0.181953432743503,0.0783854635101843,0.209665073528358,0.125767388787175,-0.213386869687853,1.3114855953705,1.72610932808832,1.47884287827326,"High"
"12125",24.22620484,0.845884413309983,20,20.11507081,1345.424242,-1339.75989812576,0.463198969894171,76.3617770881522,52.4160665658969,0,30.04416899,"Southern Coastal Plain","White / red / jack pine group",0.687325114561334,0.327314636555645,0.491010415939122,-0.355421725246562,0.265179623259776,-0.164298608509151,0.920046997545274,1.75732270716673,-0.836776220782752,"High"
"12127",191.456286,0.546302775833917,42,21.3169055,1295.477778,-1174.57488512404,0.454262947651042,62.9153862691956,58.388041057931,3,29.05959404,"Southern Coastal Plain","White / red / jack pine group",-1.07007147745403,-0.140166709420955,0.942432461951456,0.00783032101328293,0.183785625092734,0.342668085812502,0.765523338567075,2.0363624503967,0.618755784338171,"High"
"12129",20.9185476,0.796673286991063,50,19.72897428,1553.554348,-1578.34219356265,0.460097594214508,69.6788104431995,45.1455336665357,0,30.16844701,"Southern Coastal Plain","White / red / jack pine group",0.398644318199051,0.0949725691292845,-0.0585697675341199,-0.880078928971932,0.236930659736896,-0.174325943575188,1.56395695526801,1.66767953286863,1.14804014983669,"High"
"12131",26.42046277,0.853943292828211,54,19.09660854,1606.4875,-1145.98291463825,0.406984573891228,86.6697183543386,55.4349313070298,2,30.64175439,"Southeastern Plains","White / red / jack pine group",0.734599865844873,0.685683683108354,0.719206651521591,0.0707058300974892,-0.24685070978277,-0.157646601396885,1.72772078704375,1.52085803138823,1.41268233258595,"High"
"12133",16.57128767,0.788239292997961,50,19.11855493,1539.070588,-1125.77076323931,0.467702627366322,58.3599450983076,34.657642376339,0,30.61284234,"Southeastern Plains","White / red / jack pine group",0.349169081914786,-0.298542573900639,-0.851350337995488,0.115153599429337,0.306201308083256,-0.187504888300811,1.51914730485989,1.52595350340396,1.14804014983669,"High"
"13001",13.99852233,0.851070431275209,40,18.99561979,1209.507042,-1443.35111148128,0.371421562548619,87.0705290707411,52.5601994594792,0,31.74841851,"Southern Coastal Plain","White / red / jack pine group",0.717747173720239,0.699618391366389,0.501905433291488,-0.583225201737138,-0.570777352004427,-0.195304360325448,0.499548299938339,1.49741065122556,0.486434692963542,"High"
"13003",9.363064086,0.871649484536082,20,18.99292147,1267.150943,-1282.84136423672,0.411947399464143,72.1079243304131,42.3216186871859,0,31.29639679,"Southern Coastal Plain","White / red / jack pine group",0.838467383317365,0.179423887316776,-0.272029734492011,-0.230254353645551,-0.201646680003659,-0.209356993238891,0.677886179879091,1.49678416030612,-0.836776220782752,"High"
"13005",15.1405965,0.86130374479889,21,19.07839285,1236.714286,-1314.71598330424,0.471189952441284,83.0561630433184,50.2836128673921,0,31.55458023,"Southern Coastal Plain","White / red / jack pine group",0.777777522920058,0.560053711222136,0.329818064416247,-0.300348609714103,0.337965702020121,-0.191842103041239,0.583721683935906,1.51662874636039,-0.770615675095437,"High"
"13007",3.488902317,0.803550295857988,33,18.97875189,1339.276596,-1504.87215536117,0.39752717179862,46.0186483054486,41.4949730238382,0,31.32569618,"Southeastern Plains","White / red / jack pine group",0.438986016201016,-0.727603882135775,-0.334515948586428,-0.718513777082524,-0.332993710286445,-0.227164820355182,0.901027497906166,1.49349429357339,0.0233108731523391,"High"
"13009",67.26911046,0.929274292742927,43,17.43109648,1175.736842,-1361.20328594593,0.49997426539539,99.2960712821587,57.0362907437649,1,33.06883582,"Piedmont","White / red / jack pine group",1.17650426171696,1.12465534033191,0.840253543851149,-0.402577059516137,0.600148388240216,-0.0338118000067239,0.395070536138573,1.13416253870878,0.684916330025486,"High"
"13011",31.37065148,0.791744840525328,42,15.57004954,1411.351351,-1318.53164704799,0.38807928127002,67.7892577349539,48.4538892804883,1,34.3534503,"Piedmont","Oak / hickory group",0.36973321705219,0.0292798003233186,0.191509107079122,-0.308739489961467,-0.419050074454359,-0.142639846696001,1.12401134842574,0.702068121234016,0.618755784338171,"High"
"13013",194.9108829,0.81767955801105,28,15.96720998,1311,-2385.95512330019,0.34329277763198,72.1340547292086,43.8928264494638,1,33.9914792,"Piedmont","Oak / pine group",0.521870659481152,0.180332344773078,-0.153262009729615,-2.65606964375921,-0.826989143521226,0.353140876105124,0.813545767920871,0.794280093579979,-0.307491855284234,"High"
"13015",89.56653798,0.825109916951636,43,15.44137383,1363.657143,-1156.41775049496,0.27665993827577,83.4851527184375,52.2960415266808,1,34.23729346,"Ridge and Valley","White / red / jack pine group",0.565458402674124,0.574968097798794,0.481937713293136,0.0477589815398898,-1.43391614715468,0.03378401196251,0.976455686983373,0.672192434188958,0.684916330025486,"High"
"13017",26.07123287,0.798496240601504,25,18.71399991,1182.472222,-1451.77243197305,0.437427140523519,48.5777967081471,36.5844785592017,0,31.76101922,"Southeastern Plains","White / red / jack pine group",0.409338072627332,-0.638631744113373,-0.705700631494111,-0.601744205642254,0.0304362245211369,-0.158705310013978,0.415908358856285,1.43202467122556,-0.505973492346178,"High"
"13019",16.35611723,0.568211920529801,20,18.98986017,1211.612903,-1409.98544728157,0.333055075909768,66.1359481519556,41.2657231385921,0,31.27555133,"Southeastern Plains","White / red / jack pine group",-0.941548726370545,-0.0281996675563777,-0.351844966381786,-0.509852045328347,-0.920239524120174,-0.188157188687954,0.506063382708153,1.49607339336533,-0.836776220782752,"High"
"13021",236.9197199,0.883472057074911,43,17.82477613,1183.942857,-1263.08202862221,0.278978397493013,85.8697094627399,57.0182600158439,2,32.8091045,"Southeastern Plains","Oak / hickory group",0.907820594894801,0.657870328694279,0.838890599635623,-0.186802354191877,-1.41279839921893,0.480492851769185,0.420458188474281,1.22556634770589,0.684916330025486,"High"
"13025",16.48471892,0.798327137546468,33,19.42588434,1309.548387,-1168.59131706078,0.432320909787737,66.7388106227193,42.2824966519683,0,31.19573449,"Southern Coastal Plain","White / red / jack pine group",0.40834608548445,-0.0072403660556304,-0.274986972371317,0.0209885567600793,-0.016074015028491,-0.187767325971801,0.80905478829556,1.59730867426645,0.0233108731523391,"High"
"13027",12.17215814,0.813523507659799,40,19.31855476,1301.068493,-1390.30764531036,0.407184610739335,45.1030946181688,36.933062915162,0,30.83913555,"Southeastern Plains","White / red / jack pine group",0.497490564676054,-0.759434302343404,-0.679351111182967,-0.466579343392223,-0.245028668789006,-0.200841078418324,0.782819813010277,1.57238909198664,0.486434692963542,"High"
"13029",33.81421606,0.912050739957717,41,18.9830802,1238.292308,-1520.49785834779,0.477500837206333,68.1178216322532,45.0094418010656,0,32.00976026,"Southern Coastal Plain","White / red / jack pine group",1.07546798585528,0.0407027535169927,-0.0688569629061186,-0.75287566307323,0.395448565090855,-0.1352320534994,0.588603745925081,1.49449923253968,0.552595238650857,"High"
"13031",44.39220694,0.858090862685043,45,18.62015637,1204.765306,-1314.07341947813,0.398849470436809,75.6658674190595,48.0343193481849,0,32.39548334,"Southeastern Plains","White / red / jack pine group",0.758930212634316,0.30312042762882,0.159793781178401,-0.298935572172468,-0.320949517691043,-0.103164323628078,0.484878384634052,1.41023625263249,0.817237421400115,"High"
"13033",10.53540271,0.884624017957351,51,17.63501098,1162.214876,-1261.39210901671,0.413255541187834,70.7186853441654,41.3323703243031,1,33.05921744,"Southeastern Plains","White / red / jack pine group",0.914578192409758,0.131125178769746,-0.346807100099076,-0.183086116601328,-0.189731436043495,-0.205802987687304,0.353236470309632,1.18150702809181,1.214200695524,"High"
"13035",51.41934534,0.948348856900931,30,16.74062004,1247.48,-1433.65261113345,0.284325835788165,91.3840765035563,54.1436425238972,1,33.28269137,"Piedmont","White / red / jack pine group",1.28839888358988,0.849584503981792,0.621598025555081,-0.561897600443404,-1.36409111414826,-0.0818611878496511,0.617028496582199,0.973849002972894,-0.175170763909605,"High"
"13037",8.676774629,0.71797520661157,34,18.72226822,1329.95122,-1331.67609130618,0.496809084707457,61.1134938784722,45.6121985826434,0,31.53067551,"Southeastern Plains","White / red / jack pine group",-0.0630119415846314,-0.202811852750631,-0.02329452791069,-0.337644934753159,0.571318255088962,-0.211437515444882,0.872176782450764,1.43394439206449,0.0894714188396538,"High"
"13039",33.05111857,0.762570517537405,42,19.8371229,1298.45098,-1495.1086986126,0.455887567370475,46.2403830827657,47.9702093283671,0,30.92948455,"Southern Coastal Plain","White / red / jack pine group",0.198591700418257,-0.719894982882015,0.154947699475499,-0.697043332651524,0.198583517361561,-0.137545423254811,0.774721788569888,1.69278927833244,0.618755784338171,"High"
"13043",17.20991474,0.879282218597064,24,18.51993123,1202.735294,-1236.1581952331,0.463110827479308,33.9968869427586,31.2227335349649,0,32.40211045,"Southeastern Plains","Oak / gum / cypress group",0.883242293220182,-1.14555612363368,-1.11099538154135,-0.127595181615928,0.264376775710989,-0.185568857101541,0.478597962420186,1.3869661660195,-0.572134038033493,"High"
"13045",91.81337159,0.861027190332326,38,15.67708905,1398.917808,-1518.88334576292,0.346020811956895,82.4143391990062,49.2052524615871,1,33.58019849,"Piedmont","White / red / jack pine group",0.776155207610145,0.537739866662751,0.24830471211099,-0.749325250178568,-0.802140769736963,0.0405954049849332,1.08554463017272,0.726920355600675,0.354113601588913,"High"
"13047",159.9551721,0.798534798534799,39,14.87837505,1452.208333,-1364.43695940757,0.399678644329888,50.6521920266893,32.2078167025861,1,34.89872002,"Ridge and Valley","White / red / jack pine group",0.409564259990278,-0.566512680443698,-1.03653286338876,-0.409688107186452,-0.31339696505664,0.247170819587694,1.2504140974461,0.541476424477188,0.420274147276227,"High"
"13049",6.450157923,0.738236750866766,23,19.69130422,1325.761468,-1320.72740210471,0.397717207847279,97.7520180191858,45.329995678027,0,30.78341541,"Southern Coastal Plain","White / red / jack pine group",0.0558457064442621,1.07097431117302,-0.0446262688219225,-0.313568090952229,-0.331262761842565,-0.218187619870665,0.859214587384238,1.65893336839416,-0.638294583720808,"High"
"13051",258.2064737,0.733126454615981,32,19.21445936,1268.392405,-1599.96568373188,0.518982753090091,32.732964651342,47.5622598577593,2,32.00037278,"Southern Coastal Plain","White / red / jack pine group",0.0258678436787718,-1.18949803354517,0.124110765235899,-0.92763031943113,0.773287708005269,0.54502475375696,0.681726997333603,1.54822041560452,-0.0428496725349756,"High"
"13053",16.2520649,0.820866141732283,42,17.71335868,1261.121212,-1492.95715669666,0.438359577921992,48.9108625663625,41.1698398460246,1,32.34340826,"Southeastern Plains","White / red / jack pine group",0.540563698944606,-0.627052274366154,-0.359092792400962,-0.692311959088167,0.0389293555628091,-0.188472628741625,0.65923148398762,1.19969765137184,0.618755784338171,"High"
"13055",30.59226213,0.852858151023289,48,15.02388411,1430.913043,-1312.87943324494,0.352776498916696,81.4455674454753,50.1706498989137,1,34.47197644,"Ridge and Valley","White / red / jack pine group",0.728234240348298,0.504059250846775,0.321279184281684,-0.296309922699002,-0.740606413950644,-0.144999574520848,1.1845310325348,0.575260447419672,1.01571905846206,"High"
"13057",232.6981671,0.83670963781461,48,15.20974737,1422.359375,-1689.88609014453,0.349137494534691,64.3698739427922,46.1856464471674,2,34.24315676,"Blue Ridge","White / red / jack pine group",0.633504328601572,-0.0895995450038141,0.0200524436194338,-1.12537084707556,-0.773752382922075,0.467694994750431,1.15806781629902,0.618413833470031,1.01571905846206,"High"
"13059",411.1340577,0.874285714285714,22,16.4214375,1267.625,-1414.90953661742,0.160161651422833,91.7198618568052,50.8868098218387,2,33.95467036,"Piedmont","White / red / jack pine group",0.85393195323161,0.861258520527162,0.375413772115251,-0.520680421914757,-2.49504391615308,1.0086326835821,0.6793528106741,0.899741794430687,-0.704455129408122,"High"
"13061",5.791415456,0.887525562372188,41,18.47841144,1347.21875,-1262.44680243663,0.500221089887492,155.193316561559,51.3248759304612,0,31.62217977,"Southeastern Plains","White / red / jack pine group",0.931599143056719,3.06799610823217,0.408527225514425,-0.185405452574977,0.602396595743636,-0.220184631942822,0.925598820838023,1.37732617839312,0.552595238650857,"High"
"13063",783.8004464,0.764397905759162,17,16.554606,1280.454545,-1275.58258421262,0.534857983106739,36.3416351344274,32.2349356097528,1,33.54619514,"Piedmont","Oak / gum / cypress group",0.20931146902711,-1.06403788908466,-1.03448294295204,-0.214291848033272,0.917887666210383,2.13839023589271,0.719044674274804,0.930660609102545,-1.0352578578447,"High"
"13065",3.14947324,0.751918899348298,17,19.29991967,1317.589286,-1190.16088929556,0.402889012770521,71.0417529660668,44.5742231523875,0,30.91383712,"Southern Coastal Plain","White / red / jack pine group",0.13610750524965,0.142357046767738,-0.101755176572478,-0.0264442648310163,-0.284155238048481,-0.228193817267278,0.833931607102075,1.56806243144677,-1.0352578578447,"High"
"13067",859.8067109,0.900990099009901,18,15.96422323,1327.08,-1873.05089937449,0.342656618807423,69.2820816405011,48.1081757191725,1,33.94151573,"Piedmont","White / red / jack pine group",1.01058439395372,0.0811797739346317,0.165376590372703,-1.52816157576524,-0.832783613229463,2.36880718237757,0.863293842907108,0.793586635519543,-0.969097312157381,"High"
"13069",28.07743502,0.857325929090132,33,18.92032125,1243.156627,-1428.40982308402,0.401737835799518,62.2275984689483,37.3547785049756,0,31.54895431,"Southeastern Plains","White / red / jack pine group",0.754442982695459,-0.164078550965275,-0.647473594853503,-0.550368385701372,-0.294640764350725,-0.152623403785915,0.603652906768924,1.4799279762437,0.0233108731523391,"High"
"13071",32.12125705,0.784444444444444,33,19.02839954,1281.448718,-1522.53492109783,0.4250665801318,60.67835821122,38.3052544233291,0,31.18813284,"Southeastern Plains","White / red / jack pine group",0.32690785799148,-0.217939912774195,-0.575627041536688,-0.757355289879955,-0.0821502711806587,-0.140364346846197,0.722120432543043,1.50502139261891,0.0233108731523391,"High"
"13073",205.2405807,0.942595673876872,38,16.99021149,1195.536585,-1470.22531811251,0.36556030109706,64.6176163943766,44.2312409365109,2,33.54537702,"Piedmont","White / red / jack pine group",1.25464973819865,-0.0809864549723283,-0.12768123065114,-0.642323242007308,-0.624164809070302,0.384455892582317,0.456326699041075,1.0317986816599,0.354113601588913,"High"
"13075",29.09828255,0.723091976516634,26,19.14460748,1222.387097,-1261.45842584182,0.452223506850027,47.7751749917758,35.8650810826126,0,31.16064176,"Southeastern Plains","Oak / gum / cypress group",-0.0329961032674225,-0.666535936794604,-0.760079946277043,-0.18323195139581,0.165209323881393,-0.149528651369959,0.539396430657672,1.53200233601212,-0.439812946658864,"High"
"13077",127.6641107,0.92286282306163,45,16.25014646,1330.393939,-1598.59163723446,0.335430189516634,71.1117324058025,45.8248641473602,2,33.353038,"Piedmont","White / red / jack pine group",1.13889349537411,0.144789973425813,-0.00721912027643407,-0.924608706315182,-0.898605738157699,0.149278786404783,0.873546460187694,0.859971759319458,0.817237421400115,"High"
"13079",14.5771236,0.901310043668122,52,17.49157611,1206.717391,-1042.21406540899,0.337031825677672,101.714069366579,59.4940253992204,1,32.71392921,"Southeastern Plains","White / red / jack pine group",1.01246124347203,1.2087202031113,1.02603390982576,0.298899938846117,-0.884017192246678,-0.193550300462847,0.490917717405166,1.14820458672608,1.28036124121132,"High"
"13081",31.87174604,0.801169590643275,38,18.58806583,1184.418605,-1484.9782232668,0.422240713249588,59.3349440707935,43.4130861246411,0,31.92303732,"Southeastern Plains","White / red / jack pine group",0.42502039645817,-0.264645460681162,-0.189525620579755,-0.674765791656273,-0.107889755435851,-0.141120752458507,0.421930050861007,1.40278553073519,0.354113601588913,"High"
"13083",35.91555754,0.751732101616628,39,14.2365893,1515.892857,-1503.63294361676,0.389193531227463,69.7661592243767,49.4243402960292,1,34.85483416,"Ridge and Valley","Oak / hickory group",0.135011718138667,0.0980093636374856,0.264865579645201,-0.715788673916528,-0.408900898845102,-0.128861727441032,1.44744037079279,0.392467802593715,0.420274147276227,"Moderate"
"13085",46.29128905,0.745502998001332,30,14.46523106,1528.677419,-1787.27124663336,0.364398597689821,51.4899655894108,38.9613966826615,1,34.44232785,"Piedmont","Oak / pine group",0.0984707420058889,-0.537386387894434,-0.526029193860332,-1.33952682119855,-0.634746215699203,-0.097407157376206,1.48699306662875,0.445553421217394,-0.175170763909605,"High"
"13087",17.19308472,0.865097588978186,52,19.22504403,1401.505747,-1433.12120146159,0.461129234739802,87.4378536614107,46.4658219793473,0,30.8796393,"Southeastern Plains","White / red / jack pine group",0.800032855014184,0.712388910710096,0.0412309352804328,-0.560728997752412,0.24632738511875,-0.185619878183069,1.0935511589931,1.55067794460043,1.28036124121132,"High"
"13089",1089.182505,0.864150943396226,35,16.43461269,1305.297297,-1576.63929609159,0.413962744611719,48.4903811918098,35.590071720468,4,33.76889766,"Piedmont","White / red / jack pine group",0.794479671803094,-0.641670858756611,-0.780867926717592,-0.876334152253436,-0.183289854697647,3.06417183977448,0.795902826598219,0.902800785542524,0.155631964526969,"High"
"13091",16.13420542,0.908045977011494,41,18.39829582,1178.394366,-1294.10019225225,0.474144491349319,101.796531154678,45.4075240653911,0,32.17538742,"Southeastern Plains","White / red / jack pine group",1.05197536857468,1.21158709491975,-0.0387658916058738,-0.255013211854355,0.364877198872086,-0.188829925889098,0.403292346040919,1.35872508273535,0.552595238650857,"High"
"13095",104.2031623,0.734146341463415,39,18.8079115,1302.734694,-1378.30880130346,0.42252833111535,45.3187727003241,38.5711135319299,0,31.53345784,"Southeastern Plains","Oak / gum / cypress group",0.0318506725497999,-0.751935972010668,-0.555530729518665,-0.440193144311235,-0.105269980394821,0.0781557003338075,0.787974681933793,1.45382888954107,0.420274147276227,"High"
"13097",279.8526042,0.82830626450116,35,15.80777417,1347.387097,-1952.5712624384,0.340370434398721,88.3627216644694,58.6775509787926,1,33.70217506,"Piedmont","Oak / hickory group",0.584208718406939,0.744543155275934,0.964316540825293,-1.70303176572606,-0.853607385206361,0.610646124914107,0.926119650389,0.757262583722562,0.155631964526969,"High"
"13099",7.696441008,0.879872712808274,37,18.82480456,1379.973333,-1341.45837217747,0.363265534403769,82.9217151050605,52.6682520089523,0,31.32152864,"Southeastern Plains","White / red / jack pine group",0.886706232208993,0.55537945297791,0.510073134447121,-0.359156774592694,-0.645066753016461,-0.214409447837208,1.02693448322776,1.45775108879525,0.287953055901598,"High"
"13101",3.622171939,0.78494623655914,17,19.42416087,1315.280702,-1315.69479895074,0.288782599671604,97.0133865132623,58.133944296166,0,30.7109395,"Southern Coastal Plain","White / red / jack pine group",0.329851455468604,1.0452948217681,0.923225266704044,-0.302501085777405,-1.32349656083473,-0.226760806560234,0.826789342802073,1.59690852220705,-1.0352578578447,"High"
"13103",50.18781444,0.855601396382101,43,18.61224878,1235.507042,-1480.0067568293,0.384097903135951,92.0194950875604,53.9554966869708,0,32.36631091,"Southern Coastal Plain","White / red / jack pine group",0.744326581939238,0.871675661297404,0.607376066173421,-0.663833229897083,-0.455314563925151,-0.0855946378665211,0.579986729642455,1.40840028309231,0.684916330025486,"High"
"13105",21.0743443,0.905186837702175,48,16.21264148,1232.641509,-1357.86736494258,0.363429925042811,107.774142537236,54.8545811139487,1,34.11300749,"Piedmont","White / red / jack pine group",1.03520317345409,1.41940656502646,0.675337932404693,-0.395241163186272,-0.643569396473604,-0.17385363777089,0.571121384458405,0.851263922812388,1.01571905846206,"High"
"13107",12.7788409,0.843088418430884,38,18.18272447,1159.772277,-1441.04926837676,0.36966845927317,76.8316546718856,47.5092180136835,0,32.59212804,"Southeastern Plains","White / red / jack pine group",0.670923335356113,0.343650544699729,0.120101327853187,-0.578163306576726,-0.586745540187738,-0.199001888057322,0.345679592311292,1.30867412759797,0.354113601588913,"High"
"13109",22.52715807,0.676877470355731,29,18.83905956,1204.178571,-1432.4137636789,0.473784667042101,35.2641504002794,32.6930908579911,0,32.15327752,"Southeastern Plains","Oak / gum / cypress group",-0.304098218580923,-1.10149805371699,-0.999850949827,-0.55917329837331,0.361599729523274,-0.169449357217218,0.483063152247419,1.46106078818473,-0.24133130959692,"High"
"13111",25.73016536,0.787948400777522,44,13.06651397,1581.05,-1796.16251031282,0.368177235815352,55.0406067946978,40.5845667373924,1,34.86433264,"Blue Ridge","Oak / hickory group",0.347462658913864,-0.413943707098076,-0.403333635111722,-1.35907925919949,-0.600328389031429,-0.159739273920985,1.64902261182843,0.120801888504552,0.751076875712801,"Moderate"
"13113",225.3270497,0.940520446096654,24,16.344401,1294.65625,-1865.03209323106,0.325104082224368,88.1877519605131,55.3904524139865,1,33.41542371,"Piedmont","White / red / jack pine group",1.24247610079104,0.73846010490116,0.715844488315979,-1.51052772577346,-0.992661363261547,0.445349068731538,0.762981706940999,0.881855603128176,-0.572134038033493,"High"
"13115",74.07199306,0.802877138413686,52,15.45631777,1402.666667,-1252.70625031473,0.396485023107204,68.3588583601514,46.2555566989183,1,34.26503161,"Ridge and Valley","White / red / jack pine group",0.435037160695476,0.0490827103027789,0.0253369653341068,-0.163985376832731,-0.342486149581135,-0.0131885073571163,1.09714279675511,0.675662090386388,1.28036124121132,"High"
"13117",406.7071607,0.775700934579439,30,15.37220473,1436.771429,-1541.29745657653,0.436216301522145,66.7583253499706,42.296644047926,1,34.2257062,"Piedmont","Oak / pine group",0.275616949214603,-0.00656191106464908,-0.273917569540228,-0.798615264267521,0.0194072650157825,0.995212314934154,1.20265562370559,0.656132881187166,-0.175170763909605,"High"
"13119",34.00093084,0.842696629213483,34,15.79006015,1366.722222,-1859.96319713407,0.430796115609107,43.0741718935269,33.95908914607,1,34.37522963,"Piedmont","White / red / jack pine group",0.66862503349339,-0.829972451871302,-0.904154034474297,-1.4993809101753,-0.0299626436826951,-0.134666017926487,0.985938384740261,0.753149775502348,0.0894714188396538,"High"
"13121",770.8558294,0.873965626989179,44,16.17495683,1322.666667,-1884.77346270716,0.383057008137444,75.4610460241544,54.1872154966896,2,33.790287,"Piedmont","White / red / jack pine group",0.852054266972809,0.295999544213766,0.624891710173966,-1.55394021657909,-0.464795583924369,2.09914795577045,0.849639936127056,0.842514370858857,0.751076875712801,"High"
"13123",28.06991147,0.744027303754266,49,13.61026616,1585.298507,-1845.79669397264,0.365822885037396,67.9544408217244,45.9286279758622,1,34.69074009,"Blue Ridge","Oak / hickory group",0.0898140697795821,0.0350226061643609,0.000624396106116614,-1.46822789472781,-0.621773056210148,-0.152646211819294,1.66216658227716,0.247049260743683,1.08187960414937,"Moderate"
"13125",8.015057887,0.850159404888417,31,17.17503975,1178,-1311.77744735071,0.311342879958496,66.8017808529601,38.0409219516446,1,33.22881228,"Southeastern Plains","White / red / jack pine group",0.712402938736838,-0.00505112372393135,-0.595607954943884,-0.29388658765332,-1.11800564302382,-0.213443544186494,0.402072262126738,1.07471176333508,-0.10901021822229,"High"
"13127",78.21493648,0.899841855561413,35,19.6800251,1289.027778,-1448.43154864776,0.393017769100711,61.0610835711955,40.4281867450242,0,31.23280417,"Southern Coastal Plain","White / red / jack pine group",1.00384860353554,-0.204633965562807,-0.415154411674718,-0.594397396859945,-0.374067725652765,-0.000628958764961295,0.745568420428938,1.65631460328874,0.155631964526969,"High"
"13129",62.56183764,0.815592203898051,41,15.25301698,1389.102041,-1066.92294592701,0.352314475748433,52.9424878986609,47.7768648305437,1,34.50488402,"Ridge and Valley","White / red / jack pine group",0.509625886952973,-0.486887551936759,0.140332772886464,0.244563584440483,-0.74481476436513,-0.0480821425448125,1.05517675002574,0.628460091049816,0.552595238650857,"High"
"13131",20.97869278,0.918859649122807,34,19.10998492,1403.878788,-1631.17629031509,0.402142056805174,55.5421884978472,42.2224655062777,0,30.87446909,"Southeastern Plains","White / red / jack pine group",1.11541019947986,-0.396505563817654,-0.279524731641431,-0.996264371033886,-0.29095890648396,-0.174143610331836,1.1008928394417,1.52396373442011,0.0894714188396538,"High"
"13133",17.74298099,0.939623701207526,43,16.69175734,1214.070175,-1583.5902305624,0.385490198773425,59.5599755114477,42.4577859028747,1,33.57687498,"Piedmont","White / red / jack pine group",1.2372156434902,-0.256821948619043,-0.261736843390745,-0.891619686479919,-0.442632801785215,-0.183952839021885,0.513665655824918,0.962504152158575,0.684916330025486,"High"
"13135",830.37761,0.886284722222222,37,16.09609623,1350.515625,-1735.31086682952,0.334808132203771,46.9511907760104,38.0906347172475,2,33.96216673,"Piedmont","Oak / hickory group",0.92432016471493,-0.695182824679674,-0.591850162878408,-1.22526273667179,-0.904271763868625,2.27959133139765,0.935798645758436,0.824204663410688,0.287953055901598,"High"
"13137",63.03864123,0.750850340136054,41,14.34565837,1616.575,-1990.80152594686,0.368759583631382,51.8067182248266,38.7997359737481,1,34.63403225,"Piedmont","Oak / hickory group",0.12983915604846,-0.526374068652824,-0.538249140223941,-1.78710247647726,-0.595024058336978,-0.0466366876470676,1.75892935087607,0.41779125642673,0.552595238650857,"Moderate"
"13139",197.9046496,0.80952380952381,34,15.25185558,1437.666667,-1539.34205061516,0.348303579344089,73.1646073437729,45.2250210241019,1,34.32141569,"Piedmont","Oak / hickory group",0.474027658429543,0.216160852946218,-0.0525613115983969,-0.794315205782621,-0.781348121792076,0.362216635663102,1.20542529827988,0.628190439357713,0.0894714188396538,"High"
"13141",6.966885226,0.945863409217102,47,17.01502617,1185.142857,-1240.56962370811,0.293654405849389,110.683277985745,52.3031716454682,1,33.27212276,"Piedmont","White / red / jack pine group",1.2738188267947,1.52054645999217,0.482476679562267,-0.137296185304801,-1.2791215836563,-0.21662113415918,0.424170731383702,1.03756010791356,0.949558512774745,"High"
"13143",40.51425002,0.84797507788162,36,15.26097675,1430.418605,-1552.358418519,0.255710024277807,77.3937849380366,48.1573891086368,2,33.79226554,"Piedmont","White / red / jack pine group",0.699589306800204,0.363193737886111,0.169096634554541,-0.822939002760448,-1.62473900045062,-0.114920551854584,1.18300134729226,0.630308175645352,0.221792510214283,"High"
"13145",28.86682929,0.927459526774595,47,16.90953675,1324.632353,-1398.6790558537,0.35498273520688,57.4497606771701,41.3402090481562,1,32.73606437,"Piedmont","White / red / jack pine group",1.16585853738311,-0.330186324555308,-0.346214570314394,-0.484988592238048,-0.720510851554593,-0.150230313973351,0.855721347478263,1.01306777056035,0.949558512774745,"High"
"13147",43.15991419,0.868292682926829,28,15.97381135,1312.631579,-1724.92021198352,0.387676882525998,86.8633652913768,54.7087967206383,1,34.34624733,"Piedmont","Oak / hickory group",0.81877581691205,0.692416071895034,0.664318078051224,-1.20241304488558,-0.422715334202176,-0.106900083232872,0.818593523793879,0.795812787389779,-0.307491855284234,"High"
"13149",15.37373056,0.903881700554529,38,16.1437142,1387,-1473.13910541435,0.265446324101834,127.449537007511,61.0386595645061,2,33.29996432,"Piedmont","White / red / jack pine group",1.02754701804113,2.10344736180426,1.14279293419265,-0.648730840254423,-1.53605565248336,-0.191135345005172,1.04867348551752,0.835260515128475,0.354113601588913,"High"
"13151",278.6289583,0.851226993865031,37,16.53554765,1269.122449,-1478.18681330166,0.358275251094002,93.1788728001743,55.2307268869017,1,33.45345299,"Piedmont","White / red / jack pine group",0.718665596371602,0.911982942328083,0.703770822506924,-0.659831061670806,-0.690520882327802,0.606936578685102,0.683985597063407,0.926235676843029,0.287953055901598,"High"
"13153",159.470548,0.813364055299539,49,18.10186928,1167.54902,-1581.27455828324,0.454773656017665,86.8455975599773,52.3268887413122,1,32.4594041,"Southeastern Plains","White / red / jack pine group",0.496555190142186,0.691798353497479,0.48426945679962,-0.886527380110313,0.188437425941682,0.245701656406875,0.369739169047156,1.28990131995301,1.08187960414937,"High"
"13155",10.21905499,0.780584056827151,31,18.79541665,1196.230769,-1138.3082636663,0.421957156467281,51.7449291426417,36.1544503445554,0,31.60188962,"Southeastern Plains","White / red / jack pine group",0.304262170827057,-0.528522246829062,-0.738206499822518,0.0875828616104018,-0.110472539989358,-0.206762012264415,0.458474355613603,1.45092785850518,-0.10901021822229,"High"
"13157",80.10244137,0.875985663082437,38,15.87360664,1334.14,-1650.63770462831,0.347690571747039,87.6667580937074,48.0483802126032,1,34.13533028,"Piedmont","Oak / hickory group",0.863904140603075,0.720347072387147,0.160856643083266,-1.03906122314488,-0.786931717923905,0.00509311054195795,0.885135970357534,0.772547444176202,0.354113601588913,"High"
"13159",14.75002868,0.912663755458515,45,16.82829403,1220.4,-1512.38762501441,0.350289990362717,88.0818184792796,47.4084581683336,1,33.31532453,"Piedmont","White / red / jack pine group",1.07906403854072,0.734777189012592,0.112484882805672,-0.735040759043744,-0.763254843775281,-0.193026129714194,0.533248778259605,0.994204986920691,0.817237421400115,"High"
"13161",17.57487305,0.907377490576198,31,18.81595005,1192.64,-1641.1861873704,0.349584762831598,76.0504225885835,54.4920033591906,0,31.80563048,"Southern Coastal Plain","White / red / jack pine group",1.04805391399857,0.316489990560004,0.647930649920519,-1.01827675292082,-0.769678427648898,-0.184462466990967,0.447365285621672,1.4556952651305,-0.10901021822229,"High"
"13163",11.35747567,0.877342419080068,47,17.57977994,1160.133333,-1458.23656293921,0.373820980114477,118.849683003917,61.8626512440931,1,33.0585258,"Southeastern Plains","White / red / jack pine group",0.871863100926949,1.80446220073526,1.20507853343498,-0.615959228894544,-0.54892219277991,-0.203310830725282,0.346796622221879,1.16868358793972,0.949558512774745,"High"
"13165",9.768009909,0.866950505588079,48,18.00187988,1174.84,-1126.52138452701,0.41112089500703,111.906262963914,56.2810045362983,0,32.7927108,"Southeastern Plains","White / red / jack pine group",0.810902377468726,1.56306513071961,0.783161396931523,0.113502936855485,-0.209174918009002,-0.208129378901556,0.39229589913193,1.26668596701482,1.01571905846206,"High"
"13167",12.3812582,0.903523974581167,38,17.93424085,1153.155556,-1163.7530577922,0.323885821035463,109.452028284507,62.1043065124836,1,32.70214642,"Southeastern Plains","White / red / jack pine group",1.02544853693341,1.4777404553685,1.22334527516873,0.0316281877272607,-1.00375792796101,-0.200207180704077,0.325208875117821,1.2509816628201,0.354113601588913,"High"
"13169",28.05241941,0.934266585514303,52,17.25904853,1203.472727,-1344.0475000641,0.338497180585148,78.9248325003004,54.323539082009,1,33.02510509,"Piedmont","White / red / jack pine group",1.20578989609921,0.416422606866494,0.635196421268547,-0.36485042673314,-0.870669967787286,-0.152699239909537,0.480879422132955,1.0942167656414,1.28036124121132,"High"
"13171",39.62846753,0.908525754884547,30,16.77904941,1273.703704,-1189.12742039404,0.271899641759942,129.035819348587,68.6453885574229,1,33.07838871,"Piedmont","White / red / jack pine group",1.05478982678424,2.15859654004022,1.71778620819678,-0.0241716028842621,-1.47727543558772,-0.117605847572486,0.69815901853549,0.982771462631043,-0.175170763909605,"High"
"13173",20.69423001,0.795432921027593,21,19.1653834,1238.6,-1353.93076263689,0.341039090888436,109.6903169868,52.4244692075356,0,31.03731071,"Southern Coastal Plain","White / red / jack pine group",0.391368121515507,1.48602487345353,0.49164557231588,-0.386584331571419,-0.847516909643804,-0.175005974023608,0.589555679052486,1.53682605048001,-0.770615675095437,"High"
"13175",22.67060055,0.922285464098074,64,18.17636922,1159.456897,-1262.17094383398,0.405236279350714,122.073338729578,58.5591174366709,0,32.46317163,"Southeastern Plains","White / red / jack pine group",1.13550660997128,1.91653680409073,0.955364139576363,-0.184798822469315,-0.262775097475007,-0.16901450387381,0.344703874158981,1.30719857747206,2.07428778945909,"High"
"13177",32.25995101,0.850803366488141,47,18.58496079,1247.54902,-1201.58582895439,0.420713497146482,57.5597292720253,41.5715853322033,0,31.77937288,"Southeastern Plains","White / red / jack pine group",0.716180526476454,-0.326363122669373,-0.328724817857716,-0.0515684128033389,-0.121800444254074,-0.139943888888299,0.617242029675206,1.40206460832254,0.949558512774745,"High"
"13179",46.37895545,0.821081291326332,35,19.21341045,1251.425,-1405.03903281105,0.436423691375107,57.9890032630495,46.6020170975939,0,31.8258661,"Southern Coastal Plain","White / red / jack pine group",0.541825802879082,-0.311438851478785,0.0515259355383514,-0.498974574391882,0.0212962810513938,-0.0971413921221154,0.62923348139692,1.54797688163141,0.155631964526969,"High"
"13181",14.5517004,0.92967032967033,35,16.69622502,1197.4,-1366.67479723678,0.33359779241471,108.931310080533,52.4333735330076,1,33.79199312,"Piedmont","White / red / jack pine group",1.17882748136551,1.45963700663301,0.492318651015109,-0.414609250793166,-0.915296176285243,-0.193627372216767,0.462091705829041,0.963541449792274,0.155631964526969,"High"
"13183",18.54954502,0.732763880414887,40,19.15710926,1246.293103,-1346.00286427151,0.362974885695794,83.0586608866772,50.7601393321375,0,31.75215055,"Southern Coastal Plain","White / red / jack pine group",0.0237409220465801,0.560140552010205,0.365838739317208,-0.369150393398503,-0.647714134565042,-0.181507698188301,0.613356491547564,1.53490497604251,0.486434692963542,"High"
"13185",90.41170933,0.826044703595724,39,19.36629659,1251.181818,-1318.46799019101,0.339652595458999,85.5178683147649,49.4047372286247,0,30.83439387,"Southeastern Plains","White / red / jack pine group",0.570942019348436,0.645638111466632,0.263383782158011,-0.308599504601196,-0.860145840433337,0.0363461928959445,0.628481128388754,1.58347370128888,0.420274147276227,"High"
"13187",45.04376608,0.752672318466642,35,13.99771704,1579.27907,-1920.61873383779,0.384765231610342,47.3504175903692,38.4339883939375,3,34.57208608,"Piedmont","Oak / hickory group",0.140527189320048,-0.681303182845726,-0.565896030046125,-1.63276618178215,-0.449236184625775,-0.101189088185569,1.64354373381628,0.337006885506057,0.155631964526969,"Moderate"
"13189",32.10969194,0.841880341880342,40,16.89402504,1197.275,-1571.44465111444,0.366078080105451,66.6457964708625,47.9337372082211,1,33.47845164,"Piedmont","White / red / jack pine group",0.663836553834045,-0.0104741245779235,0.152190768895726,-0.86491080710091,-0.619448605091253,-0.140399407079054,0.461704982609309,1.00946629058022,0.486434692963542,"High"
"13191",12.72554129,0.831029870708872,38,19.4440287,1292.657534,-1221.67150338968,0.427642565589785,66.2743769792131,43.0607443750833,0,31.4968198,"Southern Coastal Plain","White / red / jack pine group",0.600185853413444,-0.0233870085046219,-0.216159162583845,-0.095738051480258,-0.0586868385771001,-0.19916346859895,0.756798107846211,1.60152139802754,0.354113601588913,"High"
"13193",12.63069711,0.74749373433584,50,17.99077403,1181.016949,-1275.53240608534,0.450356436638389,95.4621119958199,51.7926753813818,1,32.35206209,"Southeastern Plains","White / red / jack pine group",0.11014873829211,0.991362736262241,0.44388822471824,-0.214181503232126,0.148203064804469,-0.199450993666669,0.4114060559751,1.26410743141576,1.14804014983669,"High"
"13195",40.51341692,0.906886517943744,31,16.07472357,1283.926829,-1525.09966526016,0.298625210821813,52.3049114077982,48.1407539919205,1,34.12919217,"Piedmont","Oak / hickory group",1.04517378543556,-0.509053731703849,0.16783918470546,-0.762995320704602,-1.23384487330284,-0.114923077440592,0.729787177061216,0.819242398959375,-0.10901021822229,"High"
"13197",8.920939444,0.889908256880734,45,17.58550894,1249.563636,-1030.72293178883,0.348013805800932,84.1876077319673,64.4114318051123,1,32.34827219,"Southeastern Plains","White / red / jack pine group",0.945576432333893,0.599389864177172,1.39774106694488,0.324169651427881,-0.783987531878451,-0.21069731710095,0.623474819963544,1.1700137365053,0.817237421400115,"High"
"13199",16.24860544,0.885891472868217,51,16.51686337,1324.888889,-1542.49649136279,0.357165156297855,55.2912924142575,37.4735180589807,1,33.04158908,"Piedmont","White / red / jack pine group",0.922013297443748,-0.405228293986363,-0.638498062140985,-0.801252015821012,-0.700632210538998,-0.188483116274658,0.856515014901439,0.921897595460441,1.214200695524,"High"
"13201",7.826686339,0.741355463347165,32,19.091338,1365.416667,-1107.86604689059,0.423937019643276,43.3399253188607,31.1802485501412,0,31.16573173,"Southeastern Plains","White / red / jack pine group",0.0741406017212357,-0.820733186804144,-1.11420682505965,0.154527176566791,-0.0924389031727262,-0.214014602337823,0.98189927727517,1.51963432721284,-0.0428496725349756,"High"
"13205",16.63948847,0.889212827988338,35,19.00693281,1336.638889,-1547.07339481877,0.44821804124321,54.8880721457293,38.7021816848706,0,31.22481697,"Southeastern Plains","White / red / jack pine group",0.941496928744213,-0.419246773472387,-0.545623276992458,-0.811316909213618,0.128725433019315,-0.187298134026184,0.892866997556184,1.50003728716994,0.155631964526969,"High"
"13207",26.76258638,0.938423645320197,42,17.10061665,1238.166667,-1531.26361531255,0.268702781035469,87.4373592347858,53.0786532408692,1,33.01430148,"Piedmont","White / red / jack pine group",1.2301759125361,0.71237172132246,0.54109539752695,-0.776550227586807,-1.50639412720111,-0.156609435867765,0.588215039588679,1.05743234638434,0.618755784338171,"High"
"13209",14.52055142,0.88622754491018,45,18.58725236,1136.484848,-1386.50654682617,0.437189721480297,75.1692777924777,39.9440187781881,0,32.17193772,"Southeastern Plains","White / red / jack pine group",0.923984752924775,0.285855840412955,-0.451752708351021,-0.458220493050257,0.0282736868009907,-0.193721801970747,0.273633276134135,1.40259666078343,0.817237421400115,"High"
"13211",20.92930246,0.914366883116883,46,16.6426571,1219.307692,-1532.35278557969,0.374373310732811,98.6511334414088,45.341469868409,1,33.59221728,"Piedmont","White / red / jack pine group",1.08905487365265,1.10223323361759,-0.0437589338214988,-0.778945380276959,-0.543891274535403,-0.174293339657375,0.529869411326019,0.951104149748818,0.88339796708743,"High"
"13213",44.59474638,0.851752822341058,52,14.62316022,1463.365385,-1652.34888077141,0.374655277169799,77.3928394755815,52.5776072586701,1,34.78886478,"Ridge and Valley","White / red / jack pine group",0.721750195212638,0.363160867648511,0.503221290272761,-1.04282420517453,-0.541322975684869,-0.1025503147748,1.2849316260233,0.482221119879782,1.28036124121132,"High"
"13215",348.5133967,0.897402597402597,35,17.7314375,1282.40625,-1494.45653883265,0.449273695754339,60.8351531431966,47.4769184657254,1,32.5078613,"Southeastern Plains","White / red / jack pine group",0.989539502312028,-0.212488732094589,0.117659802350362,-0.695609193014699,0.138340890434938,0.818794890744856,0.725082831407329,1.20389515817762,0.155631964526969,"High"
"13217",154.8829506,0.94833524684271,35,16.53068807,1244.897436,-1349.23319126745,0.428095296367575,69.5653681141516,42.8276587310419,1,33.55622642,"Piedmont","White / red / jack pine group",1.28831904468474,0.0910285983353323,-0.233778125703936,-0.376254081984049,-0.0545631281503565,0.231794116132877,0.609038596860261,0.925107388596161,0.155631964526969,"High"
"13219",82.09145966,0.863945578231292,35,16.39069653,1251.214286,-1825.59699006934,0.38123214947798,73.4199396987481,47.8513474121929,1,33.83741326,"Piedmont","White / red / jack pine group",0.7932749649859,0.22503781588611,0.145962917396494,-1.4238074982077,-0.481417357946667,0.011122923004118,0.62858157742474,0.89260441318615,0.155631964526969,"High"
"13221",13.22586922,0.92952806122449,45,16.34048251,1230.179104,-1420.73061522513,0.247922604140802,82.2838037269895,49.7573775650539,2,33.87769309,"Piedmont","White / red / jack pine group",1.17799291058215,0.533201630419459,0.290039894368418,-0.533481333312621,-1.6956709255412,-0.197646698440199,0.563503230939345,0.880945815407329,0.817237421400115,"High"
"13223",203.2673405,0.864940517844647,45,15.43522831,1380.23913,-1583.67240541597,0.397022400499455,81.0588360928235,53.0344104880203,1,33.91949481,"Piedmont","White / red / jack pine group",0.799111449159303,0.490614030065735,0.537751084178172,-0.891800394058457,-0.337591433197286,0.378473912221143,1.02775680220084,0.670765578784398,0.817237421400115,"High"
"13225",70.65658691,0.79874213836478,25,17.85471734,1181.826087,-1071.20575974147,0.489471563159107,94.8138107701404,48.2572030941968,1,32.56582676,"Southeastern Plains","Oak / pine group",0.410780550526866,0.968823697076227,0.176641581982271,0.235145412334056,0.504484243354462,-0.0235424888514786,0.413909355595635,1.23251804216097,-0.505973492346178,"High"
"13227",53.24517008,0.772301933873986,39,14.47460651,1515.888889,-1451.70054875224,0.266374975168609,78.5765189782362,48.7062054510005,2,34.46226306,"Blue Ridge","White / red / jack pine group",0.255677835768446,0.404313032162859,0.210581707286398,-0.601586129999818,-1.52759700934547,-0.0763261051275248,1.44742809465091,0.44773019576254,0.420274147276227,"High"
"13229",21.92844097,0.753277711561383,23,19.31104088,1275.632653,-1648.48125994962,0.411743563499611,45.3339485464798,37.4132936635214,0,31.35925308,"Southern Coastal Plain","White / red / jack pine group",0.144078527681407,-0.75140836389019,-0.643050429177107,-1.03431906810342,-0.20350332535123,-0.171264399265368,0.704126773479309,1.57064453330207,-0.638294583720808,"High"
"13231",33.17189618,0.887709991158267,36,16.60478783,1298.606061,-1411.0247155368,0.449103693529268,74.8630960136713,53.1462430850936,1,33.09316185,"Piedmont","White / red / jack pine group",0.932681033531901,0.275211030813331,0.54620451944469,-0.512137460412106,0.136792420610295,-0.137179279644373,0.775201575959001,0.942311733067031,0.221792510214283,"High"
"13233",52.56622262,0.852468768590125,40,15.48744045,1404,-1337.13568716511,0.329373525212018,83.1680407188385,52.9047822744768,1,34.00370946,"Ridge and Valley","White / red / jack pine group",0.725950057089276,0.563943284791806,0.527952476790149,-0.349650923259437,-0.953773027349192,-0.0783843696875053,1.10126784340098,0.682888096348845,0.486434692963542,"High"
"13237",24.53844153,0.951905290418054,40,17.01173261,1191.943396,-1509.73227206609,0.279399672662698,72.7587141910751,47.7260567270381,1,33.32055184,"Piedmont","White / red / jack pine group",1.30926152455605,0.202049447149627,0.136492184138287,-0.729201473902244,-1.4089612030419,-0.16335204673344,0.445210142087609,1.03679541527791,0.486434692963542,"High"
"13239",5.846265042,0.850118953211737,41,18.09705839,1306.85,-1219.77858917089,0.417210013160052,52.2842893981163,40.7700931015981,0,31.86228583,"Southeastern Plains","White / red / jack pine group",0.712165642354664,-0.509770682815313,-0.389309681889771,-0.0915754161971001,-0.153712022069249,-0.220018352568283,0.80070655702579,1.2887843364598,0.552595238650857,"High"
"13241",17.58630127,0.77404657441782,45,13.02461213,1797.054545,-1844.52196393874,0.383975633920544,44.7244186755861,36.5791369052165,2,34.8839272,"Blue Ridge","Oak / hickory group",0.265912192492898,-0.772599466268132,-0.706104407560855,-1.46542468464944,-0.456428256351596,-0.184427821747269,2.31729439678043,0.111073197219677,0.817237421400115,"Moderate"
"13243",6.210294043,0.878224974200206,46,18.2735741,1303.507937,-1179.36768937137,0.431962786639145,79.5344231471581,51.7256870718103,0,31.76615178,"Southeastern Plains","White / red / jack pine group",0.877040318641169,0.437615822200235,0.438824572854688,-0.00270935155463557,-0.0193359893283521,-0.218914779706307,0.790366930114551,1.32976742573512,0.88339796708743,"High"
"13245",240.6776048,0.795807978363759,41,17.46214956,1165.734694,-1373.34029721661,0.360114533835803,103.711319984063,53.8041888148251,1,33.35781854,"Southeastern Plains","White / red / jack pine group",0.393568271330902,1.27815723045084,0.595938691597744,-0.429267096944093,-0.673767726164842,0.49188507541806,0.364126033108259,1.14137238507267,0.552595238650857,"High"
"13247",268.1373639,0.887820512820513,24,16.38830697,1271.368421,-1523.26376564787,0.336210953860686,59.9956625381506,53.0294315439891,1,33.65357168,"Piedmont","White / red / jack pine group",0.933329372309308,-0.241674719863764,0.537374725386864,-0.758958064062651,-0.891494125198418,0.575130764239299,0.690934153249539,0.892049609589299,-0.572134038033493,"High"
"13249",12.06362742,0.885521885521885,31,17.78074296,1219.458333,-1229.7289473307,0.30559917786631,91.8947581198351,52.555088285383,1,32.26539364,"Southeastern Plains","White / red / jack pine group",0.919845235514559,0.867339017632172,0.501519079218625,-0.113456868375402,-1.1703223075132,-0.201170094944353,0.530335462306367,1.21534280818532,-0.10901021822229,"High"
"13251",8.356667905,0.801733972165184,53,18.17868618,1200.265957,-1412.34705675113,0.449126089970243,76.4595791596395,42.2106694058765,1,32.74972416,"Southeastern Plains","White / red / jack pine group",0.428331153991761,0.330714853359825,-0.280416399846843,-0.515045370416957,0.136996419193341,-0.212407935638251,0.470958362778253,1.30773652493592,1.34652178689863,"High"
"13253",13.35752946,0.783393501805054,19,19.29683329,1393.894737,-1574.78787351031,0.289178102966652,63.6554199492398,49.2020761449225,0,30.93459298,"Southeastern Plains","Oak / hickory group",0.320742850588398,-0.114438471600635,0.248064614071484,-0.872262759643898,-1.31989410846875,-0.197247563570543,1.07000432465224,1.56734584147822,-0.902936766470067,"High"
"13255",130.1182995,0.892988929889299,43,16.52356667,1287,-1312.8090974654,0.471647652564432,57.7927417694367,56.4281446603696,1,33.26339939,"Piedmont","Oak / pine group",0.963648181630605,-0.31826213874098,0.79428373108539,-0.296155249975498,0.34213467586228,0.156718787477239,0.739294909732456,0.923453955188079,0.684916330025486,"High"
"13257",55.98219789,0.790945406125166,36,15.43777212,1475.766667,-1329.34161128585,0.330304250036075,60.8505962067639,47.0226312742646,1,34.55171829,"Piedmont","Oak / hickory group",0.365043599550193,-0.211951833811649,0.0833201959572043,-0.332511268999058,-0.9452954953375,-0.0680286628762438,1.32329853565399,0.671356195859385,0.221792510214283,"High"
"13259",5.425226976,0.935238095238095,52,17.78696384,1264.115942,-1156.75674872336,0.319288395670642,75.905177056692,43.776632911815,0,32.0782761,"Southeastern Plains","White / red / jack pine group",1.21148893657474,0.31144033986489,-0.162045088855087,0.0470135034973783,-1.04563370014869,-0.221294751377774,0.668496537010228,1.21678716053453,1.28036124121132,"High"
"13261",23.75891596,0.816675574559059,48,18.22740101,1216.086957,-1130.93622421244,0.421224031277507,106.270666459027,52.2849988903262,1,32.03640978,"Southeastern Plains","White / red / jack pine group",0.515981122619569,1.36713625471435,0.481102999497353,0.103794431704204,-0.117150230434742,-0.16571521906835,0.519905147253207,1.31904704356864,1.01571905846206,"High"
"13263",6.160826002,0.890723010894685,46,17.14019821,1270.37931,-1208.47084051552,0.323838366309421,44.4501041221903,47.187570562456,1,32.69641306,"Piedmont","White / red / jack pine group",0.950355917283342,-0.7821363701384,0.0957879703997273,-0.0667089784797001,-1.00419017060537,-0.219064744647103,0.687874055724806,1.06662231937392,0.88339796708743,"High"
"13265",3.16648357,0.940010712372791,37,16.61595242,1205.285714,-1148.68060751146,0.244598313223882,76.2581296151136,53.2459706971695,1,33.56535237,"Piedmont","White / red / jack pine group",1.23948591649037,0.323711196728889,0.553742937893609,0.0647734368460265,-1.72595031847877,-0.228142249566602,0.486488415492724,0.94490390681005,0.287953055901598,"High"
"13267",20.38912929,0.88509184109355,32,18.87707346,1199.235294,-1394.87049102629,0.398901426038841,69.5507363526798,45.8651873325108,0,32.04767359,"Southeastern Plains","White / red / jack pine group",0.917322522109497,0.0905199060297957,-0.00417108737430139,-0.476613322946181,-0.320476278697059,-0.175930902734882,0.467769712267709,1.46988678479094,-0.0428496725349756,"High"
"13269",8.329121537,0.835803876852908,47,17.5896917,1216.716981,-1006.18876942225,0.290182490847402,124.497973540069,64.5026507842031,1,32.55789315,"Southeastern Plains","White / red / jack pine group",0.628190981492963,2.00083240132357,1.4046363171224,0.378121789827015,-1.31074561453034,-0.21249144388646,0.521854306531511,1.17098488194327,0.949558512774745,"High"
"13271",14.01262973,0.881674757281553,50,18.65309018,1169.229508,-1298.68243290752,0.370583281538871,88.2481569208046,54.2598675995816,0,31.9327569,"Southeastern Plains","White / red / jack pine group",0.897277330099643,0.74056016227127,0.630383488643273,-0.265089842077852,-0.578412857055163,-0.195261593008145,0.374938238887795,1.41788276339012,1.14804014983669,"High"
"13273",9.950605821,0.814070351758794,36,18.43532202,1274.333333,-1288.11613907398,0.437097560233299,75.1255271006752,43.5006057630881,0,31.77531262,"Southeastern Plains","Oak / gum / cypress group",0.500698444718483,0.284334790447458,-0.18291000386761,-0.241853909309688,0.0274342336119617,-0.207575829891347,0.700106955768419,1.36732175699243,0.221792510214283,"High"
"13275",31.57892634,0.916295636687444,34,19.16907365,1357.337662,-1884.67435264257,0.458492692766766,61.4131755360774,45.4672127072401,1,30.86385612,"Southeastern Plains","White / red / jack pine group",1.10036926855448,-0.192393028357674,-0.0342540222294868,-1.55372226742552,0.222312371874392,-0.142008450618501,0.956904566668566,1.53768284586212,0.0894714188396538,"High"
"13277",60.0708519,0.619678334910123,19,18.88515844,1213.25,-1334.73088822977,0.502133904398892,53.0959166411623,33.2248078039202,1,31.45741936,"Southeastern Plains","Oak / gum / cypress group",-0.639638028514592,-0.481553401232547,-0.959658421886548,-0.344362621867975,0.619819518001299,-0.0556336954559298,0.511128210090973,1.47176394041142,-0.902936766470067,"High"
"13279",28.58222126,0.790909090909091,32,18.76956187,1168.685185,-1165.55421670248,0.430653440350037,49.501882982007,32.2952452972818,0,32.12052468,"Southeastern Plains","Oak / gum / cypress group",0.364830568346058,-0.606504677384544,-1.02992412868131,0.0276673280347923,-0.0312622051049104,-0.151093118028373,0.373254220142725,1.44492494376782,-0.0428496725349756,"High"
"13281",27.40194071,0.726275631855031,43,12.61038695,1707.25,-1868.61238207892,0.38812890202013,57.5303118428445,41.2524793056118,2,34.91385818,"Blue Ridge","Oak / hickory group",-0.0143202421933362,-0.327385858031878,-0.352846068812647,-1.51840100208681,-0.418598102521701,-0.154671199941956,2.03945837446918,0.0148991652764112,0.684916330025486,"Moderate"
"13283",13.13975488,0.913012729844413,22,18.33093898,1138.433333,-1373.72811274858,0.409030238120051,81.3699966218492,47.4174793822209,0,32.40424729,"Southeastern Plains","White / red / jack pine group",1.0811111813551,0.501431932422006,0.113166797109886,-0.430119927252361,-0.228217722312396,-0.197907758543625,0.27966147127652,1.34308629689004,-0.704455129408122,"High"
"13285",65.3701613,0.933981931897151,45,16.65868306,1360.42623,-1534.19902709397,0.246800981068736,87.1396354370417,51.8646368586118,1,33.03672114,"Piedmont","White / red / jack pine group",1.2041200698011,0.702020964485729,0.449327798736611,-0.783005379400155,-1.70588725936267,-0.0395685632137511,0.966459934359119,0.954825027337577,0.817237421400115,"High"
"13289",8.807300313,0.900353079639074,48,17.73133667,1176.960784,-1191.52561498618,0.333192850837702,88.8411457767295,51.7164522407653,1,32.67526406,"Southeastern Plains","White / red / jack pine group",1.00684753050385,0.761176194651207,0.438126511211848,-0.02944538091711,-0.918984597495484,-0.211041820040786,0.398857150466608,1.20387174765574,1.01571905846206,"High"
"13291",28.76897289,0.752378503471329,40,12.80244795,1618.395833,-1904.25545964835,0.382701784303577,65.8101053512752,45.2636910696386,1,34.82986085,"Blue Ridge","Oak / hickory group",0.138803620827011,-0.0395280182706909,-0.0496382396564703,-1.59678233116028,-0.468031149738329,-0.150526970742767,1.7645626180789,0.0594915310738154,0.486434692963542,"Moderate"
"13293",31.42729718,0.870581186339125,49,17.0341257,1271.734694,-1539.0441388827,0.30424659575904,85.5762437782265,52.6859329652739,1,32.8792535,"Piedmont","White / red / jack pine group",0.832200565276027,0.647667610727695,0.511409639398506,-0.793660079482393,-1.1826423378986,-0.142468122308395,0.692067323440424,1.0419946012689,1.08187960414937,"High"
"13295",60.02533235,0.804065040650407,52,14.59578332,1478.442857,-1374.48825473477,0.33980710386831,75.7384180308489,51.7037125415851,1,34.73370263,"Ridge and Valley","Oak / hickory group",0.442005596278006,0.305642744442855,0.437163516296652,-0.431791526430239,-0.858738496444918,-0.0557716903407641,1.33157809416129,0.475864802151565,1.28036124121132,"High"
"13297",110.2046744,0.880334728033473,42,16.21309522,1272.346939,-1714.41142433728,0.349370258466314,38.2764415686645,38.5104063805323,1,33.78123038,"Piedmont","Oak / hickory group",0.889416491719771,-0.99677181536574,-0.560119588116109,-1.17930357177517,-0.771632246410728,0.0963495966063172,0.693961478301739,0.851369271321752,0.618755784338171,"High"
"13299",15.34761448,0.825549450549451,25,19.35205378,1304.834646,-1280.44694445449,0.34577163890768,90.729875590804,53.3099630855867,0,31.05394831,"Southern Coastal Plain","White / red / jack pine group",0.568036781153472,0.826840354466115,0.558580127829206,-0.224988876652847,-0.804410369135809,-0.191214517260871,0.794471483523563,1.58016683215094,-0.505973492346178,"High"
"13301",7.140688459,0.934891485809683,42,16.84876023,1193.97561,-1345.21850235829,0.362842871405839,87.8213865719111,57.9377079883241,1,33.4114594,"Piedmont","White / red / jack pine group",1.20945566700126,0.725722933470634,0.908391747956424,-0.367425533105139,-0.648916590264264,-0.216094240612964,0.451497376817714,0.99895679117498,0.618755784338171,"High"
"13303",11.56043078,0.922662292008437,57,17.53100502,1168.989796,-1369.71625542277,0.369739238248978,99.0131764632004,61.77040249162,1,32.96709075,"Southeastern Plains","White / red / jack pine group",1.1377171462746,1.11482013231832,1.19810544260229,-0.421297605200131,-0.58610084798908,-0.202695561746767,0.37419662131621,1.15735911772255,1.61116396964789,"High"
"13305",18.02275945,0.818998109640832,42,19.21957408,1269.722222,-1381.67841023795,0.384017070447987,99.4878457440284,59.6447099164201,0,31.5520708,"Southern Coastal Plain","White / red / jack pine group",0.529605506516829,1.13132263007276,1.03742416494949,-0.447603122482415,-0.456050830630511,-0.183104676059667,0.685841166228751,1.54940794178209,0.618755784338171,"High"
"13307",4.764184041,0.895575221238938,27,17.90263087,1250.178571,-1339.00312091122,0.388560227367493,140.096113516455,68.148360242122,0,32.04063587,"Southeastern Plains","White / red / jack pine group",0.978819804438019,2.54312211824986,1.68021579671587,-0.353757525409368,-0.414669364031859,-0.223298737438397,0.625377297108548,1.24364251644989,-0.373652400971549,"High"
"13309",10.31863529,0.877171215880893,43,18.57662968,1129.155556,-1427.59085155878,0.432000582475633,95.8446160155784,45.5327862767239,0,32.12006711,"Southeastern Plains","White / red / jack pine group",0.870858793983082,1.00466098829178,-0.0292973106862289,-0.54856741673351,-0.018991724938434,-0.20646012940243,0.250958016929406,1.4001303066964,0.684916330025486,"High"
"13311",48.05263243,0.76502311248074,37,13.98854823,1603.605263,-1670.72389478755,0.370609180695864,41.2246994351448,37.2456599619155,1,34.64560044,"Piedmont","Oak / hickory group",0.212979037477109,-0.894271778421607,-0.655721874552585,-1.08323199593062,-0.578176953889362,-0.0920675532527733,1.7188037632624,0.334878088251815,0.287953055901598,"Moderate"
"13313",138.4143371,0.88441461595824,42,14.87190697,1441.232558,-1481.32342694584,0.391528754807686,107.464062283852,56.5991149929368,1,34.80971904,"Ridge and Valley","White / red / jack pine group",0.913349804840015,1.40862621986437,0.807207392671327,-0.666728668807618,-0.387630452259715,0.181868657218772,1.21645740106972,0.539974677691703,0.618755784338171,"High"
"13317",8.056733999,0.968994202167885,42,16.50346206,1205.085714,-1577.13560040048,0.284874582675812,87.0060669956422,49.418490819123,1,33.78282174,"Piedmont","White / red / jack pine group",1.40950797331513,0.697377283098943,0.264423417201838,-0.877425556082971,-1.35909283841079,-0.213317200883983,0.485869658341154,0.918786104227529,0.618755784338171,"High"
"13319",7.688275449,0.857752056046299,55,17.74143741,1177.578125,-1213.85324022816,0.330585420904903,124.754556746831,63.3277179282788,1,32.80291675,"Southeastern Plains","White / red / jack pine group",0.756942715545719,2.0097528517602,1.3158230453216,-0.0785452078922593,-0.94273444294088,-0.214434202154283,0.400767071260145,1.20621691868424,1.47884287827326,"High"
"13321",13.76461754,0.863313609467456,30,18.68890836,1251.65,-1419.24518749619,0.383779844987325,79.9827960983968,41.9534135503766,0,31.55146793,"Southeastern Plains","White / red / jack pine group",0.789567729251486,0.453204093697526,-0.29986239125108,-0.530214785989089,-0.45821160509872,-0.196013454869622,0.629929583192437,1.42619896181019,-0.175170763909605,"High"
"16003",1.18992004,0.382467028704422,11,5.584165947,600.387931,-1436.31571536824,0.516869065652276,68.1661462872006,55.6918413339207,0,44.89273486,"Blue Mountains","Douglas-fir group",-2.03115970062213,0.0423828232875976,0.738626501712658,-0.56775393114261,0.754035129312159,-0.234134304775629,-1.38493573050809,-1.61643576028985,-1.43222113196858,"Low"
"16005",30.10474928,0.767399267399267,7,6.186437506,393.71875,-214.343250243781,0.633948882822249,51.3204719547414,58.5323495030679,1,42.66961169,"Northern Basin and Range","Aspen / birch group",0.226917964412354,-0.543279055565376,0.953340749260361,2.11943899491918,1.8204597827935,-0.146477495097633,-2.02432589927254,-1.47660146978683,-1.69686331471784,"Low"
"16007",2.395609406,0.489655172413793,7,3.64536094,384.3313609,-735.095379652691,0.537626576818032,64.2059752050694,50.526749932499,3,42.28124084,"Wyoming Basin","Douglas-fir group",-1.40237590717501,-0.0952976987720732,0.348196815286398,0.974272898040959,0.943105476252826,-0.230479194713971,-2.05336846997352,-2.06658390115126,-1.69686331471784,"Low"
"16009",4.587418316,0.390377255330782,14,7.083358876,767.6788321,-1526.10711384265,0.530205958444748,73.1232196906744,55.1965545682075,0,47.21646611,"Northern Rockies","Douglas-fir group",-1.98475697236298,0.214721957108829,0.701187734109193,-0.765210762362661,0.875514574860675,-0.223834611933291,-0.867373523266914,-1.26835593413644,-1.23373949490664,"Low"
"16011",8.528157947,0.735135135135135,6,6.373539262,315.3678161,-197.482273720102,0.458047076977284,29.1859047759842,43.0703688443152,3,43.2171246,"Snake River Plain","Douglas-fir group",0.0376511035893222,-1.31281620472715,-0.215431648158216,2.15651732371468,0.218253468509397,-0.211888054650938,-2.26672690268666,-1.43316053203846,-1.76302386040516,"Low"
"16013",3.326985656,0.326398852223816,8,4.925571322,388.7046512,-844.848694813998,0.539498820266211,69.7913893853402,47.8434075540104,0,43.40815958,"Idaho Batholith","Douglas-fir group",-2.36006511384328,0.0988865231493002,0.145362742859484,0.732918579076615,0.960158855893471,-0.227655679139758,-2.03983844672844,-1.76934703551077,-1.63070276903053,"Low"
"16015",1.54985142,0.430299539170507,10,5.088593209,554.8145897,-1089.87301100162,0.565836508435705,62.426423181923,58.2549305041738,0,43.989383,"Idaho Batholith","Douglas-fir group",-1.75056609819431,-0.157166150032842,0.932370624178529,0.194094973828321,1.20005639467145,-0.23304315406497,-1.5259298847597,-1.73149691696464,-1.4983816776559,"Low"
"16017",9.954956211,0.439029448361676,15,6.307541324,813.2678063,-1291.6630626422,0.510566661546064,73.3641078941718,59.3150628065678,3,48.29958977,"Northern Rockies","Douglas-fir group",-1.69935497327217,0.223096750249758,1.01250611263864,-0.249653813312297,0.696629512549801,-0.207562641457651,-0.726331004171935,-1.44848381054462,-1.16757894921933,"Low"
"16019",24.20299977,0.513066202090592,9,4.453564345,450.1107595,-1086.391289588,0.55731818565902,53.0533308088019,44.7289110339667,3,43.3876642,"Middle Rockies","Aspen / birch group",-1.26504284458748,-0.483033953337526,-0.0900623068040392,0.201751494265747,1.1224670232926,-0.164368955886536,-1.84986110342486,-1.87893673762266,-1.56454222334321,"Low"
"16021",3.69948477,0.480428134556575,16,4.738688192,825.3333333,-1545.74206106243,0.494119124829909,66.8842798038573,53.2839863536819,0,48.7669191,"Northern Rockies","Douglas-fir group",-1.45650327299518,-0.00218293990223961,0.556616544515041,-0.808389224053461,0.546816683429277,-0.226526428689406,-0.689002848578372,-1.81273721308104,-1.10141840353201,"Low"
"16023",0.449376207,0.423001949317739,8,5.002240887,292.5300546,-178.067093113785,0.4952826848476,57.4316725862012,65.5258197899142,1,43.72516622,"Middle Rockies","Douglas-fir group",-1.79337499544591,-0.330815180671878,1.48197774692766,2.19921250504856,0.557415001044255,-0.236379301946067,-2.33738204395655,-1.75154603849415,-1.63070276903053,"Low"
"16025",0.384220867,0.232984293193717,7,4.027347381,446.7752809,-747.5286049264,0.579216631399611,80.7057943053668,48.8090727300752,0,43.46634383,"Idaho Batholith","Douglas-fir group",-2.90805072827276,0.478340071037743,0.218357453423553,0.946931467724654,1.32192960339543,-0.236576823750207,-1.86018035961316,-1.9778949996735,-1.69686331471784,"Low"
"16029",1.53811111,0.61051930758988,10,3.965630952,452.4727891,-556.274411812283,0.594738355182179,43.212812763451,52.640528173191,2,42.77055885,"Northern Basin and Range","Douglas-fir group",-0.693366433013537,-0.825152420879185,0.507977487407876,1.36751125121721,1.46330964059029,-0.233078745425745,-1.84255348988876,-1.99222420538251,-1.4983816776559,"Low"
"16031",3.588768472,0.75990675990676,9,7.331820526,323.4532374,-158.088786704361,0.556633263059798,64.4159753982485,58.0598707550038,1,42.28354231,"Northern Basin and Range","White / red / jack pine group",0.182965647294676,-0.0879967676683664,0.917626041598273,2.24314603480501,1.11622838743552,-0.226862070908887,-2.24171234142249,-1.21066857031231,-1.56454222334321,"Low"
"16033",0.193801655,0.292237442922374,9,3.615080091,316.2694805,-786.172758614352,0.541508051229689,73.4089693258768,59.0417653686291,0,44.28518273,"Snake River Plain","Douglas-fir group",-2.56046172289644,0.224656416539267,0.991847536690469,0.86195058690478,0.978459989989713,-0.23715408950152,-2.26393734620758,-2.07361445235772,-1.56454222334321,"Low"
"16035",1.372475386,0.244661173701026,15,5.800874805,768.7132701,-1351.82386718748,0.515488867588035,81.4366056702886,54.0887032624897,1,46.67530336,"Northern Rockies","Douglas-fir group",-2.83955217081176,0.503747683022886,0.617445162239261,-0.381951138345556,0.74146355824234,-0.23358087874336,-0.864173193715134,-1.5661207006605,-1.16757894921933,"Low"
"16037",0.328904567,0.440418244095908,9,2.101478472,399.5741627,-862.119218294397,0.511310550944461,67.8160021933006,52.4486600716263,1,44.24168023,"Middle Rockies","Douglas-fir group",-1.69120806243042,0.0302096063622524,0.493474161734203,0.694939631227585,0.703405249078004,-0.236744517992526,-2.00621050685494,-2.42503966135899,-1.56454222334321,"Low"
"16039",3.395477501,0.383838383838384,9,7.42301266,405.9883041,-603.302285036132,0.585429787280833,48.6496701139945,51.0199895318948,1,43.35137456,"Idaho Batholith","Douglas-fir group",-2.02311509929352,-0.636132971248754,0.385480837418535,1.26409405331661,1.37852230030781,-0.227448042547066,-1.98636652754278,-1.18949575023341,-1.56454222334321,"Low"
"16041",7.999016265,0.619672131147541,10,5.862008934,421.9553571,-320.55649405543,0.587050872990553,57.8710435185762,74.1914475688578,1,42.18322854,"Central Basin and Range","Aspen / birch group",-0.639674420835934,-0.31553987612249,2.13701326778764,1.8858695115056,1.39328800295443,-0.213492175198453,-1.93696788637654,-1.55192669228257,-1.4983816776559,"Low"
"16043",2.715823611,0.846801346801347,8,3.487985547,565.0278638,-660.209875056481,0.599542084276022,74.1457230603822,53.1809648623584,0,44.23111145,"Middle Rockies","Douglas-fir group",0.692704001619979,0.250270622767329,0.548829141461239,1.1389507479588,1.50706453582456,-0.229508448686357,-1.49433220280809,-2.10312302722145,-1.63070276903053,"Low"
"16045",12.25758469,0.193877551020408,3,8.910710057,452.6145833,-2487.31350011851,0.607060618224183,65.6704395129483,52.0432621711058,3,44.06397764,"Snake River Plain","Douglas-fir group",-3.13745749698931,-0.0443836836285621,0.462830100888636,-2.87896297479311,1.57554730385549,-0.200582103386079,-1.84211480901226,-0.844084935321112,-1.9615054974671,"Low"
"16049",0.751982772,0.420163365782701,18,4.525992586,600.8603696,-1450.19734722261,0.541552349507213,70.6985920755309,55.6258438087464,2,45.84725089,"Idaho Batholith","Douglas-fir group",-1.81002660691534,0.130426610031651,0.733637743323674,-0.598280496990767,0.97886348203813,-0.235461934395481,-1.38347410669595,-1.86212048332462,-0.969097312157381,"Low"
"16055",50.43180875,0.367928541046363,16,7.185668867,737.6504425,-1138.70918159747,0.519924302213406,68.7681496988964,59.1415270395971,2,47.67254678,"Northern Rockies","Douglas-fir group",-2.11644492997926,0.0633122584773961,0.99938852965386,0.0867012183170224,0.78186383343694,-0.0848549564173706,-0.960274927342583,-1.24460179069555,-1.10141840353201,"Low"
"16057",14.37367446,0.27994705493051,10,7.544851474,724.626943,-1331.72234845701,0.483896642091922,69.4010673866059,55.9229228453817,4,46.81393624,"Northern Rockies","Douglas-fir group",-2.63255921910287,0.0853164688656375,0.756093972285161,-0.337746657084911,0.453704925356147,-0.194167067119019,-1.00056684461306,-1.16120744098681,-1.4983816776559,"Low"
"16059",0.670817031,0.50459940652819,13,2.770954819,343.2204929,-943.718026245797,0.529459154715229,66.1297532465853,47.856997051364,1,44.94298743,"Middle Rockies","Douglas-fir group",-1.31471050042918,-0.0284150415358865,0.146389974088924,0.515498812583816,0.868712293069316,-0.235707992563494,-2.1805566878848,-2.26960188816123,-1.29990004059395,"Low"
"16061",3.104483296,0.294117647058824,5,7.338356358,663.137931,-1261.14283252523,0.486488971751415,23.3945088149503,33.4917703580485,0,46.23485631,"Columbia Plateau","Douglas-fir group",-2.54943212719248,-1.5141616523941,-0.939478700329796,-0.182537942199975,0.477317229557312,-0.228330206623961,-1.19080067420296,-1.20915109299347,-1.82918440609247,"Low"
"16065",32.68481165,0.857142857142857,7,5.131790541,422.5135135,-489.228668765591,0.467637756753789,94.7313695741686,59.0031229250736,1,43.78681858,"Snake River Plain","Aspen / birch group",0.753369051666357,0.965957521179979,0.988926551184584,1.514948981264,0.305610432369885,-0.138655901746787,-1.93524107005556,-1.72146744075648,-1.69686331471784,"Low"
"16069",18.41849087,0.448275862068966,7,9.059706321,538.5714286,-1006.38280059673,0.537858834532893,62.3109378254589,45.4523088606251,1,46.32592883,"Columbia Plateau","Douglas-fir group",-1.64511394543597,-0.161181149344353,-0.0353806052283544,0.377695103289978,0.945221001875225,-0.181904995664579,-1.57618274523335,-0.809491259839183,-1.69686331471784,"Low"
"16071",1.426285339,0.731517509727626,6,6.863058427,395.2989691,-112.275298684027,0.613704564977455,40.8836379881418,36.0477756712176,1,42.19503586,"Northern Basin and Range","Aspen / birch group",0.0164295006369303,-0.906129225260123,-0.746270047207069,2.34389272463645,1.636063870975,-0.233417751070367,-2.01943703992668,-1.31950488268477,-1.76302386040516,"Low"
"16073",0.590315739,0.806552262090484,6,8.241968173,298.3470681,-303.275312051379,0.478969912139414,72.2211174805965,86.3795750595974,2,42.57988209,"Northern Basin and Range","Hemlock / Sitka spruce group",0.456596058227557,0.183359195081925,3.05831483333649,1.92387189810647,0.4088296735032,-0.235952036419783,-2.31938545043702,-0.999352182265434,-1.76302386040516,"Low"
"16077",2.099897125,0.424124513618677,6,7.277180407,332.7078189,-256.143870648636,0.58995040562547,78.5890826258267,49.442609476738,0,42.69223978,"Northern Basin and Range","Douglas-fir group",-1.78678984325365,0.4047498237871,0.266246548526688,2.02751684882935,1.41969847369304,-0.231375661883807,-2.21308064898293,-1.22335481152558,-1.76302386040516,"Low"
"16079",1.859199029,0.446001868909358,16,5.185564738,888.8987603,-1377.38462222537,0.524614466465684,69.6242530689892,54.7792748532205,0,47.35248146,"Northern Rockies","Douglas-fir group",-1.6584535742017,0.0930758107297875,0.669645525924926,-0.438160817436501,0.824584320267261,-0.232105350688669,-0.492345035834079,-1.70898224770279,-1.10141840353201,"Low"
"16081",10.12431891,0.618705035971223,7,3.602075943,593.721519,-505.724399191022,0.617398153285392,50.8916623758806,43.1282517624457,1,43.75289584,"Snake River Plain","Aspen / birch group",-0.645347564828785,-0.558187180860299,-0.211056273587127,1.47867385119801,1.66970701909912,-0.207049209621358,-1.40556018100965,-2.07663373125609,-1.69686331471784,"Low"
"16085",1.167750087,0.433391506689936,10,2.695363894,582.854232,-1086.06720552543,0.530364944484602,68.171723462711,55.2474420712277,1,44.76737091,"Idaho Batholith","Douglas-fir group",-1.73242809338518,0.0425767210813961,0.705034324673249,0.202464175136424,0.876962703466936,-0.234201514141957,-1.43918123875673,-2.28715244854863,-1.4983816776559,"Low"
"16087",2.691562293,0.333333333333333,8,8.03212879,488.7355372,-1359.04627464328,0.561582483064198,88.8697751269102,59.0730888351783,1,44.45248159,"Snake River Plain","Douglas-fir group",-2.31938627393863,0.762171531417564,0.994215280118827,-0.397833658433588,1.16130849052906,-0.229581998134524,-1.73036431627646,-1.04807229996469,-1.63070276903053,"Low"
"17001",29.65018219,0.59811320754717,32,11.28836599,979.3706294,-1138.66056377502,0.493077482074773,67.5306299564123,41.3482047353495,2,39.98811437,"Interior River Valleys and Hills","Oak / hickory group",-0.766142715695423,0.0202882676773152,-0.345610175657838,0.0868081319114749,0.537328852468757,-0.147855538888357,-0.212444455726374,-0.292045202607521,-0.0428496725349756,"Moderate"
"17003",9.859468296,0.774863387978142,47,13.87024356,1203.410256,-1539.37101549965,0.443837673641464,50.9398229781505,41.8508211357278,1,37.18034787,"Mississippi Alluvial Plain","Oak / hickory group",0.270703759089955,-0.55651281459538,-0.307617360363538,-0.794378901352633,0.0888267372856927,-0.207852118041526,0.480686150242876,0.307410329986571,0.949558512774745,"Moderate"
"17005",16.77046529,0.448571428571429,26,12.17897186,988.779661,-899.523325996141,0.52701214615595,31.3521652986405,31.3681681546424,2,38.88774185,"Interior River Valleys and Hills","Elm / ash / cottonwood group",-1.64338010230553,-1.23750332720468,-1.10000196660573,0.612685688122948,0.846423650005358,-0.186901070979826,-0.183334927767127,-0.0852659880019752,-0.439812946658864,"Moderate"
"17009",8.333874002,0.625272331154684,34,11.18887423,961.6603774,-1140.31296767443,0.496849115714155,36.9800253097721,27.4667945842008,0,39.96199555,"Interior River Valleys and Hills","Oak / hickory group",-0.606822699715531,-1.04184342051339,-1.39490711762009,0.0831743936757779,0.57168287858666,-0.212477036541476,-0.267236181131919,-0.315145014415996,0.0894714188396538,"Moderate"
"17011",14.60670206,0.598958333333333,26,9.488113569,927.7246377,-1128.54916700235,0.458735732366145,31.6431140953411,24.8041588463721,2,41.40457686,"Central Corn Belt Plains","Oak / hickory group",-0.761185064789513,-1.22738811213149,-1.59617597336612,0.109043717946022,0.224526104580975,-0.193460631821982,-0.372226089297905,-0.710024461722568,-0.439812946658864,"Low"
"17013",7.273942124,0.54746835443038,34,12.02257417,942,-1357.13829261092,0.471070985639877,92.6445344923908,48.6858304869132,0,39.16840694,"Interior River Valleys and Hills","Oak / hickory group",-1.0632339961237,0.89340597288753,0.209041562065083,-0.393637888097725,0.336882089720128,-0.215690275192492,-0.328061176726007,-0.121578112807891,0.0894714188396538,"Moderate"
"17015",12.48095738,0.742465753424657,26,8.578369711,933.6321839,-1024.8508889965,0.504528029370903,32.8058197463055,32.9506155124268,2,42.06840682,"Central Corn Belt Plains","Unknown",0.0806537512412524,-1.18696513097575,-0.980384639888964,0.337082636215533,0.641626469492872,-0.199904937451185,-0.353949407000501,-0.921247098790363,-0.439812946658864,"Low"
"17017",12.66340191,0.482142857142857,29,11.31905847,950.4736842,-1115.07052111779,0.432493441844889,49.0235592157324,36.1183615262577,0,39.97069252,"Interior River Valleys and Hills","Oak / hickory group",-1.44644442007358,-0.623134228100518,-0.740934456583861,0.138684092756098,-0.0145025021605162,-0.199351847363388,-0.301845413231524,-0.284919079681005,-0.24133130959692,"Moderate"
"17019",81.40093106,0.304347826086957,12,10.79539544,991.2360248,-965.169164958682,0.561131073782935,54.485818835056,34.9487725448273,6,40.13960682,"Central Corn Belt Plains","Oak / hickory group",-2.48942016547408,-0.433231635405152,-0.82934378446948,0.468326433622426,1.15719681698887,0.00902954961550133,-0.175735464426588,-0.406502188111854,-1.36606058628127,"Moderate"
"17021",17.79796447,0.433962264150943,17,11.5885589,985.6034483,-1157.60069079327,0.558265301997998,49.3193329928663,27.184888786475,2,39.54417384,"Central Corn Belt Plains","Elm / ash / cottonwood group",-1.72907993351366,-0.612851266278212,-1.41621640019687,0.045157622759479,1.13109385785739,-0.183786153740717,-0.193161449382292,-0.222346971043032,-1.0352578578447,"Moderate"
"17023",12.01489437,0.545824847250509,40,11.64277129,1053.333333,-1576.67567584216,0.474486372557315,27.5189689987894,36.2968808495616,3,39.33424812,"Interior River Valleys and Hills","Oak / hickory group",-1.07287508741752,-1.37076940505218,-0.727440166163485,-0.876414153571938,0.367991233020599,-0.20131783172168,0.0163803032834329,-0.20976003915352,0.486434692963542,"Moderate"
"17025",10.89592014,0.534188034188034,30,12.39186985,1058.328767,-1555.57750967645,0.440222140035287,71.1626155719202,35.0399078973158,2,38.75411257,"Interior River Valleys and Hills","Oak / hickory group",-1.14113860246539,0.146558993180223,-0.82245485563375,-0.830017983043172,0.0558945525051179,-0.204710060335571,0.0318351058469154,-0.0358357286176537,-0.175170763909605,"Moderate"
"17027",30.58976272,0.707182320441989,21,12.57977258,995.2117647,-1716.87185078429,0.494069946653964,75.3726199167178,38.9203019458039,1,38.60713247,"Interior River Valleys and Hills","Elm / ash / cottonwood group",-0.126324838637431,0.292925295050514,-0.529135548419841,-1.18471420150063,0.546368742695266,-0.145007151612342,-0.163435376947049,0.00779117778443152,-0.770615675095437,"Moderate"
"17029",38.79086955,0.5,25,11.4552078,1035.728395,-2017.99900588222,0.509042970399979,77.8519541958544,29.7334152992467,3,39.52219671,"Central Corn Belt Plains","Oak / hickory group",-1.34169139760977,0.379122590781552,-1.22357307021503,-1.84691141471022,0.682750930897104,-0.120145069440619,-0.0380856031688101,-0.253308181443302,-0.505973492346178,"Moderate"
"17031",2112.291102,0.684905660377358,30,9.714702447,933.5127273,-1461.00267378696,0.314632277959516,70.6450390107878,51.1595295916074,8,41.83998166,"Central Corn Belt Plains","Oak / hickory group",-0.257003497078888,0.12856476776302,0.39602868207865,-0.622042077497863,-1.08804407314618,6.16577879801603,-0.354318980128262,-0.657415477423832,-0.175170763909605,"Low"
"17033",16.39032865,0.484455958549223,34,12.16301129,1076.986486,-1491.08441140982,0.473991115981019,58.9047932672775,44.0730863768281,2,39.00272513,"Interior River Valleys and Hills","Unknown",-1.43287537571298,-0.279600215403677,-0.139636146904285,-0.688193676532104,0.363480175218091,-0.188053474987732,0.0895580911630944,-0.0889716834621421,0.0894714188396538,"Moderate"
"17035",12.0391972,0.577981651376147,13,11.68303625,1037.418182,-943.656083797664,0.468766624434999,52.9482377060848,40.0695047900954,2,39.27445975,"Interior River Valleys and Hills","Oak / hickory group",-0.884237831621038,-0.486687652368926,-0.442267210327431,0.515635027853142,0.31589275390796,-0.201244156427724,-0.0328577642144096,-0.200411395622882,-1.29990004059395,"Moderate"
"17037",63.96216332,0.266666666666667,12,8.909995756,925.5042735,-738.957671142853,0.422479986493336,-5.01215973943136,20.5469087284472,3,41.89330697,"Central Corn Belt Plains","Oak / hickory group",-2.71046422447017,-2.50175660105438,-1.91798186205224,0.965779480499267,-0.105710328680504,-0.0438369823676546,-0.379095420437107,-0.844250780398881,-1.36606058628127,"Low"
"17039",15.30963569,0.75,15,10.82403338,981.2428571,-694.583504693217,0.497332821828682,59.3148075783197,28.1471543988448,3,40.175236,"Central Corn Belt Plains","Oak / hickory group",0.124850916883519,-0.265345532152507,-1.34347866293381,1.0633610132969,0.576088728698489,-0.191329651939316,-0.20665218433266,-0.399853084461638,-1.16757894921933,"Moderate"
"17041",18.11770438,0.621052631578947,15,11.28480376,1021.193548,-1353.77842273268,0.545820420938688,8.71569318879835,17.4044564318743,2,39.76991733,"Central Corn Belt Plains","Elm / ash / cottonwood group",-0.631576171644602,-2.02448985708839,-2.15552009117685,-0.386249326712772,1.0177393250943,-0.182816845563079,-0.0830533058099483,-0.292872274544116,-1.16757894921933,"Moderate"
"17043",1090.707163,0.558823529411765,8,9.680798843,936.4137931,-2120.79050099717,0.382272244567486,7.11127611241375,12.0537905603502,5,41.85142535,"Central Corn Belt Plains","Oak / hickory group",-0.996622617728996,-2.08026951309234,-2.55997736715377,-2.07295626139511,-0.47194362394003,3.06879391985045,-0.345343704073634,-0.665287153148827,-1.63070276903053,"Low"
"17045",10.69870712,0.683333333333333,16,11.24921193,1044.130435,-1732.41935812516,0.526761971313764,8.70580575024066,46.6485821029387,3,39.68084483,"Central Corn Belt Plains","Unknown",-0.266227033648027,-2.02483360680885,0.0550457881454517,-1.21890413043657,0.844144925748378,-0.205307921869411,-0.0120914914799191,-0.301135919442139,-1.10141840353201,"Moderate"
"17047",11.16468885,0.635714285714286,22,12.85888046,1123.666667,-1014.86793564468,0.528385510587285,83.5958176278415,33.1061587561344,2,38.41608107,"Interior River Valleys and Hills","Oak / hickory group",-0.545568426884841,0.578815507969828,-0.968627113226461,0.35903576723431,0.858932976746651,-0.203895274003467,0.233976570314783,0.0725939262960922,-0.704455129408122,"Moderate"
"17049",27.54099946,0.645299145299145,34,11.92766666,1019.617647,-1162.88254809727,0.490086182688807,24.6968905903286,29.8782883106275,2,39.05974652,"Interior River Valleys and Hills","Oak / hickory group",-0.489342018246152,-1.46888264827123,-1.21262210729703,0.0335424923135312,0.510082521818047,-0.154249636104188,-0.0879288058795306,-0.143613561976858,0.0894714188396538,"Moderate"
"17051",11.54246182,0.55968992248062,35,12.06537927,1010.073394,-1353.74475797606,0.496957880081233,69.738934461968,38.5193525839221,2,39.0004197,"Interior River Valleys and Hills","Elm / ash / cottonwood group",-0.991540209343158,0.0970628592002676,-0.559443343861608,-0.386175295833658,0.57267356174005,-0.202750035584179,-0.117456679880254,-0.111639704296041,0.155631964526969,"Moderate"
"17055",36.52881264,0.613861386138614,36,13.17416135,1104.15873,-1318.41487509272,0.450036479684821,43.3543371468469,40.8771516389158,1,37.99205898,"Interior River Valleys and Hills","Oak / hickory group",-0.673761234573223,-0.820232140773601,-0.381217118195217,-0.308482701219397,0.145288728315181,-0.12700261268927,0.173623192659137,0.145795256997334,0.221792510214283,"Moderate"
"17057",15.45597918,0.579254079254079,45,10.70622929,947.4113475,-1193.68504949488,0.496416526891876,69.8711067620927,47.0401301585583,1,40.47281059,"Interior River Valleys and Hills","Oak / hickory group",-0.876773554320525,0.101658001911426,0.0846429380689351,-0.0341941107794327,0.567742631701673,-0.190886004033113,-0.311319626899727,-0.427204618993429,0.817237421400115,"Moderate"
"17059",5.95757854,0.560975609756098,43,13.52503462,1153,-1843.85519093205,0.505784033675149,56.6864604596244,30.1434181975563,1,37.76434309,"Interior River Valleys and Hills","Oak / hickory group",-0.983998150172382,-0.356723453952101,-1.19258091720554,-1.46395840962442,0.653066818370271,-0.219680899905921,0.324727618180473,0.227260360294575,0.684916330025486,"Moderate"
"17061",9.234499856,0.638036809815951,27,11.77918849,941.1547619,-1324.9152433996,0.456454402005569,101.051311646649,46.8261222087086,0,39.35908662,"Interior River Valleys and Hills","Oak / hickory group",-0.531944107398752,1.1856785650137,0.0684660594314056,-0.322777412622133,0.203746545831565,-0.209746742393104,-0.33067616232178,-0.178086947357384,-0.373652400971549,"Moderate"
"17063",46.907469,0.272727272727273,8,9.95795837,917.34375,-393.799235005544,0.59565481511707,19.9352184125834,23.1132042224618,3,41.28566458,"Central Corn Belt Plains","Elm / ash / cottonwood group",-2.67491168351276,-1.63442840316729,-1.72399537330793,1.72480420031099,1.47165724047659,-0.0955391757894489,-0.404342331818012,-0.600936769613286,-1.63070276903053,"Low"
"17065",7.240624816,0.6125,36,13.07070044,1113.140625,-1352.70365397039,0.395916188923244,56.324337857624,38.8239232642541,1,38.08160149,"Interior River Valleys and Hills","Oak / hickory group",-0.681747356087791,-0.369313119362766,-0.536420820933181,-0.383885843821295,-0.34766739099559,-0.215791278345653,0.201411251488646,0.121773895323427,0.221792510214283,"Moderate"
"17067",8.668163913,0.614173228346457,31,10.9031873,958.6942149,-963.857937929676,0.49935523873854,47.5803361760236,40.7488991663787,1,40.40411996,"Interior River Valleys and Hills","Oak / hickory group",-0.671931915400235,-0.673309762802094,-0.390911733206728,0.471209902847281,0.594509967340834,-0.21146361927857,-0.27641285242989,-0.381475274521366,-0.10901021822229,"Moderate"
"17069",8.466919595,0.687763713080169,49,13.60753998,1205.2,-1472.2255044903,0.46343345046195,57.7943329932712,45.3164760915907,1,37.51817985,"Interior Plateau","Oak / hickory group",-0.240237676175991,-0.318206817765269,-0.0456482154793394,-0.646721775393783,0.267315395797572,-0.212073701902102,0.486223234740275,0.246416301341256,1.08187960414937,"Moderate"
"17071",6.867000596,0.47808764940239,27,10.5155783,928.8787879,-1230.62695527471,0.55081879060666,74.829958407703,30.6901568090462,0,40.81894125,"Interior River Valleys and Hills","Oak / hickory group",-1.4702329550554,0.274058958643998,-1.15125290032236,-0.115431643309832,1.06326710921613,-0.216923939613398,-0.368655395846725,-0.471469611291279,-0.373652400971549,"Moderate"
"17073",23.00115333,0.410377358490566,16,9.703112539,951.8166667,-742.765207577363,0.505751177952719,54.0063285559373,35.4258868196592,2,41.35279018,"Central Corn Belt Plains","Elm / ash / cottonwood group",-1.86743298205076,-0.449901741464325,-0.793278676955441,0.957406472706906,0.652767551141689,-0.168012415918024,-0.297690513099981,-0.660106400709113,-1.10141840353201,"Low"
"17075",9.480519605,0.52027027027027,17,10.22114286,953.172619,-1800.93716401929,0.638219071059041,57.0060083589054,45.3868611531484,2,40.74707768,"Central Corn Belt Plains","Elm / ash / cottonwood group",-1.22278256129951,-0.345613953709904,-0.0403278028520813,-1.36957901760698,1.85935490682765,-0.209000920720213,-0.293495487185916,-0.539831084178537,-1.0352578578447,"Low"
"17077",38.05444837,0.751614797416324,57,13.37686051,1136.032609,-1410.78893593527,0.486778796906665,69.1589677740524,43.2790328223467,2,37.78594082,"Interior River Valleys and Hills","Oak / hickory group",0.134323591845013,0.0768995595060368,-0.199658720792619,-0.511618966505391,0.479957109753819,-0.122377568573929,0.27223414555679,0.192857570999378,1.61116396964789,"Moderate"
"17079",7.452517323,0.477678571428571,32,12.07128123,1055.0375,-1022.68335321415,0.424898439034,56.6774570124314,40.6556755927515,1,39.01056535,"Interior River Valleys and Hills","Oak / hickory group",-1.47263267568953,-0.357036470557738,-0.397958510851125,0.341849181278988,-0.0836817888776587,-0.215148915182996,0.0216526308770315,-0.110269398199324,-0.0428496725349756,"Moderate"
"17081",25.53176256,0.567028985507246,40,12.79420394,1069.129412,-1455.27561322128,0.469539981500093,95.9348026786326,36.3707143545388,1,38.29978663,"Interior River Valleys and Hills","Oak / hickory group",-0.948488023434037,1.00779644547143,-0.721859085412801,-0.609447917581457,0.322936897468271,-0.160340742334816,0.065249987523516,0.0575774521636906,0.486434692963542,"Moderate"
"17083",22.74457272,0.706231454005935,31,11.97832075,960.0754717,-1414.99098455473,0.405389773117157,41.6279156226025,31.644298714383,1,39.08864321,"Interior River Valleys and Hills","Oak / hickory group",-0.13190278209305,-0.880253440819331,-1.07912923474613,-0.520859530959542,-0.261376995388352,-0.168790253390664,-0.272139539814116,-0.13185278956385,-0.10901021822229,"Moderate"
"17085",13.76844113,0.746543778801843,28,8.354118024,883.1770833,-1521.50252957736,0.499130233324077,56.2161749665873,43.1988728139744,3,42.36548674,"Driftless Area","Unknown",0.104576138342135,-0.373073543596105,-0.205718022458434,-0.755084997160675,0.592460499491036,-0.196001863457543,-0.5100466786477,-0.973313438429275,-0.307491855284234,"Low"
"17087",13.91825751,0.691025641025641,53,13.51692807,1201.784314,-1324.18990987013,0.461583824800281,44.5673530931961,34.2376942233639,2,37.45929111,"Interior Plateau","Oak / hickory group",-0.22110265474054,-0.778060056462994,-0.883094253628079,-0.32118235939053,0.250468030871711,-0.195547687304562,0.475655834040185,0.225378196591612,1.34652178689863,"Moderate"
"17089",395.3135664,0.693121693121693,26,9.092174292,934.5568182,-1071.37988791484,0.363547605922163,105.607287386174,48.5237489526689,4,41.9382986,"Central Corn Belt Plains","Oak / hickory group",-0.208806858371569,1.34407301447052,0.196789805479891,0.234762493725771,-0.642497497029124,0.960672040848019,-0.35108878657194,-0.801952906714231,-0.439812946658864,"Low"
"17091",62.73837976,0.553719008264463,12,9.920730546,957.3271028,-1110.31033075792,0.49098962474797,47.7528854551361,40.9580773478657,4,41.13782478,"Central Corn Belt Plains","Oak / hickory group",-1.02656660275997,-0.66731086165956,-0.375099937159381,0.149152045371092,0.518311548034279,-0.0475469459201137,-0.280642404374255,-0.609580256555713,-1.36606058628127,"Low"
"17093",153.8232876,0.327272727272727,10,9.556458255,935.2916667,-1632.95321683204,0.376728861573309,15.4083177279739,17.8221141687616,4,41.59098437,"Central Corn Belt Plains","Elm / ash / cottonwood group",-2.35493881489605,-1.79181202035029,-2.12394930828586,-1.00017194219671,-0.522435676554848,0.228581692599512,-0.348815322748463,-0.694156319630103,-1.4983816776559,"Low"
"17095",26.97599031,0.49290780141844,23,10.06469421,948.5454545,-1373.06668601284,0.471227022493156,50.290979806757,37.9233486026981,2,40.93152864,"Interior River Valleys and Hills","Oak / hickory group",-1.38329543490036,-0.579070695232253,-0.604495334119523,-0.428665409007379,0.338303355581407,-0.155962490747624,-0.307810942815248,-0.576155040782481,-0.638294583720808,"Low"
"17097",608.9726813,0.803827751196172,25,9.081272732,900.4227273,-1067.76365069817,0.33349765791967,115.504941302329,49.9296348533921,6,42.32247984,"Southeastern Wisconsin Till Plains","White / red / jack pine group",0.440613616176331,1.68817788521484,0.303060837047575,0.242714822722486,-0.916208254017817,1.60839076729478,-0.456692350855539,-0.804484010641016,-0.505973492346178,"Low"
"17099",37.0733944,0.597402597402597,24,9.715645832,916.7880435,-1151.44310082812,0.499349389501947,89.2253394510302,46.2731730608935,4,41.34382155,"Central Corn Belt Plains","Oak / hickory group",-0.77031127507992,0.774533189728621,0.026668587593503,0.0586985434170119,0.594456689412515,-0.125351684741738,-0.406061568673257,-0.657196444048978,-0.572134038033493,"Low"
"17101",16.42221588,0.507462686567164,33,12.53110258,1113.903846,-1462.66153560418,0.453845878426558,58.5942097393099,34.603024371796,1,38.71938596,"Interior River Valleys and Hills","Oak / hickory group",-1.29791401508759,-0.290398057564249,-0.855478917478337,-0.625690017093698,0.179986738880327,-0.187956807190455,0.203772493748538,-0.00350893230225789,0.0233108731523391,"Moderate"
"17103",18.22086041,0.586666666666667,18,8.977461646,933.0353982,-819.709434771314,0.376281310873341,87.786173127839,53.344871440836,2,41.74409725,"Central Corn Belt Plains","Elm / ash / cottonwood group",-0.833290061918762,0.724498692077316,0.561218853291042,0.78820136463942,-0.526512204103877,-0.182504122689505,-0.355795734099649,-0.828586675527369,-0.969097312157381,"Low"
"17105",13.22871375,0.673913043478261,7,10.17414088,916.7678571,-938.651518276955,0.0557113581871376,136.550319520666,43.8312219616445,2,40.89167304,"Central Corn Belt Plains","Oak / hickory group",-0.321488048397047,2.4198479570251,-0.157918698061426,0.526640376540678,-3.4464322122946,-0.197638075099464,-0.406124021070079,-0.550743916483702,-1.69686331471784,"Low"
"17107",18.00283076,0.333333333333333,12,11.04713362,956.6138614,-615.614936196359,0.534934031633397,21.0832717829617,34.6319091554969,1,40.12411008,"Central Corn Belt Plains","Oak / hickory group",-2.31938627393863,-1.59451482769091,-0.853295514288274,1.23701777292313,0.91858035625423,-0.183165090920566,-0.282849020459485,-0.348054085645799,-1.36606058628127,"Moderate"
"17109",19.72496811,0.625,27,10.69621972,944.8977273,-1013.61083193907,0.526779446858303,56.9201193398591,32.8996785380516,1,40.45671459,"Interior River Valleys and Hills","Oak / hickory group",-0.608420240363126,-0.348599997680288,-0.984234969996837,0.361800215928084,0.844304102214313,-0.177944341917509,-0.319096229275132,-0.42952862234088,-0.373652400971549,"Moderate"
"17111",196.630207,0.675141242937853,28,8.530088524,914.3125,-1490.52076498638,0.439574086812505,58.2253268643448,41.9835612428147,5,42.32443657,"Central Corn Belt Plains","White / red / jack pine group",-0.314283222484529,-0.303222752697555,-0.297583524685071,-0.686954183233281,0.0499917423517723,0.358353096594395,-0.413720369896496,-0.932456934997802,-0.307491855284234,"Low"
"17113",56.1783438,0.557894736842105,20,10.4348102,949.5111111,-1313.26806203014,0.477174694418707,33.1165710227949,29.5795625673378,5,40.48982909,"Central Corn Belt Plains","Oak / hickory group",-1.00207107214817,-1.17616145681864,-1.23520281095079,-0.297164541401354,0.392477884766213,-0.0674340363419048,-0.304823408179194,-0.490222198542003,-0.836776220782752,"Low"
"17115",69.62100561,0.533333333333333,19,11.28119242,994.702381,-1140.76607698849,0.546946398572046,57.2321338963023,38.227212676155,2,39.86060259,"Central Corn Belt Plains","Oak / hickory group",-1.146152422344,-0.337752403944969,-0.581526223663253,0.082177978307817,1.02799532255403,-0.0266819074579913,-0.165011300983391,-0.29371074874918,-0.902936766470067,"Moderate"
"17117",20.24212338,0.605797101449275,39,11.74507687,970.6879433,-1182.2445385968,0.416768133648119,56.5678575477855,33.632037629143,1,39.26067546,"Interior River Valleys and Hills","Oak / hickory group",-0.721067693505367,-0.360846839149639,-0.928875885701149,-0.00903572069024017,-0.157736893450023,-0.17637655880179,-0.239306826322441,-0.186006919850404,0.420274147276227,"Moderate"
"17119",142.6785434,0.413357400722022,38,12.38144829,973.3362069,-1457.00131592409,0.476568395433771,64.7312806320216,40.8412867447966,3,38.83091187,"Interior River Valleys and Hills","Elm / ash / cottonwood group",-1.84995154992513,-0.0770347692360505,-0.383928148509378,-0.613242844413138,0.386955394207675,0.194795820542626,-0.231113666113727,-0.0382553870371124,0.354113601588913,"Moderate"
"17121",25.30505772,0.558983666061706,36,12.41499817,1039.522222,-1030.68247627655,0.456343752465513,99.7101516990086,42.0159913067577,1,38.64969187,"Interior River Valleys and Hills","Oak / hickory group",-0.995683229036037,1.13905138706429,-0.295132133468148,0.324258615598124,0.202738691529565,-0.161028009855852,-0.0263483152284611,-0.0304658382926038,0.221792510214283,"Moderate"
"17123",11.54072783,0.804054054054054,21,10.03227365,929,-1365.61594930747,0.525288206593153,29.9818775020683,27.0277056777307,2,41.03245462,"Interior River Valleys and Hills","Oak / hickory group",0.44194114704423,-1.28514317288087,-1.42809788439319,-0.412280778796763,0.830721100280587,-0.202755292265108,-0.368280391578065,-0.583682386109625,-0.770615675095437,"Low"
"17125",9.65413176,0.586206896551724,21,11.14877603,931.7526882,-2236.25373379511,0.527151889980506,74.8947944981301,52.2583435550124,4,40.23973635,"Central Corn Belt Plains","White / red / jack pine group",-0.835987151232776,0.27631307004302,0.479088120495349,-2.32686704191605,0.847696510377713,-0.208474606436899,-0.359764164029102,-0.324454939919963,-0.770615675095437,"Moderate"
"17127",22.85996259,0.723502304147465,44,13.98772387,1232.685714,-1151.84060744304,0.38016852667791,112.522107192375,59.1990610431278,0,37.22069643,"Interior River Valleys and Hills","Oak / hickory group",-0.0305890519337451,1.58447575998877,1.00373752974148,0.0578244018187663,-0.49110539473573,-0.168440442994434,0.57125814525783,0.334686689880107,0.751076875712801,"Moderate"
"17129",15.05767105,0.447619047619048,20,11.20314631,926.0816327,-835.707633604523,0.526097343586426,56.3915705970647,35.7429922557559,1,40.02744783,"Central Corn Belt Plains","Oak / hickory group",-1.64896693017027,-0.366975685329306,-0.769308650801553,0.753020337274822,0.838091146275939,-0.192093495858668,-0.377309194766982,-0.311831349423885,-0.836776220782752,"Moderate"
"17131",10.66521269,0.528735632183908,17,10.01099624,924.2045455,-1019.73474952422,0.581310467678963,49.2918508123904,35.909073610748,2,41.20585242,"Interior River Valleys and Hills","Oak / hickory group",-1.17312331548411,-0.613806720190881,-0.756754547435064,0.34833334291395,1.34100136727949,-0.205409461977133,-0.383116500412586,-0.588622535593078,-1.0352578578447,"Low"
"17133",34.51335905,0.529680365296804,37,12.91504646,1008.606557,-895.745737121671,0.610885601468225,51.015234646421,38.6686567839671,1,38.27798806,"Interior River Valleys and Hills","Oak / hickory group",-1.16758135114025,-0.553891029414502,-0.548157427025819,0.620992839381067,1.61038726627769,-0.133112565139173,-0.121994759299942,0.0856344437222067,0.287953055901598,"Moderate"
"17135",15.68956237,0.557755775577558,28,11.79404888,992.1926606,-980.186557520235,0.518004411601006,66.8781198749811,31.8656546000578,1,39.23195655,"Interior River Valleys and Hills","Oak / hickory group",-1.0028862424463,-0.00239709787823023,-1.06239692503156,0.435302259828798,0.764376458323616,-0.190177884436076,-0.172775838213098,-0.174636689643574,-0.307491855284234,"Moderate"
"17137",23.08139457,0.546610169491525,29,11.39014813,957.6888889,-1891.10172797729,0.460070637095426,29.0672078266118,30.682982267748,1,39.71665349,"Interior River Valleys and Hills","Unknown",-1.06826825422967,-1.31694285926241,-1.15179522449275,-1.56785646277405,0.236685120095044,-0.167769160422907,-0.279523115690687,-0.268413614630146,-0.24133130959692,"Moderate"
"17139",16.72973466,0.795918367346939,10,11.41660256,1006.423077,-1049.47450435514,0.456937452990473,42.3200016942199,59.3131987581614,2,39.64182799,"Central Corn Belt Plains","Oak / hickory group",0.394215831790451,-0.856192164254675,1.01236520906535,0.282933785161786,0.208146428677659,-0.187024548004446,-0.128749978626494,-0.26227147427098,-1.4983816776559,"Moderate"
"17141",25.8501218,0.671171171171171,22,8.602706627,920.304,-1544.67700358461,0.413535707252039,104.230788326254,49.9838311263138,4,42.04019098,"Central Corn Belt Plains","Oak / hickory group",-0.337572335434187,1.29621722610836,0.307157537802274,-0.806047096876352,-0.187179535936722,-0.159375619730139,-0.395183952528334,-0.915596598893702,-0.704455129408122,"Low"
"17143",113.0177969,0.605633802816901,36,10.28514479,940.010101,-1197.47660871942,0.476477951826262,29.2128757313951,39.4086634266176,2,40.78779402,"Interior River Valleys and Hills","Oak / hickory group",-0.722025630922468,-1.31187852422184,-0.492220263674972,-0.0425319837002357,0.38613158618398,0.104877723870588,-0.334217497911769,-0.524971235097777,0.221792510214283,"Low"
"17145",18.42760296,0.703030303030303,32,13.11863494,1077.666667,-1430.02367777897,0.39297202778435,53.0042560205746,37.9034340336903,1,38.08491903,"Interior River Valleys and Hills","Oak / hickory group",-0.150681275536433,-0.484740102471736,-0.606000678038681,-0.553917351855466,-0.374484361659117,-0.181877371889517,0.0916624254536548,0.132903238387951,-0.0428496725349756,"Moderate"
"17147",14.42823221,0.217391304347826,3,11.00187038,993.7222222,-1536.54705512139,0.675180191193551,17.025045757661,56.0513760871342,2,40.01344055,"Central Corn Belt Plains","Elm / ash / cottonwood group",-2.99952184008045,-1.73560435796919,0.765803763458278,-0.788168838058641,2.19601626046219,-0.194001672460503,-0.168043702319262,-0.35856322053136,-1.9615054974671,"Moderate"
"17149",7.23159348,0.610634648370497,41,11.55767062,951.2755906,-1351.45479966978,0.454333073742881,43.0952577448018,35.9650956876229,0,39.62275461,"Interior River Valleys and Hills","Oak / hickory group",-0.692689824472092,-0.829239374700798,-0.752519834008464,-0.381139536078641,0.184424370480257,-0.215818657310761,-0.299364486632074,-0.229518554449411,0.552595238650857,"Moderate"
"17151",4.372164518,0.735687350017141,56,13.60264152,1225.54717,-1705.17227126856,0.45875932496361,54.753383371738,37.3370148746785,1,37.4135802,"Interior Plateau","Oak / hickory group",0.0408904895539415,-0.423929404685562,-0.648816349137538,-1.15898610351983,0.224740998387478,-0.224487165024549,0.549173019498841,0.245278986008295,1.54500342396058,"Moderate"
"17153",10.49020257,0.706172839506173,33,13.91898435,1207.25,-1191.76321675568,0.474891957543443,50.896678685219,36.470146444881,2,37.2263248,"Interior River Valleys and Hills","Elm / ash / cottonwood group",-0.132246624669625,-0.558012782311802,-0.714343005476185,-0.0299678818837381,0.371685514740059,-0.2059400142641,0.492565495543869,0.318726875963809,0.0233108731523391,"Moderate"
"17155",13.79478946,0.818181818181818,15,9.917586162,905.6206897,-646.976454915658,0.488722276568168,117.818774460124,49.3828416023734,3,41.20209083,"Interior River Valleys and Hills","Elm / ash / cottonwood group",0.524817002654415,1.76862131821743,0.261728689957891,1.16805185621201,0.497659346353297,-0.195921987123881,-0.440610968812576,-0.610310313785111,-1.16757894921933,"Low"
"17157",21.4555943,0.541533546325879,41,13.11562963,1059.8,-1175.72779233677,0.510476934233225,56.3881085960816,33.2952736180411,2,38.05088581,"Interior River Valleys and Hills","Oak / hickory group",-1.0980485849783,-0.36709604631696,-0.954331905166356,0.00529500684305877,0.695812228915311,-0.172697858554199,0.0363867855487952,0.132205471101232,0.552595238650857,"Moderate"
"17159",16.81208294,0.497041420118343,30,12.48953595,1105.372549,-1495.50700919982,0.488947885020509,48.0349481095098,31.9200579312093,1,38.71253489,"Interior River Valleys and Hills","Oak / hickory group",-1.35904692795881,-0.657504584935068,-1.05828457272814,-0.697919242234514,0.499714306989774,-0.186774904907911,0.177378488593945,-0.0131597951527344,-0.175170763909605,"Moderate"
"17161",128.9737516,0.528688524590164,27,9.832037012,925.8472222,-1155.22527955813,0.530621962902893,115.276297550906,46.3138804932226,2,41.46603918,"Interior River Valleys and Hills","Oak / hickory group",-1.17339965660234,1.68022878644897,0.0297456657716537,0.0503812987830671,0.879303762620337,0.153249030951792,-0.378034410633373,-0.630172956333348,-0.373652400971549,"Low"
"17163",153.3266627,0.482191780821918,35,12.84598013,984.0550459,-1090.88914175305,0.452634325588921,99.6723265347113,42.7417716724171,2,38.47113798,"Interior River Valleys and Hills","Oak / hickory group",-1.44615742549148,1.13773634580485,-0.240270335572231,0.191860439544508,0.168951277378234,0.227076148368926,-0.197951874674833,0.0695987516678893,0.155631964526969,"Moderate"
"17165",24.11676149,0.700787401574803,45,13.44831249,1162.84375,-1173.0809230207,0.392127783333766,36.0064352255255,32.9040854774594,1,37.75321689,"Interior River Valleys and Hills","Oak / hickory group",-0.16383851510335,-1.07569155189236,-0.983901849082343,0.0111156359532482,-0.38217418487058,-0.164630391720522,0.355182071734315,0.209447158834018,0.817237421400115,"Moderate"
"17167",87.14215519,0.435344827586207,25,11.46643661,943.5373134,-1071.57046888185,0.626762677707179,65.3280131617588,38.3377292527881,3,39.75743522,"Central Corn Belt Plains","Elm / ash / cottonwood group",-1.72096958239252,-0.0562885831445161,-0.573172266490706,0.234343394408063,1.75500404084817,0.0264343693605868,-0.323305058423734,-0.250701097220114,-0.505973492346178,"Moderate"
"17169",6.089513012,0.674324324324324,37,11.03003566,954.7714286,-1028.61938566858,0.386237918574063,84.5712949686419,43.7198211896699,0,40.15726098,"Interior River Valleys and Hills","Oak / hickory group",-0.319075405341479,0.612729252288798,-0.166339491633001,0.32879547927205,-0.43582217593551,-0.219280933687685,-0.288549112815921,-0.352023858200922,0.287953055901598,"Moderate"
"17171",7.670019373,0.476190476190476,11,11.57049147,945.6410256,-575.182796195735,0.508283162361802,79.4723102184079,24.8024662079516,0,39.64290875,"Interior River Valleys and Hills","Unknown",-1.48136209422818,0.435456385075014,-1.59630392004438,1.32593054607972,0.675830199011702,-0.214489546398792,-0.316796623580758,-0.226541833339797,-1.43222113196858,"Moderate"
"17173",11.00668871,0.624624624624625,31,11.62244155,1007.022901,-1301.59071810361,0.489222012871982,40.5898503863175,32.3997807913292,3,39.39113599,"Central Corn Belt Plains","Oak / hickory group",-0.610622255850352,-0.916343135102639,-1.02202228203633,-0.271485340854583,0.502211207873999,-0.204374259650801,-0.126894251678077,-0.214480160378788,-0.10901021822229,"Moderate"
"17175",7.227709032,0.740740740740741,6,9.786698776,941.1052632,-1008.23500116213,0.307934009292584,10.012216064732,41.244919782365,2,41.09267824,"Central Corn Belt Plains","Oak / hickory group",0.0705345348652506,-1.97941454525999,-0.353417493800396,0.373621999845308,-1.14905543287257,-0.215830433217035,-0.330829300694872,-0.640699503650717,-1.76302386040516,"Low"
"17177",30.57564167,0.447852760736196,17,8.154511912,874.7857143,-1309.43403706013,0.495751333700841,34.3704342686116,31.2077379405041,2,42.35138962,"Central Corn Belt Plains","Oak / hickory group",-1.64759592946727,-1.13256926277065,-1.11212889976747,-0.288733283683361,0.561683701687991,-0.14504996031033,-0.53600777654877,-1.01965761429893,-1.0352578578447,"Low"
"17179",79.14964437,0.5,27,10.660728,949.3301887,-1346.12560630728,0.436108220002031,43.8759395455498,44.9972871903308,3,40.50752548,"Central Corn Belt Plains","Unknown",-1.34169139760977,-0.802097951853069,-0.0697757309373123,-0.369420310716335,0.0184228015922701,0.00220465684930303,-0.30538314332359,-0.43776902388528,-0.373652400971549,"Moderate"
"17181",15.71731412,0.724756918474196,45,13.49567204,1193.790323,-1803.67697155141,0.440004103480789,55.998049877271,44.9285504760849,0,37.47108591,"Interior Plateau","Oak / hickory group",-0.0232292719396629,-0.380656947330072,-0.0749715448548766,-1.37560402359461,0.0539085607031388,-0.190093753561646,0.450924138535999,0.220443011076798,0.817237421400115,"Moderate"
"17183",32.96778484,0.580555555555556,35,10.7260641,1003.622378,-1356.72003383519,0.531568803011739,42.061690916295,34.4588204229667,2,40.18338069,"Interior River Valleys and Hills","Oak / hickory group",-0.86913887405082,-0.865172675960043,-0.866379305902704,-0.392718111216099,0.887928081135564,-0.137798053794308,-0.13741474130472,-0.422599409695122,0.155631964526969,"Moderate"
"17185",19.69211848,0.333333333333333,5,12.83858331,1131.888889,-2027.00444236077,0.476288530135431,8.58959565162791,12.6991388637212,2,38.44123352,"Interior River Valleys and Hills","Oak / hickory group",-2.31938627393863,-2.02887380272811,-2.5111954355017,-1.86671492574825,0.384406233634846,-0.178043927280472,0.25941436363627,0.067881371756416,-1.82918440609247,"Moderate"
"17187",12.08811445,0.71523178807947,24,10.2719451,946.5340909,-1266.38488735438,0.481172643523269,63.4619429071204,33.1658293963221,2,40.84918762,"Interior River Valleys and Hills","Oak / hickory group",-0.0791052990393905,-0.121164953768477,-0.96411660459714,-0.194065544545324,0.428893311365991,-0.20109586123851,-0.314033670874787,-0.528035914574049,-0.572134038033493,"Low"
"17189",9.585520475,0.517391304347826,28,12.78396213,1025.159091,-1392.93411761862,0.445810680142382,48.7711019362999,37.6688872601826,2,38.35334878,"Interior River Valleys and Hills","Oak / hickory group",-1.2396710626885,-0.631911235282573,-0.623730088056033,-0.472355118222415,0.106797919893566,-0.208682605118166,-0.070784765354404,0.0551995277649452,-0.307491855284234,"Moderate"
"17191",8.821348136,0.668863261943987,38,12.77203483,1095.772727,-1202.11149501024,0.563143237258875,48.0057293536857,35.4481018040362,2,38.42952448,"Interior River Valleys and Hills","Elm / ash / cottonwood group",-0.351110921592886,-0.65852041315874,-0.791599444448173,-0.0527243849279703,1.17552466195348,-0.21099923333426,0.147678696012444,0.0524302694325644,0.354113601588913,"Moderate"
"17193",10.69579436,0.498181818181818,30,13.21864294,1120.025974,-1610.73169452495,0.458718986336837,36.756572991187,29.8252813925009,1,38.08701082,"Interior River Valleys and Hills","Maple / beech / birch group",-1.352357159897,-1.04961203233348,-1.21662890462435,-0.951305442128838,0.22437357292408,-0.205316752052942,0.222713046162677,0.156122909839557,-0.175170763909605,"Moderate"
"17195",31.37076429,0.669642857142857,19,9.246379205,945.9541284,-1654.42954973999,0.490734865019786,70.5213677600376,37.2219808010733,2,41.75514364,"Central Corn Belt Plains","Oak / hickory group",-0.346537684203611,0.124265175140901,-0.657511784280012,-1.04739972474917,0.515991062220271,-0.142639504706615,-0.315827950597375,-0.76614989679419,-0.902936766470067,"Low"
"17197",318.5834433,0.878612716763006,20,9.762147143,949.703125,-621.936766076554,0.506842106581116,73.0313460876327,40.0565723066087,6,41.44490291,"Central Corn Belt Plains","Oak / hickory group",0.879314882143074,0.211527851256342,-0.443244777824308,1.22311567854812,0.66270430380011,0.728060679344925,-0.304229358310064,-0.646399856141121,-0.836776220782752,"Low"
"17199",61.49646879,0.761806981519507,41,13.39317317,1153.545455,-1470.5311313681,0.532091281910953,68.3452503579324,44.2091300816436,1,37.73044344,"Interior River Valleys and Hills","Elm / ash / cottonwood group",0.194112668902708,0.048609610325317,-0.129352592000153,-0.642995744244938,0.892687094196172,-0.0513118636594068,0.326415139091021,0.196645014060951,0.552595238650857,"Moderate"
"17201",213.4531825,0.508474576271186,18,8.483126082,886.597561,-903.901724969428,0.511941514564778,70.3267075696751,32.0270335439507,3,42.33644333,"Central Corn Belt Plains","Oak / hickory group",-1.29197809881339,0.117497559278477,-1.05019827730917,0.603057318348434,0.709152398129142,0.409352822353837,-0.499464453454395,-0.943360587443657,-0.969097312157381,"Low"
"17203",28.17972324,0.83743842364532,26,10.2074048,946.0238095,-1183.15797709963,0.409418247845254,56.5816989699898,45.0833429220798,3,40.78532646,"Central Corn Belt Plains","Maple / beech / birch group",0.637779509637328,-0.3603656240214,-0.0632707710536022,-0.0110444283765847,-0.224683525328245,-0.15231331172352,-0.315612372202604,-0.543020761400183,-0.439812946658864,"Low"
"18001",40.49142464,0.435643564356436,16,9.953470196,917.9464286,-982.10450451289,0.458520850480754,0.721431577451916,24.3408604332269,2,40.74568988,"Eastern Corn Belt Plains","Oak / hickory group",-1.71921714193478,-2.30242080736931,-1.63119673875205,0.43108457592976,0.222568847167131,-0.114989748181973,-0.40247777334877,-0.601978825505791,-1.10141840353201,"Low"
"18003",220.582668,0.714285714285714,36,9.740941179,891.9019608,-1625.72223220295,0.506899079658504,70.1235759781602,43.8486890046412,4,41.09188698,"Eastern Corn Belt Plains","Oak / hickory group",-0.0846551280440959,0.110435424086193,-0.156598362835971,-0.984270560374838,0.663223244602888,0.430966228692443,-0.483053776899209,-0.651323417425164,0.221792510214283,"Low"
"18005",79.01561812,0.710227272727273,32,11.55782014,1080.857143,-2285.47381964822,0.46867468426209,36.7677778237871,43.0161835234308,3,39.20735008,"Eastern Corn Belt Plains","Oak / hickory group",-0.108462633149503,-1.04922248168782,-0.219527521047509,-2.43510505079063,0.315055314378198,0.0017983492971957,0.101533074663219,-0.229483839173879,-0.0428496725349756,"Moderate"
"18009",27.89319995,0.770114942528736,16,9.960405572,951.5,-1480.76129849348,0.338879152396907,140.696070189237,58.1388208900105,2,40.47461826,"Eastern Corn Belt Plains","Oak / hickory group",0.242848574371487,2.56398039588704,0.92359388883627,-0.665492513620957,-0.86719076729961,-0.153181921988909,-0.298670212026427,-0.600368582804073,-1.10141840353201,"Low"
"18011",61.0585611,0.780487804878049,22,10.36243943,1025.924242,-1109.376369948,0.578086657661669,46.2515266326795,27.6501809918334,2,40.05177794,"Eastern Corn Belt Plains","Elm / ash / cottonwood group",0.303697540602214,-0.719507562809015,-1.38104492389257,0.15120588287829,1.31163720730996,-0.0526394036120121,-0.0684175520879986,-0.507025109330137,-0.704455129408122,"Low"
"18013",18.67844179,0.776724137931034,37,11.37454426,1105.142857,-2256.18886818837,0.485347307254874,48.9582150214712,42.0306652330096,2,39.19608266,"Interior Plateau","Oak / hickory group",0.281619233260385,-0.625406004393226,-0.294022930168552,-2.37070563374242,0.466918347883726,-0.181116940921771,0.176667870755653,-0.27203649214768,0.287953055901598,"Moderate"
"18015",20.88776014,0.46448087431694,28,10.23654175,955.6323529,-1680.9171943456,0.522802491330853,23.4176486499871,35.0069761613836,3,40.58077457,"Eastern Corn Belt Plains","Oak / hickory group",-1.55005260076182,-1.51335716579436,-0.824944168277849,-1.10564769124895,0.808079896174476,-0.174419277362474,-0.285885597477994,-0.536255798536194,-0.307491855284234,"Low"
"18017",35.34316068,0.630434782608696,25,10.04296134,952.7246377,-1601.7389722836,0.394813826969628,94.8361817545619,56.6263616605861,2,40.76128149,"Eastern Corn Belt Plains","Oak / hickory group",-0.576538885700227,0.969601453579737,0.809266970533502,-0.931529890483709,-0.357708284403283,-0.130596978311817,-0.29488144535164,-0.581200938121698,-0.505973492346178,"Low"
"18019",121.5895824,0.813747228381375,35,12.54097414,1157.172414,-1560.78915878083,0.495072161882261,95.8782383840884,61.5739521123295,1,38.48000543,"Eastern Corn Belt Plains","Oak / hickory group",0.498802948295335,1.00582991386427,1.18325574217616,-0.841478721321738,0.555497446970562,0.130863537721934,0.337636173189529,-0.00121697185994544,0.155631964526969,"Moderate"
"18021",28.32168956,0.736111111111111,38,11.47111828,1081.016129,-1947.94675974934,0.499944754822569,48.9024776804235,41.1183459579723,2,39.39546604,"Interior River Valleys and Hills","Oak / hickory group",0.0433763438561135,-0.627343785881579,-0.36298521965977,-1.69286219867994,0.599879590396528,-0.151882933435976,0.102024943285717,-0.249614115786181,0.354113601588913,"Moderate"
"18025",13.36896389,0.804428044280443,42,12.46725752,1177.045455,-1712.96578983167,0.518935562603893,50.0207308871386,37.982831181661,2,38.29008153,"Interior Plateau","Oak / hickory group",0.444135037013056,-0.588466252032061,-0.599999041053747,-1.17612453220757,0.772857872196606,-0.197212899500907,0.399119104400511,-0.0183323595981547,0.618755784338171,"Moderate"
"18027",29.91469009,0.753623188405797,32,12.4082911,1151.492958,-1977.97979870732,0.48555341905627,84.5670519124763,56.1388171213866,1,38.70177884,"Interior River Valleys and Hills","Oak / hickory group",0.14610515332545,0.612581736897193,0.772413438472849,-1.75890670634223,0.468795722752385,-0.147053669423516,0.32006515310439,-0.0320230733318301,-0.0428496725349756,"Moderate"
"18029",62.78638902,0.60981308411215,38,11.54139012,1100.681818,-1193.04691208602,0.454834424815229,52.81542080295,41.8219527941225,2,39.14635634,"Interior Plateau","Oak / hickory group",-0.697509259467857,-0.491305205545974,-0.309799520694234,-0.0327908072027277,0.188990940163442,-0.0474014033498405,0.162866371832236,-0.233298530661993,0.354113601588913,"Moderate"
"18031",27.55283338,0.634146341463415,31,11.10591519,1083.842105,-2305.76706857047,0.48400754380671,100.782769893213,50.786291477318,2,39.3071195,"Eastern Corn Belt Plains","Elm / ash / cottonwood group",-0.554766253247516,1.17634236007682,0.367815582135398,-2.47973115858523,0.454715076598454,-0.154213760959826,0.110767907586544,-0.334406290041352,-0.10901021822229,"Moderate"
"18033",45.96310623,0.817307692307692,16,9.19320003,898.7285714,-1308.93970463297,0.422252865293266,53.3674844561049,32.5870608572774,3,41.39804187,"Eastern Corn Belt Plains","Elm / ash / cottonwood group",0.519689232324018,-0.472111991313514,-1.00786576635455,-0.287646216143544,-0.107779068220226,-0.0984020606749096,-0.461933706250537,-0.778496938746508,-1.10141840353201,"Low"
"18035",112.7099073,0.579545454545455,15,10.12716929,966.4603175,-717.092327218512,0.561053840314992,48.7040544248552,31.4720539231129,2,40.22787045,"Eastern Corn Belt Plains","Oak / hickory group",-0.875064297543722,-0.634242229622732,-1.09214923277087,1.01386272230408,1.15649333387556,0.10394434052445,-0.252386194812003,-0.561649692895184,-1.16757894921933,"Low"
"18037",38.43624167,0.736051502145923,38,12.63895072,1166.633803,-1677.05518901974,0.542738635011687,63.4089778531693,34.07979526185,1,38.36589964,"Interior Plateau","Oak / hickory group",0.0430266675770276,-0.123006353073626,-0.895029849194488,-1.09715490300024,0.989668795358717,-0.121220142315013,0.366907683727214,0.0215310482739636,0.354113601588913,"Moderate"
"18039",171.0464999,0.451612903225806,33,9.516393476,943.1111111,-1443.65303839792,0.54595497180763,48.5466894384861,33.7565974915377,3,41.59737491,"Southern Michigan/Northern Indiana Drift Plains","Oak / hickory group",-1.62553829718912,-0.639713228988131,-0.919460395395852,-0.583889157675376,1.01896488529122,0.280794757047988,-0.324623637029438,-0.703458485508445,0.0233108731523391,"Low"
"18041",41.42204108,0.515527950310559,25,10.59662218,1067.366667,-1779.29600996005,0.4278965811028,54.3809573683441,44.9733791136611,2,39.63684051,"Eastern Corn Belt Plains","Oak / hickory group",-1.25060181285864,-0.436877281308174,-0.0715829444310825,-1.32198878316264,-0.05637313146691,-0.112168536011318,0.0597964321477936,-0.452652993953032,-0.505973492346178,"Moderate"
"18043",202.5122076,0.758389261744966,30,12.64605768,1162.615385,-1568.8412393869,0.418830814444591,62.1866768860311,39.4799160443681,1,38.32097956,"Interior Plateau","Oak / hickory group",0.174063746228929,-0.16550124326384,-0.486834272403312,-0.85918574391206,-0.138948910117022,0.376184687534825,0.354475559349724,0.0231811290297001,-0.175170763909605,"Moderate"
"18045",16.05816945,0.58187134502924,31,10.73452082,1009.53125,-1874.97686967793,0.467884621399354,54.2168773702833,45.3800460380133,2,40.1235687,"Eastern Corn Belt Plains","Oak / hickory group",-0.86142023029033,-0.442581736828919,-0.0408429579690702,-1.53239690342025,0.307859005612199,-0.189060432889352,-0.119133957266158,-0.420635944172782,-0.10901021822229,"Moderate"
"18047",22.84920483,0.611528822055138,38,10.98599747,1085.742424,-1289.24564857378,0.489528647963401,37.7452096233212,40.5192134805232,2,39.41430627,"Interior Plateau","Oak / hickory group",-0.687444450291962,-1.01524078805726,-0.408273693206212,-0.244337770464017,0.505004201824758,-0.168473055703748,0.116647087444117,-0.362248563255751,0.354113601588913,"Moderate"
"18049",21.03374762,0.440944881889764,17,9.79491813,968.7090909,-1834.47037884715,0.45297907299087,26.5132999066731,34.7846751030704,2,41.04706452,"Southern Michigan/Northern Indiana Drift Plains","Oak / hickory group",-1.68811871599401,-1.40573280505441,-0.841747923670359,-1.44332062819586,0.172091418331207,-0.173976708719114,-0.24542897169445,-0.638791149324819,-1.0352578578447,"Low"
"18051",26.70565169,0.498181818181818,34,12.98543924,1150.797297,-1249.66616334909,0.473389946617678,79.1750136091356,45.1771697196927,1,38.30840699,"Interior River Valleys and Hills","Oak / hickory group",-1.352357159897,0.425120480003672,-0.0561783956582122,-0.157300037824009,0.358004407955371,-0.156782036343596,0.317912927010298,0.101978108470679,0.0894714188396538,"Moderate"
"18053",61.59063538,0.618090452261307,23,9.983073875,975.4857143,-1106.00278924214,0.5904124671657,37.191241558056,34.6288155018878,2,40.51587911,"Eastern Corn Belt Plains","Oak / hickory group",-0.648952816894345,-1.03450021166506,-0.853529363820575,0.158624595220031,1.42390717361961,-0.0510263927410367,-0.224463550733213,-0.595105498370574,-0.638294583720808,"Low"
"18055",22.89990652,0.679864253393665,44,11.83319244,1119.940476,-2066.88012165602,0.453198985956292,65.5707660583379,40.8675827249425,2,39.03638045,"Interior River Valleys and Hills","Oak / hickory group",-0.286577243743559,-0.04784896151218,-0.381940433194251,-1.95440400744388,0.174094501472392,-0.168319350891806,0.222448533667952,-0.165548410679429,0.751076875712801,"Moderate"
"18057",323.5215219,0.760869565217391,17,10.52691526,995.1428571,-1476.80770773922,0.580167022789251,67.511514110943,33.1133585707638,2,40.07302367,"Eastern Corn Belt Plains","Oak / hickory group",0.188613626209312,0.0196236803326672,-0.968082878642865,-0.656798323358406,1.33058626884697,0.743030721617088,-0.163648562298537,-0.468837417002221,-1.0352578578447,"Moderate"
"18059",96.6829472,0.691588785046729,17,10.57539997,1037.62,-1111.90274193423,0.489387162186794,49.5277893494396,40.7235606317495,2,39.82319761,"Eastern Corn Belt Plains","Oak / hickory group",-0.217799156596221,-0.605604008671295,-0.392827075136022,0.145650234838948,0.503715474835446,0.0553577768777571,-0.0322333825603317,-0.457580327203142,-1.0352578578447,"Moderate"
"18061",32.03322891,0.774896265560166,40,12.67111327,1163.551282,-1258.05936712984,0.41696862162424,91.3870671655195,58.118760106051,2,38.19449381,"Interior Plateau","Oak / hickory group",0.270896624550901,0.849688478252564,0.922077492516814,-0.17575721134496,-0.15591074334465,-0.140631208733924,0.357371024159138,0.0289984893191381,0.486434692963542,"Moderate"
"18063",158.282579,0.574468085106383,27,10.74109141,1054.048387,-1541.65520404962,0.544612699912991,48.3969178379007,25.3753637322314,3,39.76694091,"Eastern Corn Belt Plains","Oak / hickory group",-0.904849006058579,-0.644920234375184,-1.55299854877886,-0.799401973057155,1.00673876575398,0.242100266556981,0.018592527164727,-0.41911039680614,-0.373652400971549,"Moderate"
"18065",47.44827197,0.36,18,10.17448677,1028.190476,-883.173813423095,0.546213044996825,87.2026063657511,39.4459757647688,2,39.93031075,"Eastern Corn Belt Plains","Elm / ash / cottonwood group",-2.16295509372601,0.704210231100601,-0.48939982094666,0.648639276100377,1.02131555185368,-0.0938997034404645,-0.061406309614842,-0.550663608386766,-0.969097312157381,"Low"
"18067",108.6688183,0.666666666666667,15,10.10143945,974.1136364,-1584.23753816361,0.482406658496257,83.295080845692,51.4055205679166,2,40.48364181,"Eastern Corn Belt Plains","Maple / beech / birch group",-0.36399652128091,0.568360000793455,0.414623160332733,-0.893043155875999,0.440133369830116,0.0916935689074142,-0.228708465798894,-0.567623599295696,-1.16757894921933,"Low"
"18069",36.67903095,0.619047619047619,34,9.795312473,948.7857143,-1157.79103548817,0.489562947651088,75.0819092773219,56.2885393729226,2,40.82899629,"Eastern Corn Belt Plains","Oak / hickory group",-0.643337914517729,0.282818359827204,0.783730955855435,0.0447390430187341,0.505316621449594,-0.126547218064577,-0.307067630467824,-0.638699591500452,0.0894714188396538,"Low"
"18071",33.37052007,0.786301369863014,52,11.96041463,1139.243902,-1696.13611956893,0.424641218458158,63.5460953621113,46.7221490852455,2,38.91035318,"Eastern Corn Belt Plains","Oak / hickory group",0.337800896796245,-0.118239283716487,0.0606067224254268,-1.13911504781352,-0.0860246893885327,-0.1365771409847,0.282169198104475,-0.136010199204809,1.28036124121132,"Moderate"
"18073",23.06418048,0.251082251082251,13,9.900460181,959.576087,-1485.07002778842,0.443839166721913,54.555493319889,39.1286366665066,3,41.0205496,"Central Corn Belt Plains","Oak / hickory group",-2.80188504407495,-0.430809310902726,-0.513387509642972,-0.674967675469632,0.0888403370489904,-0.167821345832628,-0.273684529086664,-0.614286592203902,-1.29990004059395,"Low"
"18075",20.81543736,0.704641350210971,19,9.999030917,941.0857143,-1240.80410136571,0.653061029981558,33.1318778775956,24.9205287467133,2,40.43770299,"Eastern Corn Belt Plains","Oak / hickory group",-0.141230600092054,-1.17562929401144,-1.58737956297014,-0.1378118161564,1.99454328757094,-0.174638527633995,-0.330889780803274,-0.591400622034886,-0.902936766470067,"Low"
"18077",34.43805825,0.742469879518072,37,11.99992288,1157.481481,-1552.82674426572,0.475958557112966,39.6612560740985,31.5189591311433,1,38.7857667,"Eastern Corn Belt Plains","Oak / hickory group",0.0806779556035987,-0.948626929675259,-1.08860366421462,-0.823968880003672,0.381400665513489,-0.133340843433311,0.338592360272351,-0.126837247194691,0.287953055901598,"Moderate"
"18079",28.33658076,0.758101851851852,44,11.77911114,1120.555556,-1902.04868807117,0.474812748768755,49.7096462529554,43.2017920990701,3,38.99578434,"Eastern Corn Belt Plains","Oak / hickory group",0.172377751149506,-0.599281515804968,-0.20549735345649,-1.5919295041606,0.370964039492308,-0.151837789988182,0.224351459411891,-0.178104906336533,0.751076875712801,"Moderate"
"18081",188.1594246,0.551867219917012,30,11.12320744,1049.857143,-1056.43959595408,0.537739678677912,38.2388413588374,35.2237667109813,2,39.48991395,"Eastern Corn Belt Plains","Oak / hickory group",-1.03742950663606,-0.998079035789097,-0.808556952695118,0.267617118536129,0.944135667575685,0.332673478897282,0.00562571616984986,-0.330391407595358,-0.175170763909605,"Moderate"
"18083",27.56992474,0.663594470046083,25,12.54605294,1130.694118,-1525.17660444895,0.502348782890396,55.1966589158362,40.0549976997695,2,38.69111096,"Interior River Valleys and Hills","Elm / ash / cottonwood group",-0.382018546651029,-0.408518351207822,-0.443363802485576,-0.763164514732908,0.621776744501832,-0.154161947612487,0.255717998132576,-3.77855211684602e-05,-0.505973492346178,"Moderate"
"18085",57.5079939,0.72979797979798,35,9.571908555,958.6707317,-1740.55993075061,0.48200562583309,114.247161673594,51.1856361829172,3,41.24485305,"Southern Michigan/Northern Indiana Drift Plains","Oak / hickory group",0.00634244702547639,1.64444953299753,0.398002081475984,-1.23680575244323,0.436480553066388,-0.063403132863741,-0.276485504419599,-0.690569097709569,0.155631964526969,"Low"
"18087",40.21108663,0.71191135734072,31,9.146206058,921.6181818,-1539.51773902881,0.426597618732342,51.0880103392401,31.9534487904023,3,41.64244321,"Southern Michigan/Northern Indiana Drift Plains","Oak / hickory group",-0.0985835077622748,-0.551360887364378,-1.05576055491877,-0.79470155545565,-0.0682047650420627,-0.115839607449137,-0.391118155592268,-0.789407911769126,-0.10901021822229,"Low"
"18089",376.2344017,0.436708860759494,16,9.784141973,970.2314815,-1140.3731611235,0.365532230968728,39.4546017551348,37.549904364889,4,41.41849586,"Central Corn Belt Plains","Unknown",-1.71296793292453,-0.955811537090122,-0.632724014956684,0.0830420245634183,-0.624420486586745,0.902832560108169,-0.240719021338284,-0.64129313741628,-1.10141840353201,"Low"
"18091",71.00489023,0.529411764705882,24,9.63463946,992.5326087,-2186.76361534905,0.477856133939468,42.1857138594897,38.9276750763875,5,41.54541779,"Southern Michigan/Northern Indiana Drift Plains","Oak / hickory group",-1.16915700766939,-0.860860856290567,-0.528578212868926,-2.21803521469098,0.398684794909752,-0.0224865892098782,-0.171724111622909,-0.676004352849539,-0.572134038033493,"Low"
"18093",39.15815796,0.77027027027027,43,11.88809946,1160.522388,-2125.03088303564,0.453384942849532,95.3004507113935,55.4537108522528,1,38.84116701,"Interior Plateau","Oak / hickory group",0.243759753193784,0.985742370481305,0.720626198898938,-2.08228112340533,0.17578829481978,-0.119031615510627,0.3480002750399,-0.152800200888345,0.684916330025486,"Moderate"
"18095",110.6273354,0.576271186440678,22,10.26125477,994.6428571,-1237.85457037231,0.506749098840158,47.6217704432619,33.2376226223745,4,40.16129302,"Eastern Corn Belt Plains","Elm / ash / cottonwood group",-0.894271708442327,-0.671869246363229,-0.958689748699208,-0.131325615323833,0.661857140298153,0.0976309154246922,-0.165195455177462,-0.530517975512266,-0.704455129408122,"Low"
"18097",931.967694,0.747663551401869,25,11.1953597,1023.396825,-1247.98204123942,0.535309328409211,86.3813462136191,58.4381388240529,4,39.78152521,"Eastern Corn Belt Plains","Elm / ash / cottonwood group",0.111144913944328,0.675658048847028,0.946219356238021,-0.153596549284872,0.921998756998049,2.58756695817536,-0.0762368388067482,-0.313639230052653,-0.505973492346178,"Moderate"
"18099",40.32829435,0.566371681415929,30,9.667730036,979.5915493,-1632.28824271066,0.502092197648033,44.9746204321154,48.7452322123991,2,41.32472634,"Southern Michigan/Northern Indiana Drift Plains","Oak / hickory group",-0.952343880487661,-0.76390087528689,0.213531743409843,-0.998709623031596,0.619439630942985,-0.115484286146025,-0.211760976886128,-0.668321444453567,-0.175170763909605,"Low"
"18101",11.69367084,0.7,40,12.14229766,1174.839286,-2337.41059504471,0.474386272902989,62.1929584069689,48.5058505375196,2,38.70978372,"Interior Plateau","Oak / hickory group",-0.16845754601514,-0.165282857980955,0.195436862797726,-2.5493172277677,0.367079472635602,-0.202291637570561,0.392293690168899,-0.0937809355536759,0.486434692963542,"Moderate"
"18103",36.85423423,0.648535564853556,18,9.956228327,956.1666667,-1615.23281424574,0.508586564793971,60.9732091473942,46.3528513209015,2,40.7692331,"Eastern Corn Belt Plains","Oak / hickory group",-0.470356633350163,-0.207689034723644,0.0326914738605982,-0.961203682406971,0.678593748199018,-0.126016080203016,-0.284232545053331,-0.601338447779604,-0.969097312157381,"Low"
"18105",144.1740054,0.740740740740741,41,11.5025381,1119.368421,-2111.54715097148,0.477980314555448,47.9951128474832,43.8070418356891,3,39.16125651,"Interior Plateau","Oak / hickory group",0.0705345348652506,-0.658889509868477,-0.159746475783214,-2.05262956377216,0.399815897379559,0.199329391425117,0.220678718056245,-0.242319120411125,0.552595238650857,"Moderate"
"18107",29.29924526,0.611275964391691,40,10.5748264,1026.486111,-1810.04091370964,0.535799030471206,71.1419331408876,33.5940985658417,2,40.04035801,"Eastern Corn Belt Plains","Oak / hickory group",-0.688927756143918,0.145839941441554,-0.931743702635416,-1.38959872547009,0.926459221358136,-0.148919422455735,-0.0666792497780212,-0.457713497619054,0.486434692963542,"Moderate"
"18109",67.06125037,0.717829457364341,38,11.17530954,1063.84127,-2113.76248141487,0.524447988593614,53.0350451618819,44.4289272303842,2,39.47893838,"Interior Plateau","Oak / hickory group",-0.0638669313380988,-0.483669677744864,-0.112738107339425,-2.05750121224729,0.823067952106411,-0.0344419386873831,0.048889609118424,-0.318294438913465,0.354113601588913,"Moderate"
"18111",13.43629493,0.345070422535211,18,9.965441,971.5692308,-1240.32182827345,0.348822288168793,20.6831544988086,37.9609134038753,2,40.95591435,"Central Corn Belt Plains","Oak / hickory group",-2.25053452208449,-1.60842542787075,-0.601655807690185,-0.136751267838874,-0.776623448556214,-0.197008781948986,-0.23658031160637,-0.599199466495596,-0.969097312157381,"Low"
"18113",44.77091779,0.567114093959732,31,9.23484462,931.027027,-1858.69506548708,0.511767927425105,37.6540490368966,33.3412991137805,5,41.39681879,"Eastern Corn Belt Plains","Oak / hickory group",-0.94798876284647,-1.01841010495542,-0.95085283413497,-1.49659221035729,0.70757127501374,-0.102016241976759,-0.362009204314687,-0.768827975288217,-0.10901021822229,"Low"
"18115",26.39754331,0.627906976744186,22,11.88272745,1113,-1611.19182648721,0.382290386748339,31.0558096081403,42.7123978226584,1,38.95179817,"Interior Plateau","Maple / beech / birch group",-0.591367422752739,-1.2478065200055,-0.242490707306072,-0.952317300733945,-0.471778375399357,-0.15771608293269,0.200976187866448,-0.154047464179628,-0.704455129408122,"Moderate"
"18117",18.94948669,0.794183445190157,37,12.17099738,1177.78125,-2061.49799674576,0.436238937376699,49.1992854563297,39.926579537614,1,38.54103406,"Interior Plateau","Oak / hickory group",0.38403848476936,-0.617024875740923,-0.453070941989052,-1.94256838233872,0.0196134443038312,-0.180295254201221,0.401395496492209,-0.0871174879379546,0.287953055901598,"Moderate"
"18119",20.89769553,0.764044943820225,39,11.38083612,1101.55,-2104.65217502858,0.390649475092347,102.44471511297,47.5943384819393,2,39.31257535,"Interior Plateau","Oak / hickory group",0.207240934551683,1.23412205715182,0.126535591092057,-2.03746708580484,-0.395639395119459,-0.174389157710614,0.165552340939058,-0.270575659794073,0.420274147276227,"Moderate"
"18121",14.68282075,0.566265060240964,39,11.07653871,1068.231884,-1763.16758284484,0.517749091016222,84.6824472964274,48.4408135041435,3,39.77195232,"Interior River Valleys and Hills","Unknown",-0.952969338346489,0.616593608196731,0.190520708063245,-1.28652137576236,0.762050863932231,-0.193229874051743,0.0624732281798439,-0.341226866535279,0.420274147276227,"Moderate"
"18123",19.30914761,0.772300469483568,48,12.87496266,1185,-1524.73686873704,0.471900228175966,49.2519087265776,43.1180858323643,2,38.07867149,"Interior Plateau","Oak / hickory group",0.255669245406394,-0.615195358992793,-0.211824717083175,-0.762197508742097,0.344435267591229,-0.179204923404128,0.423728762431693,0.0763278615834592,1.01571905846206,"Moderate"
"18125",14.27974742,0.742496050552923,41,12.76183966,1160.346154,-1805.1059536378,0.468559740810222,71.3364434160902,43.1593159560263,1,38.40111234,"Interior River Valleys and Hills","Elm / ash / cottonwood group",0.0808314793236911,0.152602345307564,-0.208708128623919,-1.3787464434638,0.314008348865343,-0.194451811829097,0.34745504480065,0.0500631738222803,0.552595238650857,"Moderate"
"18127",156.5096076,0.691460055096419,28,9.632425699,968.2048193,-1802.5855367303,0.410120023786822,32.8422090697561,28.6410564514324,4,41.45980948,"Southern Michigan/Northern Indiana Drift Plains","Oak / hickory group",-0.218554308273311,-1.18570000859943,-1.30614456591009,-1.3732038910104,-0.218291380350587,0.236725411485752,-0.246989079988618,-0.67651833976151,-0.307491855284234,"Low"
"18129",24.03088598,0.636363636363636,32,13.31987361,1144.129032,-1716.74156505591,0.498154119796488,48.1505792520528,40.8190731657298,2,38.02617219,"Interior River Valleys and Hills","Oak / hickory group",-0.541759226067979,-0.653484517180039,-0.385607274789132,-1.18442769513681,0.583569543256398,-0.164890727798373,0.297282743723724,0.17962645853792,-0.0428496725349756,"Moderate"
"18131",11.112765,0.666666666666667,16,9.909553022,954.1060606,-2487.31712329797,0.285329097822912,86.8122145768719,48.3297360957493,3,41.04176373,"Southern Michigan/Northern Indiana Drift Plains","Oak / hickory group",-0.36399652128091,0.690637750471362,0.18212435757147,-2.87897094238852,-1.35495287500835,-0.204052683857055,-0.290607618858051,-0.612175433290798,-1.10141840353201,"Low"
"18133",30.06542207,0.702662721893491,32,10.89583118,1085.860759,-1888.80129150371,0.496429143964565,51.20721403742,37.2483958494686,2,39.66429469,"Eastern Corn Belt Plains","Oak / hickory group",-0.15283756870101,-0.547216615044703,-0.655515068586061,-1.56279766088196,0.567857554646512,-0.146596717581485,0.117013190581772,-0.383183204782531,-0.0428496725349756,"Moderate"
"18135",21.07613812,0.801724137931034,15,9.974423817,973.3285714,-1618.49541016669,0.474705611288827,86.9233118783648,32.0920886799871,2,40.15741111,"Eastern Corn Belt Plains","Oak / hickory group",0.428273464709714,0.694500193318334,-1.0452807541931,-0.968378332351707,0.369988174884139,-0.173848199712202,-0.231137288714881,-0.597113852750197,-1.16757894921933,"Low"
"18137",24.61186168,0.64424778761062,37,11.37590142,1124.661972,-1814.38802338076,0.457590278129869,55.7815697998272,47.0380933427374,3,39.10225551,"Eastern Corn Belt Plains","Oak / hickory group",-0.495509460397711,-0.388183160076906,0.084488974992494,-1.39915828813655,0.214092703961414,-0.163129469727653,0.237055830748501,-0.271721389262838,0.287953055901598,"Moderate"
"18139",15.73406732,0.552238805970149,18,10.57968229,1064.671875,-1540.74391167322,0.53421960276838,54.0002675097866,35.9540969022433,2,39.61999554,"Eastern Corn Belt Plains","Elm / ash / cottonwood group",-1.03524971995446,-0.450112461653163,-0.753351233105418,-0.797397984835385,0.912072961784124,-0.190042965363946,0.0514593230378238,-0.456586066109523,-0.969097312157381,"Moderate"
"18141",228.4688932,0.630026809651475,29,9.706390922,983.9259259,-1625.77939344981,0.596403253859554,21.102392511396,28.2516877506336,3,41.617606,"Southern Michigan/Northern Indiana Drift Plains","Oak / hickory group",-0.578932124119961,-1.5938500705836,-1.33557697822234,-0.984396261487253,1.47847441482737,0.454873730815191,-0.198351344291887,-0.659345231841096,-0.24133130959692,"Low"
"18143",48.2317155,0.673640167364017,32,12.28417961,1144.307692,-1217.84929801937,0.536467900692497,36.7008553432234,41.2657765083836,1,38.6881803,"Eastern Corn Belt Plains","Oak / pine group",-0.32308878586966,-1.05154912916604,-0.351840932154831,-0.0873327857920443,0.932551643700482,-0.0915246536059089,0.297835479487222,-0.0608390482655275,-0.0428496725349756,"Moderate"
"18145",41.84557597,0.647619047619048,14,11.02437961,1043.277778,-871.507359999207,0.513104094636189,66.7500277724859,50.1872723052828,2,39.52300496,"Eastern Corn Belt Plains","Elm / ash / cottonwood group",-0.475733078575636,-0.00685038718758234,0.322535673354568,0.674294527759184,0.719741789877157,-0.110884567949928,-0.0147294295628511,-0.353337069371167,-1.23373949490664,"Moderate"
"18147",19.8109063,0.659420289855073,40,13.15421042,1182.819672,-1192.95157336294,0.551146532813126,47.4684087450606,41.6353469929483,1,38.01514285,"Interior River Valleys and Hills","Oak / hickory group",-0.406504994164772,-0.677201066184748,-0.323905068645953,-0.032581151462069,1.06625235789016,-0.177683815821976,0.41698329471785,0.14116308717338,0.486434692963542,"Moderate"
"18149",28.72059421,0.265822784810127,15,9.821386642,971.74,-1663.53147016342,0.337037196095392,35.1249569336488,25.7419175073776,3,41.28180837,"Central Corn Belt Plains","Oak / hickory group",-2.71541457827437,-1.10633729645563,-1.52529071858455,-1.06741540994132,-0.8839682756529,-0.150673633228997,-0.23605198828753,-0.632645739433081,-1.16757894921933,"Low"
"18151",43.25339111,0.68561872909699,23,8.85003006,922.72,-1946.16317852088,0.501206314075162,32.095461667025,25.9265895652602,3,41.6443262,"Southern Michigan/Northern Indiana Drift Plains","Oak / hickory group",-0.252820515276961,-1.21166165776116,-1.51133134244825,-1.68893999339548,0.611370536669868,-0.106616703085,-0.387709366137367,-0.858173504175847,-0.638294583720808,"Low"
"18153",17.82724872,0.541108986615679,42,12.03762308,1082.769231,-1295.70126332543,0.51948202369274,55.7029020351148,37.429416132552,1,39.08949183,"Interior River Valleys and Hills","Oak / hickory group",-1.10053912409845,-0.390918147705027,-0.641831730409007,-0.258534066034595,0.777835327674425,-0.183697377012779,0.107448665285376,-0.118084084871079,0.618755784338171,"Moderate"
"18155",18.76904183,0.567901234567901,30,11.98450928,1137.944444,-944.722244255427,0.500034031498409,40.7559094084467,41.7461790085475,2,38.82545439,"Eastern Corn Belt Plains","Oak / hickory group",-0.943371262809126,-0.910569876224348,-0.315527267415857,0.513290475155013,0.600692769391831,-0.180842282185343,0.27814895345115,-0.130415948177477,-0.175170763909605,"Moderate"
"18157",149.5956257,0.558659217877095,27,10.50788512,954.9459459,-1098.40007670903,0.530692550068346,37.3725767049477,36.3300939854961,6,40.38872204,"Eastern Corn Belt Plains","Oak / hickory group",-0.997586497002407,-1.0281958583495,-0.724929582469929,0.175343429662649,0.879946707709235,0.215765315526167,-0.288009193678683,-0.473255799516401,-0.373652400971549,"Low"
"18159",22.45710424,0.647058823529412,7,10.10995551,991.6444444,-1019.80920490077,0.441419856042501,-40.0846422487121,4.70125495705799,3,40.31113761,"Eastern Corn Belt Plains","Elm / ash / cottonwood group",-0.479019447907835,-3.72109728145947,-3.11575614180259,0.348169610942172,0.0668039808663526,-0.169661729048729,-0.174471901684881,-0.565646356322512,-1.69686331471784,"Low"
"18161",17.10259644,0.650943396226415,22,10.60479373,1057.571429,-1621.90236413569,0.592759134191854,78.5464515882304,49.598982795731,2,39.62552832,"Eastern Corn Belt Plains","Oak / hickory group",-0.456231886972314,0.403267700063029,0.2780668206487,-0.975870434560395,1.44528185313905,-0.185894198113241,0.0294920643286367,-0.450755738670951,-0.704455129408122,"Moderate"
"18163",300.3243822,0.758064516129032,17,13.41738456,1150.923077,-1571.65003572867,0.556346359602982,57.6723085064084,57.9498114330329,1,38.02654262,"Interior River Valleys and Hills","Oak / hickory group",0.172158733480075,-0.322449158489168,0.909306648343479,-0.865362460553203,1.11361511960753,0.672707385349764,0.31830206338292,0.202266369564378,-1.0352578578447,"Moderate"
"18165",23.27607683,0.580459770114943,26,11.14499617,1039.386364,-2487.95694723471,0.441504900882087,23.3128078764111,36.3993522825759,2,39.85213377,"Interior River Valleys and Hills","Oak / hickory group",-0.869700767657905,-1.51700209227348,-0.719694342062791,-2.88037795474421,0.0675786140676856,-0.167178971019717,-0.0267686307739515,-0.325332540785225,-0.439812946658864,"Moderate"
"18167",102.6503225,0.583769633507853,39,11.63757008,1051.942029,-1557.5860789035,0.504987205269403,65.1596253068211,37.3931441966733,2,39.42938888,"Interior River Valleys and Hills","Oak / hickory group",-0.850284548774326,-0.0621428069382656,-0.644573529043451,-0.834434950832936,0.645808885474389,0.0734481856644587,0.0120759067833923,-0.210967646418447,0.420274147276227,"Moderate"
"18169",29.1988132,0.638051044083527,28,9.80813377,963.5774648,-1471.21728832981,0.440659855409259,48.2489219139861,35.7575608294912,2,40.84596676,"Eastern Corn Belt Plains","Oak / hickory group",-0.531860606775888,-0.650065506042664,-0.768207411107405,-0.644504645784292,0.059881494723638,-0.149223887472489,-0.261305123437244,-0.635722766607209,-0.307491855284234,"Low"
"18171",8.701553913,0.706666666666667,18,10.52290606,979.8363636,-1550.48048765467,0.580547672612427,72.6232836699173,44.9556057665714,2,40.34698535,"Eastern Corn Belt Plains","Oak / hickory group",-0.129349750961983,0.197341028127036,-0.0729264332082737,-0.818809316799196,1.3340534279662,-0.211362395755828,-0.21100357389147,-0.469768265602171,-0.969097312157381,"Moderate"
"18173",62.81282767,0.675294117647059,41,13.13019836,1168.190476,-1696.73521851822,0.502873265548328,51.8511827854994,53.3769670204177,1,38.08921058,"Interior River Valleys and Hills","Oak / hickory group",-0.313386433565063,-0.524828200103304,0.563644960807417,-1.14043250340641,0.626554008852443,-0.0473212532063983,0.371723696484244,0.135588011738653,0.552595238650857,"Moderate"
"18175",21.00202579,0.712530712530713,36,12.1236495,1166.615385,-1608.84863681912,0.432206550007649,77.4753001217785,50.2987987861532,1,38.60195984,"Interior Plateau","Oak / hickory group",-0.0949502653869716,0.366027719757251,0.330965969271979,-0.947164481926468,-0.0171156641512899,-0.174072875097683,0.366850702381126,-0.0981106306618369,0.221792510214283,"Moderate"
"18177",63.59779194,0.483516483516484,20,10.28203758,1028.387097,-1538.11250774398,0.495514051856128,40.788448467046,40.003756911024,3,39.86338487,"Eastern Corn Belt Plains","Oak / hickory group",-1.43838649526867,-0.909438613336364,-0.44723709794684,-0.791611365066056,0.559522413644142,-0.0449415931693875,-0.0607980063653475,-0.525692661336989,-0.836776220782752,"Low"
"18179",29.38087413,0.740540540540541,24,9.877873403,937.0740741,-1294.39233721971,0.473981581579046,69.6819330088769,39.9955067755407,2,40.72927894,"Eastern Corn Belt Plains","Oak / hickory group",0.0693601266053969,0.0950811292050272,-0.447860726370692,-0.255655656682163,0.363393330862112,-0.148671960288055,-0.343300936119655,-0.619530748314516,-0.572134038033493,"Low"
"18181",18.46895059,0.567901234567901,23,10.14712868,948.2658228,-2204.5090466621,0.39797663813157,77.4545003630789,55.5128195966579,3,40.74911893,"Central Corn Belt Plains","Oak / hickory group",-0.943371262809126,0.365304588968938,0.725094233779556,-2.25705851419674,-0.328899734143043,-0.181752024397285,-0.308676063386152,-0.557015558844164,-0.638294583720808,"Low"
"18183",39.00391043,0.650655021834061,24,9.48998104,945.4528302,-1272.95102267027,0.495463516820029,1.61093936463857,26.0452620219373,3,41.13576607,"Eastern Corn Belt Plains","Maple / beech / birch group",-0.457923539967528,-2.27149590691019,-1.50236088162831,-0.208504881662979,0.559062113913042,-0.119499224925447,-0.317378859828971,-0.709590875778789,-0.572134038033493,"Low"
"19001",4.780235973,0.705882352941177,13,9.506964001,871.8068182,-800.610538347277,0.510031515490664,53.2146224619189,25.5936064548022,1,41.33077356,"Western Corn Belt Plains","Oak / hickory group",-0.133950668027059,-0.477426438272024,-1.53650156332093,0.83020101752115,0.691755120357478,-0.223250075171136,-0.545223842877067,-0.705647803477619,-1.29990004059395,"Low"
"19003",3.312706811,0.590909090909091,5,9.808979742,886.7878788,-1223.28876441752,0.51663492496763,20.1419234908234,17.9878625105228,1,41.02912107,"Western Corn Belt Plains","Elm / ash / cottonwood group",-0.808403283248574,-1.62724203103987,-2.11142037741705,-0.0992945083707693,0.751902452608992,-0.2276989662015,-0.498875650955289,-0.635526350401533,-1.82918440609247,"Low"
"19005",8.314222695,0.74852652259332,30,7.689877995,823.1517857,-1179.49779499595,0.557573222298223,60.098122905786,31.0484115760206,3,43.2837703,"Driftless Area","Oak / hickory group",0.116207249018135,-0.238112551307431,-1.12417239284246,-0.00299546185907404,1.12479003135805,-0.212536610501375,-0.695752089473326,-1.12753545305196,-0.175170763909605,"Low"
"19007",9.675666736,0.657200811359026,26,10.30561551,927.4204545,-1129.6602826739,0.424319622309838,37.6911564431754,36.0661826986492,1,40.74328709,"Central Irregular Plains","Oak / hickory group",-0.419524830687015,-1.01712001749132,-0.744878658480399,0.106600305956112,-0.0889539565271651,-0.208409322036393,-0.373167166949842,-0.520218381398294,-0.439812946658864,"Low"
"19009",4.818417765,0.307692307692308,8,9.103243086,838.4305556,-916.423154544396,0.353477649696258,45.5096888149843,45.6610918930801,2,41.68442743,"Western Corn Belt Plains","Oak / hickory group",-2.46980087029692,-0.745298523832072,-0.019598678529034,0.575521921325713,-0.734219963277878,-0.223134325081564,-0.648482848759229,-0.799382974708336,-1.63070276903053,"Low"
"19011",13.78015375,0.776859504132231,28,8.902637924,880.3909091,-826.023855208323,0.440559969177262,67.5147132745994,49.3690915813199,3,42.08004602,"Western Corn Belt Plains","Oak / hickory group",0.282413314308416,0.0197349034372334,0.260689324728692,0.774315564087619,0.0589716783016466,-0.195966356040444,-0.518666504706551,-0.845959108149022,-0.307491855284234,"Low"
"19013",89.95612618,0.610294117647059,18,8.384113637,876.9318182,-938.448174940513,0.534761938033745,23.19818737431,33.8248531131683,3,42.47048206,"Western Corn Belt Plains","Elm / ash / cottonwood group",-0.694687435333319,-1.52098702379303,-0.914300947308887,0.527087541097035,0.917012837088149,0.0349650688664515,-0.529368190868082,-0.966349112786832,-0.969097312157381,"Low"
"19015",17.85448649,0.7,20,8.863488598,841.75,-1068.55383465679,0.501104288565621,68.2589935503504,35.2947825918774,2,42.03652792,"Western Corn Belt Plains","Oak / hickory group",-0.16845754601514,0.0456107797059339,-0.803188856381872,0.240977159391689,0.610441234581015,-0.183614804295468,-0.638213198950532,-0.855048725852324,-0.836776220782752,"Low"
"19017",22.19374065,0.7109375,16,7.91856928,891.0779221,-849.507635977851,0.574933102553557,57.5751499030924,22.6649378793082,3,42.77476359,"Western Corn Belt Plains","Elm / ash / cottonwood group",-0.104296319756058,-0.325827004281612,-1.75787986327934,0.722673279697329,1.28291296606417,-0.17046012947825,-0.485603176093187,-1.07443833580588,-1.10141840353201,"Low"
"19019",14.29327964,0.588235294117647,6,8.298664839,883.3695652,-1121.20897414049,0.336373315644265,-25.096657482821,17.8279637475442,3,42.47094041,"Western Corn Belt Plains","Oak / hickory group",-0.824088227788611,-3.20002040765943,-2.12350713814165,0.125185255417008,-0.890015248539938,-0.194410788199899,-0.509451180886837,-0.986188455794337,-1.76302386040516,"Low"
"19021",13.39841703,0.75,7,8.063011752,784.3737374,-1059.30672432139,0.581263327473216,-5.73701370125981,-3.81861695507446,1,42.73553951,"Western Corn Belt Plains","Oak / hickory group",0.124850916883519,-2.526957096137,-3.75977396462953,0.26131212616794,1.34057198945166,-0.197123610774145,-0.815723063021109,-1.04090195128166,-1.69686331471784,"Low"
"19023",9.655580177,0.830769230769231,13,8.12193833,851.1388889,-714.666295236557,0.339789797364882,45.8696957738076,35.2637356060708,2,42.73180484,"Western Corn Belt Plains","Oak / hickory group",0.598656895412122,-0.732782411520774,-0.805535700608019,1.01919771647651,-0.858896133195361,-0.208470215485382,-0.60916598818967,-1.02722048798945,-1.29990004059395,"Low"
"19029",8.888600239,0.225,8,9.527079485,841.4772727,-491.609471911976,0.522808761397901,111.183304502398,41.897388214606,1,41.33146706,"Western Corn Belt Plains","Elm / ash / cottonwood group",-2.95488794355239,1.53793053518203,-0.304097351017875,1.50971344809455,0.808137007248277,-0.210795355083962,-0.639056958787049,-0.700977427811972,-1.63070276903053,"Low"
"19031",12.31011169,0.479452054794521,17,9.314104398,928.4040404,-836.580683771377,0.615814172512005,72.8413145831888,37.2907247574205,3,41.77242387,"Western Corn Belt Plains","Elm / ash / cottonwood group",-1.46222912208867,0.204921157707754,-0.652315422931411,0.751100446033878,1.65527928775984,-0.200422865051875,-0.3701241629008,-0.750425587434373,-1.0352578578447,"Low"
"19033",28.99129791,0.648648648648649,10,7.633145825,838.1136364,-1059.43278725506,0.373008097973892,42.2634541854774,27.5931718879521,2,43.08185544,"Western Corn Belt Plains","Oak / hickory group",-0.469693264667813,-0.858158112281509,-1.38535424677226,0.26103490599051,-0.556326351549956,-0.149852980874003,-0.649463328866578,-1.14070742277574,-1.4983816776559,"Low"
"19039",8.403386903,0.459649122807018,22,9.913876273,889.3333333,-686.226493279414,0.483757713359583,36.9399950670562,43.6385676948443,1,41.02911079,"Central Irregular Plains","Oak / hickory group",-1.57839647293149,-1.04323512420522,-0.172481450030304,1.08173859756751,0.452439489273102,-0.212266304564381,-0.491000560075933,-0.61117166891372,-0.704455129408122,"Low"
"19041",10.98466169,0.953488372093023,7,7.671467781,738.8295455,-905.370026034146,0.449181513173716,-25.3502637103385,4.49447145433541,1,43.08255447,"Western Corn Belt Plains","Oak / hickory group",1.31854814961061,-3.20883735952288,-3.13138692388398,0.599828433617355,0.137501242928014,-0.2044410357083,-0.956627035274144,-1.13180990230035,-1.69686331471784,"Low"
"19043",8.692672172,0.720329024676851,35,8.007908085,853.1764706,-1173.8337521301,0.450307396318615,49.6649751910614,33.5553173837849,3,42.84442205,"Driftless Area","Oak / hickory group",-0.0492040464112181,-0.600834563639259,-0.934675175396093,0.0094601182431115,0.147756379737087,-0.211389321215909,-0.602862146945753,-1.0536958182075,0.155631964526969,"Low"
"19045",25.96427532,0.692982456140351,21,9.094896373,905.697479,-1637.64394356638,0.563425719147066,80.9120213460627,20.9034581858167,2,41.90012186,"Western Corn Belt Plains","Elm / ash / cottonwood group",-0.20962364607109,0.485509823565342,-1.89103025906649,-1.01048714000873,1.17809765580512,-0.159029557393278,-0.44037339916988,-0.801320899010001,-0.770615675095437,"Low"
"19047",9.189273328,0.742857142857143,11,8.95979315,779.8214286,-646.332615294936,0.571032542169428,19.3782011775995,36.5269113135336,1,42.03724306,"Western Corn Belt Plains","Elm / ash / cottonwood group",0.0829497078979971,-1.65379383514443,-0.710052144357646,1.1694676993048,1.24738460723535,-0.209883848966495,-0.829806931151887,-0.832688914069926,-1.43222113196858,"Low"
"19049",59.3416198,0.753424657534247,25,9.412405727,842.7676768,-851.140405610512,0.40095808253024,50.9031584779545,24.4853342891232,2,41.68425934,"Western Corn Belt Plains","Oak / hickory group",0.144940537630005,-0.557787503850807,-1.62027594803015,0.719082718426926,-0.301743167908321,-0.0578444005190729,-0.635064724960597,-0.727602167681591,-0.505973492346178,"Low"
"19051",6.901870364,0.686274509803922,29,10.51898115,927.9204545,-940.450081838003,0.396401423056982,54.0532867991691,34.4256613005368,2,40.74778168,"Central Irregular Plains","Oak / hickory group",-0.248973594653984,-0.448269176782377,-0.868885806710978,0.522685224181473,-0.343247622879813,-0.216818230096952,-0.371620274070917,-0.470679543906678,-0.24133130959692,"Moderate"
"19053",5.740545597,0.562138728323699,29,10.19855494,909.1590909,-789.326352580642,0.439281413575413,45.8935552703903,28.5444249248248,3,40.73745879,"Central Irregular Plains","Oak / hickory group",-0.977175099787742,-0.731952904947079,-1.31344895100227,0.855015638990857,0.0473259203254537,-0.22033884656784,-0.429663913574454,-0.545075505436588,-0.24133130959692,"Low"
"19055",11.4336823,0.496124031007752,20,8.291471358,880.3870968,-1188.70695775711,0.493680662812982,39.4158010342331,24.5361951394636,2,42.47106585,"Western Corn Belt Plains","Oak / hickory group",-1.36442848775695,-0.957160494849584,-1.61643137214437,-0.023246979575736,0.542822940393385,-0.203079806360356,-0.518678299145996,-0.987858624834947,-0.836776220782752,"Low"
"19057",36.39650306,0.758807588075881,24,10.43927313,908.1805556,-1381.6582827633,0.479994499579588,31.2245309619165,31.299458973146,2,40.92012008,"Western Corn Belt Plains","Oak / hickory group",0.176517719291143,-1.24194070168888,-1.10519569932048,-0.447558860922484,0.418162155670153,-0.12740371606693,-0.432691292149148,-0.489186003754471,-0.572134038033493,"Low"
"19061",61.69072788,0.809230769230769,25,8.342985389,865.8834951,-980.166513357793,0.462393198966737,33.6049897802452,32.1355125677626,2,42.46812062,"Driftless Area","Oak / hickory group",0.472308634471159,-1.15918094054425,-1.04199833892298,0.435346338180038,0.257840237165359,-0.0507229571180949,-0.563549335522994,-0.975898192919822,-0.505973492346178,"Low"
"19063",9.091535707,0.831325301204819,5,7.397007559,744.5909091,-509.62436933084,0.55423601783598,27.7360482190899,50.6249509870917,1,43.37796143,"Western Corn Belt Plains","Elm / ash / cottonwood group",0.601918898706636,-1.36322236232108,0.355619841128845,1.4700975759785,1.09439301504672,-0.210180145651192,-0.938802610622665,-1.19553356622099,-1.82918440609247,"Low"
"19065",10.357106,0.751173708920188,21,7.685001369,887.5702479,-800.25829830723,0.434922181214675,39.4895704871536,27.0017348075042,3,42.86270331,"Western Corn Belt Plains","Oak / hickory group",0.131736092068934,-0.95459580343108,-1.43006102462261,0.830975615125355,0.00761973550116673,-0.206343503442904,-0.496455168576327,-1.1286676990074,-0.770615675095437,"Low"
"19067",12.11981511,0.832460732984293,16,7.734789689,860.4880952,-785.742346631856,0.523325309960165,45.1383330067164,24.2004800690351,2,43.06011921,"Western Corn Belt Plains","Elm / ash / cottonwood group",0.608579533705912,-0.758209193722803,-1.64180810209728,0.862897089438728,0.81284200367579,-0.200999759037898,-0.580241546891523,-1.11710793946289,-1.10141840353201,"Low"
"19069",6.694788631,0.938775510204082,6,7.939880501,860.3737374,-817.19647563074,0.560477209799619,146.265270705108,71.8268904521962,2,42.73278178,"Western Corn Belt Plains","Elm / ash / cottonwood group",1.2322400115009,2.75760092858066,1.95827619968056,0.793727517002718,1.15124107936742,-0.217446009147857,-0.580595345424462,-1.06949033614733,-1.76302386040516,"Low"
"19071",5.208025633,0.742424242424242,21,10.67261765,854.1882353,-710.971232376051,0.416027986391381,28.828207612273,26.0500213340656,2,40.74543675,"Western Corn Belt Plains","Oak / hickory group",0.0804102406867499,-1.32525201399338,-1.50200112483071,1.02732338793269,-0.164478544580602,-0.221953208553056,-0.599731963726597,-0.43500850705988,-0.770615675095437,"Moderate"
"19073",6.048857064,0.593301435406699,16,9.039698872,823.3863636,-854.425195541616,0.52139725459037,32.0585981427991,30.6816763167304,2,42.03613762,"Western Corn Belt Plains","Oak / hickory group",-0.794369385502225,-1.21294326634703,-1.15189394143824,0.711859262483045,0.795280259650845,-0.219404184309936,-0.695026355707199,-0.814136552139447,-1.10141840353201,"Low"
"19077",6.996341052,0.816901408450704,24,9.234265963,856.8080808,-1117.18967626985,0.479583783329214,69.2138077952062,31.77778319518,2,41.68513098,"Western Corn Belt Plains","Oak / hickory group",0.517305902452145,0.0788061444958333,-1.06903913179732,0.134023939686885,0.414421135692744,-0.216531837289668,-0.591626723030928,-0.768962326794328,-0.572134038033493,"Low"
"19079",9.978438265,0.854166666666667,11,8.388098478,829.5113636,-478.532431336499,0.370559700550369,-5.20178362715313,11.561812359408,2,42.38384403,"Western Corn Belt Plains","Elm / ash / cottonwood group",0.735910214589058,-2.50834912327503,-2.59716604007243,1.53847066802476,-0.578627645121115,-0.207491454388855,-0.676076917940364,-0.965423919814201,-1.43222113196858,"Low"
"19083",11.47780437,0.922222222222222,16,8.274092761,863.4431818,-843.260795016444,0.42319424023003,21.4331450620462,43.003223008715,2,42.38355617,"Western Corn Belt Plains","Oak / hickory group",1.13513562242334,-1.58235102599647,-0.220507207427312,0.736410468808228,-0.0992045293714244,-0.202946048008872,-0.571099142055227,-0.99189355516682,-1.10141840353201,"Low"
"19085",7.780502528,0.884758364312268,16,9.686451809,789.677686,-723.330367141092,0.425200271710339,24.418805893411,27.7595570386003,2,41.68339134,"Western Corn Belt Plains","Oak / hickory group",0.915366290866893,-1.47855062610713,-1.37277717946698,1.00014488722115,-0.0809325378534036,-0.214154610964449,-0.799313782382057,-0.663974658015967,-1.10141840353201,"Low"
"19087",17.68225157,0.748051948051948,32,10.37045057,933.25,-1231.18028146753,0.514864264509356,57.5410994881436,43.1776596080657,3,40.98761406,"Western Corn Belt Plains","Oak / hickory group",0.113423314432921,-0.327010811447836,-0.207321530448389,-0.116648441784091,0.73577434435523,-0.184136943419203,-0.3551318021072,-0.505165097743536,-0.0428496725349756,"Low"
"19089",7.506713448,0.816091954022989,13,7.083259725,877.8571429,-829.253112858404,0.560894865548434,27.0692413468348,29.3743107232825,2,43.35677628,"Western Corn Belt Plains","Elm / ash / cottonwood group",0.512557505772552,-1.38640477448992,-1.25071781482678,0.767214227059665,1.15504530795242,-0.214984616809487,-0.526505434489835,-1.26837895483123,-1.29990004059395,"Low"
"19091",8.460309095,0.829787234042553,6,7.957376968,799.4761905,-1320.47291580306,0.341419833812373,-28.0006358897517,12.5982170626932,1,42.77659135,"Western Corn Belt Plains","Elm / ash / cottonwood group",0.592896336402653,-3.30098101133644,-2.51882412279232,-0.313008459856528,-0.8440489025138,-0.212093741976887,-0.768999308711722,-1.06542803897806,-1.76302386040516,"Low"
"19093",6.139863959,0.65,3,8.618133848,771.3333333,-742.054566995486,0.834132738228453,23.2604688586036,4.92407453302982,2,42.38693498,"Western Corn Belt Plains","Oak / hickory group",-0.461766008913797,-1.51882172661411,-3.09891319161736,0.958969215239241,3.64383979648276,-0.219128292171401,-0.856067279502306,-0.912014735412468,-1.9615054974671,"Low"
"19095",10.63590472,0.544943820224719,20,9.471616196,904.6161616,-1075.12484489727,0.472030082737657,55.1310304231777,41.11354037944,3,41.6863346,"Western Corn Belt Plains","Oak / hickory group",-1.07804334107165,-0.410800011505778,-0.363348473738671,0.22652710201376,0.345618051347658,-0.205498310613485,-0.443718763541716,-0.713854791104963,-0.836776220782752,"Low"
"19097",11.74495982,0.71875,28,8.674314114,886.2788462,-1015.83364330241,0.556622147454428,58.0372466051509,33.4629033799873,2,42.17204006,"Western Corn Belt Plains","Oak / hickory group",-0.0584668724281424,-0.309761608655515,-0.941660757590081,0.356912116447931,1.11612714064601,-0.202136152358418,-0.500450488763451,-0.898970905733004,-0.307491855284234,"Low"
"19099",19.57505854,0.598130841121495,19,9.322079409,884.9285714,-718.077638939515,0.521255400968687,93.1497478644532,36.2267626036065,3,41.68584481,"Western Corn Belt Plains","Oak / hickory group",-0.766039274163809,0.910970375882879,-0.732740410177265,1.01169596097171,0.793988182134797,-0.178398800580824,-0.504627949708876,-0.748573964211801,-0.902936766470067,"Low"
"19101",16.09305097,0.50561797752809,23,10.35219187,926.2121212,-945.749697110296,0.624089729331099,41.3032696566343,39.7741009146105,2,41.03200931,"Western Corn Belt Plains","Oak / hickory group",-1.30873539054251,-0.891540182011081,-0.464596813718946,0.511031042866426,1.73065741890567,-0.188954687746106,-0.376905491304119,-0.509404368753189,-0.638294583720808,"Low"
"19103",94.99439967,0.685567010309278,26,9.699620647,913.9428571,-960.970044112292,0.527564454585659,59.7465796801263,29.3048700949081,3,41.67166941,"Western Corn Belt Plains","Oak / hickory group",-0.253123906439496,-0.250334410876518,-1.25596683767156,0.477560559722762,0.85145436614418,0.0502388571621704,-0.414863965836007,-0.660917141699678,-0.439812946658864,"Low"
"19105",13.80090035,0.443548387096774,18,8.740380666,891.4886364,-1010.78705906042,0.51328172043943,72.3853274006366,35.5897591245404,2,42.12119789,"Western Corn Belt Plains","Elm / ash / cottonwood group",-1.67284611378568,0.189068167510038,-0.780891555869625,0.368009866898854,0.721359699267942,-0.195903461642812,-0.484332514041301,-0.883631696555934,-0.969097312157381,"Low"
"19107",6.77507673,0.564356435643564,20,9.983344663,895.7272727,-828.132667696903,0.564529839410931,77.478815825684,38.1893152330575,1,41.33647625,"Western Corn Belt Plains","Elm / ash / cottonwood group",-0.964165653284769,0.366149947797171,-0.584390894522871,0.769678155174215,1.18815456482885,-0.217202611597243,-0.471219081423653,-0.595042627316328,-0.836776220782752,"Low"
"19109",5.899906852,0.448979591836735,7,7.593589317,769.5833333,-629.54867881983,0.743973665542194,19.9664700608028,-5.71326742464298,1,43.20375658,"Western Corn Belt Plains","Unknown",-1.64098574750636,-1.63334189878331,-3.90299075039975,1.20637661227509,2.8226234658486,-0.219855734629546,-0.861481404578544,-1.14989157923855,-1.69686331471784,"Low"
"19111",25.32435857,0.646511627906977,34,10.74210482,939.2247191,-1394.72149272938,0.416069613771836,61.6326122953662,36.9193795512401,2,40.64176044,"Central Irregular Plains","Oak / hickory group",-0.48222939004626,-0.184764022703275,-0.680385437794072,-0.476285666488382,-0.164099380469741,-0.160969498324588,-0.336647301248462,-0.418875105157014,0.0894714188396538,"Moderate"
"19113",121.4754856,0.504716981132076,17,9.008440963,896.3818182,-801.435934458779,0.531515340722565,32.6420001628706,31.590916899958,5,42.07916777,"Western Corn Belt Plains","Elm / ash / cottonwood group",-1.31402078790235,-1.19266053284177,-1.08316437051567,0.828385920491283,0.887441118441353,0.130517647334706,-0.469194057877888,-0.821393955319634,-1.0352578578447,"Low"
"19115",10.69111216,0.837988826815642,17,10.25562117,916.2575758,-838.267626838972,0.558792711806087,85.4451228374545,32.3084299794419,2,41.21846559,"Interior River Valleys and Hills","Elm / ash / cottonwood group",0.641008267794563,0.643109019898147,-1.02892749746584,0.747390754034027,1.13589778423368,-0.205330946385921,-0.407702722088516,-0.531825974283263,-1.0352578578447,"Low"
"19117",7.670390077,0.654205607476635,27,10.0077272,945.5151515,-950.793555920573,0.478531663101617,17.396142785488,29.0813808601743,1,41.02967306,"Central Irregular Plains","Oak / hickory group",-0.437095203623259,-1.72270268491861,-1.27286040741802,0.499939285808177,0.404837870393423,-0.214488422590324,-0.31718605107862,-0.589381535220729,-0.373652400971549,"Low"
"19119",7.753459638,0.956521739130435,5,7.571547128,671.1919192,-806.801454524068,-0.235438670643351,70.0175146701655,36.5124944321094,1,43.38134776,"Western Corn Belt Plains","Oak / hickory group",1.33634239407363,0.106748064133253,-0.711141917617446,0.816586810465822,-6.09838005532785,-0.214236592892898,-1.16588336021591,-1.15500929368794,-1.82918440609247,"Low"
"19121",11.11356541,0.615384615384615,23,9.698424285,861.6704545,-765.311004766808,0.47671976496835,50.2564977894531,27.0623063535542,2,41.3311455,"Western Corn Belt Plains","Oak / hickory group",-0.664825713997486,-0.580269507618287,-1.42548241644461,0.907826872143869,0.388334147671449,-0.204050257372484,-0.576583580528521,-0.661194910803922,-0.638294583720808,"Low"
"19123",15.11736572,0.53356890459364,24,9.965727253,909.75,-991.952864396036,0.544687341039979,69.979093264851,48.019425196183,1,41.33521494,"Western Corn Belt Plains","Oak / hickory group",-1.14477052145873,0.105412293775797,0.158667930996139,0.409427424261776,1.00741863646021,-0.191912528359827,-0.42783576741669,-0.599133004806411,-0.572134038033493,"Low"
"19125",23.11292139,0.662745098039216,28,9.969242432,990.8977273,-972.7048369579,0.486228851203109,68.7496563397291,45.874683677097,1,41.33446646,"Western Corn Belt Plains","Oak / hickory group",-0.387001106606294,0.0626693126823827,-0.0034532579012418,0.451755025454601,0.474947914569505,-0.167673585227302,-0.176782084414004,-0.598316857083493,-0.307491855284234,"Low"
"19127",26.84424223,0.89041095890411,7,8.650486112,867.3020833,-831.158365029261,0.557984986647635,183.256847357508,50.5829250319723,2,42.03588698,"Western Corn Belt Plains","Elm / ash / cottonwood group",0.948525367489342,4.04366142437416,0.352443095703873,0.763024459857857,1.12854059797365,-0.156361891908811,-0.559160527553579,-0.904503246923591,-1.69686331471784,"Low"
"19129",13.26018445,0.79253112033195,22,10.29453099,828.8142857,-933.816962101699,0.505536167636782,90.0643281240294,35.5204208214878,2,41.03311344,"Western Corn Belt Plains","Oak / hickory group",0.374345667481961,0.803701727174361,-0.786132843934868,0.537271864176918,0.650809123914774,-0.19754267003456,-0.678233527619496,-0.522791964637623,-0.704455129408122,"Low"
"19131",8.711763148,0.685185185185185,12,7.309750006,848.3809524,-1030.64007862401,0.376619559961451,18.9781682151478,20.6417310198278,2,43.35645847,"Western Corn Belt Plains","Oak / hickory group",-0.255363757244372,-1.66770150377014,-1.91081423720058,0.324351850654755,-0.523431253216719,-0.211331445928599,-0.617698452854427,-1.21579286260059,-1.36606058628127,"Low"
"19133",4.825774045,0.851724137931035,17,9.514889362,738.9090909,-954.469568112531,0.393159518457982,65.062778610789,55.5078443395543,1,42.05241402,"Western Corn Belt Plains","Oak / hickory group",0.721581927608378,-0.0655098088664445,0.72471815368341,0.491855507948796,-0.372776597831909,-0.223112024135895,-0.956380938848522,-0.703807707899711,-1.0352578578447,"Low"
"19135",6.908979279,0.533799533799534,22,10.15726513,949.7424242,-822.939163784261,0.499924606764305,75.3420607704111,37.7526850924146,1,41.02998377,"Central Irregular Plains","Oak / hickory group",-1.14341761150112,0.291862866400351,-0.617395802983646,0.78109899105541,0.599696071267681,-0.216796679051155,-0.30410777500481,-0.554662096734276,-0.704455129408122,"Low"
"19137",9.118670226,0.478260869565217,9,9.99944447,866.8636364,-394.137871287578,0.503206687487585,99.3568002797459,43.1191548328312,1,41.03027176,"Western Corn Belt Plains","Oak / pine group",-1.46921681626136,1.12676666328199,-0.211743911249426,1.72405951821089,0.629590991524862,-0.21009788594466,-0.560516988328373,-0.591304604068445,-1.56454222334321,"Low"
"19139",37.69095862,0.611111111111111,20,9.918951726,918.5072464,-829.701390287045,0.534456158228535,72.3040607961931,40.747310875289,3,41.48383151,"Western Corn Belt Plains","Elm / ash / cottonwood group",-0.689894813390532,0.186242827823002,-0.391031792261624,0.766228437306183,0.914227633534753,-0.123479506668433,-0.400742723226381,-0.609993259675179,-0.836776220782752,"Low"
"19145",10.97439616,0.451851851851852,12,10.38965528,886.7045455,-823.700585147792,0.533096212434836,43.817016928737,38.1679831197448,2,40.73933954,"Western Corn Belt Plains","Oak / hickory group",-1.62413658410478,-0.804146473615302,-0.586003390733334,0.779424578447738,0.901840530814107,-0.204472156196752,-0.499133466331984,-0.50070618389141,-1.36606058628127,"Low"
"19147",6.122292943,0.85,5,7.719346605,760.2386364,-1030.49739686497,0.57761549244009,30.3638267366948,15.7755226728289,1,43.08201672,"Western Corn Belt Plains","Elm / ash / cottonwood group",0.711467842680835,-1.27186420868133,-2.27865132881152,0.324665616655637,1.30734558625775,-0.219181559620867,-0.890391894759195,-1.12069348598597,-1.82918440609247,"Low"
"19149",11.25020287,0.896551724137931,15,8.470403104,679.3851351,-911.30873861432,0.802308751406094,117.916117279262,24.4473514522562,3,42.73794808,"Western Corn Belt Plains","Oak / hickory group",0.984548135724414,1.77200556851362,-1.62314707381187,0.586768837848368,3.35397015934317,-0.203636033801364,-1.14053530555349,-0.946314584814328,-1.16757894921933,"Low"
"19153",327.545088,0.81025641025641,27,9.552400931,870.0660377,-1253.41567973989,0.474828202338629,44.5193345390826,37.5408972120256,3,41.68520866,"Western Corn Belt Plains","Oak / hickory group",0.47832521832549,-0.779729484238154,-0.633404866386938,-0.165545455956638,0.3711047987478,0.755228371650816,-0.550609444795511,-0.695098341570875,-0.373652400971549,"Low"
"19155",37.94101193,0.62111801242236,15,9.844630098,815.3972603,-914.338138730742,0.502703191620256,37.471685567146,30.9158331451676,4,41.33659595,"Western Corn Belt Plains","Oak / hickory group",-0.631192636550912,-1.02475020925879,-1.13419400740103,0.580106999881151,0.625004885919093,-0.122721457045449,-0.719742929714737,-0.627249117045673,-1.16757894921933,"Low"
"19157",12.13971333,0.718181818181818,15,9.1964007,902.4949495,-713.878614522248,0.618347540580757,33.1665018659677,30.4214239730877,2,41.686284,"Western Corn Belt Plains","Oak / hickory group",-0.0617999231429008,-1.17442554581572,-1.17156643762914,1.02092987501845,1.67835453873105,-0.20093943654839,-0.450281339326077,-0.777753813138307,-1.16757894921933,"Low"
"19159",3.548839245,0.598425196850394,18,10.13178975,883.125,-679.733675440994,0.524015319206758,17.7683458543565,16.8712800885089,1,40.73521183,"Central Irregular Plains","Oak / hickory group",-0.764312533636034,-1.70976255890607,-2.19582293509027,1.09601670502375,0.819126971396816,-0.226983118438605,-0.510207813219463,-0.560576923085216,-0.969097312157381,"Low"
"19161",6.520512104,0.75,7,8.503357941,803.5227273,-1758.48927896431,0.320614626249816,1.3738675568818,15.5259160670611,1,42.38626062,"Western Corn Belt Plains","Elm / ash / cottonwood group",0.124850916883519,-2.27973801806666,-2.29751911279556,-1.27623349657316,-1.03355369336342,-0.217974337509466,-0.756480190791263,-0.938663192046937,-1.69686331471784,"Low"
"19163",145.7592178,0.555555555555556,15,9.590325132,912.6296296,-995.017838048586,0.545527057762236,55.7453339254183,34.4659915674825,2,41.63938246,"Western Corn Belt Plains","Elm / ash / cottonwood group",-1.01579310550015,-0.389442947596798,-0.865837238495368,0.40268735789141,1.01506721873682,0.204135045316158,-0.418926810372325,-0.686293171111665,-1.16757894921933,"Low"
"19165",7.544553022,0.9,5,9.290107737,813.1919192,-699.27888898351,0.694527816893781,-33.7066715598952,-3.67506405164414,2,41.68503207,"Western Corn Belt Plains","Elm / ash / cottonwood group",1.00477630557949,-3.49935879695819,-3.74892278878075,1.05303557323166,2.37224462784254,-0.214869904171592,-0.726565782601119,-0.755997087557919,-1.82918440609247,"Low"
"19169",65.65253587,0.672340425531915,23,8.812958306,856.5795455,-871.924488240515,0.432026021260941,22.455001115308,32.6714324037136,5,42.03618798,"Western Corn Belt Plains","Oak / hickory group",-0.330713291448439,-1.54682486514,-1.001488114178,0.67337723699258,-0.0187600150804688,-0.0387125300089569,-0.592333762287234,-0.866780755075923,-0.638294583720808,"Low"
"19171",9.08316624,0.399408284023669,18,8.658513676,890.3909091,-963.049181072617,0.560707420432994,54.5915278743667,37.0659708775062,2,42.07984836,"Western Corn Belt Plains","Elm / ash / cottonwood group",-1.93177942947689,-0.429556522533288,-0.669304587311711,0.472988409128903,1.15333795909322,-0.210205518125981,-0.487728647128045,-0.902639422043213,-0.969097312157381,"Low"
"19173",4.471483444,0.506172839506173,19,10.13896593,893.8409091,-543.394638281504,0.396983324599994,84.5028791047408,42.3866731535289,2,40.73712894,"Western Corn Belt Plains","Oak / pine group",-1.30548047626426,0.610350685387594,-0.267112261998119,1.39583466873191,-0.33794735707511,-0.224186074531448,-0.477055086263461,-0.558910770958611,-0.902936766470067,"Low"
"19175",11.21272192,0.291891891891892,21,9.814199491,879.0151515,-534.760687841198,0.45133965858253,44.3725275881778,34.3431922086849,2,41.02781159,"Western Corn Belt Plains","Oak / hickory group",-2.56248878372851,-0.784833419705428,-0.875119652188086,1.41482125902697,0.157158768241839,-0.203749659251939,-0.522922803975686,-0.634314438786063,-0.770615675095437,"Low"
"19177",5.657827072,0.601386481802426,32,10.6148086,941.7654321,-1128.20086828738,0.445788280494454,51.0200022999572,38.398619248703,1,40.75332963,"Central Irregular Plains","Oak / hickory group",-0.746941134886325,-0.553725275709864,-0.56856958666107,0.109809648332947,0.106593892099902,-0.220589612081362,-0.328786879554276,-0.448430504779357,-0.0428496725349756,"Moderate"
"19179",31.38403634,0.680497925311203,28,10.38820459,905.0757576,-877.515404872595,0.457155495061006,43.2917769939994,29.9697189536996,2,41.03074775,"Central Irregular Plains","Oak / hickory group",-0.282860017021257,-0.822407126228911,-1.20571085742165,0.661082465995104,0.210132470722591,-0.142599269796312,-0.442296871982551,-0.501043002397711,-0.307491855284234,"Low"
"19181",34.46576673,0.627615062761506,18,9.894270875,899.7272727,-929.60051722416,0.483248143188469,52.5303414357883,39.8289103939001,2,41.33407513,"Western Corn Belt Plains","Oak / hickory group",-0.593079839583909,-0.501216362232199,-0.460453760644157,0.546544086891771,0.447798055708461,-0.133256843734137,-0.458843938392251,-0.615723613760512,-0.969097312157381,"Low"
"19183",15.00076155,0.52317880794702,25,10.06997353,914.3863636,-1296.27809971092,0.489129844490425,53.7132104105233,39.7793291937674,2,41.33573775,"Western Corn Belt Plains","Oak / hickory group",-1.2057205869945,-0.460092376780021,-0.464201607664855,-0.259802564874645,0.501371689699648,-0.192266019969703,-0.413491851742793,-0.574929298083018,-0.505973492346178,"Low"
"19185",4.721675548,0.562753036437247,21,10.14479542,934.1704545,-1115.17347794666,0.443859561461436,29.6824781596971,24.0016098150292,1,40.73972764,"Central Irregular Plains","Oak / hickory group",-0.973571464417124,-1.29555218221585,-1.65684072105338,0.138457684330274,0.0890261030806978,-0.22342760414723,-0.352284113084351,-0.557557290811718,-0.770615675095437,"Low"
"19187",19.60865876,0.663594470046083,26,8.456383308,828.8583333,-976.931312761161,0.472247536546107,96.2345256681492,30.5104713348268,2,42.42846608,"Western Corn Belt Plains","Oak / hickory group",-0.382018546651029,1.01821670682229,-1.16483534018693,0.442460744114524,0.347598735191636,-0.178296939765212,-0.678097253781949,-0.9495696749765,-0.439812946658864,"Low"
"19191",11.2444033,0.672086720867209,26,7.307642412,842.2090909,-883.606792185184,0.418053678463713,52.0929746237351,32.8661147518729,2,43.29088199,"Driftless Area","Oak / hickory group",-0.332201565953142,-0.516421990920002,-0.986772059371368,0.647687129059566,-0.14602747403306,-0.203653615499651,-0.636792870062553,-1.21628219985594,-0.439812946658864,"Low"
"19193",45.42082958,0.849315068493151,19,9.021283927,707.1851852,-683.460286661092,0.60793646391768,68.0880618516754,47.8009460390227,3,42.39010072,"Western Corn Belt Plains","Elm / ash / cottonwood group",0.70744991853154,0.0396681158608522,0.142153073428025,1.08782165677623,1.58352496783523,-0.10004600056151,-1.05452790648658,-0.818412099822626,-0.902936766470067,"Low"
"19197",8.411003642,0.538461538461538,8,7.913446157,811.1515152,-183.022478428182,0.863354302840571,202.912909192267,73.0794394753018,1,42.73313159,"Western Corn Belt Plains","Oak / hickory group",-1.11606950307235,4.72703009681808,2.05295648398106,2.18831530667233,3.91000520115212,-0.212243214023699,-0.732878355436581,-1.07562781297637,-1.63070276903053,"Low"
"20001",9.649131889,0.375,11,13.30916674,1018.930556,-308.401259804592,0.600226892227229,28.2914926239249,29.3884217490503,0,37.88591303,"Central Irregular Plains","Elm / ash / cottonwood group",-2.07496255485642,-1.34391161183915,-1.24965116122136,1.91259962239247,1.51330212740712,-0.208489763806047,-0.090054518229678,0.177140557373263,-1.43222113196858,"Moderate"
"20003",5.246913033,0.621004566210046,19,13.01106875,1001.6,-533.863421989419,0.46846223573201,70.6527775950175,34.5706091954804,0,38.21419752,"Central Irregular Plains","Oak / hickory group",-0.631858131234022,0.128833809755058,-0.857929183338273,1.41679440205475,0.313120221246439,-0.221835319376109,-0.143671545558111,0.107928720438378,-0.902936766470067,"Moderate"
"20005",14.51550943,0.637096774193548,14,11.97871849,940.1351351,-732.119670439598,0.37420500479821,56.2392442048016,40.7453029303717,0,39.53184586,"Western Corn Belt Plains","Oak / hickory group",-0.537458515468292,-0.372271511387144,-0.391183572984073,0.980816666395531,-0.545424293652823,-0.193737087025836,-0.333830669193943,-0.131760443030341,-1.23373949490664,"Moderate"
"20009",11.30329008,0.862745098039216,7,12.62691376,649.979021,-597.872973979108,0.467107606550159,27.2976626918936,9.1376144674359,0,38.47896745,"Central Great Plains","Elm / ash / cottonwood group",0.786232744988338,-1.3784634079719,-2.78041135932028,1.27603344367296,0.300781545027343,-0.20347509716139,-1.2315115225498,0.0187363292867215,-1.69686331471784,"Moderate"
"20011",8.833805021,0.427927927927928,29,13.41365822,1071.353535,-727.483976765536,0.379293071747676,65.6825118944864,40.6919605266524,1,37.85516639,"Central Irregular Plains","Elm / ash / cottonwood group",-1.76447837115739,-0.0439639715105257,-0.395215729695107,0.991010843108883,-0.499079499437807,-0.210961469639079,0.0721309475846239,0.201401194873183,-0.24133130959692,"Moderate"
"20013",6.475938949,0.592,12,11.65061367,888.9204545,-659.225676045971,0.537170685773122,62.9736657377399,36.1785227665277,1,39.82653973,"Western Corn Belt Plains","Oak / hickory group",-0.802003825876241,-0.13814054754862,-0.736386863453725,1.14111506237207,0.938952980448296,-0.218109463348604,-0.492277918627091,-0.20793920994987,-1.36606058628127,"Moderate"
"20015",18.06410823,0.487465181058496,16,13.32707409,857.8311111,-664.596713852084,0.414183090160517,30.7546765578197,24.3359540621619,0,37.78123592,"Flint Hills","Oak / hickory group",-1.41522276713868,-1.25827580396261,-1.63156761174683,1.12930381849373,-0.181282831359184,-0.18297932508115,-0.588461686458938,0.181298252593334,-1.10141840353201,"Moderate"
"20021",13.15357997,0.451127819548872,23,14.01031631,1095.909091,-745.778193932678,0.531268438616253,59.192453398927,39.8149648702011,3,37.16932185,"Central Irregular Plains","Elm / ash / cottonwood group",-1.6283838801423,-0.269599335067987,-0.461507903934507,0.950780729614161,0.88519220398682,-0.19786584706378,0.148100577013527,0.339932160583352,-0.638294583720808,"Moderate"
"20027",4.804599177,0.478787878787879,13,12.25783187,783.0454545,-619.328744243034,0.567621952683458,80.8127852474582,59.2471880968343,0,39.34944881,"Central Great Plains","Elm / ash / cottonwood group",-1.46612529096072,0.482059750934722,1.00737545771349,1.22885087964476,1.21631916146802,-0.223176216850257,-0.819832485739525,-0.066956417538909,-1.29990004059395,"Moderate"
"20029",4.766488351,0.626609442060086,13,12.04257263,739.991453,-650.115757928275,0.416748490094034,78.142820496496,34.9510509934609,0,39.48047558,"Central Great Plains","Oak / hickory group",-0.598978980827761,0.389234937771457,-0.829171556348732,1.16114833498789,-0.15791581728903,-0.223291751802707,-0.953032342398705,-0.116934907556931,-1.29990004059395,"Moderate"
"20031",5.061516965,0.451492537313433,22,12.93379126,957.2828283,-1058.82111478517,0.432205045564459,49.6177696284411,28.4049480885426,0,38.23653004,"Central Irregular Plains","Elm / ash / cottonwood group",-1.62624438400399,-0.602475726702897,-1.32399201659805,0.26238001153181,-0.0171293674124188,-0.222397357204963,-0.280779380191791,0.0899865765258431,-0.704455129408122,"Moderate"
"20035",12.03505977,0.347328244274809,18,13.99211214,878.2606061,-535.967895260924,0.49239735090653,53.2703460843173,35.7056327046789,1,37.23787292,"Flint Hills","Oak / hickory group",-2.23728975760568,-0.475489133730438,-0.772132662358833,1.4121665353477,0.531133859489203,-0.201256699262096,-0.525257205787858,0.335705550247687,-0.969097312157381,"Moderate"
"20037",25.44943953,0.638190954773869,27,13.65773673,1093.261364,-800.531433590471,0.440404238691904,48.4879675707953,33.016003963039,2,37.50685744,"Central Irregular Plains","Elm / ash / cottonwood group",-0.531039866985342,-0.641754771444836,-0.975441921496528,0.83037497376728,0.0575532030007903,-0.160590308884662,0.139909076930251,0.258070889403595,-0.373652400971549,"Moderate"
"20039",1.221156691,0.666666666666667,4,10.91342739,548.5142857,-480.939879557204,0.321063430310231,96.8047045543441,66.1295286783073,0,39.78469479,"Central Great Plains","Oak / hickory group",-0.36399652128091,1.03803972080089,1.52761215175604,1.53317654069115,-1.02946574954716,-0.234039609242449,-1.54542167554502,-0.379097749469021,-1.89534495177979,"Moderate"
"20041",8.484452057,0.6,12,12.74206536,823.3461538,-728.82942054699,0.395843364533607,31.1037114424772,26.020699741567,0,38.86624194,"Central Great Plains","Unknown",-0.755074471812456,-1.24614115014588,-1.50421754643394,0.988052129131994,-0.348330713900945,-0.212020551331093,-0.695150756213765,0.0454720136232414,-1.36606058628127,"Moderate"
"20043",7.473218987,0.591760299625468,31,11.75800553,914.0983607,-705.279810105194,0.54754363466104,29.219702208529,25.3869014438264,1,39.79066338,"Western Corn Belt Plains","Elm / ash / cottonwood group",-0.803409948844445,-1.31164119282475,-1.55212641220469,1.03983917703758,1.03343526348191,-0.215086157011187,-0.414382871013033,-0.183005167615488,-0.10901021822229,"Moderate"
"20045",102.7627178,0.492307692307692,28,12.61484699,981.5479452,-841.075372200694,0.450175653071079,61.3894339706986,39.4653181506307,1,38.88310114,"Central Irregular Plains","Elm / ash / cottonwood group",-1.38681577651726,-0.193218434898976,-0.487937728398846,0.741216348562924,0.146556392835006,0.0737889178658847,-0.205708307113991,0.0159346890691179,-0.307491855284234,"Moderate"
"20049",1.499427607,0.429347826086957,12,13.72097895,934.3153153,-706.790900259313,0.471944115571725,21.731377942542,22.6215798205556,0,37.45361105,"Flint Hills","Oak / hickory group",-1.75614900822744,-1.5719825702327,-1.76115730252818,1.03651619645603,0.344835017112075,-0.233196016478325,-0.35183594480444,0.272754350429414,-1.36606058628127,"Moderate"
"20051",12.33373307,0.789473684210526,8,12.13049484,584.2076923,-809.953752124973,0.40149306482301,113.244213346862,39.8014973801683,0,38.91467875,"Central Great Plains","Unknown",0.356410229698247,1.60958072395885,-0.462525912620473,0.809654713339451,-0.296870267352304,-0.20035125560906,-1.43499392255677,-0.0965212923511564,-1.63070276903053,"Moderate"
"20053",3.332378181,0.669117647058823,11,12.53305951,700.1696429,-581.787588202706,0.476376807026008,64.2983448730986,36.7738075323812,0,38.69696391,"Central Great Plains","Elm / ash / cottonwood group",-0.349618655452549,-0.0920863465721335,-0.691389238745179,1.31140620051075,0.385210306059279,-0.227639331419573,-1.07623249133792,-0.00305457593422974,-1.43222113196858,"Moderate"
"20059",17.31602955,0.48,19,12.79548356,981.3406593,-730.931225076182,0.479153038703311,50.2798455227569,33.3557982838056,0,38.56450627,"Central Irregular Plains","Elm / ash / cottonwood group",-1.45901478276924,-0.579457793163656,-0.949756840673019,0.983430131154131,0.41049768671989,-0.185247164532411,-0.206349605279214,0.0578745519555363,-0.902936766470067,"Moderate"
"20061",33.43361088,0.739495798319328,19,12.42545968,866.016129,-601.703521755798,0.358616146096648,86.0848342297203,55.1618878748682,0,39.00055537,"Flint Hills","Oak / hickory group",0.0632314919048107,0.665349422301994,0.698567275891131,1.26760983251784,-0.687415831057158,-0.136385877910701,-0.563138994652166,-0.0280369043564421,-0.902936766470067,"Moderate"
"20065",1.058794982,0.784090909090909,7,11.55597089,545.2281879,-1095.53492643896,0.26565515933072,104.508705232341,20.8205154047108,0,39.34995693,"Central Great Plains","Elm / ash / cottonwood group",0.324833959768967,1.30587937047679,-1.89729991075351,0.18164407207283,-1.53415347120239,-0.234531817213199,-1.55558815811757,-0.229913194599764,-1.69686331471784,"Moderate"
"20073",2.029621234,0.422857142857143,23,13.27234665,906.9657143,-765.963840298265,0.486471004427894,72.1330672303528,30.8210668311251,0,37.87736398,"Flint Hills","Elm / ash / cottonwood group",-1.79422445465341,0.180298013085082,-1.14135740092108,0.906391246487742,0.477153573709336,-0.231588706904796,-0.436449750861137,0.168591737352679,-0.638294583720808,"Moderate"
"20077",2.653122724,0.456140350877193,8,14.17074359,751.2564103,-663.944091767617,0.445524383437427,34.6852518521999,22.6466015918639,0,37.19181295,"Central Great Plains","Oak / hickory group",-1.59897952295947,-1.12162421813418,-1.75926590476452,1.13073897476674,0.104190178681165,-0.229698529688488,-0.918180977941169,0.377179868101498,-1.63070276903053,"Moderate"
"20079",24.63158528,0.263157894736842,3,13.25880765,804.1410256,-930.212524201324,0.418705557276606,33.4569790043361,6.39708813801172,1,38.0431027,"Central Great Plains","Oak / hickory group",-2.73104727449815,-1.16432672856072,-2.98756797133018,0.545198245748314,-0.140089818389628,-0.163069676607762,-0.75456730831662,0.165448277511633,-1.9615054974671,"Moderate"
"20085",7.795362014,0.612021857923497,16,11.97829968,903.8348624,-795.667118144139,0.511317794221813,51.9811534185478,35.5760271996976,0,39.41673724,"Western Corn Belt Plains","Oak / hickory group",-0.684552218437917,-0.520309601224768,-0.78192955320476,0.8410719038787,0.70347122466395,-0.214109563659296,-0.446135935879296,-0.131857681557266,-1.10141840353201,"Moderate"
"20087",13.75431459,0.614657210401891,27,12.23210923,961.7126437,-799.705055799125,0.467806426079584,64.5011004220101,33.3021453456911,2,39.23382338,"Central Irregular Plains","Oak / hickory group",-0.669092794745238,-0.0850372849922972,-0.953812470704682,0.832192229571758,0.307146761445739,-0.196044688798751,-0.267074480397364,-0.0729286522568108,-0.373652400971549,"Moderate"
"20089",1.210957048,0.660550458715596,12,11.3688536,694.9428571,-770.710958818495,0.556277511612468,79.2109963096733,46.4629362216508,0,39.78471551,"Central Great Plains","Elm / ash / cottonwood group",-0.399875232338853,0.426371465603133,0.0410128006173685,0.8959520396555,1.11298801584019,-0.234070529991032,-1.09240304680529,-0.273357739003359,-1.36606058628127,"Moderate"
"20091",487.1415806,0.45578231292517,16,12.60721455,1013,-578.829980043506,0.580583247640896,23.8342105904896,28.4478700563207,2,38.88557306,"Central Irregular Plains","Unknown",-1.60107983418682,-1.49887484564982,-1.32074754150207,1.31791016352979,1.33437746406674,1.23905344497205,-0.108402387918614,0.0141626033442349,-1.10141840353201,"Moderate"
"20099",11.92777494,0.473484848484849,20,14.08716661,1044.063158,-766.240469594531,0.50617925081694,64.3460418341555,38.285254364911,2,37.19111559,"Central Irregular Plains","Elm / ash / cottonwood group",-1.49723376429845,-0.0904280993997816,-0.577138847607445,0.905782921579217,0.656666664301637,-0.201581938807749,-0.0122996321043503,0.357775120316146,-0.836776220782752,"Moderate"
"20103",67.90347733,0.673575129533679,28,12.34108582,999.6666667,-700.493779099111,0.429441665611891,55.5048678351239,35.0522515623004,1,39.19915839,"Central Irregular Plains","Oak / hickory group",-0.323470308790594,-0.397803065420688,-0.821521796976171,1.05036395482965,-0.0422996877937389,-0.0318886838254707,-0.149652864586829,-0.0476266702582075,-0.307491855284234,"Moderate"
"20105",1.617087169,0.959183673469388,6,12.47448063,688.1875,-661.07125846337,0.321912409729117,-23.410313213996,11.5913360037445,0,39.04568596,"Central Great Plains","Elm / ash / cottonwood group",1.35195775145954,-3.1413924457636,-2.59493434535405,1.13705651264362,-1.02173279774997,-0.232839325392674,-1.11330267439047,-0.0166553113514264,-1.76302386040516,"Moderate"
"20107",6.295726794,0.612044817927171,34,13.09642611,1029.590909,-948.730762504624,0.468646803585632,60.4838532295083,32.1822752067473,0,38.21275962,"Central Irregular Plains","Oak / hickory group",-0.684417531170201,-0.224702132605077,-1.03846354717268,0.504475495938493,0.314801362489227,-0.218655785875408,-0.0570736699446179,0.127746833541093,0.0894714188396538,"Moderate"
"20111",15.14242944,0.464968152866242,19,12.73006762,911.0827068,-772.282418698463,0.471152527600581,49.8827281671634,26.4960127533272,0,38.45556259,"Flint Hills","Unknown",-1.54719414231584,-0.593264096907393,-1.46828859654454,0.892496302318072,0.337624816855257,-0.191836546388236,-0.423712658099459,0.0426864006626604,-0.902936766470067,"Moderate"
"20113",12.27441127,0.526315789473684,8,12.96249539,775.0909091,-981.284060052229,0.267079232199721,93.5210591454739,18.384227489497,0,38.39187577,"Central Great Plains","Elm / ash / cottonwood group",-1.18731852239995,0.923879497725681,-2.08145911585861,0.432888783973588,-1.52118226529718,-0.20053109273309,-0.844442145008222,0.0966510480471634,-1.63070276903053,"Moderate"
"20115",4.851326716,0.232142857142857,5,12.8744118,838.2451613,-255.863697474602,0.432747759685418,79.1743638598294,32.1173868583043,0,38.35847287,"Flint Hills","Oak / hickory group",-2.91298673456687,0.425097890620075,-1.04336846280077,2.02813296694398,-0.01218604129206,-0.223034559883901,-0.649056419004156,0.0761999639331132,-1.82918440609247,"Moderate"
"20117",4.166091449,0.585185185185185,19,11.65203211,816.0153846,-658.21009189234,0.493092784083924,81.6757630404445,37.3022975323239,0,39.78352705,"Western Corn Belt Plains","Oak / hickory group",-0.841980683041688,0.512062301481178,-0.651440635918858,1.14334839465356,0.53746823122934,-0.225111886258043,-0.717830585558815,-0.207609879188592,-0.902936766470067,"Moderate"
"20121",22.62123277,0.55205047318612,24,12.69794046,1008.367347,-946.375283163609,0.531119551635775,76.1343986870018,33.1364012189924,2,38.56394365,"Central Irregular Plains","Oak / hickory group",-1.0363545119424,0.31940952934532,-0.966341082956569,0.509655340495805,0.883836062933631,-0.169164164868165,-0.122734823791078,0.0352271764018696,-0.572134038033493,"Moderate"
"20123",3.330155334,0.69,9,12.01347088,675.6507937,-609.046486299223,0.515703428657722,38.3640871300438,27.5260475584609,0,39.39350466,"Central Great Plains","Elm / ash / cottonwood group",-0.227119238594871,-0.993724702906038,-1.39042818039279,1.2514621999479,0.743417893497744,-0.227646070095939,-1.15208855779176,-0.123691697750383,-1.56454222334321,"Moderate"
"20125",19.26570182,0.564625850340136,24,14.22572171,1045.43617,-872.752475985475,0.488232611130637,70.2739865622908,40.8694987106442,0,37.19234549,"Central Irregular Plains","Elm / ash / cottonwood group",-0.962585221074091,0.115664644571096,-0.381795603676519,0.671556440800666,0.493199215588122,-0.179336631577596,-0.00805182713339227,0.389944585758355,-0.572134038033493,"Moderate"
"20127",3.082297644,0.703703703703704,7,12.39372275,860.7788462,-751.740719378932,0.356138726535613,6.17547160481242,12.8438050261256,0,38.68902754,"Flint Hills","Oak / hickory group",-0.146730993207829,-2.11280397952832,-2.50026010831495,0.93766876788186,-0.709981473545898,-0.228397463582624,-0.579342025588642,-0.0354055257415572,-1.69686331471784,"Moderate"
"20131",5.440421951,0.535714285714286,9,11.58709539,863.2454545,-683.116073940826,0.380362357883105,12.3014881669313,18.7730980735943,0,39.78331444,"Western Corn Belt Plains","Unknown",-1.13218535268216,-1.89982500944685,-2.05206435622905,1.08857860180843,-0.489339878006798,-0.221248687020257,-0.571710867959906,-0.222686766073091,-1.56454222334321,"Moderate"
"20133",10.81526855,0.548872180451128,20,13.65436028,1023.555556,-700.21225252312,0.487074577635768,74.7234249104275,33.2356277992877,0,37.5586765,"Central Irregular Plains","Elm / ash / cottonwood group",-1.05499891507725,0.270355182413745,-0.958840537541403,1.05098304915877,0.482651236454429,-0.204954559828069,-0.0757457590996189,0.257286951521898,-0.836776220782752,"Moderate"
"20137",2.381577721,0.685185185185185,7,11.07563846,567.5461538,-488.043759042828,0.521633183314489,101.296717117488,35.7707728376503,0,39.78445301,"Central Great Plains","Elm / ash / cottonwood group",-0.255363757244372,1.19421040685605,-0.767208714317412,1.51755467093042,0.797429222759488,-0.23052173249731,-1.48654115307195,-0.341435884906053,-1.69686331471784,"Moderate"
"20139",8.676957762,0.479919678714859,22,12.61766937,932.1322314,-673.694755819344,0.468355450080153,41.7272663365793,33.7338636612834,0,38.65234824,"Central Irregular Plains","Oak / hickory group",-1.45948596102289,-0.876799383435536,-0.921178847505917,1.10929666226624,0.312147561273686,-0.211436960267662,-0.358589938682453,0.0165899840086384,-0.704455129408122,"Moderate"
"20143",3.094258346,0.714285714285714,10,12.50818589,745.25,-910.591118278822,0.447377927904477,51.369461290194,33.5079185150101,0,39.13256333,"Central Great Plains","Oak / hickory group",-0.0846551280440959,-0.541575877308532,-0.938258059808867,0.588346929290021,0.121073238150897,-0.228361204092031,-0.936763524583116,-0.00882968676748378,-1.4983816776559,"Moderate"
"20145",3.347271087,0.69811320754717,9,12.68749694,601.9909091,-661.568108810014,0.470877361382037,22.1827581001213,13.8946432880273,0,38.18133843,"Central Great Plains","Elm / ash / cottonwood group",-0.179525789898106,-1.55628974927774,-2.4208271571447,1.13596390804334,0.335118457976727,-0.227594182799951,-1.37997645969216,0.0328024193504512,-1.56454222334321,"Moderate"
"20147",2.308668966,0.923076923076923,9,11.19228463,592.3076923,-712.044792446555,0.124739708853248,67.2710798529954,43.6800016684413,0,39.78466016,"Central Great Plains","Elm / ash / cottonwood group",1.14014944230195,0.0112646692019056,-0.169349452537594,1.02496256302911,-2.81768562967374,-0.23074275918254,-1.40993425791818,-0.314353194086437,-1.56454222334321,"Moderate"
"20149",11.11500363,0.647540983606557,21,12.03353677,876.9117647,-591.867034314255,0.449042048078869,47.7217476554488,31.6378856359072,1,39.37984561,"Flint Hills","Oak / hickory group",-0.476191015285865,-0.668393407950573,-1.07961399987877,1.28924087595344,0.136230921372685,-0.204045897333703,-0.529430232100777,-0.119032836727424,-0.770615675095437,"Moderate"
"20151",4.897725187,0.945454545454545,9,13.27905551,662.5128205,-771.231169434423,0.421551812837526,-35.4233213651722,31.0957855249956,0,37.64797951,"Central Great Plains","Unknown",1.27142036276009,-3.55904037042622,-1.12059139211942,0.894808064380213,-0.114164623307824,-0.222893900504313,-1.19273463216495,0.170149387990776,-1.56454222334321,"Moderate"
"20155",19.19918367,0.873873873873874,15,13.30926853,725.9166667,-725.092626331303,0.400861753245486,74.2455577666409,30.0789725465353,0,37.95123123,"Central Great Plains","Aspen / birch group",0.851516027668484,0.253741506775192,-1.19745236929886,0.996269570415763,-0.302620585780991,-0.179538284811177,-0.996576715798436,0.177164190786161,-1.16757894921933,"Moderate"
"20157",2.479549952,0.669117647058823,13,11.48446633,748.0769231,-756.981829396239,0.32590462346649,41.2986231668445,33.9524076607824,0,39.82810684,"Central Great Plains","Elm / ash / cottonwood group",-0.349618655452549,-0.891701723299762,-0.904659088500056,0.926143243236111,-0.985369611895997,-0.230224724580189,-0.928017630157797,-0.246514990361019,-1.29990004059395,"Moderate"
"20159",5.067689429,0.894736842105263,8,12.84212904,698.5806452,-673.780894318348,0.273236416558448,-20.419081574179,4.50231452903996,0,38.34455842,"Central Great Plains","Elm / ash / cottonwood group",0.973901730537529,-3.03739836943956,-3.13079406521808,1.10910723838658,-1.46509938649798,-0.222378645059109,-1.08114850979143,0.068704612753697,-1.63070276903053,"Moderate"
"20161",46.8990097,0.720744680851064,24,12.21662419,847.3627451,-750.308822135764,0.527248251145699,51.063634391881,42.2552648079146,2,39.28866591,"Flint Hills","Elm / ash / cottonwood group",-0.0467657369401629,-0.552208349024113,-0.277045429716674,0.940817598360865,0.848574218634217,-0.0955648205976528,-0.620848568097706,-0.0765239400459377,-0.572134038033493,"Moderate"
"20163",2.161326253,0.693181818181818,8,11.71964754,586.2432432,-721.456857396354,0.383052459846859,-4.79394846941125,13.1308330014699,0,39.3503143,"Central Great Plains","Elm / ash / cottonwood group",-0.20845415459223,-2.49417020113564,-2.47856363990813,1.00426485086735,-0.464837012151097,-0.231189436285271,-1.42869636417297,-0.191911054397985,-1.63070276903053,"Moderate"
"20165",1.58849052,0.914285714285714,4,12.42252285,587.1538462,-959.635210148205,0.732351582245755,-18.9070785755407,-5.15375851971792,0,38.52293133,"Central Great Plains","Elm / ash / cottonwood group",1.08857872355054,-2.98483160959738,-3.86069742597911,0.480495942055945,2.71676340856697,-0.232926017622396,-1.42587915358052,-0.0287187720841159,-1.89534495177979,"Moderate"
"20169",29.1536103,0.7,8,12.89365385,745.2307692,-595.243288411221,0.502548840599624,4.3473990456154,8.94441046852821,0,38.78387768,"Central Great Plains","Oak / hickory group",-0.16845754601514,-2.17635931062219,-2.79501566558465,1.28181628465954,0.623598975509676,-0.149360922416369,-0.936823020558268,0.0806675473169959,-1.63070276903053,"Moderate"
"20173",199.6149021,0.581081081081081,7,13.70243416,795.3184713,-791.505282435655,0.529401057518549,49.7643367102924,30.5432919792313,3,37.68445274,"Central Great Plains","Elm / ash / cottonwood group",-0.866056052368705,-0.597380130596683,-1.1623544249606,0.850224037657861,0.868183113195831,0.367401355124852,-0.781862401157824,0.268448655575613,-1.69686331471784,"Moderate"
"20175",13.22031056,0.4,2,13.13943604,498.8989899,-198.267173401135,0.329076709080197,54.806916387661,13.4169109646164,0,37.19322914,"High Plains","Aspen / birch group",-1.92830832340709,-0.422068259440357,-2.45693898300196,2.15479128083668,-0.956476585043217,-0.197663549807283,-1.69892077106261,0.137732799101414,-2.02766604315442,"Moderate"
"20177",125.8271589,0.43640897755611,17,12.53271374,913.0823529,-762.777521147393,0.411281102460447,74.880931266573,38.9568938802368,2,39.04108223,"Central Irregular Plains","Oak / hickory group",-1.7147270985532,0.275831096684135,-0.526369561068207,0.913398159103835,-0.207715664124557,0.143709971421172,-0.417526181474538,-0.00313485616978891,-1.0352578578447,"Moderate"
"20191",7.491572426,0.732394366197183,8,14.16194853,804.3090909,-1540.97694853505,0.284648646920304,53.9730264642041,24.6376291131855,0,37.23689755,"Central Great Plains","Elm / ash / cottonwood group",0.0215732891023007,-0.451059532196194,-1.60876396967743,-0.797910447288095,-1.36115078029694,-0.215030517605676,-0.754047350285091,0.37513784742718,-1.63070276903053,"Moderate"
"20197",3.342696864,0.491329479768786,18,12.32509972,895.034188,-707.124989389541,0.416462951886831,28.599439569756,34.2628712479547,0,38.95605795,"Flint Hills","Oak / hickory group",-1.39255413684075,-1.33320543390153,-0.881191120255953,1.03578151382361,-0.160516649704321,-0.227608049795035,-0.473363336997497,-0.051338293226295,-0.969097312157381,"Moderate"
"20201",2.362110796,0.672985781990521,14,11.69737503,781.4785714,-713.168528800319,0.511005342058598,19.9754741090138,41.4159549916922,0,39.78417763,"Central Great Plains","Elm / ash / cottonwood group",-0.32692752123053,-1.63302886128249,-0.340488928174803,1.02249139737949,0.700625245758787,-0.23058074749358,-0.824680086358522,-0.197082244348815,-1.23373949490664,"Moderate"
"20205",5.821093135,0.709511568123393,27,13.75363337,995.9888889,-551.49878042394,0.557924043277926,114.410138532405,51.9769499568996,0,37.55943623,"Central Irregular Plains","Oak / hickory group",-0.112661077494574,1.65011563644089,0.457817555129692,1.37801315960753,1.12798549365682,-0.220094662514395,-0.161031121165008,0.280335992936441,-0.373652400971549,"Moderate"
"20207",2.417507805,0.728070175438597,21,13.26563554,1000.746667,-623.878097866291,0.432409465669262,66.5890131895892,32.977856285381,0,37.88663075,"Central Irregular Plains","Oak / hickory group",-0.00379314579132831,-0.0124482695448534,-0.978325507607279,1.21884657003593,-0.015267401407529,-0.230412808577727,-0.146311575040215,0.167033564313766,-0.770615675095437,"Moderate"
"20209",421.2640952,0.695906432748538,28,12.64280249,1003.074074,-780.378069735161,0.360761990521611,47.4562046202787,46.0611240711397,1,39.11714021,"Central Irregular Plains","Oak / hickory group",-0.192471104381111,-0.677625358528792,0.0106397869117199,0.874693465659667,-0.667870349584516,1.03934241946876,-0.139111076410893,0.0224253450692912,-0.307491855284234,"Moderate"
"21001",18.44923912,0.789533560864619,49,13.44480765,1337.753846,-1479.33104089398,0.483535504934997,63.6511840700763,43.6660674187349,1,37.1045635,"Interior Plateau","Oak / hickory group",0.356761476285758,-0.114585737474386,-0.17040274362591,-0.662347288819651,0.450415497880582,-0.181811780744449,0.896316435643399,0.208633411600893,1.08187960414937,"Moderate"
"21003",23.61973993,0.730645161290323,46,13.89506734,1328.115385,-1605.85505571182,0.491939173938001,51.8472104694007,44.2201475323565,1,36.75198431,"Interior Plateau","Oak / hickory group",0.0113121570517826,-0.524966302862733,-0.12851978198911,-0.940581412172674,0.526960542288107,-0.166137138446541,0.866497102274001,0.313173869061314,0.88339796708743,"Moderate"
"21005",43.12351981,0.780973451327434,30,12.63779175,1189.625,-727.958722239186,0.445534131624017,45.286483595233,40.1062975418804,1,38.00771018,"Interior Plateau","White / red / jack pine group",0.30654642487384,-0.753058544938348,-0.439486043175535,0.989966848489624,0.104278970300059,-0.107010414689943,0.438037521561752,0.0212619607747408,-0.175170763909605,"Moderate"
"21007",12.37454115,0.605128205128205,37,14.09701276,1232.589744,-1050.32652656872,0.503504857374515,48.3080495238327,44.3018284743682,1,37.05841258,"Mississippi Valley Loess Plains","Oak / hickory group",-0.724991552540799,-0.648009857429767,-0.122345512823641,0.281060135688885,0.63230687993359,-0.200227543790733,0.57096123463865,0.360061181111915,0.287953055901598,"Moderate"
"21009",34.86270543,0.636150234741784,42,13.77465833,1328.3625,-1592.35345928761,0.519166822389984,78.779334171621,51.1005922084359,1,36.9646223,"Interior Plateau","Oak / hickory group",-0.543011076101689,0.411364167360742,0.391573600407859,-0.910890567708366,0.774964308158052,-0.132053503406898,0.867261623141552,0.285217529048384,0.618755784338171,"Moderate"
"21011",17.20166135,0.658783783783784,44,12.20327242,1174.731707,-1163.13180928159,0.425678192263042,55.7914588596704,50.5520625472532,1,38.14379361,"Interior Plateau","Oak / hickory group",-0.410238846512681,-0.387839353990337,0.350110197930196,0.0329943515735693,-0.0765793856865531,-0.185593877682864,0.391960863790855,-0.0796239291737815,0.751076875712801,"Moderate"
"21013",28.41610308,0.727467811158798,49,12.25849089,1308.818182,-1491.28276364378,0.343779962473328,97.6999516634286,59.1672434420367,1,36.73354102,"Central Appalachians","Oak / hickory group",-0.00732671661158625,1.06916415628483,1.00133243464221,-0.688629865345828,-0.822551607332887,-0.15159671393646,0.806795690466248,-0.0668034075009119,1.08187960414937,"Moderate"
"21015",207.5114336,0.653543307086614,33,11.9028333,1090.692308,-1532.28154658945,0.454646378424398,59.2988650184568,46.425102891132,1,38.97057537,"Interior Plateau","Maple / beech / birch group",-0.440980369810744,-0.265899796076809,0.0381529760328799,-0.778788721337338,0.187278114571228,0.39134010133243,0.13196096806633,-0.149379325318185,0.0233108731523391,"Moderate"
"21017",26.64837386,0.195876288659794,11,12.17827272,1148.227273,-636.268090735519,0.52394738572856,34.6473351147048,29.154352443744,1,38.20593628,"Interior Plateau","Oak / hickory group",-3.12573256369439,-1.12294244305549,-1.26734447937785,1.19160021044733,0.818508197489423,-0.156955677066196,0.309961823361764,-0.08542831302696,-1.43222113196858,"Moderate"
"21019",114.3835855,0.539823008849557,35,12.28058331,1090,-980.37139640218,0.409855282174206,62.7011640505194,55.8426699893445,1,38.36057849,"Western Allegheny Plateau","Oak / hickory group",-1.10808288733651,-0.147614424757598,0.750027652256673,0.434895787710809,-0.220702786426548,0.109018183092286,0.129819115435884,-0.0616740305113619,0.155631964526969,"Moderate"
"21021",64.41818375,0.655172413793103,33,12.88751242,1250.740741,-1353.54198502813,0.447724251878613,39.5523169107913,46.7179842409808,1,37.62684507,"Interior Plateau","Oak / hickory group",-0.43142375413118,-0.952414342028366,0.0602919015028322,-0.385729385596868,0.124227739353902,-0.0424545327010838,0.627116530648039,0.0792416415210294,0.0233108731523391,"Moderate"
"21023",15.82375187,0.692913385826772,34,11.79985787,1118.941176,-1026.9653284466,0.48262733730365,54.0828048223567,48.3179223393965,1,38.69157219,"Interior Plateau","Oak / pine group",-0.210028824221246,-0.447242944137789,0.181231354751216,0.332432853266196,0.442143428663425,-0.189771081983098,0.219356913560132,-0.173287969148557,0.0894714188396538,"Moderate"
"21025",10.0380069,0.735091743119266,58,12.40482885,1187.093333,-1519.63245654769,0.346758289498431,82.7642396817227,56.8293666297596,1,37.52334997,"Central Appalachians","Oak / hickory group",0.0373965586797899,0.549904614126997,0.82461213295126,-0.75097259106318,-0.795423435778873,-0.207310868971676,0.430205086253531,-0.0328269320979621,1.67732451533521,"Moderate"
"21027",13.74374785,0.698656429942418,47,12.99675856,1212.482759,-1236.25073332564,0.439426906210125,77.1800913896265,48.1754469103341,1,37.77369692,"Interior Plateau","Oak / hickory group",-0.17633915538286,0.355764402462033,0.170461625279059,-0.127798678597048,0.0486511438892345,-0.196076722420994,0.508754530812333,0.104606207137341,0.949558512774745,"Moderate"
"21029",105.1795296,0.779299847792998,46,13.16544444,1199.866667,-1490.01619519606,0.494907094524663,72.3931407493904,45.5421192721751,1,37.97248814,"Interior Plateau","Oak / hickory group",0.296728783270097,0.189339808788444,-0.0285918287878006,-0.685844603099563,0.553993926518596,0.0811156086175999,0.469723045063,0.143771381044678,0.88339796708743,"Moderate"
"21031",11.55882915,0.790798611111111,52,13.58727433,1250.876923,-1380.53561728142,0.459921602809856,48.3726862867116,35.4175596717336,1,37.20890456,"Interior River Valleys and Hills","Oak / hickory group",0.364182475151521,-0.6457626759134,-0.793908126756179,-0.445090050186283,0.235327637309475,-0.202700417171467,0.627537848580115,0.241711060412998,1.28036124121132,"Moderate"
"21033",14.19817601,0.768802228412256,39,13.90455669,1248.622642,-1126.21043316084,0.470862214851365,70.2253267147891,49.0191556250036,2,37.14749966,"Interior Plateau","Oak / hickory group",0.235147971176884,0.113972921393376,0.234237636834797,0.114186738115635,0.334980495396038,-0.194699099803796,0.620563586128121,0.315377088696636,0.420274147276227,"Moderate"
"21035",39.09951233,0.72938689217759,34,14.26705728,1340.796875,-1306.3702256877,0.462664244887403,51.8724181611797,51.3800879079989,1,36.6210149,"Mississippi Valley Loess Plains","Oak / hickory group",0.00393093746441127,-0.524089924521476,0.412700703465093,-0.281995773238767,0.260309066200206,-0.119209402790113,0.905730915424326,0.399541801527741,0.0894714188396538,"Moderate"
"21037",238.8150565,0.698275862068966,38,11.99713993,1095.24,-1008.36491847736,0.423923759615494,41.4117058066143,39.094791533442,2,38.94378654,"Interior Plateau","Oak / hickory group",-0.178571630942677,-0.887770257573535,-0.515945866051889,0.373336303644761,-0.0925596824912663,0.486238663312561,0.146030552807021,-0.127483387350141,0.354113601588913,"Moderate"
"21039",9.656631266,0.538461538461538,29,14.16147216,1265.375,-1225.72721462337,0.62080652131444,94.3582258895566,60.2719640162816,1,36.85377799,"Mississippi Valley Loess Plains","Oak / hickory group",-1.11606950307235,0.952984693432093,1.08483835426105,-0.104656810984557,1.70075223066653,-0.208467029054376,0.672391792718936,0.375027244726502,-0.24133130959692,"Moderate"
"21041",32.07873475,0.736842105263158,28,12.33766677,1154.863636,-1122.27478976319,0.377785608897443,103.280665891974,55.1785692215396,1,38.66601168,"Interior Plateau","Oak / hickory group",0.0476644792786093,1.26318497824348,0.699828220266343,0.122841461032481,-0.512810265222672,-0.140493255411668,0.330493308695091,-0.04842049892868,-0.307491855284234,"Moderate"
"21043",25.4348351,0.696319018404908,53,11.95438021,1104.421875,-1309.3111940325,0.375157178021152,81.2157029508641,59.0911332497702,1,38.31659899,"Western Allegheny Plateau","Oak / hickory group",-0.190050807087433,0.496067711348936,0.99557925891094,-0.28846314427819,-0.536751398324878,-0.160634582974277,0.174437306912386,-0.137411259617986,1.34652178689863,"Moderate"
"21045",13.87829834,0.751736111111111,49,12.965423,1322.268657,-1683.04648912455,0.396939475251976,61.0638426918144,44.2133582250312,2,37.32522799,"Interior Plateau","Oak / hickory group",0.135035238511944,-0.204538041129404,-0.12903298629162,-1.11033014198397,-0.338346760037088,-0.195668825608043,0.848408578457574,0.0973307750923839,1.08187960414937,"Moderate"
"21047",38.4590061,0.65025716385011,52,13.84365912,1273.81982,-1319.33495235946,0.469104929236862,59.9048587716043,43.9919734952632,1,36.89262217,"Interior Plateau","Oak / hickory group",-0.46025744224202,-0.244831631452632,-0.145767476333576,-0.310506007957624,0.31897421226533,-0.121151130760721,0.698518256562548,0.301238004147388,1.28036124121132,"Moderate"
"21049",55.28343415,0.668965517241379,36,12.36844997,1169.6,-1365.05329185796,0.504870986828794,32.7585848963978,43.4976407285536,1,37.96961145,"Interior Plateau","Oak / hickory group",-0.35051107471086,-1.1886073122502,-0.183134131073419,-0.411043460312696,0.644750306692407,-0.0701470015203584,0.376084461760793,-0.0412733128012795,0.221792510214283,"Moderate"
"21051",16.54500703,0.70546056260342,55,12.51570048,1237.565217,-1347.88741610085,0.392610434483152,66.9306522515091,54.3984951840769,1,37.16443333,"Central Appalachians","Oak / hickory group",-0.136424961539719,-0.000570741169035036,0.640862359226208,-0.373294639270756,-0.377777943937021,-0.187584559428715,0.58635428214462,-0.00708496323643116,1.47884287827326,"Moderate"
"21053",19.91677988,0.774744027303754,42,13.61273886,1334.8,-1331.91624007482,0.460490569594527,53.0489859329468,47.0367379725702,1,36.7257964,"Southwestern Appalachians","Oak / hickory group",0.270003569171249,-0.483185008623676,0.0843865224494036,-0.338173036728211,0.240510086521061,-0.177362854554145,0.887177868957715,0.247623367631116,0.618755784338171,"Moderate"
"21055",9.589183679,0.660033167495854,44,13.78466966,1228.736842,-1067.11845406257,0.44719998959928,63.4900056738547,53.0332126917154,1,37.35843648,"Interior Plateau","Oak / hickory group",-0.402909750189523,-0.120189315015937,0.537660542656372,0.244133649974807,0.119452482327668,-0.208671499924593,0.559041181304655,0.287541941029362,0.751076875712801,"Moderate"
"21057",8.425547631,0.762637362637363,49,13.78322619,1329.02381,-1436.82282414477,0.435992137333855,58.3973323964236,45.6184016813959,1,36.78923069,"Interior Plateau","Oak / hickory group",0.198983825088677,-0.297242755631111,-0.0228256351627043,-0.568869094663824,0.0173654594971331,-0.212199123164121,0.869307574601076,0.287206798849234,1.08187960414937,"Moderate"
"21059",85.07297341,0.575498575498576,44,13.45853476,1201.833333,-1303.27595726211,0.464309344730751,55.9035357317414,47.5643630782378,1,37.73043966,"Interior River Valleys and Hills","Oak / hickory group",-0.89880397499926,-0.383942855092303,0.124269747845903,-0.275191285853092,0.275293502226764,0.0201615371064809,0.47580748832425,0.211820546471903,0.751076875712801,"Moderate"
"21061",15.54555924,0.779856115107914,44,13.52192005,1289.9,-1559.9080218382,0.502780955151445,37.9535316616097,40.201006397358,2,37.21220025,"Interior River Valleys and Hills","Maple / beech / birch group",0.299991941492072,-1.00799820020102,-0.432326992953165,-0.839541046761382,0.625713197127689,-0.190614437419138,0.748266888430223,0.226537225224251,0.751076875712801,"Moderate"
"21063",12.29397783,0.746561886051081,35,12.05199999,1127.194444,-1550.45513147028,0.429918730803969,59.2122700323043,53.7635196539085,1,38.11588091,"Western Allegheny Plateau","Oak / hickory group",0.104682358530961,-0.268910383916062,0.592864506358831,-0.818753556983595,-0.037954326702073,-0.200471775688132,0.244890756554256,-0.114746080644524,0.155631964526969,"Moderate"
"21065",21.64269208,0.765853658536585,45,12.60668426,1191.473684,-1641.01887643747,0.421871756041431,70.2957281260161,57.8263835116288,1,37.69241422,"Western Allegheny Plateau","Oak / hickory group",0.217851161217238,0.116420518441697,0.899976721551325,-1.01790882584533,-0.11125041205771,-0.172130661896854,0.443756953791718,0.0140394815982338,0.817237421400115,"Moderate"
"21067",438.5955909,0.537037037037037,11,12.54394962,1161.488372,-1596.76488486379,0.481352524761924,20.0396425067586,35.5723358615299,2,38.0373395,"Interior Plateau","Oak / hickory group",-1.12442586953669,-1.63079796309198,-0.782208581762302,-0.920591565022533,0.43053176445071,1.09188375067982,0.350988822581411,-0.000526130447150246,-1.43222113196858,"Moderate"
"21069",16.08347913,0.565110565110565,43,11.97789286,1146.928571,-1413.78496572512,0.394049357793899,65.5098043450311,53.5014068072939,1,38.36602943,"Interior Plateau","Oak / hickory group",-0.959741802188915,-0.0499683751283247,0.573051374594335,-0.518207421063354,-0.364671472385038,-0.18898370527722,0.305943917610471,-0.131952136268288,0.684916330025486,"Moderate"
"21071",35.27473296,0.714285714285714,52,12.63770218,1139.180328,-1287.47626828279,0.367530424151072,66.5778081247479,58.7745399996598,1,37.56202246,"Central Appalachians","Oak / hickory group",-0.0846551280440959,-0.0128378282646831,0.971647948938138,-0.240446793918177,-0.606219890415875,-0.130804420506234,0.281972513768706,0.0212411645787172,1.28036124121132,"Moderate"
"21073",94.26499929,0.635245901639344,27,12.50313445,1147.451613,-1076.07015216421,0.430643420282205,59.1089278402919,46.4246944452836,1,38.23943616,"Interior Plateau","Oak / gum / cypress group",-0.54831604714619,-0.27250321024906,0.038122101577402,0.22444831294676,-0.031353473161386,0.0480276419494494,0.307562097500829,-0.0100025207123434,-0.373652400971549,"Moderate"
"21075",11.36960307,0.600877192982456,30,14.44855705,1288.605263,-1368.56354521882,0.476825713815215,91.9691136419089,50.4443383179274,1,36.55253159,"Mississippi Valley Loess Plains","Elm / ash / cottonwood group",-0.749928709305462,0.869924084510554,0.341967314521665,-0.418762724264382,0.389299185583497,-0.203274065881027,0.74426124953946,0.441682080584837,-0.175170763909605,"High"
"21077",34.38515913,0.603238866396761,27,12.20657842,1121.529412,-1185.48623119281,0.474256630114243,50.7756587434425,40.2259256671499,1,38.75400334,"Interior Plateau","Oak / hickory group",-0.736074733325094,-0.56222019871323,-0.430443343287615,-0.0161644029323375,0.365898617818721,-0.133501209868661,0.227364361234889,-0.0788563482420659,-0.373652400971549,"Moderate"
"21079",29.45403916,0.78134110787172,34,12.85821898,1208.914286,-821.64758620987,0.488912376724449,43.8736764368972,37.986353787514,1,37.63565383,"Interior Plateau","Oak / hickory group",0.308703160391423,-0.802176631782372,-0.599732766985836,0.783939249915915,0.49939087872317,-0.148450156691826,0.497714439867659,0.0724403450998699,0.0894714188396538,"Moderate"
"21081",37.57645815,0.710122699386503,39,11.98267954,1123.769231,-833.811517552,0.446112745611814,46.1994371999558,42.9280716156715,1,38.64959373,"Interior Plateau","Oak / hickory group",-0.109076078066332,-0.7213185199981,-0.226187907445979,0.75719001358812,0.109549291319949,-0.123826620802275,0.234293881357252,-0.130840773807845,0.420274147276227,"Moderate"
"21083",25.97906961,0.663479923518164,41,14.21563438,1325.840909,-1234.17950090793,0.469879488617075,65.7024690322546,46.9876928417705,1,36.72281756,"Mississippi Valley Loess Plains","Oak / hickory group",-0.382690495971714,-0.0432701355398676,0.0806791969539457,-0.123243910580624,0.326029307145135,-0.158984707733192,0.859460360818628,0.387602528238717,0.552595238650857,"Moderate"
"21085",20.32191936,0.81304347826087,51,13.27044651,1256.858974,-1079.6691097282,0.386386681569291,72.9378042269545,47.2240191495235,1,37.46237888,"Interior River Valleys and Hills","Oak / hickory group",0.494674630973134,0.208275746247364,0.0985431221121493,0.216533982973567,-0.434467164205294,-0.176134653135536,0.64604503276665,0.168150566381236,1.214200695524,"Moderate"
"21087",14.84754073,0.696378830083565,40,13.47872616,1329.404762,-1375.44987714537,0.482273205906328,43.3744484403486,40.1246907994379,1,37.26478991,"Interior Plateau","Oak / hickory group",-0.189699941656827,-0.819532945377446,-0.438095695314787,-0.433906193505855,0.438917813337021,-0.192730516859723,0.8704861584731,0.216508548173247,0.486434692963542,"Moderate"
"21089",39.63332355,0.655737704918033,43,11.98774843,1077.075472,-1128.73049793037,0.386320235910794,62.7366591313005,49.1858123942121,1,38.5425856,"Western Allegheny Plateau","Oak / hickory group",-0.428107660712311,-0.146380391896103,0.246835235809518,0.108644960035383,-0.435072386267053,-0.11759112629513,0.0898333947825424,-0.129663888354438,0.684916330025486,"Moderate"
"21091",17.99735335,0.642023346303502,39,13.17340863,1207.741935,-1226.71695622735,0.498335432858062,56.6362034105667,46.5424579039106,1,37.83814511,"Interior River Valleys and Hills","Oak / hickory group",-0.508558409609692,-0.358470705928831,0.0470238511595211,-0.1068333139032,0.58522103813856,-0.183181695974047,0.494087437040657,0.145620491867594,0.420274147276227,"Moderate"
"21093",67.89787826,0.72621359223301,48,13.13794106,1232.878788,-1048.562250958,0.454627426710666,68.3120605483693,49.9594919751719,1,37.69748794,"Interior Plateau","Oak / hickory group",-0.0146841771168121,0.0474557232298006,0.30531773935348,0.284939886727521,0.187105492378625,-0.0319056576975724,0.571855474849242,0.137385697425281,1.01571905846206,"Moderate"
"21095",21.80446267,0.721046077210461,52,11.60305069,1275.492754,-1584.64630891701,0.369157544759786,80.4311884894813,54.8661642571512,2,36.85703697,"Central Appalachians","Oak / hickory group",-0.0449976948822034,0.468793041046455,0.676213503157834,-0.893942068010493,-0.591399218729985,-0.171640245934117,0.703693955945572,-0.218982294191723,1.28036124121132,"Moderate"
"21097",23.64276415,0.599303135888502,28,12.09496182,1126.291667,-1302.63851741547,0.421900450964038,52.8280329108257,40.0314455268501,1,38.44208096,"Interior Plateau","Oak / hickory group",-0.75916239464031,-0.4908667291366,-0.445144113185411,-0.273789516258794,-0.110989043585863,-0.166067339325344,0.242097757929141,-0.10477128285275,-0.307491855284234,"Moderate"
"21099",17.62504756,0.776942355889724,39,13.45738338,1311.183333,-1138.83250831782,0.393014362399397,64.243804334787,45.5257585734371,1,37.29943541,"Interior Plateau","Oak / hickory group",0.28289933674119,-0.0939825196496146,-0.029828535359195,0.0864300152416855,-0.374098755683014,-0.184310360352631,0.814112960945214,0.211553221204765,0.420274147276227,"Moderate"
"21101",40.30688582,0.547738693467337,33,13.58665756,1166.246575,-1194.70971877543,0.458390694830621,58.0781542018387,44.9149969157578,1,37.79347665,"Interior River Valleys and Hills","Oak / hickory group",-1.06164814157588,-0.30833940260649,-0.0759960596015109,-0.0364474218161639,0.221383320938556,-0.1155491872189,0.365709683255773,0.241567859901427,0.0233108731523391,"Moderate"
"21103",21.57652506,0.657355679702048,38,12.27505321,1172.191489,-1073.19396107109,0.481909634567929,55.4860291125649,39.6624182527516,2,38.44945147,"Interior Plateau","Oak / hickory group",-0.418616346774146,-0.398458018225269,-0.473038915370201,0.230773234808765,0.435606214054243,-0.172331250661566,0.38410197352062,-0.0629579988448408,0.354113601588913,"Moderate"
"21105",7.109299653,0.617886178861789,31,14.2681711,1291.405405,-1674.52644338892,0.472274068782911,106.900191541637,63.4949902132647,1,36.67949832,"Mississippi Valley Loess Plains","Maple / beech / birch group",-0.65015111923082,1.3890225167535,1.32846717118486,-1.09159403516983,0.347840404781867,-0.216189397411945,0.75292428897902,0.399800406183931,-0.10901021822229,"Moderate"
"21107",32.08281788,0.794759825327511,57,13.84871223,1221.535714,-1313.88663043915,0.437886911829966,72.7480137917702,52.8648284066711,1,37.30935077,"Interior River Valleys and Hills","Oak / hickory group",0.387419628212012,0.20167743378657,0.524932360616677,-0.298524811538707,0.0346240637919018,-0.140480877190571,0.536762434057796,0.302411225829742,1.61116396964789,"Moderate"
"21109",14.95216079,0.726696832579185,47,12.27337274,1216.981818,-1663.93475996465,0.351140615834274,68.6743083825564,51.6033463413461,1,37.41861617,"Southwestern Appalachians","Oak / hickory group",-0.0118494074538675,0.0600497425010652,0.429576826915643,-1.06830226912347,-0.755506898863217,-0.19241335570301,0.522673655470263,-0.0633481672442117,0.949558512774745,"Moderate"
"21111",779.1148918,0.737127371273713,39,13.3156774,1169.564516,-1369.57687086785,0.41617346494801,43.3263303300947,36.7320215253915,2,38.18573305,"Interior Plateau","Oak / hickory group",0.0493378979800717,-0.821205834351909,-0.694547846471173,-0.42099108995476,-0.163153449247418,2.12418573326885,0.375974681866961,0.17865219030396,0.420274147276227,"Moderate"
"21113",119.9254291,0.687150837988827,24,12.69791352,1176.37037,-850.028131559987,0.518505395004498,58.0755409553502,43.1653881180061,1,37.86689624,"Interior Plateau","Oak / hickory group",-0.243832905195799,-0.30843025553515,-0.208249133397417,0.72152867776375,0.768939679085169,0.125818570384161,0.397030536042173,0.035220921522771,-0.572134038033493,"Moderate"
"21115",33.05452633,0.635869565217391,48,12.44932911,1135.9,-1624.07470830857,0.393382858782147,67.6053305872672,62.4412715185857,1,37.85107079,"Central Appalachians","Oak / hickory group",-0.544657531037333,0.0228853327133932,1.24881648786263,-0.980647553571616,-0.370742296501729,-0.137535092453018,0.271823881721228,-0.0224949444898601,1.01571905846206,"Moderate"
"21117",401.1843514,0.651282051282051,33,11.94070512,1094.769231,-1408.77873114428,0.451729903835685,61.2998101207035,48.7088487755337,2,38.93942744,"Interior Plateau","Oak / hickory group",-0.454245279095885,-0.196334325147253,0.210781516406588,-0.507198402009502,0.160713327592273,0.978469631113347,0.144574094379584,-0.14058631658214,0.0233108731523391,"Moderate"
"21119",16.52080875,0.767006802721088,46,12.36061214,1156.654545,-1574.61336055524,0.382816391770264,74.0365812289489,54.3054129459198,1,37.35383279,"Central Appalachians","Oak / hickory group",0.22461570018238,0.246476164392011,0.633826265141692,-0.871878994876889,-0.466987244555503,-0.187657917773905,0.336033997452897,-0.0430930855943913,0.88339796708743,"Moderate"
"21121",31.27159211,0.785995279307632,54,12.73389546,1270.779661,-1344.95769194082,0.332184222743682,85.6865669680399,55.460701703137,1,36.89225095,"Central Appalachians","Oak / hickory group",0.336005317790107,0.651503140570669,0.721154637895742,-0.366851994888141,-0.92817171353014,-0.14294015033158,0.689112655946747,0.0435751414350917,1.41268233258595,"Moderate"
"21123",21.06376983,0.714285714285714,39,13.26182494,1294.675,-1602.47501198439,0.456930230904258,69.1125426821758,43.9173849549082,1,37.54565946,"Interior Plateau","Maple / beech / birch group",-0.0846551280440959,0.0752855305275719,-0.151405630270945,-0.933148487247313,0.208080646111753,-0.17388569482703,0.763039715423959,0.166148826292473,0.420274147276227,"Moderate"
"21125",53.9409416,0.797936371453138,47,12.69391918,1221.181818,-1789.47646054506,0.338105355979981,73.3327482992847,54.9069361170045,1,37.10970391,"Southwestern Appalachians","Oak / hickory group",0.406053785440699,0.222006492958825,0.67929545141787,-1.34437622279564,-0.874238912707861,-0.0742168375540667,0.535667555653236,0.0342935230899855,0.949558512774745,"Moderate"
"21127",14.49663374,0.722144846796657,47,12.3513005,1117.606061,-1491.39971616598,0.4238963225562,58.6225768098518,52.2385388416033,1,38.07133117,"Western Allegheny Plateau","Oak / hickory group",-0.0385521265140643,-0.289411839292232,0.477591080569986,-0.68888705116573,-0.0928095936814046,-0.193794309662434,0.215226353788039,-0.045255044852407,0.949558512774745,"Moderate"
"21129",13.10306544,0.791955617198336,45,12.41045317,1204.28125,-1498.72506538486,0.389126326591443,49.9480020877081,43.6420530977327,1,37.59647105,"Western Allegheny Plateau","Oak / hickory group",0.370969668691687,-0.59099476377226,-0.172217988137565,-0.704995946548984,-0.409513034073977,-0.198018984490442,0.48338081907525,-0.0315210879401076,0.817237421400115,"Moderate"
"21131",9.71001892,0.751617076326003,57,12.29414551,1250.126984,-1631.19569030415,0.356957120943351,84.5272505564797,60.2007401470989,1,37.0924054,"Central Appalachians","Oak / hickory group",0.134336960314914,0.611197990751219,1.07945453609601,-0.996307032808071,-0.70252710614271,-0.20830518160278,0.625217697982658,-0.0585251841374624,1.61116396964789,"Moderate"
"21133",25.0629659,0.804838709677419,51,12.07582694,1163.615385,-1444.17580710702,0.425920958083742,64.3904918525636,48.5792829402968,1,37.12307737,"Central Appalachians","Oak / hickory group",0.44654406974011,-0.088882736431095,0.200987624199922,-0.58503875835555,-0.074368146700407,-0.161761923807555,0.357569345107574,-0.10921398370534,1.214200695524,"Moderate"
"21135",10.67131592,0.738479952124476,48,11.83441552,1115.093333,-1330.51213090985,0.373695229709442,80.1134475509849,55.9431167878784,1,38.53224302,"Western Allegheny Plateau","Oak / hickory group",0.0572723661857412,0.457746362156923,0.757620434069463,-0.335085313949497,-0.550067593715409,-0.205390959717753,0.207452511688287,-0.165264438239633,1.01571905846206,"Moderate"
"21137",28.41216033,0.609929078014184,41,12.79834643,1272.098039,-1567.88627716437,0.425614512786786,83.9565167455301,45.7923313761503,1,37.4551738,"Interior Plateau","Oak / hickory group",-0.696828819605632,0.591355684088458,-0.00967827514416066,-0.857085723001379,-0.0771594119032113,-0.151608666588281,0.69319143502661,0.0585392477879566,0.552595238650857,"Moderate"
"21139",11.30443933,0.64390243902439,49,14.01198183,1254.218182,-1132.948920788,0.461679757154502,62.342590192044,45.0509471064707,1,37.21099155,"Interior Plateau","Oak / hickory group",-0.497535333657537,-0.160080713462801,-0.0657195734361317,0.0993683876201396,0.25134183329198,-0.203471613150204,0.637874988087605,0.340318857919525,1.08187960414937,"Moderate"
"21141",18.91242208,0.717201166180758,47,13.73996917,1289.308642,-1377.77930809605,0.460627191028253,60.252291194979,45.5348909344063,1,36.85970113,"Interior Plateau","Oak / hickory group",-0.0675525937642889,-0.232752689296188,-0.0291382194378633,-0.439028756043939,0.241754506512834,-0.180407617495418,0.746437353472031,0.277163464392235,0.949558512774745,"Moderate"
"21143",14.85243408,0.671480144404332,41,14.20923072,1273.538462,-1425.92691264406,0.400355467483478,52.7052606999338,41.4976957287771,2,37.02078323,"Interior Plateau","Oak / hickory group",-0.335759846152281,-0.495135065463352,-0.334310139094802,-0.544908312286685,-0.307232103217238,-0.19271568241453,0.697647795189291,0.386115738369029,0.552595238650857,"Moderate"
"21145",101.6544459,0.711627906976744,35,14.22097806,1255.578947,-1471.69247948198,0.518591326118185,43.8455628871875,40.8325479805042,2,37.05353237,"Mississippi Valley Loess Plains","Oak / hickory group",-0.100246275573592,-0.803154036071405,-0.384588712425342,-0.645549620478143,0.769722384937912,0.0704291339223786,0.642084903464386,0.388843213923287,0.155631964526969,"Moderate"
"21147",15.68005989,0.803899082568807,52,12.99635854,1308.318182,-1688.11109550066,0.347216032653151,82.2595269908928,56.8137853535516,1,36.73871187,"Southwestern Appalachians","Oak / hickory group",0.441032058081612,0.53235761796889,0.823434342993403,-1.12146752422096,-0.791254069982486,-0.190206691698741,0.805248797587323,0.104513331237672,1.28036124121132,"Moderate"
"21149",14.06945434,0.717391304347826,30,13.64413598,1190.710526,-1314.92537595715,0.519196838500856,64.8049629426712,37.5039768446126,1,37.5301945,"Interior River Valleys and Hills","Oak / hickory group",-0.066437211093867,-0.0744731074324547,-0.636195680014715,-0.300809077091011,0.77523771070863,-0.195089326245563,0.441395906440329,0.254913092562388,-0.175170763909605,"Moderate"
"21151",81.29802684,0.684546615581098,40,12.71234345,1180.80303,-919.43869234196,0.460493214143258,54.52931311176,45.7587728356227,3,37.71653094,"Interior Plateau","Elm / ash / cottonwood group",-0.259109714624944,-0.431719500045588,-0.0122149679994909,0.568890567453872,0.240534174464075,0.00871759011704702,0.410744236419566,0.0385712358343228,0.486434692963542,"Moderate"
"21153",15.45439113,0.717369970559372,46,12.27664013,1151.204545,-1477.1697917823,0.305842087361258,99.0239980285312,65.3851988722285,1,37.70816306,"Central Appalachians","Oak / hickory group",-0.0665623587078522,1.11519635817658,1.47134820012393,-0.657594568533297,-1.16810975986632,-0.190890818289336,0.319172865072611,-0.0625895507104915,0.88339796708743,"Moderate"
"21155",21.67395245,0.713953488372093,46,13.21962821,1288.346154,-1213.31000891442,0.438321619375201,62.3821845753402,42.826412951939,1,37.55114092,"Interior Plateau","Oak / hickory group",-0.086604021485281,-0.158704162993189,-0.233872294249408,-0.0773506086806077,0.0385836091217339,-0.172035894458291,0.743459621805529,0.156351667995816,0.88339796708743,"Moderate"
"21157",39.89331787,0.678217821782178,44,14.30950957,1306.480769,-1002.07980176233,0.449487726578966,62.5248553849842,46.0249316103776,1,36.88008263,"Mississippi Valley Loess Plains","Oak / hickory group",-0.296235490248219,-0.153744025881161,0.00790399580791623,0.387157663501983,0.140290395938998,-0.116802939982964,0.799564235416633,0.409398295269925,0.751076875712801,"Moderate"
"21159",19.2043574,0.670640834575261,43,12.52106018,1158.75,-1527.47448081527,0.359455766509242,99.8172885597072,61.2580888653465,1,37.79986799,"Central Appalachians","Oak / hickory group",-0.340683379669492,1.1427761400123,1.15937961320016,-0.768217686791012,-0.679768126019692,-0.179522600379421,0.342516886288114,-0.0058405580580538,0.684916330025486,"Moderate"
"21161",27.53067431,0.559027777777778,29,11.78691023,1128.794872,-1325.8772754278,0.433366664255064,53.4762879191027,45.2328954759479,1,38.59471408,"Interior Plateau","Oak / hickory group",-0.995424462243299,-0.468329296758971,-0.0519660811317751,-0.324892980472151,-0.00654873242724913,-0.154280937333773,0.249842137907122,-0.176294128124575,-0.24133130959692,"Moderate"
"21163",35.87312052,0.681710213776722,45,12.93315597,1178.234043,-1248.585617578,0.434403309596606,78.2158926713074,47.4855925696478,1,37.96162673,"Interior Plateau","Oak / hickory group",-0.275748527693034,0.39177538740543,0.118315478583608,-0.154923850933363,0.00289357945757437,-0.128990377475745,0.402796341026863,0.0898390760751143,0.817237421400115,"Moderate"
"21165",12.25717013,0.8147512864494,42,12.06197305,1200.483871,-1694.32803323271,0.385124015511708,74.5500288519677,57.5642640490044,1,37.93902268,"Western Allegheny Plateau","Oak / hickory group",0.504692922867203,0.264326841880793,0.880163089682101,-1.13513895428353,-0.445968191841558,-0.200583360146294,0.471632542007889,-0.112430554120974,0.618755784338171,"Moderate"
"21167",33.62409807,0.620253164556962,29,12.82696491,1204.026316,-775.300856229431,0.406647623590159,67.8260295117165,46.7044183857025,1,37.81457463,"Interior Plateau","Oak / hickory group",-0.636265980511733,0.0305582191887508,0.05926645737982,0.885858571753373,-0.249919830633345,-0.135808406080543,0.482592107896858,0.0651838332515626,-0.24133130959692,"Moderate"
"21169",13.41302926,0.701086956521739,44,13.5849281,1342.545455,-1407.71939996037,0.464168965894221,43.1140600331791,40.5853732054585,1,36.99452983,"Interior Plateau","Oak / hickory group",-0.16208127508256,-0.828585688578149,-0.403272674123873,-0.504868867306386,0.27401485783082,-0.197079313038424,0.911140647324788,0.241166317094965,0.751076875712801,"Moderate"
"21171",12.44226453,0.626146788990826,45,13.79694213,1347.693878,-1468.41354644391,0.437581945750628,57.0291100997565,43.3354420040922,1,36.71230211,"Interior Plateau","Oak / hickory group",-0.601692982039761,-0.344810791504307,-0.195394746076819,-0.638339044203796,0.0318462720824269,-0.200022236839682,0.927068765077579,0.290391340290417,0.817237421400115,"Moderate"
"21173",54.8621775,0.682926829268293,31,12.24581028,1177.758621,-1541.50785752296,0.437500596102938,50.4759087880117,56.1133087419188,1,38.03254848,"Interior Plateau","Oak / hickory group",-0.268611655297606,-0.572641397569333,0.770485257958151,-0.799077948944156,0.031105296635543,-0.0714240629786207,0.401325487214294,-0.0697475679481353,-0.10901021822229,"Moderate"
"21175",13.44322625,0.798642533936652,42,12.11756018,1161.311475,-1389.70514089408,0.384503928748291,85.092024960171,62.9588381439199,1,37.92467097,"Western Allegheny Plateau","Oak / hickory group",0.410196254092623,0.630833110834039,1.28793939189843,-0.465254398967077,-0.451616268750026,-0.196987769291673,0.350441541162204,-0.0995244376549145,0.618755784338171,"Moderate"
"21177",25.45744339,0.810463968410661,54,13.73730047,1243.211268,-1272.56884785728,0.405384018545011,74.0556342749903,51.6115951011101,1,37.21427466,"Interior River Valleys and Hills","Oak / hickory group",0.479542789589199,0.247138568432494,0.430200351348759,-0.207664455644148,-0.261429411063018,-0.160566044766521,0.603821954316518,0.27654385058931,1.41268233258595,"Moderate"
"21179",42.45967304,0.746031746031746,44,13.20064611,1240.984615,-1501.80788664401,0.472244391778986,77.134419315606,51.0351387097274,1,37.805055,"Interior Plateau","Oak / hickory group",0.101572467447118,0.354176553133234,0.386625965024441,-0.711775260908622,0.347570090996006,-0.109022900722292,0.596933166977443,0.151944439319495,0.751076875712801,"Moderate"
"21181",14.22252046,0.492354740061162,29,12.04383332,1143.96875,-1134.21340114347,0.464728312341806,40.86232857183,43.1207758410161,1,38.33342748,"Interior Plateau","Oak / hickory group",-1.3865397864322,-0.906870074961247,-0.211621379106597,0.0965877172177035,0.279109679944146,-0.194625298336644,0.296786865554884,-0.116642202897281,-0.24133130959692,"Moderate"
"21183",15.83169143,0.72262118491921,51,13.44080493,1225.180851,-1282.16139158247,0.482637129339932,44.9668391707913,43.6663684337708,1,37.47744721,"Interior River Valleys and Hills","Oak / hickory group",-0.0357578464631433,-0.764171401003877,-0.170379989874438,-0.228759051780276,0.442232619688414,-0.189747012793753,0.548039706993811,0.207704067515292,1.214200695524,"Moderate"
"21185",137.141246,0.762589928057554,28,12.50538883,1181,-1463.26676047919,0.473300609011469,48.9679257232818,44.8885569661733,2,38.39790358,"Interior Plateau","White / red / jack pine group",0.198705565814836,-0.625068399156704,-0.0779946575784143,-0.627020943975621,0.357190673974167,0.178009215292653,0.41135361940029,-0.00947910295649309,-0.307491855284234,"Moderate"
"21187",11.92809973,0.686635944700461,42,12.13804014,1140.685185,-1180.31070414501,0.420763492165068,46.7214257313595,45.6218890336927,1,38.51673404,"Interior Plateau","Oak / hickory group",-0.246853356375148,-0.703170906669701,-0.0225620259140232,-0.004783099287273,-0.121345063286969,-0.201580954189961,0.286628218922908,-0.0947694386294165,0.618755784338171,"Moderate"
"21189",8.636996569,0.71927374301676,50,12.48813435,1213.225806,-1217.95775128511,0.321009405629054,87.8935391267797,55.9761076280748,1,37.42824913,"Central Appalachians","Oak / hickory group",-0.0553945072441471,0.728231411315712,0.760114214409783,-0.0875712812220332,-1.029957834804,-0.211558104703972,0.511053359038347,-0.0134852160341299,1.14804014983669,"Moderate"
"21191",20.32078341,0.637410071942446,39,11.96003091,1112.534884,-1055.53414622089,0.422415046367266,51.3847652948982,47.0788125904702,1,38.69605,"Interior Plateau","Oak / hickory group",-0.535620657845114,-0.541043813588662,0.0875669462979883,0.269608258424608,-0.106301837559791,-0.17613809682708,0.199537218609899,-0.136099290600791,0.420274147276227,"Moderate"
"21193",29.85368271,0.774526678141136,52,12.45461952,1203.018868,-1436.87801895384,0.355916060726612,64.1607817211027,50.0423573031121,1,37.25017905,"Central Appalachians","Maple / beech / birch group",0.268728562195253,-0.0968689092923222,0.311581536349288,-0.568990471458082,-0.712009631036624,-0.147238616471041,0.479475279622683,-0.0212666269348219,1.28036124121132,"Moderate"
"21195",28.75656201,0.726782752902156,59,12.46823445,1153.90678,-1534.12024200483,0.351062387044117,81.6658099285054,59.834051222907,1,37.47078374,"Central Appalachians","Oak / hickory group",-0.0113453842966203,0.511716268539804,1.05173648997415,-0.782832126122968,-0.756219447895594,-0.150564594971396,0.327533001229977,-0.0181055378075858,1.74348506102252,"Moderate"
"21197",26.49717512,0.832635983263598,38,12.40652977,1194.035714,-1906.36203833287,0.431606320227663,76.2994590959503,51.9478885313243,2,37.83220909,"Western Allegheny Plateau","Oak / hickory group",0.609607581506822,0.325148070131588,0.455620799565726,-1.60141482780059,-0.0225828731938314,-0.15741404391546,0.451683325716904,-0.0324320156556225,0.354113601588913,"Moderate"
"21199",37.99327208,0.735069885641677,52,13.10708338,1279.586538,-1398.6124176349,0.416232211519014,66.6545176714757,48.082923408081,1,37.10465173,"Interior Plateau","Oak / hickory group",0.0372683390167006,-0.0101709206434194,0.163467766087759,-0.484842050678991,-0.162618354530493,-0.122563027680909,0.716359246580489,0.130221218669994,1.28036124121132,"Moderate"
"21201",8.265230002,0.734782608695652,28,11.89823805,1128.428571,-801.079131727422,0.449094821921832,54.1061179885726,36.5281009344425,1,38.5193623,"Interior Plateau","Oak / pine group",0.0355831238274048,-0.446432431453135,-0.709962220814705,0.829170551735494,0.136711613336125,-0.212685134399969,0.248708881090235,-0.150446241917237,-0.307491855284234,"Moderate"
"21203",20.48534946,0.761194029850746,45,12.59636997,1232.2,-1428.15164053352,0.427582808004559,98.1811297550837,57.905054270525,1,37.36639699,"Southwestern Appalachians","Oak / hickory group",0.190516990666799,1.08589294135214,0.905923450726012,-0.549800626326151,-0.0592311421441698,-0.175639206281866,0.569755450202242,0.0116447289278815,0.817237421400115,"Moderate"
"21205",33.85022632,0.806418219461698,36,11.97113705,1166.666667,-1661.57985961499,0.313889523069694,108.959373428654,67.7401950762884,1,38.19452147,"Western Allegheny Plateau","Oak / hickory group",0.455809741479315,1.46061266559822,1.6493625580563,-1.0631236978039,-1.09480947597261,-0.1351228865221,0.36700935790236,-0.133520687670071,0.221792510214283,"Moderate"
"21207",27.16036121,0.741428571428571,42,13.55749995,1322.418605,-1316.41555665781,0.426543697277364,51.1045240741039,40.2129202476177,1,36.99306758,"Interior Plateau","Oak / hickory group",0.0745694661008892,-0.550786765794867,-0.431426424026206,-0.304086076492924,-0.0686959100603078,-0.155403560768915,0.848872485444393,0.23479810023706,0.618755784338171,"Moderate"
"21209",76.68248692,0.513595166163142,24,12.22292559,1141.170213,-680.804239102806,0.412571592620868,59.7028739844341,40.2196906815039,3,38.29617998,"Interior Plateau","Elm / ash / cottonwood group",-1.26193985180651,-0.251853896493449,-0.430914646368519,1.09366246940795,-0.195961199901657,-0.00527465936056504,0.288128791641467,-0.0750608927128729,-0.572134038033493,"Moderate"
"21211",48.90183537,0.656108597285068,28,12.4683418,1195.491525,-1096.68085082599,0.537965900025632,33.7141109333246,32.4255816980412,2,38.21478169,"Interior Plateau","Oak / hickory group",-0.425931943310793,-1.15538720107892,-1.02007198936304,0.179124113567615,0.946196210786154,-0.0894931503444345,0.456187293054826,-0.0180806134842287,-0.307491855284234,"Moderate"
"21213",30.20000806,0.511450381679389,29,13.84760099,1289.606061,-1066.16146107711,0.561932102223292,78.7521605705155,33.9894910789177,1,36.74178434,"Interior Plateau","Oak / hickory group",-1.27452152061008,0.410419441613077,-0.901855949854688,0.246238136658602,1.1644930060126,-0.146188713148436,0.747357504138345,0.302153220193154,-0.24133130959692,"Moderate"
"21215",39.17349034,0.624678663239075,38,12.88454324,1208.555556,-860.351439340351,0.481530095373008,37.6843243224762,34.2824485286028,2,38.03247995,"Interior Plateau","Oak / hickory group",-0.610305256191522,-1.01735754509433,-0.879711271991813,0.698827086334578,0.432149171122252,-0.118985134602702,0.496604606102745,0.0785522628305176,0.354113601588913,"Moderate"
"21217",37.06668565,0.684403669724771,40,13.28832946,1328.72093,-1580.12136182624,0.458719936521783,36.2678456524596,39.0029149248771,1,37.36777712,"Interior Plateau","Oak / hickory group",-0.259948259212884,-1.06660327683916,-0.522890826495769,-0.883991429874074,0.224382227709134,-0.125372022666512,0.868370528770738,0.172302596454685,0.486434692963542,"Moderate"
"21219",12.71600915,0.697247706422018,42,13.73339682,1287.952381,-1388.21542669513,0.475883120440162,33.3014379603579,42.5525186228912,1,36.83798884,"Interior Plateau","Oak / hickory group",-0.184602965991214,-1.16973431618572,-0.254575989245905,-0.461978425431238,0.380713548556875,-0.199192365777448,0.742241372506303,0.275637508392065,0.618755784338171,"Moderate"
"21221",12.74082261,0.74793875147232,41,14.11444443,1280.866667,-1364.11394769759,0.449814566932024,53.7737744298729,42.0547616131529,1,36.80765334,"Interior Plateau","Oak / hickory group",0.1127592841374,-0.457986789513928,-0.292201482799631,-0.408977784485355,0.143267430057078,-0.199117142482072,0.720319691448901,0.364108433834225,0.552595238650857,"Moderate"
"21223",21.71264811,0.747875354107649,33,12.24080772,1174.461538,-1309.2436451529,0.512435300014455,75.325426658674,46.9324903827899,1,38.61054256,"Interior Plateau","Oak / hickory group",0.112387384465731,0.291284559771555,0.0765064385117964,-0.288314600119786,0.713650056135402,-0.171918586551133,0.391125018786443,-0.0709090530254988,0.0233108731523391,"Moderate"
"21225",16.42461148,0.417721518987342,27,13.68515097,1170.113208,-1432.41782482159,0.509437198195499,36.2525668956317,47.8958430157928,1,37.66165636,"Interior River Valleys and Hills","Oak / gum / cypress group",-1.82435089351895,-1.06713446278363,0.149326343754462,-0.559182229076922,0.686341765341437,-0.187949544804379,0.377672217362008,0.264435876663569,-0.373652400971549,"Moderate"
"21227",93.25184243,0.823529411764706,43,13.83036213,1287.864198,-1213.02631686468,0.514291266528557,62.1567880038832,42.3642097024655,2,36.99697077,"Interior Plateau","Oak / hickory group",0.556186891734487,-0.166540369304751,-0.268810276122772,-0.0767267523409612,0.73055517688564,0.0449562041998493,0.741968553196819,0.298150733738068,0.684916330025486,"Moderate"
"21229",15.65875873,0.653526970954357,37,12.99251449,1234.456522,-946.30214039546,0.462504037154904,48.8551062710947,41.1311328451547,1,37.75426255,"Interior Plateau","Oak / hickory group",-0.441076200327584,-0.628990714822735,-0.362018657799584,0.509816185960635,0.258849809773735,-0.190271267273874,0.576736645828118,0.103620826857587,0.287953055901598,"Moderate"
"21231",17.23026826,0.752501667778519,48,13.43148175,1310.671233,-1432.80275706327,0.46976890769702,79.2913733173004,54.0531177695338,1,36.8030581,"Southwestern Appalachians","Oak / hickory group",0.139526123499529,0.429165877294493,0.614755251882153,-0.560028718851755,0.325022077870254,-0.185507154346387,0.812528633258619,0.205539428921538,1.01571905846206,"Moderate"
"21233",15.13837258,0.649402390438247,36,13.71443333,1194.08,-808.609694955859,0.446286642711931,56.9560617024392,50.8248533787339,1,37.52173528,"Interior River Valleys and Hills","Oak / hickory group",-0.465271687753224,-0.347350414482629,0.370730479454285,0.81261037807016,0.111133237718366,-0.19184884497046,0.451820337112976,0.271234600550934,0.221792510214283,"Moderate"
"21235",31.96889106,0.78264395782644,51,12.95830236,1273.842857,-1368.03551570396,0.410581159561278,87.332538006967,56.5543651235602,1,36.75694688,"Central Appalachians","Oak / hickory group",0.316345898743554,0.708727474377133,0.803824746342259,-0.417601554747409,-0.214091112786382,-0.140826252274583,0.698589528105052,0.0956775181396884,1.214200695524,"Moderate"
"21237",12.49176394,0.804610318331504,39,12.09818093,1197.457143,-1336.68340570143,0.350870059025311,62.4979610927314,53.1309081630021,2,37.73944322,"Western Allegheny Plateau","Oak / hickory group",0.445204287447916,-0.154679041091614,0.545045351414883,-0.348656328385594,-0.757971272811004,-0.199872176802131,0.462268494028601,-0.104023875879642,0.420274147276227,"Moderate"
"21239",53.79110152,0.854700854700855,20,12.57438508,1162.551724,-1001.65575291359,0.499699224442249,50.850171469761,37.134819927783,2,38.04167718,"Interior Plateau","Oak / hickory group",0.739043852013189,-0.559629666423878,-0.664100281904276,0.388090173111782,0.597643170344968,-0.0746710855548305,0.354278605854593,0.00654031805375486,-0.836776220782752,"Moderate"
"22001",36.7520844,0.555232558139535,34,19.71304516,1534.239583,-1233.46271651669,0.466015110621362,56.8166539965282,39.2922418130039,1,30.29720087,"Western Gulf Coastal Plain","White / red / jack pine group",-1.01768786301242,-0.352197105529784,-0.501020583081502,-0.121667657432026,0.290830516571212,-0.126325752728924,1.50420121039478,1.66398113941097,0.0894714188396538,"High"
"22005",166.522223,0.479125248508946,28,19.70123405,1608.595238,-1115.72368448671,0.56189723653741,42.8293191982715,38.266801703378,1,30.20406873,"Mississippi Valley Loess Plains","Oak / gum / cypress group",-1.46414622307442,-0.838485075748232,-0.578533685819616,0.137247746165141,1.16417543097803,0.267079176165179,1.73424167684944,1.66123885785671,-0.307491855284234,"High"
"22007",24.95595004,0.380914826498423,23,19.90522102,1630.903846,-863.599147204592,0.587078006165597,29.3328258803712,30.163540398392,1,29.90047991,"Mississippi Alluvial Plain","Oak / gum / cypress group",-2.04026518148512,-1.30770830056491,-1.19105987837933,0.691685176146107,1.39353514620673,-0.162086347956655,1.80325973055731,1.70860017318957,-0.638294583720808,"High"
"22011",12.47125948,0.886802386802387,48,19.12218968,1468.1125,-1128.53112274989,0.318930963142981,116.100235822281,52.1530155932009,0,30.64838446,"South Central Plains","White / red / jack pine group",0.927356872761035,1.70887407701728,0.471126371146507,0.109083398371687,-1.04888938390929,-0.199934337139751,1.29961818280118,1.52679741289929,1.01571905846206,"High"
"22013",6.372508159,0.919290879402846,54,17.69180336,1361.189189,-1248.83155264319,0.357761870307061,92.0673104342214,51.031804424595,0,32.34570967,"South Central Plains","White / red / jack pine group",1.11793986929174,0.873338024299966,0.386373926135383,-0.15546467733192,-0.69519702498886,-0.218423019171418,0.968820366047143,1.19469297726143,1.41268233258595,"High"
"22015",58.38625441,0.931770987837437,55,17.6321959,1279.416667,-1289.87409359251,0.373343278876323,78.4705462683648,54.1649236784951,0,32.67855467,"South Central Plains","White / red / jack pine group",1.19115029772691,0.400628752439439,0.623206669792076,-0.245719759876175,-0.553273347314311,-0.0607406404196815,0.715833702100017,1.18085342805271,1.47884287827326,"High"
"22017",106.7879848,0.887688151292937,55,17.8105891,1262.317829,-1199.36182635874,0.414361931555233,76.2931573927829,48.6529218546303,1,32.57949112,"South Central Plains","White / red / jack pine group",0.932552917185304,0.324928983187121,0.206553995827748,-0.0466776937297588,-0.179653849720861,0.0859917242664843,0.662933560619822,1.22227242946461,1.47884287827326,"High"
"22019",73.60691978,0.589507593189139,42,19.70886331,1460.732919,-1030.87310834848,0.287916636970601,69.0118266151375,41.474570896862,1,30.2285603,"Western Gulf Coastal Plain","Aspen / birch group",-0.816624706088476,0.071784004860613,-0.336058147052762,0.323839403897541,-1.33138420531238,-0.0145984012096066,1.27678734020447,1.66301020525511,0.618755784338171,"High"
"22027",8.109842406,0.905891980360065,58,17.38508028,1329.481481,-1263.10502015278,0.262924900639887,116.467776568654,58.5008130390047,0,32.82151962,"South Central Plains","White / red / jack pine group",1.03933965963629,1.72165211129645,0.950956905332294,-0.186852913987675,-1.55902210568325,-0.213156199984201,0.870723510622657,1.12347858297072,1.67732451533521,"High"
"22029",10.81944668,0.565365025466893,33,18.89392279,1538.953704,-1116.16581053865,0.509950062512115,89.9700326219744,53.1628509675692,0,31.44784684,"Mississippi Alluvial Plain","Oak / gum / cypress group",-0.958249094669251,0.800423420838205,0.547459910655263,0.136275483668965,0.691013203718695,-0.204941893609528,1.51878569080537,1.47379883089505,0.0233108731523391,"High"
"22033",375.6388374,0.709844559585492,46,19.4662885,1601.149254,-1343.70427887634,0.434200553655013,65.9055863043315,36.6711057661795,2,30.53863309,"Mississippi Valley Loess Plains","White / red / jack pine group",-0.110707693216441,-0.036208498181556,-0.699152473750568,-0.364095662142164,0.00104677152789749,0.901027075937303,1.71120539759705,1.60668963699421,0.88339796708743,"High"
"22035",6.372853773,0.448979591836735,32,17.95296952,1416.266667,-833.46873344556,0.483279591139936,104.324036287447,49.20987229596,0,32.73898457,"Mississippi Alluvial Plain","Elm / ash / cottonwood group",-1.64098574750636,1.29945911331772,0.248653925773512,0.757943817010277,0.448084500217486,-0.21842197142459,1.13921828306187,1.25533005059033,-0.0428496725349756,"High"
"22037",16.37787427,0.829426030719483,47,18.79130845,1611.223881,-1695.03325126262,0.373327768696377,68.3437687166289,40.7861221992556,0,30.84387504,"Mississippi Valley Loess Plains","White / red / jack pine group",0.590777456572982,0.0485580991294772,-0.388098041071491,-1.13668977228917,-0.553414622204161,-0.188091231088875,1.74237413512531,1.44997402426934,0.949558512774745,"High"
"22043",13.4099833,0.82999164578112,52,18.56067031,1493.945652,-1519.96467027941,0.444530513793528,78.5835817736019,54.8594058315025,0,31.59896546,"South Central Plains","White / red / jack pine group",0.594095450259403,0.40455857947205,0.675702633203813,-0.751703149578447,0.0951374903850946,-0.197088547024687,1.37954042053917,1.39642488985,1.28036124121132,"High"
"22045",47.62255689,0.501577287066246,25,20.08189252,1562.514851,-1131.30042381365,0.557205869964591,21.6473523875142,33.2181547387972,2,29.86704633,"Mississippi Alluvial Plain","Oak / gum / cypress group",-1.33243876471076,-1.57490382844167,-0.960161327629713,0.102993534286318,1.12144399277883,-0.0933713496350389,1.59167883183259,1.74961943349737,-0.505973492346178,"High"
"22047",20.35974281,0.517652909000497,29,19.50608424,1587.236559,-1157.20851351834,0.518903416123744,48.5163499420979,36.28569233206,1,30.25693371,"Mississippi Alluvial Plain","Oak / gum / cypress group",-1.23813644551726,-0.640768021221881,-0.728285907127241,0.0460200448099191,0.772565065120355,-0.176019989378385,1.66816249995273,1.61592933789787,-0.24133130959692,"High"
"22049",10.72909667,0.922570532915361,50,17.77996589,1424.987952,-1217.3156557517,0.283727674245128,96.4076127903231,51.3855226599652,0,32.30268097,"South Central Plains","White / red / jack pine group",1.13717887190366,1.02423430678161,0.413111516815932,-0.0861592734849691,-1.3695394845991,-0.205215794366999,1.16620007038503,1.21516238951787,1.14804014983669,"High"
"22051",557.9575977,0.804878048780488,12,20.60146574,1585.530864,-481.785810234676,0.479329470521853,123.297968809909,66.4993553664547,3,29.74007147,"Mississippi Alluvial Plain","Oak / gum / cypress group",0.446774839577169,1.95911266894433,1.55556738171494,1.53131628688239,0.412104720669034,1.45373588634372,1.6628854450545,1.87025297744838,-1.36606058628127,"High"
"22053",18.62299329,0.682857142857143,21,19.72865982,1522.714286,-1254.83741432811,0.319006817973948,40.4655060137049,35.4998211884282,1,30.26901961,"Western Gulf Coastal Plain","Unknown",-0.269020447580392,-0.920666129685811,-0.787689971902388,-0.168671938129715,-1.04819845814784,-0.181285035935271,1.46854441068118,1.66760652213064,-0.770615675095437,"High"
"22055",350.0026372,0.555555555555556,14,19.8465264,1562.815789,-1024.98111929516,0.445588435373393,112.664524614667,59.8753900731315,1,30.21132449,"Western Gulf Coastal Plain","Oak / gum / cypress group",-1.01579310550015,1.58942708775842,1.05486129708326,0.336796251745092,0.104773597457077,0.823309600826307,1.59260986953099,1.69497256547442,-1.23373949490664,"High"
"22057",35.42848448,0.515606936416185,16,20.51321714,1601.529101,-513.069948393307,0.642156351263507,30.404230707468,33.4378224277812,2,29.52489406,"Mississippi Alluvial Plain","Oak / gum / cypress group",-1.25013846699401,-1.27045951184527,-0.943556628842699,1.4625205348036,1.89521772912443,-0.130338314771544,1.71238056283581,1.8497635816194,-1.10141840353201,"High"
"22059",9.237728383,0.859981933152665,55,18.48614386,1510.084211,-1175.1173218629,0.325419634243904,145.048216908061,66.3730836536978,0,31.67872875,"South Central Plains","White / red / jack pine group",0.770023552076142,2.71528846311466,1.54602249249911,0.00663746912086958,-0.98978714923198,-0.209736954945479,1.4294696645256,1.37912147728846,1.47884287827326,"High"
"22061",38.57286159,0.866336633663366,43,17.59924747,1361.742424,-1240.49245055045,0.280990277153407,93.8680721394898,55.9029430782883,1,32.60034332,"South Central Plains","White / red / jack pine group",0.807301300855642,0.935943857872437,0.754583700037317,-0.137126476764499,-1.39447313939582,-0.120805971917316,0.970531956610888,1.17320352285067,0.684916330025486,"High"
"22063",83.71294129,0.61687306501548,49,19.35966482,1636.72449,-1324.2472278124,0.446607076061257,57.8324747930403,43.9875590684072,1,30.44044618,"Mississippi Valley Loess Plains","White / red / jack pine group",-0.656094216530864,-0.316880768259933,-0.146101163224899,-0.32130840508583,0.114051913471188,0.016038528953492,1.82126755606603,1.58193394926362,1.08187960414937,"High"
"22065",6.889129609,0.689542483660131,32,18.16647134,1426.301075,-1404.43030667418,0.439143378744225,75.1968342580998,40.2566843112919,0,32.36926227,"Mississippi Alluvial Plain","Oak / gum / cypress group",-0.229803106882831,0.286813876945793,-0.428118294831754,-0.497635948018874,0.0460686263650067,-0.216856854358811,1.17026259162074,1.30490050610109,-0.0428496725349756,"High"
"22067",12.23413905,0.883962780514505,47,17.65898059,1399.205357,-1141.98710696056,0.449665779836557,92.5685678512096,57.1224020643647,0,32.81656859,"Mississippi Alluvial Plain","White / red / jack pine group",0.910699261650315,0.890764893348279,0.846762705700691,0.0794928579821955,0.141912198809189,-0.200653180063939,1.0864342451736,1.18707224756448,0.949558512774745,"High"
"22069",11.86195554,0.851826006047918,67,18.38164712,1372.042553,-1319.55365229257,0.404085686128736,84.0448969654016,54.3525488572375,0,31.72282395,"South Central Plains","White / red / jack pine group",0.722179503224005,0.594428337910552,0.637389272578525,-0.310986942618556,-0.273255306683606,-0.201781473744339,1.00239834901511,1.35485961853153,2.27276942652104,"High"
"22071",891.277968,0.6,4,20.26919964,1582.571429,-1243.47715312072,0.431701677397594,6.40607085319112,17.4321643872943,2,30.06958098,"Mississippi Alluvial Plain","Elm / ash / cottonwood group",-0.755074471812456,-2.10478689535572,-2.15342564453392,-0.14369002206698,-0.0217143098550876,2.46421393615932,1.65372958720021,1.79310805227733,-1.89534495177979,"High"
"22073",97.84881042,0.820738137082601,54,17.92031258,1373.284091,-1258.93704248933,0.477176785177646,77.5683184519143,50.7690928520352,0,32.47524645,"South Central Plains","White / red / jack pine group",0.539812802003764,0.369261623542873,0.366515536627147,-0.177687273670186,0.39249692850006,0.058892151905113,1.00623940159734,1.24774782299439,1.41268233258595,"High"
"22075",11.533501,0.576923076923077,16,20.69664404,1522.511628,-684.714347394595,0.380975337865901,51.6841664683896,25.3224101111924,1,29.42226719,"Mississippi Alluvial Plain","Aspen / birch group",-0.890447608534913,-0.530634740592404,-1.55700131737492,1.08506389976607,-0.483756533400142,-0.202777200776364,1.46791743024707,1.89235129813595,-1.10141840353201,"High"
"22077",15.17229182,0.685902720527617,29,19.28794858,1565.333333,-1233.27521801347,0.530815270629401,80.7295560660272,46.6854385711497,1,30.71141207,"Mississippi Alluvial Plain","Oak / gum / cypress group",-0.251154573477088,0.479166179694398,0.0578317716272623,-0.121255336642582,0.881064511229615,-0.191746017029115,1.60039861130295,1.56528300603363,-0.24133130959692,"High"
"22079",38.12323359,0.804238355014687,66,18.94305061,1536.015707,-1353.69694757493,0.333733498349426,72.8517855929886,49.1722850841965,0,31.19647967,"South Central Plains","White / red / jack pine group",0.44302228767371,0.205285196044945,0.245812705326102,-0.386070157808558,-0.914060095140746,-0.122169042599656,1.50969615753016,1.48520523677791,2.20660888083372,"High"
"22081",8.399398544,0.874909090909091,54,18.05119267,1297.96875,-1114.11513779257,0.250563912037332,67.766519093632,39.620739366761,0,32.09517101,"South Central Plains","White / red / jack pine group",0.857588786015803,0.0284892617472824,-0.476189425811008,0.140785039697605,-1.67161250175493,-0.212278395482259,0.77322987226388,1.27813531888829,1.41268233258595,"High"
"22083",14.0726603,0.765217391304348,32,18.08227362,1393.654321,-666.405447184933,0.478143009141785,36.8397964906221,28.7472219249054,1,32.41114713,"Mississippi Alluvial Plain","Oak / gum / cypress group",0.214118709939633,-1.04671865863517,-1.29811950898545,1.1253263021782,0.401297805380883,-0.195079607210973,1.06926052905548,1.28535163605695,-0.0428496725349756,"High"
"22085",10.65470795,0.919968512201522,52,18.22779676,1324.934307,-1300.03662843734,0.235944712522169,94.4782651586666,50.618893291089,0,31.56391375,"South Central Plains","White / red / jack pine group",1.12191497798352,0.957158015466915,0.355161939386748,-0.26806780168995,-1.80477187246439,-0.205441307643149,0.856655528462989,1.31913892806765,1.28036124121132,"High"
"22087",47.75597512,0.333333333333333,4,20.32572985,1573.558824,-1073.24369200964,0.235071535912521,43.5941164010454,19.5043598571593,1,29.8774591,"Mississippi Alluvial Plain","Aspen / birch group",-2.31938627393863,-0.811895901704009,-1.99678821750008,0.230663873403257,-1.81272522502233,-0.0929668853272053,1.62584651821008,1.80623313130391,-1.89534495177979,"High"
"22089",73.47766013,0.683478260869565,16,20.13134256,1619.781818,-684.301473317984,0.566647525239957,29.3740473802211,32.9196160746392,1,29.90766062,"Mississippi Alluvial Plain","Oak / gum / cypress group",-0.265376864190349,-1.30627518126231,-0.98272788995642,1.08597183536175,1.2074435629755,-0.014990258565742,1.76885055873249,1.76110065182059,-1.10141840353201,"High"
"22091",9.665630768,0.848813559322034,36,18.74130669,1636.44,-1328.73063857975,0.286223342853351,88.6750667907287,49.3237543875033,0,30.82231714,"Southeastern Plains","White / red / jack pine group",0.704507980849342,0.755402241702835,0.257262282496605,-0.331167702281553,-1.34680762017481,-0.208439746595695,1.82038740495578,1.43836470862258,0.221792510214283,"High"
"22093",34.31820205,0.470238095238095,17,19.81759273,1628.583333,-899.491489390922,0.639750536778781,13.5639432952825,28.136215220926,1,30.02647824,"Mississippi Alluvial Plain","Oak / gum / cypress group",-1.51627976838278,-1.85593410737634,-1.34430555629787,0.612755698784216,1.87330430339291,-0.13370419374138,1.796080560487,1.68825479978278,-1.0352578578447,"High"
"22095",77.50888255,0.420152091254753,17,20.00278945,1617.877193,-824.404725305809,0.560871598210814,37.3776822893042,42.4293891617173,1,30.12615761,"Mississippi Alluvial Plain","Oak / gum / cypress group",-1.81009274520459,-1.02801835603835,-0.263883355404561,0.77787613074897,1.15483337678393,-0.00276939799946987,1.76295805703345,1.73125342981553,-1.0352578578447,"High"
"22097",34.59183083,0.598051948051948,40,19.38089634,1569.055118,-1154.08986196243,0.440936866905566,66.5276411422211,44.9869261729655,1,30.60000014,"Mississippi Alluvial Plain","Oak / gum / cypress group",-0.766502074263053,-0.0145819489607849,-0.0705589210972928,0.0528781522051945,0.0624046613641415,-0.132874673854135,1.61191301672973,1.58686344409221,0.486434692963542,"High"
"22099",28.06592153,0.493130520117763,33,19.68828589,1587.336207,-1182.5788408008,0.521241684034928,49.8976297431796,40.2055665431893,2,30.12846644,"Mississippi Alluvial Plain","Oak / gum / cypress group",-1.38198892931322,-0.592746024146678,-0.431982291152441,-0.00977087188504538,0.793863241075916,-0.152658307530056,1.66847078951593,1.65823257814806,0.0233108731523391,"High"
"22101",34.74513314,0.509480626545754,30,20.08443402,1609.632479,-956.558161629834,0.530134531503971,33.5932852858838,34.3630855369326,1,29.69344277,"Mississippi Alluvial Plain","Oak / gum / cypress group",-1.28607643762075,-1.1595878625839,-0.87361591385974,0.487262561802056,0.874863980655725,-0.132409929922939,1.73745067828269,1.75020951424085,-0.175170763909605,"High"
"22103",118.055096,0.696912114014252,53,19.51581059,1589.227273,-1320.55952701138,0.40147949813093,69.9086811333754,43.9446597151851,2,30.40923945,"Southern Coastal Plain","White / red / jack pine group",-0.18657160785686,0.102964324024026,-0.149343928884726,-0.313198923253173,-0.296993839930824,0.120148558252311,1.67432134257389,1.61818758375244,1.34652178689863,"High"
"22105",65.27324415,0.688542036183044,49,19.1581025,1640.319672,-1264.1148040178,0.40153255334077,58.6415328317531,38.816327048878,2,30.62967539,"Southeastern Plains","White / red / jack pine group",-0.235671901117135,-0.288752808422752,-0.536995019482019,-0.189073491076257,-0.296510585129641,-0.0398623725979107,1.83239027893451,1.53513558465855,1.08187960414937,"High"
"22109",34.94076358,0.286140089418778,12,20.65260941,1591.910638,-906.700543619132,0.488721919915772,70.555134227504,44.3200399545253,1,29.37272799,"Mississippi Alluvial Plain","Oak / gum / cypress group",-2.59622983057423,0.125439110501891,-0.120968905531631,0.596902543268417,0.497656097775386,-0.131816866062732,1.682623098994,1.8821274196353,-1.36606058628127,"High"
"22111",9.805563422,0.888859695218077,57,17.44927992,1358.88,-1126.16208570539,0.343919268755437,74.2408299287388,43.3224086241706,0,32.83120371,"South Central Plains","White / red / jack pine group",0.939425392143325,0.253577137313097,-0.196379940343558,0.114293057156355,-0.82128273232764,-0.20801553347247,0.961676230006758,1.13838433599159,1.61116396964789,"High"
"22113",19.66913888,0.423529411764706,8,20.27557295,1524.690355,-609.066690270077,0.317139785683643,39.6266121415191,44.0883961865673,1,29.83646405,"Western Gulf Coastal Plain","Oak / gum / cypress group",-1.79028081145478,-0.949831371257405,-0.138478877119267,1.25141777016809,-1.06520437181728,-0.178113591133818,1.47465794480991,1.79458779554046,-1.63070276903053,"High"
"22115",14.35166907,0.895471569628873,55,18.68157338,1433.989637,-1383.38445869424,0.338468084377767,106.892847190439,53.2819740390033,2,31.10820897,"South Central Plains","White / red / jack pine group",0.978211766549516,1.38876718078792,0.556464433481974,-0.451354828412053,-0.870934991372255,-0.194233777604048,1.19404935523469,1.42449593979491,1.47884287827326,"High"
"22117",26.71026301,0.850037678975132,51,18.8851613,1641.086957,-1178.12901385656,0.397280091617325,69.4292920206796,41.1251466230641,1,30.85300169,"Southeastern Plains","White / red / jack pine group",0.711688873926427,0.0862977351477291,-0.362471156822751,1.45724093502472e-05,-0.335244246741734,-0.156768056887026,1.83476409433972,1.4717646044409,1.214200695524,"High"
"22119",25.2588102,0.892320195042666,51,17.51243335,1293.294118,-1261.67332463979,0.369087230837864,92.4654691814206,51.2360284178677,0,32.70974667,"South Central Plains","White / red / jack pine group",0.959725269831551,0.887180533383566,0.401811234685669,-0.183704527125792,-0.592039674972855,-0.161168211619628,0.758767562359087,1.15304718192034,1.214200695524,"High"
"22121",52.98342287,0.517985611510791,17,19.41815338,1580.2,-1235.9269672197,0.425735731899811,155.717659752779,46.892055655371,1,30.45874014,"Mississippi Alluvial Plain","Oak / gum / cypress group",-1.23618475627932,3.0862255843857,0.0734499741203732,-0.127086696932639,-0.0760552843624644,-0.0771196054169534,1.64639289393426,1.59551371435119,-1.0352578578447,"High"
"22123",11.73702153,0.847715736040609,26,17.80883656,1400.792453,-877.195855845111,0.495174688877436,76.0024960245384,42.7406143690278,0,32.78532392,"Mississippi Alluvial Plain","Oak / gum / cypress group",0.69806796366516,0.314823760939767,-0.240357816231191,0.661785174043519,0.556431316854756,-0.202160217697692,1.09134438017474,1.22186552798667,-0.439812946658864,"High"
"22125",14.78195736,0.747899159663866,51,18.8615211,1588.873016,-1651.95805437153,0.485410602629711,103.043831106725,59.6289654050478,1,30.8781616,"Mississippi Valley Loess Plains","White / red / jack pine group",0.11252703188778,1.25495110748418,1.03623403603206,-1.04196475378176,0.467494875502312,-0.192929336259085,1.67322534731267,1.46627586676941,1.214200695524,"High"
"22127",5.756965426,0.898074974670719,62,18.11509264,1469.444444,-1376.09368235108,0.341052733978851,99.0724900522828,54.8889841590666,0,31.94474885,"South Central Plains","White / red / jack pine group",0.993483781172045,1.11688224674235,0.677938461431884,-0.435321960917904,-0.847392641189002,-0.220289069001677,1.30373893217863,1.29297149508587,1.94196669808447,"High"
"23001",89.07495393,0.896690070210632,29,6.792313722,1143.588235,-1248.32073157199,0.233251964662035,66.4166722100766,58.700999232791,6,44.16870993,"Acadian Plains and Hills","Maple / beech / birch group",0.985359697203053,-0.0184399288796315,0.96608899628529,-0.154341350245436,-1.8292988385382,0.0322937493310441,0.295609633667236,-1.33593025672525,-0.24133130959692,"Low"
"23003",3.902700732,0.541714659499737,35,3.381694682,1020.408784,-805.240690244905,0.356299666429712,69.1811585001087,40.0236875010648,7,46.65666221,"Acadian Plains and Hills","Maple / beech / birch group",-1.0969861444456,0.0776710490919538,-0.445730542996471,0.820019027516465,-0.708515548205866,-0.225910368924477,-0.0854811974964221,-2.12780144258429,0.155631964526969,"Low"
"23005",135.9864827,0.919747520288548,34,7.225246904,1157.593407,-1425.69169316787,0.273090219294908,46.7892765664882,46.0160847425524,11,43.83903397,"Northeastern Coastal Zone","Maple / beech / birch group",1.12061860201737,-0.70081198373204,0.00723526033696288,-0.544391050130189,-1.46643102819233,0.174508490250459,0.338938635337084,-1.23541263566956,0.0894714188396538,"Low"
"23007",6.810351679,0.660727758110382,32,4.076072783,1138.7,-850.372662221575,0.330296237434232,63.4855148162405,43.7504335914413,7,44.97260646,"Northeastern Highlands","Maple / beech / birch group",-0.398835164079702,-0.120345445548683,-0.164025497650034,0.720771033558946,-0.945368478336197,-0.217095673753507,0.280486481843209,-1.96658202645348,-0.0428496725349756,"Low"
"23009",13.33903301,0.69182185180362,34,6.602677315,1238.857143,-827.422693347978,0.327678265049187,52.278353315293,40.2244781399075,9,44.59641407,"Acadian Plains and Hills","Maple / beech / birch group",-0.216431947551892,-0.509977058490796,-0.430552761991646,0.771239432619139,-0.969214349990507,-0.197303636521343,0.590351224403617,-1.37995968502902,0.0894714188396538,"Low"
"23011",54.37123165,0.831427638026789,31,6.756991567,1098.278481,-1106.12488782051,0.315950728986559,44.4179744430964,41.9924815745044,10,44.40971891,"Acadian Plains and Hills","Maple / beech / birch group",0.602519223825635,-0.78325340041298,-0.296909236074521,0.158356092904764,-1.07603492662005,-0.0729123908735722,0.155430962050321,-1.3441312889833,-0.10901021822229,"Low"
"23015",29.14823481,0.819480519480519,27,7.421686058,1152.32,-1252.77702787758,0.296866893083774,38.2786359005004,42.4304102507066,6,44.06282039,"Acadian Plains and Hills","Maple / beech / birch group",0.532435404288145,-0.996695526552335,-0.263806171203369,-0.164141021065021,-1.24986055755844,-0.149377218494064,0.322623843865134,-1.18980375821864,-0.373652400971549,"Low"
"23017",10.73393569,0.836713697824809,36,5.168360815,1128.43956,-1067.89948576047,0.312547726374087,51.41819139796,40.081857213812,6,44.49961799,"Northeastern Highlands","Maple / beech / birch group",0.633528145308588,-0.539881711440921,-0.441333489596575,0.242416113030622,-1.10703126714673,-0.205201124626028,0.248742878701928,-1.71297662255019,0.221792510214283,"Low"
"23019",17.24072928,0.661766833531063,43,5.377900702,1067.118506,-825.615679225997,0.347776056637898,62.4795979895746,40.124098643735,12,45.39383826,"Acadian Plains and Hills","Maple / beech / birch group",-0.392739771790188,-0.155317458366229,-0.438140456413368,0.775213168283785,-0.786153076503755,-0.185475441219826,0.0590286751803397,-1.66432604127522,0.684916330025486,"Low"
"23021",1.643856161,0.621167161226508,37,3.837119327,1055.010568,-749.811400340979,0.310891881689772,83.1002606719154,45.5382623350703,4,45.83663347,"Northeastern Highlands","Maple / beech / birch group",-0.630904321346953,0.561586822898604,-0.0288833749827001,0.941911459610905,-1.12211357284529,-0.232758173800267,0.0215693090390011,-2.02206179547742,0.287953055901598,"Low"
"23023",54.30369376,0.918068366793272,23,7.456460644,1144.037037,-1298.0494962171,0.281613791344118,48.4433810771645,42.6159639886701,6,43.9557976,"Acadian Plains and Hills","Maple / beech / birch group",1.11076840340397,-0.643304879152959,-0.249780148796801,-0.26369797520222,-1.38879384367396,-0.0731171355020341,0.296998130902931,-1.18172985951268,-0.638294583720808,"Low"
"23025",4.975790584,0.636345683888327,38,3.939031019,1070.828125,-747.287617444219,0.322715239206973,70.9594053091671,42.6995614856207,6,45.50860606,"Northeastern Highlands","Maple / beech / birch group",-0.541864538326741,0.13949412287955,-0.243461007084913,0.947461414082586,-1.0144202039279,-0.222657241190489,0.0705054416095917,-1.99840012835762,0.354113601588913,"Low"
"23027",21.01060889,0.691446613088404,33,6.711046566,1165.244755,-995.858806045821,0.346537666562224,38.8410960078358,38.9293440145643,4,44.48213391,"Acadian Plains and Hills","Maple / beech / birch group",-0.218633161367493,-0.977140866006205,-0.528452057694043,0.400838017323017,-0.797432985707987,-0.174046854983336,0.362610266807843,-1.35479871386995,0.0233108731523391,"Low"
"23029",4.727424335,0.625877559928704,37,5.997783648,1183.070611,-739.001970729804,0.328621779155186,64.1159104636407,41.7016756958631,6,45.01465067,"Acadian Plains and Hills","White / red / jack pine group",-0.603272325287334,-0.0984289171871115,-0.31889127650416,0.965682062971393,-0.96062032646138,-0.22341017640025,0.417759646222139,-1.52040277169106,0.287953055901598,"Low"
"23031",80.27315412,0.962718446601942,37,7.626909296,1165.553073,-1268.46225883733,0.2531536098499,54.722839178997,50.2756230561634,9,43.47753688,"Northeastern Coastal Zone","White / red / jack pine group",1.37269332894364,-0.424991313455475,0.329214113924341,-0.198633812745391,-1.64802416980204,0.00561063512811933,0.363564136645132,-1.14215540848067,0.287953055901598,"Low"
"24001",64.93083362,0.725990597716588,43,10.51469314,952.7301587,-1114.37112404966,0.385732648830282,70.0162853182474,50.6666878291059,9,39.62371591,"Ridge and Valley","Oak / hickory group",-0.0159923006937431,0.10670532410754,0.358774732470273,0.140222110107247,-0.440424438942497,-0.0409004079399431,-0.294864364560471,-0.471675126093915,0.684916330025486,"Moderate"
"24003",535.5978136,0.804177545691906,33,13.15989756,1112.493827,-1789.10005466482,0.318103163361199,81.0036988799507,63.5708584020429,9,39.00423839,"Southeastern Plains","Oak / hickory group",0.442665569893814,0.488697112817515,1.33420205385243,-1.34354848301625,-1.05642942041411,1.38595103715695,0.19941019704804,0.142483516762006,0.0233108731523391,"Moderate"
"24005",534.4074816,0.712230215827338,46,12.31138424,1127.118812,-2148.96745294171,0.421832628794707,84.7980574017955,56.8225457689499,8,39.45912701,"Northern Piedmont","Unknown",-0.0967130299104321,0.620612944566888,0.824096543518253,-2.13491911907344,-0.111606803633456,1.38234248374958,0.244656767349818,-0.0545227278655346,0.88339796708743,"Moderate"
"24009",166.7890524,0.790281329923274,29,13.47238463,1098,-2221.49088768298,0.419531120280141,84.1944508630612,48.2216804392245,4,38.5394617,"Southeastern Plains","Oak / hickory group",0.361148016149704,0.599627774570938,0.173956421553542,-2.29440263148679,-0.13257015563944,0.267888083378088,0.154569401498689,0.215036183531413,-0.24133130959692,"Moderate"
"24011",40.20062826,0.805687203791469,19,13.07198824,1120.102041,-1446.75778050916,0.300421997850741,55.2282423996494,45.5066574573764,5,38.87154854,"Middle Atlantic Coastal Plain","White / red / jack pine group",0.451521479827521,-0.407420310125838,-0.0312723903027724,-0.590716677342704,-1.21747879047985,-0.115871312542085,0.22294838116392,0.12207289433246,-0.902936766470067,"Moderate"
"24013",145.1090266,0.651296829971182,26,11.55996077,1083.970588,-2858.09499656274,0.352481319183527,53.7849154043263,48.3266633874665,5,39.56552308,"Northern Piedmont","Oak / hickory group",-0.454158584804031,-0.457599458980174,0.181892091298118,-3.69433438683066,-0.743295066463677,0.202163956854952,0.11116540646207,-0.228986831681484,-0.439812946658864,"Moderate"
"24015",114.7146425,0.710359408033827,37,12.23062423,1133.087719,-2041.92646153098,0.45941849992091,41.9351832298441,47.0001062976279,6,39.56600943,"Southeastern Plains","Unknown",-0.107687505076303,-0.869570880975405,0.0816175311093754,-1.89952936756357,0.230745111157843,0.110021799617243,0.263123286816354,-0.0732734367951042,0.287953055901598,"Moderate"
"24017",136.1559627,0.803738317757009,38,13.51205018,1043.242105,-1891.96043599754,0.324292255946881,91.7743313295251,69.9394346962417,3,38.51090709,"Southeastern Plains","Unknown",0.440088984484878,0.863152222916493,1.81560326290777,-1.56974481474877,-1.00005590467426,0.175022277690838,-0.0148397941821905,0.224245657162995,0.354113601588913,"Moderate"
"24019",22.84349545,0.831553973902728,29,13.60301416,1097.532787,-1516.04856776056,0.315876761190308,58.7663415303969,47.8014334480739,4,38.45400176,"Middle Atlantic Coastal Plain","White / red / jack pine group",0.603260331457248,-0.284413670938414,0.142189916718537,-0.743091398261027,-1.0767086642752,-0.168490363986356,0.153123944573407,0.245365504870483,-0.24133130959692,"Moderate"
"24021",149.6006375,0.67719298245614,44,11.77202263,1014.271845,-2145.2759334921,0.444143860928283,97.5771896888496,55.2362635355341,10,39.47232199,"Northern Piedmont","Oak / hickory group",-0.302247371196985,1.06489617583687,0.704189338235185,-2.12680123979668,0.0916156523962479,0.2157805090587,-0.10446757197142,-0.179750703405582,0.751076875712801,"Moderate"
"24023",17.34278611,0.734295415959253,42,8.664114981,1142,-1089.26545650966,0.455329942239948,50.3927457076208,43.7006281434494,8,39.52773764,"Central Appalachians","Oak / hickory group",0.0327251687744327,-0.57553267072063,-0.167790295584964,0.195431023681806,0.193504373910804,-0.185166050628258,0.290695974844116,-0.901338921465257,0.618755784338171,"Low"
"24025",224.1183074,0.7375,36,12.14641701,1124.772152,-2339.33796390309,0.452541903943298,45.218037422588,49.5020867850254,7,39.54844421,"Northern Piedmont","Unknown",0.0515238011588546,-0.755438165562636,0.270742443181667,-2.55355563093141,0.168109452341348,0.441684703541572,0.237396704063301,-0.0928245125315759,0.221792510214283,"Moderate"
"24027",496.0440255,0.655589123867069,33,12.29960837,1125.225,-2158.3673962954,0.438441348739159,53.1990697926232,46.6784215954984,6,39.25323759,"Northern Piedmont","Oak / hickory group",-0.428979262305793,-0.477967147141324,0.0573013578571506,-2.15559017509666,0.039674167243166,1.26604167000326,0.238797718756172,-0.0572568274621353,0.0233108731523391,"Moderate"
"24029",27.11648526,0.786703601108033,26,12.78362458,1120.222222,-1740.4878364963,0.348844928027199,43.045390459567,36.3604083428506,4,39.249809,"Middle Atlantic Coastal Plain","Oak / hickory group",0.340160453360371,-0.830973076028956,-0.722638117689098,-1.23664721272509,-0.776417232798971,-0.155536572994811,0.223320195430084,0.0551211560336985,-0.439812946658864,"Moderate"
"24031",820.3124753,0.633707865168539,43,12.55081014,1054.987342,-2330.71389200504,0.450874356110734,102.366923758289,55.5024556616737,9,39.13709493,"Northern Piedmont","Oak / hickory group",-0.557338429408867,1.23141753906356,0.724310823076522,-2.53459076416093,0.152920548203208,2.24907835172697,0.0214974527709892,0.00106673232769947,0.684916330025486,"Moderate"
"24033",728.4074605,0.76,41,13.20991475,1092.486486,-1720.68404900187,0.426957840418855,93.7638165859798,48.0080031028687,5,38.83156721,"Southeastern Plains","Oak / hickory group",0.183512609463251,0.93231927733357,0.157804534017374,-1.1930974608419,-0.0649236761532886,1.97046351627664,0.137511770409779,0.154096414917479,0.552595238650857,"Moderate"
"24035",52.1080251,0.657817109144543,34,12.98167625,1120.591549,-1668.7925149662,0.349956222513988,47.9348857350839,41.3611230758983,5,39.06194349,"Middle Atlantic Coastal Plain","Unknown",-0.415909523563858,-0.660983384124237,-0.344633677226808,-1.0789847724116,-0.7662949771734,-0.079773419315715,0.224462814042673,0.101104424450643,0.0894714188396538,"Moderate"
"24037",121.8570078,0.829009433962264,30,13.82509963,1085.097561,-1748.23647230996,0.157689629984535,105.605391138494,75.0819162397532,4,38.30054498,"Southeastern Plains","White / red / jack pine group",0.588333629482813,1.34400708894227,2.20432386830371,-1.25368694147461,-2.51756038969615,0.131674251739862,0.114652019478953,0.296928896274925,-0.175170763909605,"Moderate"
"24039",31.03199399,0.945753033547466,18,13.76229138,1039.591549,-1187.00582680753,0.47116474709875,70.3547441438229,57.6270504409692,3,38.11630764,"Middle Atlantic Coastal Plain","White / red / jack pine group",1.27317134443465,0.118472287411524,0.884909118246069,-0.0195060875470838,0.337736118481921,-0.143666504501951,-0.0261338323432268,0.282346193596636,-0.969097312157381,"Moderate"
"24041",53.31950186,0.828231292517007,21,13.34461349,1126.833333,-1737.11327272429,0.322450839554056,56.1791386035546,43.6923986660653,4,38.76614718,"Middle Atlantic Coastal Plain","White / red / jack pine group",0.583768920058291,-0.374361161148928,-0.168412362461388,-1.22922633856017,-1.01682849525477,-0.0761007644679482,0.243773556485453,0.185370517866696,-0.770615675095437,"Moderate"
"24043",127.0039896,0.753196930946292,50,11.58064464,992.9117647,-1131.7885883474,0.426840608839854,100.928929090214,64.5680897950661,7,39.60765253,"Ridge and Valley","Oak / hickory group",0.14360465492052,1.18142377553327,1.40958285736837,0.101920030325069,-0.0659914831334765,0.147277594934937,-0.170551084190105,-0.224184489211404,1.14804014983669,"Moderate"
"24045",106.4399777,0.754172015404365,27,13.50089138,1110.525424,-1272.49135927325,0.35426051767638,64.4994713099235,42.5886717658103,5,38.37310635,"Middle Atlantic Coastal Plain","White / red / jack pine group",0.149324665392395,-0.0850939232025976,-0.251843170181108,-0.207494053461776,-0.727089189293056,0.0849367226312302,0.193320379880929,0.221654827731408,-0.373652400971549,"Moderate"
"24047",42.83619041,0.815745393634841,32,13.50169593,1080.659574,-1480.83760474752,0.378453047532768,93.0603238384404,56.9662062144321,3,38.21267959,"Middle Atlantic Coastal Plain","White / red / jack pine group",0.510524523877568,0.907861432776437,0.834955848479639,-0.665660315786654,-0.506730882519476,-0.10788146871975,0.100921838504826,0.221841626654158,-0.0428496725349756,"Moderate"
"25001",209.1078308,0.948818897637795,21,9.925929087,1124.851852,-670.08983856966,0.401953611559742,66.143073377589,41.9875855961726,9,41.7299185,"Atlantic Coastal Pine Barrens","White / red / jack pine group",1.29115622211047,-0.027951949777359,-0.297279323481746,1.11722409795637,-0.292675365053999,0.39617966252677,0.237643278788202,-0.608373268974242,-0.770615675095437,"Low"
"25003",52.45647127,0.918912692927897,42,6.880465813,1169.467949,-1278.87458755328,0.474277603207275,74.4548035440394,50.3007200795826,12,42.37188109,"Northeastern Highlands","Maple / beech / birch group",1.11572136341861,0.26101620962856,0.331111200001287,-0.221531166710303,0.366089651798869,-0.0787170866169051,0.375675924257683,-1.31546326817642,0.618755784338171,"Low"
"25005",393.2146443,0.94386181369525,35,9.98880917,1218.50495,-1299.45692403902,0.345935339291687,48.8544315425179,35.3505553284627,10,41.79207875,"Northeastern Coastal Zone","Oak / pine group",1.26207712867752,-0.629014172643313,-0.798972990608395,-0.266792995912543,-0.802919299799443,0.954309049266034,0.52738589955919,-0.593773888243604,0.155631964526969,"Low"
"25007",65.20934127,0.958115183246073,11,10.21486182,1171.230769,-474.700093976473,0.449485990107666,19.1693441496252,32.1226015119284,8,41.40669141,"Atlantic Coastal Pine Barrens","White / red / jack pine group",1.34568980695908,-1.66105502261612,-1.04297428670183,1.54689821458416,0.140274579243609,-0.040056097504378,0.381129711667337,-0.541289404364666,-1.43222113196858,"Low"
"25009",616.983141,0.914349276974416,33,9.318713012,1106.757282,-1386.93629874959,0.401942712502088,52.9166790715642,37.8092594868885,11,42.66950051,"Northeastern Coastal Zone","Oak / hickory group",1.08895159304095,-0.487784829532784,-0.613119339824036,-0.459165544073528,-0.292774639412833,1.63267489276991,0.181662555827771,-0.749355568006655,0.0233108731523391,"Low"
"25011",38.94604268,0.963411201801295,38,7.410234722,1177.733333,-1305.18504114073,0.523332876623139,57.1860054771323,37.1829885451233,11,42.58369453,"Northeastern Coastal Zone","Maple / beech / birch group",1.37675714819738,-0.339356118709154,-0.660459212133742,-0.279389479216937,0.812910924828343,-0.119674654021228,0.401247251560049,-1.19246250811467,0.354113601588913,"Low"
"25013",292.0143698,0.953593429158111,43,8.442006579,1186.186275,-1372.44867901024,0.523366744675154,80.7925785819281,48.2914386708267,12,42.13345178,"Northeastern Coastal Zone","Maple / beech / birch group",1.31916443213617,0.481357239805386,0.179229452052596,-0.427306373437397,0.813219412888089,0.647515150274728,0.427398843131587,-0.952907637178812,0.684916330025486,"Low"
"25015",118.1675348,0.963761467889908,40,7.918065892,1173.906977,-1380.53498204857,0.492350072605307,103.801588565988,47.6031105837235,10,42.3427579,"Northeastern Coastal Zone","Maple / beech / birch group",1.37881186835851,1.28129553564707,0.127198674991784,-0.445088653270011,0.530703223815032,0.120489422326251,0.389409325862784,-1.07455521149555,0.486434692963542,"Low"
"25017",758.1302093,0.956253850893407,38,9.017281881,1154.826087,-1559.15930329351,0.360894812718993,64.5329080881979,53.1221125024712,14,42.48646628,"Northeastern Coastal Zone","White / red / jack pine group",1.334770916333,-0.0839314499171419,0.544380486707543,-0.837894568436932,-0.666660535038837,2.06056957614796,0.330377140133669,-0.81934128742016,0.354113601588913,"Low"
"25019",93.71657685,0.490196078431373,4,10.19659565,1054.47619,-63.8929930980451,0.609030650435978,3.78051755286597,12.5342590273346,6,41.29421893,"Atlantic Coastal Pine Barrens","Oak / hickory group",-1.39920286092323,-2.19606768640925,-2.52365871597738,2.45028840295803,1.59349139507115,0.046365070780614,0.0199160579932929,-0.545530409745027,-1.89534495177979,"Low"
"25021",685.9649049,0.933333333333333,35,9.597403308,1184.142857,-1253.37899570754,0.418115266104415,32.6493899404836,34.7541098638021,9,42.16065374,"Northeastern Coastal Zone","White / red / jack pine group",1.20031528084526,-1.19240361756751,-0.844058352635814,-0.165464785503707,-0.145466501356625,1.84179670010432,0.421076945625851,-0.684649773371518,0.155631964526969,"Low"
"25023",304.0710974,0.921600877192982,31,9.948060901,1225.776923,-1297.16092935151,0.393665802330185,50.4242553639132,40.464105751491,9,41.94084681,"Northeastern Coastal Zone","Oak / pine group",1.13149070731422,-0.57443719634887,-0.412439291003723,-0.261743961782365,-0.368165097609002,0.684065747471775,0.549883826058064,-0.603234745559035,-0.10901021822229,"Low"
"25027",211.2787336,0.952352472089314,40,8.025297806,1166.624031,-1422.94824124545,0.403269880207828,58.8984049559662,39.7227126355253,11,42.34913408,"Northeastern Highlands","Oak / hickory group",1.31188476792872,-0.27982231339343,-0.468481257987193,-0.538358029903201,-0.280686096785109,0.402760867346952,0.366877451252788,-1.04965830512599,0.486434692963542,"Low"
"26001",5.949583375,0.848933544861625,38,7.137942565,790.7261538,-1505.45628328398,0.356702573638011,63.0874252647242,38.7500721919658,4,44.68487227,"Northern Lakes and Forests","Aspen / birch group",0.705211836333092,-0.134185548953955,-0.542003229598364,-0.719798310463504,-0.704845657097549,-0.219705137664717,-0.796070047634852,-1.25568279473563,0.354113601588913,"Low"
"26003",3.838935693,0.753759398496241,30,5.062506347,839.4786996,-1372.8245356217,0.418991037331412,59.1327902427405,44.5933040636906,2,46.4132186,"Northern Lakes and Forests","Maple / beech / birch group",0.146904184770638,-0.27167360264914,-0.1003128489082,-0.428132905340819,-0.137489515657003,-0.226103675958779,-0.645240115779852,-1.73755371606915,-0.175170763909605,"Low"
"26005",54.78817102,0.771942446043165,51,9.24402083,920.0277778,-1707.78618490243,0.438856598688268,65.8916878059333,49.2712527936873,4,42.5914896,"Southern Michigan/Northern Indiana Drift Plains","Oak / hickory group",0.253569019306668,-0.0366916976382518,0.253293682675735,-1.16473426104935,0.0434564825370461,-0.0716484174743174,-0.396038524836697,-0.766697459915737,1.214200695524,"Low"
"26007",19.19450508,0.638031319910515,33,6.893234175,779.4525547,-1362.16556211404,0.406509643484046,45.7674189516859,32.4535777256659,3,45.03492227,"Northern Lakes and Forests","White / red / jack pine group",-0.53197631211325,-0.736338198877502,-1.01795576731831,-0.404693164244896,-0.251176626128979,-0.179552468200253,-0.83094814797015,-1.31249873363303,0.0233108731523391,"Low"
"26009",18.91310829,0.799114554510238,30,6.717121644,803.42,-1783.81866250388,0.335352695205815,62.0370768929597,48.358338396917,4,44.99527489,"Northern Lakes and Forests","Maple / beech / birch group",0.412965206670524,-0.170702282491446,0.184286407883475,-1.33193437544862,-0.899311597165336,-0.18040553721409,-0.756798007048946,-1.35338821355794,-0.175170763909605,"Low"
"26011",15.96061932,0.89592123769339,28,7.525517389,736.8347826,-1299.06295810336,0.3204929754951,27.9996099371747,24.5246479437638,3,44.06370462,"Northern Lakes and Forests","Unknown",0.980849595525878,-1.35405929482014,-1.6173042256228,-0.265926640486681,-1.03466175252408,-0.189356161185324,-0.962798404324453,-1.16569639288584,-0.307491855284234,"Low"
"26013",3.582856537,0.777350361594091,28,4.290625001,825.0869565,-1349.16330168373,0.386739250276567,77.6321803176175,41.6873741456158,1,46.67142592,"Northern Lakes and Forests","Maple / beech / birch group",0.285292767261225,0.37148186474644,-0.319972331870756,-0.376100390472712,-0.431255782683068,-0.226879993247519,-0.689765085613277,-1.91676769148855,-0.307491855284234,"Low"
"26015",42.61332154,0.69693094629156,37,8.638645855,884.7954545,-1670.47534719965,0.448548294735794,57.5959845730604,38.7094731226708,4,42.59514332,"Southern Michigan/Northern Indiana Drift Plains","Oak / hickory group",-0.186461134530658,-0.325102659757438,-0.545072116605801,-1.08268542443326,0.131733555810271,-0.108557107298093,-0.505039784878225,-0.907252295774108,0.287953055901598,"Low"
"26017",90.33274492,0.914285714285714,20,7.895100311,753.9417476,-1389.00804334116,0.653571137857851,68.2551448553819,32.0167177497712,3,43.70623581,"Huron/Erie Lake Plains","Elm / ash / cottonwood group",1.08857872355054,0.0454769747966202,-1.05097804904479,-0.463721438391905,1.99918961883762,0.0361068081774234,-0.909873119647404,-1.07988731738223,-0.836776220782752,"Low"
"26019",21.38006148,0.823166552433173,27,7.798204955,847.8322981,-1715.04027220765,0.379782188867476,33.520126102219,36.3124577847793,4,44.63939965,"North Central Hardwood Forests","Maple / beech / birch group",0.55405829747888,-1.16213133719435,-0.726262704341444,-1.18068644708296,-0.494624363039385,-0.172926840229043,-0.61939587171375,-1.10238430093861,-0.373652400971549,"Low"
"26021",104.5849817,0.690690690690691,39,9.806464835,953.7777778,-1568.24287002585,0.46705547906351,67.0717966525501,49.3890576163886,4,41.95429077,"Southern Michigan/Northern Indiana Drift Plains","Oak / hickory group",-0.223067530098371,0.0043363283534935,0.262198558971652,-0.857869892728767,0.300306740417717,0.0793132057162314,-0.291623255509238,-0.636110256831732,0.420274147276227,"Low"
"26023",33.11076265,0.786,32,8.845181834,910.7613636,-1327.17360799866,0.58628740616415,84.8892645584154,43.8541524215905,3,41.91607608,"Southern Michigan/Northern Indiana Drift Plains","Oak / hickory group",0.336033010170553,0.623783880538737,-0.156185382696695,-0.327743695863584,1.38633394489838,-0.137364609122188,-0.424706825115001,-0.859299156272111,-0.0428496725349756,"Low"
"26025",73.22449987,0.576449912126538,35,8.762508954,878.7053571,-1436.69404989069,0.555124930327403,55.2240362892789,40.2776490714119,6,42.24640717,"Southern Michigan/Northern Indiana Drift Plains","Unknown",-0.893223273318325,-0.407566541048604,-0.426533566879524,-0.568585912125347,1.10248969830567,-0.0157577270693482,-0.523881241478268,-0.878493991800849,0.155631964526969,"Low"
"26027",40.66016459,0.600401606425703,36,9.288622571,960.5402299,-1673.2447651578,0.490995893374465,27.1510542156664,31.9227599606826,3,41.91526993,"Southern Michigan/Northern Indiana Drift Plains","Maple / beech / birch group",-0.752718580544192,-1.38356044320767,-1.05808032609667,-1.08877554557662,0.518368645986764,-0.114478204241684,-0.270701677514111,-0.756341910637783,0.221792510214283,"Low"
"26031",13.72962013,0.762572789835892,38,6.162836549,779.4358974,-1513.95632448108,0.360260372556268,56.9052652897185,35.47988841189,5,45.44763079,"Northern Lakes and Forests","Aspen / birch group",0.198605030105786,-0.34911641814184,-0.789196692130276,-0.738490426061832,-0.672439350269701,-0.196119551339434,-0.830999682087654,-1.48208109609156,0.354113601588913,"Low"
"26033",9.269876266,0.682077026824517,38,5.081168797,836.2605932,-1095.19818087966,0.403583695264763,48.5961700501248,33.6839663491843,3,46.29590885,"Northern Lakes and Forests","White / red / jack pine group",-0.273596740268635,-0.637992970872771,-0.924950589456312,0.182384596356854,-0.27782770392596,-0.209639496965067,-0.65519624752742,-1.73322070313536,0.354113601588913,"Low"
"26035",20.97210189,0.871345029239766,32,6.811202678,780.0795455,-1715.14008714823,0.40668123771918,37.2132654754086,32.4651454003505,5,43.98799974,"Northern Lakes and Forests","Aspen / birch group",0.836681397017689,-1.03373452140168,-1.01708136583172,-1.18090594630238,-0.249613655437997,-0.174163590957886,-0.829008372762806,-1.33154465404963,-0.0428496725349756,"Low"
"26037",53.82808172,0.649122807017544,27,8.355343472,804.1010101,-1457.74623204224,0.504642513507201,32.7238588523551,34.5842092785997,4,42.94402242,"Southern Michigan/Northern Indiana Drift Plains","Unknown",-0.466911771420791,-1.18981460854466,-0.856901151929927,-0.614880960966769,0.642669251317543,-0.0745589781539412,-0.754691107700613,-0.973028916191644,-0.373652400971549,"Low"
"26039",9.648333892,0.877066115702479,27,6.05886193,788.9292929,-1060.96144994927,0.371594415803956,42.2746565370608,24.4960498049903,3,44.68263121,"Northern Lakes and Forests","White / red / jack pine group",0.870242258547463,-0.857768647891635,-1.61946596129909,0.257673282307936,-0.569202913494173,-0.208492182975483,-0.801629150296111,-1.50622172976572,-0.373652400971549,"Low"
"26041",11.82735564,0.624261093997169,37,5.878817519,765.4913793,-1201.83790882316,0.382797625511286,47.1831966387783,32.7741311125583,2,45.90479001,"Northern Lakes and Forests","White / red / jack pine group",-0.612754788041465,-0.687116837719939,-0.993725110278475,-0.0521227520045026,-0.467158177528508,-0.201886365141899,-0.874141033585524,-1.54802410627678,0.287953055901598,"Low"
"26043",12.87417239,0.709199584199584,30,4.736416666,780.2205882,-1282.34699595697,0.377921847291667,37.3732752109572,28.1361492418128,2,46.00981698,"Northern Lakes and Forests","Aspen / birch group",-0.114491227997404,-1.0281715738754,-1.3443105436645,-0.229167207263674,-0.511569334156472,-0.198712885683976,-0.828572016866298,-1.81326461176328,-0.175170763909605,"Low"
"26045",73.65501359,0.747152619589977,24,8.503494829,836.6666667,-1351.32808912511,0.516318520584541,58.7320815280558,37.0957507880862,5,42.59590148,"Southern Michigan/Northern Indiana Drift Plains","Oak / hickory group",0.108147701456487,-0.28560476468418,-0.667053521406788,-0.380860891764622,0.749020474803152,-0.014452602321608,-0.65393994311648,-0.938631409645673,-0.572134038033493,"Low"
"26047",27.3967612,0.692171605484299,32,6.482557103,803.7062937,-1426.99787052303,0.378333063685545,43.2991567621431,37.5223138925673,5,45.52600857,"Northern Lakes and Forests","White / red / jack pine group",-0.21438023326243,-0.822150558946935,-0.634809581042494,-0.547263414810362,-0.507823758608549,-0.154686901896082,-0.755912275677324,-1.4078489724594,-0.0428496725349756,"Low"
"26049",246.5763347,0.852889667250438,28,8.275425901,760.1818182,-1244.06135191617,0.442449383133495,42.0602775581805,26.0870036400413,4,43.02229559,"Southern Michigan/Northern Indiana Drift Plains","Maple / beech / birch group",0.728419119871127,-0.865221813201598,-1.49920562926186,-0.144974711301272,0.0761814559752267,0.509767382102095,-0.890567678097142,-0.991584029200907,-0.307491855284234,"Low"
"26051",19.47645615,0.951161405598571,36,7.135806831,763.2954545,-1489.40214363244,0.0764907646556439,127.211326798971,60.4914548742122,2,43.99054723,"Northern Lakes and Forests","Aspen / birch group",1.30489777029653,2.09516567265711,1.1014296863741,-0.684494265784205,-3.25716243140184,-0.17869771885775,-0.880934754457075,-1.25617866548385,0.221792510214283,"Low"
"26053",5.154985996,0.76595580876126,30,4.407961161,857.3794466,-1591.90009252976,0.385796471284702,56.0909116164867,38.9238687493516,2,46.40892622,"Northern Lakes and Forests","Maple / beech / birch group",0.218450391724921,-0.37742848763239,-0.52886593344453,-0.90989358620561,-0.439843110405399,-0.222114000973005,-0.589859039656365,-1.88952480007393,-0.175170763909605,"Low"
"26055",77.03148707,0.864797507788162,34,7.022316821,781.036036,-1367.67127785922,0.420015684592853,29.0393175768418,31.7112727091977,5,44.69558826,"Northern Lakes and Forests","Oak / hickory group",0.79827252796237,-1.31791250023727,-1.07406666493622,-0.416800573229638,-0.128156488606436,-0.00421664724255395,-0.826049196076387,-1.28252856494429,0.0894714188396538,"Low"
"26057",27.64216461,0.755102040816326,30,8.063734813,807.8409091,-1149.33248151542,0.447235438459577,42.6430538672971,42.9639863123027,4,43.292682,"Southern Michigan/Northern Indiana Drift Plains","Oak / hickory group",0.154780351873175,-0.844960833355243,-0.223473112555814,0.0633399256482544,0.119775369222031,-0.153942948686947,-0.743120661438614,-1.04073407232339,-0.175170763909605,"Low"
"26059",29.5034783,0.787456445993031,37,8.5381054,904.0612245,-1526.73569002565,0.411171391604304,76.679735348702,38.728530902322,3,41.88750894,"Southern Michigan/Northern Indiana Drift Plains","Oak / hickory group",0.344576768880769,0.338368870930319,-0.543631537465004,-0.76659304021315,-0.20871496839897,-0.148300279365916,-0.445435620038199,-0.930595591637389,0.287953055901598,"Low"
"26061",13.73223573,0.835661255819806,34,4.681151961,808.0367647,-1452.39890465411,0.337802387123687,72.3962036214291,41.613207162747,1,46.89895361,"Northern Lakes and Forests","Maple / beech / birch group",0.627354342373039,0.189446293536841,-0.32557862024286,-0.603121857762054,-0.876998512657696,-0.196111622011908,-0.742514726172738,-1.82609586819247,0.0894714188396538,"Low"
"26063",14.3653968,0.944199706314244,27,7.86611658,820.9044944,-1370.48965443116,0.481478136570313,43.5403090562502,41.3514129739078,5,43.83369063,"Huron/Erie Lake Plains","Elm / ash / cottonwood group",1.26405926397155,-0.813766584350896,-0.345367664639746,-0.422998357388648,0.431675902974943,-0.19419216127611,-0.702704727291007,-1.08661670614375,-0.373652400971549,"Low"
"26065",201.9967123,0.81294964028777,23,8.38579073,793.4777778,-1288.08727661705,0.572169745468705,95.1345989338031,43.6925520595688,9,42.59717242,"Southern Michigan/Northern Indiana Drift Plains","Oak / hickory group",0.494124161540104,0.979976316730193,-0.168400767433766,-0.241790438984207,1.25774285397406,0.374621936704552,-0.787557112492692,-0.96595972845304,-0.638294583720808,"Low"
"26067",43.52269161,0.612012987012987,36,8.342457887,859.5656566,-1548.39839450652,0.524072081960587,43.6190675488989,33.3400559512552,4,42.94483073,"Southern Michigan/Northern Indiana Drift Plains","Oak / hickory group",-0.68460425670044,-0.811028442447525,-0.950946804893125,-0.81423066536572,0.819643996461818,-0.105800304603835,-0.583095374294694,-0.976020667353169,0.221792510214283,"Low"
"26069",17.72849461,0.84171531207903,32,7.561051916,809.1803279,-1207.41413548732,0.347122581176715,54.6752295728791,32.4951141918569,2,44.35496674,"Northern Lakes and Forests","White / red / jack pine group",0.66286846108694,-0.426646523619234,-1.01481602240194,-0.0643852188551953,-0.79210527526094,-0.183996755236781,-0.738976786631377,-1.15744605249179,-0.0428496725349756,"Low"
"26071",3.675263802,0.763901147396293,30,3.975414683,790.784689,-1405.58381497196,0.339905480599209,67.8158552678623,46.1633576674854,1,46.20982869,"Northern Lakes and Forests","Maple / beech / birch group",0.206397400390207,0.030204498307416,0.0183676329189547,-0.500172584012249,-0.857842429354146,-0.226599855814448,-0.795888952266759,-1.98995263691407,-0.175170763909605,"Low"
"26073",47.43735091,0.860943168077388,39,7.494683478,798.2525253,-1606.05626976442,0.349827745277017,65.5719643097753,37.6661808973102,4,43.64066739,"Southern Michigan/Northern Indiana Drift Plains","Unknown",0.775662318841242,-0.0478073027353144,-0.6239346622495,-0.941023894302348,-0.767465215530692,-0.0939328112022277,-0.772785066679859,-1.17285535299891,0.420274147276227,"Low"
"26075",87.008954,0.56027397260274,38,8.566550604,822.7142857,-1580.73357113706,0.510758984307218,34.5010722064484,39.3596796250825,4,42.24812564,"Southern Michigan/Northern Indiana Drift Plains","Oak / hickory group",-0.988114072471661,-1.12802746416924,-0.495922953286244,-0.885337715961737,0.698381289575746,0.0260305630208087,-0.697105620742385,-0.923991237073215,0.354113601588913,"Low"
"26077",181.6075663,0.739204064352244,45,9.01593373,920.0454545,-1975.06304321814,0.486423874816589,55.3180887979857,40.3102409836396,6,42.24540217,"Southern Michigan/Northern Indiana Drift Plains","Oak / hickory group",0.0615201310755958,-0.404296682693695,-0.424069941537368,-1.75249258086783,0.476724292381268,0.312811179477377,-0.395983836913991,-0.819654298612136,0.817237421400115,"Low"
"26079",12.22642191,0.884580291970803,30,6.374500007,800.728972,-1398.54040668519,0.303639275760352,75.0854896699987,46.7148459326669,3,44.68314416,"Northern Lakes and Forests","White / red / jack pine group",0.914321688371696,0.282942836856781,0.0600546765177007,-0.484683694152815,-1.18817412838827,-0.200676574975478,-0.765123471149323,-1.4329374680511,-0.175170763909605,"Low"
"26081",296.816773,0.799837925445705,49,8.374458365,902.4551282,-1382.67979940801,0.518691679207909,85.7369022348939,33.5696563013733,7,43.03177017,"Southern Michigan/Northern Indiana Drift Plains","Oak / hickory group",0.417208623014272,0.653253111891288,-0.933591295429092,-0.449805239118281,0.770636453746025,0.662073885510731,-0.450404537896876,-0.968590855883543,1.08187960414937,"Low"
"26085",8.030313949,0.950365965233303,28,6.9876074,870.8222222,-1580.24177102086,0.366898640463511,54.8182795136676,36.9008749685321,3,43.99052371,"Northern Lakes and Forests","White / red / jack pine group",1.30023158247924,-0.421673205517592,-0.681784200732158,-0.88425621713013,-0.61197450907149,-0.213397294640558,-0.548269971959103,-1.29058733376173,-0.307491855284234,"Low"
"26087",52.50114096,0.713980789754536,42,8.002418143,756.625,-1107.52507563558,0.457386720855961,90.2109965984918,44.7619144656272,3,43.09002111,"Southern Michigan/Northern Indiana Drift Plains","Elm / ash / cottonwood group",-0.0864438669548937,0.80880084832718,-0.0875675746739066,0.155276993416683,0.212238597074863,-0.0785816681268907,-0.901571711587566,-1.05497046273122,0.618755784338171,"Low"
"26089",24.0747236,0.932475884244373,31,7.547787709,802.6404762,-1895.24050379119,0.498607270067009,91.2154621631838,58.0343196851944,4,44.94455589,"North Central Hardwood Forests","Maple / beech / birch group",1.19528533935933,0.843722406125974,0.915694634117121,-1.57695788642073,0.587697074643928,-0.164757831771867,-0.759209686679292,-1.16052571140513,-0.10901021822229,"Low"
"26091",50.63542399,0.7875,31,8.920709552,871.3484848,-1046.39434002718,0.520210922057828,64.7587962087546,37.152078316304,4,41.89476381,"Eastern Corn Belt Plains","Oak / hickory group",0.344832264057512,-0.0760781542588675,-0.662795718887903,0.289707256765632,0.78447451797384,-0.0842376862204043,-0.546641828222334,-0.841763271168424,-0.10901021822229,"Low"
"26093",130.3428466,0.70856102003643,36,8.310956261,779.223301,-1431.25866469809,0.503106466775795,37.3776628377582,38.4992651653217,6,42.60306981,"Southern Michigan/Northern Indiana Drift Plains","Oak / hickory group",-0.118237153460542,-1.02801903229676,-0.560961753495774,-0.556633164369703,0.628678128484709,0.157399513697168,-0.831657409802144,-0.983334656293167,0.221792510214283,"Low"
"26095",2.699483546,0.746131610270362,34,4.835445925,824.1934524,-1076.51250709006,0.416084959025254,52.1325689640124,37.914573678092,2,46.47228017,"Northern Lakes and Forests","Maple / beech / birch group",0.102158287973657,-0.515045441945998,-0.605158631396591,0.223475547142719,-0.163959607817593,-0.229557984443803,-0.692529395872438,-1.79027218257686,0.0894714188396538,"Low"
"26097",4.073443956,0.520715782685797,35,5.684551069,787.7607527,-1195.02695696024,0.384765039331599,47.4778461624897,29.5807628785505,3,46.07127973,"Northern Lakes and Forests","White / red / jack pine group",-1.2201691100635,-0.676872962036825,-1.2351120793269,-0.0371450481788099,-0.44923793600186,-0.225392751954798,-0.805244363324347,-1.59312852935363,0.155631964526969,"Low"
"26099",701.4875474,0.81651376146789,34,9.069639776,813.6321839,-1395.72837102139,0.499286664660854,60.4905203580995,35.5247359136577,6,42.69137757,"Huron/Erie Lake Plains","Oak / hickory group",0.515031899638615,-0.224470341168284,-0.785806665760686,-0.478499854042451,0.593885358515831,1.88885439870002,-0.725203697942575,-0.807184928730879,0.0894714188396538,"Low"
"26101",17.47025056,0.919489172681843,33,7.867830929,850.4784689,-1638.83941346116,0.48852115245464,43.0384434613371,37.243316070716,3,44.33353211,"North Central Hardwood Forests","Oak / hickory group",1.11910309122905,-0.831214597499419,-0.655899049482303,-1.01311605214567,0.495827401973298,-0.184779635514352,-0.61120918617987,-1.08621867178116,0.0233108731523391,"Low"
"26103",14.17225905,0.718160767449553,33,4.866851601,825.4143836,-1161.01252368032,0.390090185543293,56.7513574823655,35.4601253688258,4,46.43457826,"Northern Lakes and Forests","Maple / beech / birch group",-0.0619234103013715,-0.354467224161568,-0.79069058219082,0.0376547915086517,-0.400733698970991,-0.194777668416853,-0.688752096314563,-1.78298047112942,0.0233108731523391,"Low"
"26105",22.66991741,0.944847147809644,38,8.006793613,850.4974093,-1313.22488278287,0.513775957126868,78.1242951230082,50.3531085909313,4,43.99508427,"Southern Michigan/Northern Indiana Drift Plains","Oak / hickory group",1.26785726536821,0.388590878956761,0.335071251909097,-0.297069587569636,0.725861467385444,-0.169016574848273,-0.611150588640102,-1.05395457424383,0.354113601588913,"Low"
"26107",30.24042439,0.853846153846154,29,7.217620636,853.6857143,-1648.23737075525,0.399034746188673,81.4334778832654,44.0060134779281,4,43.64072157,"Northern Lakes and Forests","Aspen / birch group",0.734030032134579,0.503638941420235,-0.144706192882178,-1.03378274070116,-0.319261928538139,-0.146066188940623,-0.601286656039418,-1.23718328839096,-0.24133130959692,"Low"
"26109",8.469506507,0.540926262767595,33,5.976705665,788.587234,-1239.21672624694,0.401295456799495,40.259594472082,27.5073696689678,2,45.57966811,"Northern Lakes and Forests","White / red / jack pine group",-1.10161101311877,-0.927824913475903,-1.39184004360511,-0.13432108022584,-0.298670185332157,-0.212065859543741,-0.802687407249277,-1.52529661858453,0.0233108731523391,"Low"
"26111",62.26363384,0.933021806853583,37,7.726008882,772.4574468,-1544.83779631805,0.255428399912985,138.714887950743,55.8427541103399,8,43.64492846,"Huron/Erie Lake Plains","Aspen / birch group",1.19848781378671,2.49510200673815,0.750034010969676,-0.806400690028567,-1.62730418352766,-0.0489861628841647,-0.852589513165798,-1.11914665090218,0.287953055901598,"Low"
"26113",10.30562294,0.736374407582938,34,6.329111099,776.4516129,-1311.61166031529,0.382267418901249,47.386601623709,37.9080155680775,3,44.33787332,"Northern Lakes and Forests","White / red / jack pine group",0.0449208855248778,-0.680045197648338,-0.605654359475247,-0.293522011722579,-0.471987578650321,-0.206499577018667,-0.840232418971128,-1.44347578029919,0.0894714188396538,"Low"
"26115",105.4245719,0.737951807228916,33,9.527165185,857.853211,-1311.23736677985,0.497870370983814,44.2741690631127,33.3057608976337,3,41.92733997,"Huron/Erie Lake Plains","Oak / hickory group",0.0541741788356512,-0.788252982345306,-0.953539170834167,-0.292698917119868,0.580985009589145,0.0818584671029768,-0.588393314103068,-0.700957530145351,0.0233108731523391,"Low"
"26117",34.76911913,0.876019575856444,38,7.816929591,854,-1531.69061701889,0.435461451751846,68.0155510296156,42.4654161550132,4,43.31079799,"Northern Lakes and Forests","Oak / hickory group",0.864103078675407,0.0371471823887563,-0.26116007200022,-0.777489230712852,0.012531695646273,-0.132337215145932,-0.600314323416862,-1.098036849775,0.354113601588913,"Low"
"26119",6.547160251,0.730475240943835,28,6.162638893,727.4375,-1469.91856445944,0.342768825706023,60.7049175966007,33.4399813780952,2,45.02760358,"Northern Lakes and Forests","Aspen / birch group",0.0103153755389105,-0.217016541038742,-0.943393433609819,-0.641648671777537,-0.831761573685414,-0.217893552264966,-0.991871583394831,-1.48212698749405,-0.307491855284234,"Low"
"26121",133.0740842,0.919828641370869,34,8.638419277,840.4008811,-1346.01041084181,0.542497357618739,125.460208383628,54.5951867012777,3,43.29128585,"Southern Michigan/Northern Indiana Drift Plains","Oak / hickory group",1.12109447201666,2.03428575292319,0.655730287286934,-0.369166988772707,0.987471113756653,0.165679402625489,-0.642387083788999,-0.907304902232773,0.0894714188396538,"Low"
"26123",22.40845837,0.903587893365404,44,7.539555928,878.6232877,-1664.49828464528,0.404974100721635,74.0879160722566,42.5773498378065,3,43.55418238,"Northern Lakes and Forests","Oak / hickory group",1.02582349534051,0.248260887294096,-0.252698995655763,-1.06954149470233,-0.265163158546711,-0.169809201535349,-0.524135146619144,-1.16243695100878,0.751076875712801,"Low"
"26125",558.8650392,0.755577109602328,45,8.594088568,785.8965517,-1515.20337923956,0.418227644276671,54.4890753451885,48.2440527872933,7,42.66079124,"Southern Michigan/Northern Indiana Drift Plains","Oak / hickory group",0.157567185781043,-0.433118418575415,0.175647549195295,-0.741232776500194,-0.144442901761889,1.45648684247766,-0.811011801827918,-0.917597523805015,0.817237421400115,"Low"
"26127",19.04660919,0.84366391184573,41,8.156211039,846.6995708,-1655.44072098033,0.451557646767758,69.6780574971461,37.3412965022431,6,43.64127627,"Southern Michigan/Northern Indiana Drift Plains","White / red / jack pine group",0.674299277134448,0.0949463919759333,-0.648492700555641,-1.04962335276177,0.159144319471026,-0.180000822287849,-0.622900287302019,-1.019263114152,0.552595238650857,"Low"
"26129",14.31687413,0.828412494651262,37,6.464430586,745.2708333,-1426.01669809634,0.41665359007114,37.2391283448036,24.622538369368,2,44.33483292,"Northern Lakes and Forests","Aspen / birch group",0.584831882447737,-1.03283536495454,-1.6099046802513,-0.545105756041856,-0.158780216691731,-0.194339260275518,-0.936699070816287,-1.41205755346594,0.287953055901598,"Low"
"26131",1.708774326,0.83947608894304,33,4.716669684,826.6923077,-1473.88809880752,0.336814557905377,97.7322235291839,50.759274251425,1,46.66511353,"Northern Lakes and Forests","Maple / beech / birch group",0.649732799164853,1.07028612986448,0.365773347794567,-0.650377922987656,-0.885996181575351,-0.232561371004483,-0.684798472934369,-1.81784942931989,0.0233108731523391,"Low"
"26133",15.90196154,0.845830833833233,34,6.580523045,820.1276596,-1586.72237116282,0.420460463254664,41.299943854966,41.1002738460625,2,43.98993298,"Northern Lakes and Forests","Aspen / birch group",0.687010808281965,-0.891655807851597,-0.364351292094435,-0.898507457117224,-0.124105210241275,-0.189533985298166,-0.70510808773145,-1.38510342223654,0.0894714188396538,"Low"
"26135",5.652902518,0.860024638127502,37,6.103435176,721.5185185,-1107.08422353329,0.340578578444871,44.1555392570629,26.93920927736,3,44.682004,"Northern Lakes and Forests","Aspen / birch group",0.770274066686693,-0.792377302555226,-1.43478733461997,0.156246454418893,-0.851711499581878,-0.220604541123105,-1.01018364406051,-1.49587279640388,0.287953055901598,"Low"
"26137",18.45245558,0.913928736695974,35,5.870007742,805.9651163,-1673.74680119017,0.297159939617949,75.8475936801402,48.4998822051672,3,45.02090136,"Northern Lakes and Forests","Maple / beech / birch group",1.08648463258782,0.309438378540193,0.19498571606135,-1.0898795538201,-1.24719133534564,-0.181802029878562,-0.748923962487933,-1.55006954391679,0.155631964526969,"Low"
"26139",198.1228113,0.82258064516129,41,9.060573698,865.4701754,-1336.15979592249,0.486144484535232,90.3883178382858,43.8655385792743,4,42.95985389,"Southern Michigan/Northern Indiana Drift Plains","Oak / hickory group",0.550621266252537,0.814965652917887,-0.155324702095213,-0.347504878140894,0.474179458513364,0.362878004210611,-0.564828058124293,-0.809289873860415,0.552595238650857,"Low"
"26141",7.436390398,0.546817625458996,34,6.740042326,782.5662921,-1025.46268497813,0.34696892854989,41.05031073171,37.1903749223486,2,45.34033185,"Northern Lakes and Forests","White / red / jack pine group",-1.06705128241091,-0.900334629554112,-0.659900875268085,0.335737259064288,-0.793504824331644,-0.215197804795439,-0.821314911548343,-1.34806653223758,0.0894714188396538,"Low"
"26143",17.72189751,0.712742008104457,28,6.3680641,754.032967,-984.748738581208,0.384315112643745,37.7421105419474,32.633534181376,3,44.33474758,"Northern Lakes and Forests","Aspen / birch group",-0.0937107697879288,-1.01534853167051,-1.00435284394044,0.425269741892143,-0.453336105300247,-0.184016754688769,-0.909590906366845,-1.43443174496927,-0.307491855284234,"Low"
"26145",92.17022968,0.868811881188119,38,8.153938975,771.9366197,-1769.11223693303,0.471885621236736,54.9859826379589,33.9325032705637,4,43.33441853,"Huron/Erie Lake Plains","Unknown",0.821821521791223,-0.415842787279439,-0.906163663003704,-1.29959403727445,0.344302219893655,0.0416772388570111,-0.854200840630081,-1.01979063774608,0.354113601588913,"Low"
"26147",85.2379531,0.88860103626943,37,8.351362495,804.8041958,-1359.93740674695,0.403188407042008,49.3715728231606,37.0838876948464,4,42.92633214,"Huron/Erie Lake Plains","Elm / ash / cottonwood group",0.937908054970472,-0.611035080321075,-0.667950253606413,-0.399793312970423,-0.281428197300192,0.0206616816228821,-0.752515601796829,-0.973953212027941,0.287953055901598,"Low"
"26149",46.88568818,0.705416116248349,35,9.183962586,909.5168539,-1357.64444848758,0.494651823667362,66.8638383223481,44.6665360587277,3,41.91448985,"Southern Michigan/Northern Indiana Drift Plains","Oak / hickory group",-0.136685691381465,-0.00289361471590056,-0.094777236343661,-0.394750956133269,0.551668785071322,-0.095605205478835,-0.428557071500368,-0.780641671315229,0.155631964526969,"Low"
"26151",16.51752857,0.88625,28,8.039573394,810.1753731,-1237.48711884512,0.417515831904099,64.1309388961653,47.4304714558525,4,43.42398362,"Huron/Erie Lake Plains","Elm / ash / cottonwood group",0.924116478282362,-0.0979064340941306,0.114148869030746,-0.130517566719861,-0.150926463840413,-0.187667861810288,-0.735898329963199,-1.04634382565297,-0.307491855284234,"Low"
"26153",2.646001501,0.663681146439767,31,5.705670295,803.6645963,-1088.3679494832,0.371580872084091,50.8031642408831,37.3393601246288,2,46.19208178,"Northern Lakes and Forests","White / red / jack pine group",-0.381510088255008,-0.561263934155818,-0.648639071499734,0.197404697067604,-0.569326276829657,-0.229720118046628,-0.756041278499583,-1.58822510673712,-0.10901021822229,"Low"
"26155",49.57539686,0.794871794871795,27,8.190467791,778.4545455,-1453.89342157998,0.404250656987559,96.7461145746329,56.8517159714153,4,42.95397319,"Southern Michigan/Northern Indiana Drift Plains","Oak / hickory group",0.388076460510521,1.03600276360212,0.826301521536342,-0.606408392791031,-0.271752665193319,-0.0874512136328153,-0.834035774619314,-1.01130944518112,-0.373652400971549,"Low"
"26157",25.27302357,0.823188405797101,42,7.929524114,743.6710526,-1435.84452847213,0.384617863424472,77.7125214913517,55.8562831184924,3,43.46556913,"Huron/Erie Lake Plains","Unknown",0.554186493010537,0.374275030625692,0.751056669815401,-0.566717762055157,-0.45057849169756,-0.161125123048755,-0.941648449561632,-1.07189486282085,0.618755784338171,"Low"
"26159",47.90820106,0.700934579439252,47,9.390009813,942.9176471,-1536.52496998489,0.460728313038399,65.5507705405769,47.3761291396429,4,42.25205394,"Southern Michigan/Northern Indiana Drift Plains","Elm / ash / cottonwood group",-0.162975144839466,-0.048544131813435,0.110041128851831,-0.788120271479387,0.242675579053225,-0.0925054044676823,-0.325222173197295,-0.732802009343642,0.949558512774745,"Low"
"26161",201.4640407,0.701812191103789,38,8.748943457,844.4553571,-1035.77927296022,0.561106241395599,48.1874478452959,33.5631962303841,7,42.25309724,"Eastern Corn Belt Plains","Oak / hickory group",-0.15782692627252,-0.652202732363161,-0.934079612729713,0.31305044488657,1.15697063052308,0.37300711502691,-0.629843403684652,-0.881643603666077,0.354113601588913,"Low"
"26163",1106.273,0.840182648401826,27,9.586807251,842.7652174,-1760.89293079774,0.415098337664786,61.2805634426096,49.4076184153663,7,42.28093838,"Huron/Erie Lake Plains","Elm / ash / cottonwood group",0.653877596540913,-0.197003461059042,0.263601571302217,-1.28151927541667,-0.172946274929713,3.1159825648209,-0.63507233381729,-0.687109946179918,-0.373652400971549,"Low"
"26165",22.85003604,0.845396145610278,38,6.509600709,819.7708333,-1808.70565930087,0.367193111244724,51.9699399437751,42.8485840207148,5,44.3384256,"Northern Lakes and Forests","White / red / jack pine group",0.684460853591663,-0.520699452326851,-0.232196381326069,-1.38666241855308,-0.609292314066355,-0.168470535847374,-0.706212031856416,-1.40157003831226,0.354113601588913,"Low"
"27001",3.354123829,0.923826842450876,39,4.287474251,719.7359551,-1095.70288923701,0.419509508010234,62.5314729667051,46.7035551687355,1,46.6088281,"Northern Lakes and Forests","Aspen / birch group",1.14454859627939,-0.153513957006051,0.059201206737856,0.181274711505679,-0.132767011579291,-0.227573408355935,-1.0156985133199,-1.91749922676399,0.420274147276227,"Low"
"27003",323.7084855,0.918316831683168,33,6.614248988,749.8888889,-968.896794773575,0.188399297672105,95.8372151136057,45.1073839771672,3,45.27258801,"North Central Hardwood Forests","Oak / hickory group",1.11222594050276,1.00440368626463,-0.0614535057102344,0.460129145422043,-2.23784055826953,0.74359751150078,-0.922411796172045,-1.37727299551213,0.0233108731523391,"Low"
"27005",10.04907215,0.961271962385548,34,4.048998743,643.3977695,-1107.02308761932,0.333863649897036,57.7228829531369,45.2788059011055,2,46.93556845,"Northern Lakes and Forests","Aspen / birch group",1.36420800770128,-0.320690871767698,-0.048495708295189,0.156380896069779,-0.912874606280113,-0.207277324090424,-1.25187250470933,-1.97286802671014,0.0894714188396538,"Low"
"27007",7.211790671,0.826795643232539,35,3.332882538,598.9057971,-969.128790531573,0.441035663953909,34.3061242714555,29.9147716712874,1,47.97291677,"Northern Minnesota Wetlands","Aspen / birch group",0.575347158360514,-1.13480508384971,-1.20986432704588,0.459618972420964,0.0633045569276201,-0.215878690556858,-1.38952113525914,-2.13913455540055,0.155631964526969,"Low"
"27009",38.27577955,0.981359649122807,28,5.763258137,706.1097561,-993.043695428559,0.354940276324628,69.9980720812212,58.6501105106263,1,45.69827276,"North Central Hardwood Forests","Aspen / birch group",1.48204577810319,0.106072117124771,0.962242313566002,0.407028619445968,-0.720897589421864,-0.121706591582848,-1.05785505371974,-1.5748544686797,-0.307491855284234,"Low"
"27013",34.78098794,0.790909090909091,25,7.14815483,754.3120567,-973.152846059733,0.499104086279305,82.6541673166856,46.2584065359802,2,44.03418728,"Western Corn Belt Plains","Oak / hickory group",0.364830568346058,0.546077804535101,0.0255523847534297,0.450769825768343,0.592222338432755,-0.132301234230719,-0.908727462627822,-1.25331173004004,-0.505973492346178,"Low"
"27015",15.8431511,0.893401015228426,17,7.094284987,695.87,-1117.39718371727,0.457593406692103,50.672048793036,40.2778094195135,1,44.24213741,"Western Corn Belt Plains","Maple / beech / birch group",0.966065543978653,-0.565822334016654,-0.426521446153256,0.13356761799329,0.214121200554396,-0.189712272207744,-1.08953466530578,-1.26581913000413,-1.0352578578447,"Low"
"27017",16.00957927,0.876974629009095,34,4.245523661,758.1621622,-1114.87945505414,0.405264487925695,48.980798579369,39.7034757589591,3,46.59245361,"Northern Lakes and Forests","Aspen / birch group",0.869705582119219,-0.624620857495062,-0.469935375078614,0.139104258831279,-0.26251815891355,-0.189207736548838,-0.896816061065699,-1.9272392367332,0.0894714188396538,"Low"
"27019",112.9454232,0.545034642032333,20,6.683152579,749.8474576,-1237.74025855125,0.346409554599883,6.78757335228423,22.3281218885758,4,44.81979346,"North Central Hardwood Forests","White / red / jack pine group",-1.07751056497587,-2.09152346250071,-1.78333981188912,-0.131074236568841,-0.798599896951519,0.104658319232437,-0.922539975737914,-1.36127508789618,-0.836776220782752,"Low"
"27021",5.627252778,0.908257709151655,34,4.193206672,685.4117647,-1182.09934620822,0.419396661224672,47.5139105074938,35.3334874523392,2,46.94905457,"Northern Lakes and Forests","Aspen / birch group",1.05321742514622,-0.675619137960812,-0.800263152776876,-0.00871643365992973,-0.133794879550888,-0.220682299644825,-1.12189020472917,-1.93938609794348,0.0894714188396538,"Low"
"27023",7.889047689,0.617647058823529,7,6.650591693,563.8165138,-1091.25347168162,0.606139045226558,68.1138352573058,36.7203568816564,1,45.02375432,"Western Corn Belt Plains","Elm / ash / cottonwood group",-0.651553837848226,0.0405641619833187,-0.695429577856316,0.191059255528707,1.56715313150021,-0.213825550659777,-1.49807986018586,-1.36883501385303,-1.69686331471784,"Low"
"27025",51.96798373,0.955323901712584,28,6.114223643,761.443038,-1098.96937608649,0.34530105723123,36.3739726074021,43.9876233320222,3,45.50194912,"North Central Hardwood Forests","Oak / hickory group",1.32931567703698,-1.06291363458431,-0.146096305532923,0.174091505168781,-0.808696674951561,-0.0801979620171519,-0.886665734242383,-1.49336795019951,-0.307491855284234,"Low"
"27027",23.65318184,0.962790697674419,15,5.010041878,558.7230769,-1018.8657163019,0.072500701839403,70.1193962617019,52.9205622912419,2,46.89283909,"Lake Agassiz Plain","Oak / hickory group",1.37311716596386,0.110290110782271,0.529145289563163,0.350244400645756,-3.29350602553302,-0.166035757555933,-1.51383786272559,-1.74973481891155,-1.16757894921933,"Low"
"27029",3.429524691,0.925301844235107,33,3.501871201,624.4431818,-1027.00940188166,0.46996139429125,45.8265323246922,38.2482824064387,1,47.57781852,"Northern Lakes and Forests","Aspen / birch group",1.1532012064015,-0.734283045226959,-0.579933561007664,0.332335933060299,0.326775347174165,-0.227344826718637,-1.31051393818153,-2.09989908189937,0.0233108731523391,"Low"
"27031",1.43588845,0.697584066449337,28,3.448737116,745.3963816,-809.331390087854,0.327482776086135,95.8720570697878,45.7679899264652,2,47.90522985,"Northern Lakes and Forests","Aspen / birch group",-0.182629821139344,1.00561501239606,-0.0115182473400253,0.81102332589933,-0.970994966451323,-0.233388638739589,-0.936310651273825,-2.11223565493934,-0.307491855284234,"Low"
"27033",6.804734925,0.965811965811966,7,6.860857762,683.0431034,-1051.87805166794,-0.0788004670018412,88.0277851687407,42.6789587275747,1,44.00705478,"Western Corn Belt Plains","Elm / ash / cottonwood group",1.39084043623243,0.732898650371377,-0.245018371270414,0.277648236165596,-4.67163677815114,-0.217112701235576,-1.12921833532428,-1.32001582899182,-1.69686331471784,"Low"
"27035",25.05093304,0.957320488405959,40,4.838934017,702.248731,-1170.57393255168,0.323611253247318,59.6341612512721,35.8834987671285,2,46.48066608,"Northern Lakes and Forests","Aspen / birch group",1.34102799251854,-0.254242784442401,-0.758687751980489,0.0166286628391438,-1.00625883602021,-0.16179840204888,-1.06980023818482,-1.78946232386323,0.486434692963542,"Low"
"27037",291.8877165,0.85519801980198,31,7.051968561,767.5471698,-1345.4709438923,0.461998478937925,100.597642604433,43.6138847593228,3,44.67128922,"Western Corn Belt Plains","Unknown",0.741960306645546,1.16990616799367,-0.174347235168798,-0.367980667630504,0.25424491920089,0.647131194204262,-0.8677808582155,-1.27564407909547,-0.10901021822229,"Low"
"27039",18.28810117,0.8,21,6.708944427,823.8888889,-1089.1871124792,0.568675750860162,64.7272274830346,25.6598796727846,3,44.02236362,"Western Corn Belt Plains","Oak / hickory group",0.418159379782177,-0.0771756822564584,-1.53149196528977,0.195603307043714,1.22591771041177,-0.182300278826102,-0.693471650091099,-1.35528678459354,-0.770615675095437,"Low"
"27041",22.92594558,0.994214079074253,24,5.462712823,636.1384615,-1135.31217260682,0.0555544652444671,81.7020023659306,26.9895324497732,1,45.93372428,"North Central Hardwood Forests","Aspen / birch group",1.55745203991313,0.512974545916203,-1.4309834018532,0.0941714509040662,-3.44786127586905,-0.168240412126245,-1.27433124841159,-1.64463452074953,-0.572134038033493,"Low"
"27043",7.438845567,0.585034013605442,10,7.249610105,768.8303571,-844.123627930694,0.500994449271154,75.1864430998389,34.1064658633639,2,43.67387788,"Western Corn Belt Plains","Oak / hickory group",-0.842867481115456,0.286452614751687,-0.893013816219156,0.734513045936829,0.609440760422685,-0.215190361822839,-0.863810951622105,-1.22975603297048,-1.4983816776559,"Low"
"27045",9.427377128,0.779429987608426,38,6.959656863,837.9485294,-1078.78954837144,0.444508064367941,66.4670652726447,36.9100175576816,2,43.67397443,"Driftless Area","Oak / hickory group",0.297492205454598,-0.016687948215496,-0.681093111661831,0.218468192723279,0.0949330091902897,-0.209162024904974,-0.6499741345517,-1.2970768374618,0.354113601588913,"Low"
"27047",16.63157791,0.705882352941177,7,7.015702792,786.0166667,-1785.56733813143,0.0786336043506755,87.9287570487898,46.8271403225286,3,43.67386929,"Western Corn Belt Plains","Oak / hickory group",-0.133950668027059,0.729455808390396,0.0685430187393049,-1.33577982116073,-3.23764431859233,-0.187322115300519,-0.810640191751614,-1.28406419789716,-1.69686331471784,"Low"
"27049",23.63952479,0.784284655300222,34,6.803481784,803.546875,-824.876846648361,0.497284702722032,93.3494200298599,42.4433796115775,4,44.40842604,"Driftless Area","Oak / hickory group",0.325970507825888,0.917912239606398,-0.26282581614197,0.776837906756076,0.575650434525544,-0.166077159613772,-0.756405482980919,-1.33333727685973,0.0894714188396538,"Low"
"27051",4.202156312,0.94047619047619,11,5.757089522,596.287037,-848.203235372138,-0.362037826861087,-20.3015205717351,3.2258034953518,2,45.93433282,"Northern Glaciated Plains","Oak / hickory group",1.24221648983079,-3.0333112075835,-3.22728563988128,0.725541737195727,-7.25151186372936,-0.225002553748907,-1.39762301795974,-1.57628668623841,-1.43222113196858,"Low"
"27053",874.8016753,0.890909090909091,27,6.964732035,754.754902,-1147.36036738625,0.301257374645689,86.3539340936617,58.5844073990882,7,45.00690928,"North Central Hardwood Forests","Oak / hickory group",0.951447494143374,0.674705030679827,0.95727580992814,0.0676767264261287,-1.20986973854748,2.41426519735076,-0.907357394145751,-1.29589849346531,-0.373652400971549,"Low"
"27055",13.05789775,0.763883495145631,38,7.426612824,820.3020833,-1050.84122875405,0.484791334487967,83.7143172186113,37.832626570029,3,43.67129583,"Driftless Area","Oak / hickory group",0.206293849300039,0.582935301075399,-0.611353020075903,0.279928273792712,0.4618542550313,-0.198155912693374,-0.704568458172558,-1.18865987085124,0.354113601588913,"Low"
"27057",8.875701036,0.957116491151884,32,3.863950923,662.6055556,-1028.32408416476,0.461616332523375,56.10075548034,44.5993965493828,1,47.1077994,"Northern Lakes and Forests","Aspen / birch group",1.33983131009797,-0.377086252843463,-0.0998523174105955,0.329444865518278,0.250764128339011,-0.21083445968918,-1.19244772963331,-2.0158320854178,-0.0428496725349756,"Low"
"27059",35.44540556,0.824585635359116,37,5.897670842,738.4303797,-972.921326742448,0.449791691322424,68.3375742035646,47.515276708137,2,45.56187579,"North Central Hardwood Forests","Oak / hickory group",0.562382878113561,0.0483427387889993,0.120559305068263,0.451278951046867,0.143059066953765,-0.130287017636887,-0.957861968741205,-1.54364677680483,0.287953055901598,"Low"
"27061",6.538903895,0.835518309547516,39,3.578776138,689.0921569,-1133.6753816438,0.440591958245467,54.4077972083649,38.2224724043204,1,47.50994981,"Northern Lakes and Forests","Aspen / birch group",0.62651579534499,-0.435944159200713,-0.581884541203471,0.097770855328307,0.0592630515869857,-0.217918581837871,-1.11050385975751,-2.08204343664952,0.420274147276227,"Low"
"27063",5.422669749,0.873015873015873,18,6.984979191,707.5535714,-633.704718358589,0.484989350170832,34.7066604392787,34.7537792350828,1,43.67436724,"Western Corn Belt Plains","Oak / hickory group",0.846482849411964,-1.12087992063176,-0.844083344888064,1.19723722463116,0.463657886187271,-0.221302503744512,-1.05338819850763,-1.29119754643958,-0.969097312157381,"Low"
"27065",11.99514837,0.966008771929825,31,5.06329627,738.7777778,-1393.8123819468,0.25560911577988,148.511444720242,80.6216467162351,2,45.94575758,"North Central Hardwood Forests","Aspen / birch group",1.39199493423079,2.83569210308469,2.62307255341381,-0.474286475726169,-1.62565812820924,-0.201377692748336,-0.956787193447121,-1.73737031321606,-0.10901021822229,"Low"
"27067",20.77729376,0.890155440414508,25,6.477798061,680.4294872,-893.45980953354,0.533318623573461,39.1480038107685,22.7146706333733,2,45.1524514,"Western Corn Belt Plains","Elm / ash / cottonwood group",0.947026452780795,-0.966470815229201,-1.75412056028436,0.626019735337916,0.903866368632886,-0.174754161942532,-1.13730430390033,-1.4089539179804,-0.505973492346178,"Low"
"27069",1.500845519,0.999065420560748,10,3.22612688,497.5721393,-758.234560800544,-0.337001182757943,-3.44737667746083,5.88105083888334,1,48.77769246,"Lake Agassiz Plain","Aspen / birch group",1.58591083020114,-2.44735487334763,-3.02657527347153,0.923388409502962,-7.02346491970938,-0.233191718004304,-1.70302576255169,-2.16392088553774,-1.4983816776559,"Low"
"27071",1.536520417,0.705814128310316,37,3.206283128,662.6497373,-870.058461879007,0.427712355170887,49.8644463311978,36.6042107456931,1,48.24520639,"Northern Minnesota Wetlands","Aspen / birch group",-0.134350885259252,-0.593899688821922,-0.704209073884458,0.677480744216843,-0.0580511583066458,-0.233083567694361,-1.1923110409191,-2.16852817097298,0.287953055901598,"Low"
"27073",3.353697736,0.793918918918919,14,6.796973626,627.3165468,-923.173531867766,0.344590124735643,115.034702017423,43.6628935422277,2,44.99742996,"Western Corn Belt Plains","Elm / ash / cottonwood group",0.382486728889097,1.67182940205689,-0.170642657213716,0.560677424653883,-0.815172222646979,-0.22757470007904,-1.30162436246742,-1.33484832888072,-1.23373949490664,"Low"
"27075",1.935174831,0.726784950130024,34,3.200847769,748.2673077,-849.047317476583,0.337349839560051,77.6984070887039,41.4426904504529,4,47.64046279,"Northern Lakes and Forests","Aspen / birch group",-0.0113324949860483,0.373784324975657,-0.338467992634818,0.723685548513236,-0.881120554273406,-0.231875026090838,-0.927428620993804,-2.16979014251727,0.0894714188396538,"Low"
"27077",1.114715333,0.805372723098117,21,2.794272866,567.0762195,-881.229131685432,0.391517124559122,64.8671989575174,41.2614068456028,1,48.77113948,"Northern Minnesota Wetlands","White / red / jack pine group",0.449676682851953,-0.0723093910582803,-0.352171235326005,0.652915751354962,-0.387736386690555,-0.234362291758836,-1.48799502911642,-2.26418794737416,-0.770615675095437,"Low"
"27079",24.46086635,0.9,20,6.80620373,754.6111111,-959.752514187081,0.456416014115394,58.9023929854448,57.2040380503934,3,44.37253862,"North Central Hardwood Forests","Elm / ash / cottonwood group",1.00477630557949,-0.279683664337818,0.852933576639686,0.480237983229161,0.203396888704766,-0.163587219928915,-0.907802252384279,-1.33270530049955,-0.836776220782752,"Low"
"27085",28.11301182,0.725118483412322,18,6.782700383,707.0786517,-829.916377208595,0.488982250633792,77.6384532834925,31.3527899860195,3,44.82366536,"Western Corn Belt Plains","Elm / ash / cottonwood group",-0.0211082708148672,0.371699952601389,-1.10116440364442,0.765755667787005,0.500027327099668,-0.152515550865164,-1.05485749831161,-1.33816226389601,-0.969097312157381,"Low"
"27087",3.812112719,0.955301455301455,27,3.989232377,618.1442308,-1035.28845239191,0.347872868701369,47.1561778544197,30.7281803490355,1,47.32566782,"North Central Hardwood Forests","Aspen / birch group",1.32918400259007,-0.688056181061113,-1.14837869778825,0.314129789631866,-0.785271261228198,-0.226184991200428,-1.33000154307472,-1.98674447041841,-0.373652400971549,"Low"
"27089",2.034414364,0.980718245360328,25,3.518546475,508.2997033,-761.732580907477,0.437427035324301,14.1740169212999,28.4313453795567,2,48.35934944,"Lake Agassiz Plain","Aspen / birch group",1.47828319506978,-1.83472410064105,-1.32199664318601,0.91569604723225,0.0304352663112395,-0.231574176281748,-1.66983697783205,-2.09602744779364,-0.505973492346178,"Low"
"27091",10.69797802,0.95,11,7.275455519,755.0583333,-765.218237920595,0.34707035572184,-35.5291166329947,19.4068424598946,1,43.6743763,"Western Corn Belt Plains","Elm / ash / cottonwood group",1.29808476847815,-3.56271848114496,-2.00415956562853,0.908030872168445,-0.79258097221678,-0.205310132174006,-0.906418642711325,-1.22375529281358,-1.43222113196858,"Low"
"27093",14.70120203,0.863799283154122,17,6.564004417,708.5221239,-970.500669745128,0.374991163463879,27.2333411810634,36.5038630245278,1,45.12334851,"North Central Hardwood Forests","Oak / hickory group",0.792416773301613,-1.38069962933888,-0.711794366430757,0.456602125296098,-0.538263546370478,-0.193174150244792,-1.0503917045774,-1.38893868656531,-1.0352578578447,"Low"
"27095",17.51576633,0.979591836734694,37,5.170229193,732.8333333,-1325.80439251325,0.0901958897066084,122.28897386133,67.733678313517,1,45.93656445,"Northern Lakes and Forests","Aspen / birch group",1.47167549141817,1.92403364119658,1.64886995541918,-0.324732706441435,-3.13232893245492,-0.184641652088784,-0.975178031179554,-1.71254282602083,0.287953055901598,"Low"
"27097",11.36555218,0.983469252810227,37,5.376718705,688.9365854,-1305.52671446271,0.383460039316603,109.552992676358,47.3938695712748,2,46.01198799,"North Central Hardwood Forests","Aspen / birch group",1.49442107040084,1.48125061437203,0.111382129546843,-0.280140839955458,-0.46112456362415,-0.203286346364885,-1.11098516464853,-1.66460047514048,0.287953055901598,"Low"
"27101",4.51870617,0.552631578947368,5,6.548371612,671.0074074,-1224.21418210731,0.264620507167776,3.81234210352807,18.401358997968,1,44.02231727,"Western Corn Belt Plains","Oak / hickory group",-1.03294564719013,-2.19496126432329,-2.08016414371571,-0.101329559029135,-1.54357762816652,-0.22404291637993,-1.1664542001949,-1.39256828215733,-1.82918440609247,"Low"
"27103",29.41520345,0.837278106508876,20,7.072352319,742.2278481,-1185.7962216674,0.32628228659061,94.7549738913116,54.6245592115974,3,44.34992113,"Western Corn Belt Plains","Elm / ash / cottonwood group",0.636839062179995,0.966778156107034,0.657950557772471,-0.016846091132554,-0.981929657205193,-0.148567889167848,-0.946113415089398,-1.27091141607142,-0.836776220782752,"Low"
"27107",2.860412927,0.996282527881041,15,4.659843662,574.1310345,-1039.92593451898,0.329871829039023,-38.5968401284641,84.8477875310347,2,47.32665849,"Lake Agassiz Plain","Aspen / birch group",1.5695859107152,-3.66937189677559,2.94252688730251,0.303931679999885,-0.949234213581907,-0.229070118649928,-1.46616894294515,-1.83104318942649,-1.16757894921933,"Low"
"27109",92.42998734,0.850224215246637,30,6.82881285,841.3070175,-964.096334318085,0.378488289890797,76.889528620825,40.4157148908789,4,44.0036725,"Driftless Area","Oak / hickory group",0.712783127267826,0.345662608153145,-0.416097160161562,0.470685654464592,-0.506409876556557,0.0424647077220709,-0.639583691900009,-1.32745595706493,-0.175170763909605,"Low"
"27111",11.43951855,0.987399193548387,33,4.828068645,637.2872629,-1026.61854991046,0.191353995404566,76.9729227584087,50.867583784521,3,46.40915172,"North Central Hardwood Forests","Oak / hickory group",1.51747476794469,0.348561914309651,0.37396047436352,0.33319544068598,-2.21092761476102,-0.203062113464741,-1.27077710300167,-1.79198502572747,0.0233108731523391,"Low"
"27113",8.835692745,0.992585727525487,13,3.754988231,544.0884956,-851.470450906495,0.0727332451774125,161.677493138938,50.0262269239739,1,48.06712684,"Lake Agassiz Plain","Aspen / birch group",1.54789985411658,3.29342697921873,0.310362239655501,0.718356928435778,-3.29138789830452,-0.210955746905529,-1.55911412192364,-2.04113084060461,-1.29990004059395,"Low"
"27115",8.003075711,0.952427263149364,43,4.870077769,766.4375,-1152.68400744967,0.308987442599187,72.2618451332933,51.9078222900433,3,46.12089691,"Northern Lakes and Forests","Aspen / birch group",1.31232350494596,0.184775145142987,0.452592189071957,0.0559697131115002,-1.13946020735793,-0.213479868776635,-0.871213938838656,-1.782231425443,0.684916330025486,"Low"
"27119",6.147861129,0.97007299270073,27,4.222205436,542.5977011,-870.861254000225,0.187569874644631,143.775884491551,55.4564054526284,2,47.77417986,"Lake Agassiz Plain","Oak / hickory group",1.41583634117469,2.67105416421556,0.720829883964298,0.675715354757748,-2.24539538015125,-0.219104048334343,-1.56372632071562,-1.93265321884798,-0.373652400971549,"Low"
"27121",6.405089143,0.962352941176471,16,5.964493068,538.3916667,-864.899107859448,-0.214964432356983,103.237964861752,54.1250222014082,1,45.58630197,"North Central Hardwood Forests","Elm / ash / cottonwood group",1.37054921225312,1.26170042113432,0.620190513837373,0.688826482373877,-5.91188990700334,-0.218324248222785,-1.57673889003937,-1.52813211664379,-1.10141840353201,"Low"
"27129",5.724137365,0.728971962616822,10,6.880114713,664.611465,-1096.98112268108,0.42301745583403,127.199550095377,46.9991072816359,2,44.7285022,"Western Corn Belt Plains","Elm / ash / cottonwood group",0.00149689043080942,2.09475624016913,0.0815420154078751,0.17846379721195,-0.100814774781797,-0.220388588977094,-1.18624187570006,-1.31554478592146,-1.4983816776559,"Low"
"27131",51.82060283,0.921739130434783,19,6.727839249,782.2142857,-1224.34813796302,0.276891716648022,101.760493206496,58.04977844069,2,44.3543161,"North Central Hardwood Forests","Oak / hickory group",1.13230172423109,1.21033418856375,0.91686316272419,-0.101624136229638,-1.43180498763728,-0.0806447548857606,-0.822403943935335,-1.35089981996095,-0.902936766470067,"Low"
"27135",3.524237774,0.941945525291829,25,2.851331705,539.4318182,-865.083848326549,0.385552421911006,55.3573137591297,39.5116590332271,1,48.7754777,"Lake Agassiz Plain","Aspen / birch group",1.25083585655596,-0.402932975667894,-0.484434817248843,0.688420226676208,-0.44206604066842,-0.227057699078295,-1.57352088414267,-2.25094013224947,-0.505973492346178,"Low"
"27137",12.32910524,0.801243581412535,43,3.249478082,718.7402597,-925.287007606958,0.376745797512154,57.2590311442467,38.6700424551664,5,47.60131695,"Northern Lakes and Forests","Aspen / birch group",0.425454438834177,-0.336817285976035,-0.548052684025205,0.556029760964357,-0.522281415101843,-0.200365285116554,-1.01877898156757,-2.15849924688443,0.684916330025486,"Low"
"27139",159.5254969,0.874388254486134,24,6.800754109,766.3770492,-985.897381938729,0.483204166727985,54.8131286060764,26.2498840264324,2,44.64917538,"North Central Hardwood Forests","Oak / hickory group",0.85453347140302,-0.421852283550214,-1.48689348737678,0.422743804202881,0.44739749493918,0.245868236856973,-0.871400960662747,-1.33397058336848,-0.572134038033493,"Low"
"27141",85.63360646,0.934042553191489,34,6.262908681,729.2739726,-963.00832437312,0.539002457796937,114.027594454432,52.9034216182579,1,45.44458777,"North Central Hardwood Forests","Oak / hickory group",1.20447568457432,1.63681599173518,0.527849624673973,0.473078255534615,0.955637725035126,0.0218611253750175,-0.986189930620268,-1.45884653459146,0.0894714188396538,"Low"
"27143",9.751002515,0.964769647696477,17,6.939135743,730.5876289,-1156.65372671376,0.38180530237336,69.2848443911618,37.5074704111533,2,44.58006481,"Western Corn Belt Plains","Elm / ash / cottonwood group",1.38472602174632,0.0812758245711815,-0.635931601030823,0.0472400552596534,-0.476196779433463,-0.208180937701596,-0.982125759468617,-1.30184139293955,-1.0352578578447,"Low"
"27145",45.94368404,0.96680216802168,28,6.152543044,692.8125,-1023.59909914473,0.292530209752635,104.532355218339,64.2794304155615,4,45.55219079,"North Central Hardwood Forests","Oak / hickory group",1.39664912999423,1.30670159314127,1.38776307098609,0.339835399416502,-1.28936135394211,-0.0984609400546988,-1.09899391526041,-1.48447102293927,-0.307491855284234,"Low"
"27147",32.98957724,0.652173913043478,13,6.830199583,789.2098765,-914.941711929815,0.526836678618559,51.0698380671116,43.3926404488325,2,44.02238294,"Western Corn Belt Plains","Aspen / birch group",-0.44901346704864,-0.551992670148953,-0.191071110905933,0.57877970513663,0.844825399236929,-0.137731988999549,-0.800761084750545,-1.32713398797594,-1.29990004059395,"Low"
"27149",6.693318488,0.91566265060241,10,6.032534689,591.3333333,-964.501373683245,0.346356951983984,-5.41613501159845,9.4724973526791,1,45.58616841,"Northern Glaciated Plains","Oak / hickory group",1.09665606504173,-2.5158013292284,-2.75509753431439,0.469794947883308,-0.799079029288657,-0.217450465962873,-1.41294871591542,-1.51233433961941,-1.4983816776559,"Low"
"27151",4.854470805,0.708333333333333,13,6.368149184,489.9274194,-821.32169682473,0.550067982072721,74.6941724859082,36.4299265935614,3,45.2833775,"Western Corn Belt Plains","Elm / ash / cottonwood group",-0.119572802198698,0.269338183653893,-0.717383227365483,0.784655900802429,1.05642834955635,-0.223025028414467,-1.72667688810106,-1.43441199032439,-1.29990004059395,"Low"
"27153",10.05109993,0.986850545221296,33,5.290967878,685.8614458,-1107.67785371207,0.341867144037011,40.1923584511328,46.7478840989751,1,46.06966704,"North Central Hardwood Forests","Aspen / birch group",1.51425630399487,-0.930162461595293,0.0625520342427275,0.154941024990128,-0.839974565340761,-0.20727117676982,-1.12049898774642,-1.68450994267951,0.0233108731523391,"Low"
"27157",15.92187954,0.846458923512748,38,7.019099592,817.5977011,-930.605446603505,0.350514774927896,88.6662665500519,50.4526485134416,3,44.28423974,"Driftless Area","Oak / hickory group",0.690695288651186,0.755096289837245,0.342595482888222,0.544334185117026,-0.761207387537107,-0.189473602844558,-0.712935237306703,-1.28327553519031,0.354113601588913,"Low"
"27159",9.8485906,0.970447284345048,32,4.50180398,669.7362637,-1033.33317361142,0.407702639762794,87.867757534638,50.7943813171584,1,46.58577366,"North Central Hardwood Forests","Aspen / birch group",1.41803199931211,0.727335080578484,0.368427093798339,0.318429568438155,-0.240310187541008,-0.207885094343066,-1.17038684647014,-1.8677365488813,-0.0428496725349756,"Low"
"27161",17.01588039,0.830882352941177,12,6.921608852,756.625,-1147.19568566346,0.432270224738287,1.16727939300267,27.4788158262033,2,44.02202036,"Western Corn Belt Plains","Maple / beech / birch group",0.599320489219586,-2.28692032551357,-1.3939984309424,0.0680388717061271,-0.01653568116022,-0.186157082331847,-0.901571711587566,-1.30591075389655,-1.36606058628127,"Low"
"27163",260.0070879,0.786036036036036,36,6.866161998,765.4507042,-1142.05603176866,0.40284452674916,80.7389905414724,43.0777934948124,4,45.03744129,"North Central Hardwood Forests","Oak / hickory group",0.336244403657326,0.479494181560407,-0.214870418212769,0.0793412880720357,-0.284560440166672,0.550483409415025,-0.874266873630603,-1.31878430134181,0.221792510214283,"Low"
"27165",9.678576052,0.968,9,7.19454561,711.1190476,-760.43800661124,0.96730708045869,94.4715781924678,5.96211524483484,1,43.97853304,"Western Corn Belt Plains","Elm / ash / cottonwood group",1.40367581512167,0.956925534349774,-3.02044760831787,0.918542896069188,4.85686186295307,-0.208400502293527,-1.04235737902011,-1.2425408050142,-1.56454222334321,"Low"
"27167",3.220267771,0.843601895734597,9,5.612738076,550.6666667,-823.040193131712,-0.0745860732745987,102.331262296707,33.2147613695284,1,46.35683122,"Lake Agassiz Plain","Oak / hickory group",0.673935480129821,1.23017772175613,-0.960417832693531,0.780876821280277,-4.63324985990302,-0.227979199962137,-1.53876266986176,-1.60980193651523,-1.56454222334321,"Low"
"27169",31.28886251,0.818551117129316,39,7.125527068,827.2478632,-1035.65996994179,0.389373854782896,73.7199318449693,42.5712979419761,3,43.98783729,"Driftless Area","Oak / hickory group",0.52698337278723,0.235467434821489,-0.253156458962356,0.313312799592861,-0.407258416906153,-0.142887794215163,-0.683079703240773,-1.25856540173955,0.420274147276227,"Low"
"27171",79.64692265,0.870350690754516,29,6.499349208,722.0238095,-1037.24130094695,0.59907182551614,37.767706593304,23.9436444035208,2,45.17400838,"North Central Hardwood Forests","Elm / ash / cottonwood group",0.830848439163495,-1.0144586515011,-1.66122233130573,0.309835355041444,1.50278117130302,0.0037121818353631,-1.00862038196114,-1.40395021274937,-0.24133130959692,"Low"
"28001",25.9740527,0.792461398728429,49,18.47629491,1567.553846,-1820.31714855037,0.428397715620279,90.6783081371487,49.702132299298,0,31.47658981,"Mississippi Valley Loess Plains","White / red / jack pine group",0.37393666875477,0.825047544561365,0.285863900158582,-1.41219680059754,-0.0518085342795549,-0.158999916756956,1.60726840279747,1.3768347663939,1.08187960414937,"High"
"28003",35.76645855,0.874165872259295,47,15.45773609,1461.8,-1239.93470463046,0.248928582726648,123.073093714267,61.0012075634464,1,34.88248545,"Southeastern Plains","White / red / jack pine group",0.853228939620418,1.95129459242084,1.13996193433352,-0.135899959037208,-1.68650794262278,-0.129313728788891,1.28008866020474,0.675991393286288,0.949558512774745,"High"
"28005",6.526346194,0.921414538310413,50,18.2474004,1593.670103,-1443.10809806214,0.345678788463439,66.7244957417831,50.8608958271675,1,31.17476144,"Mississippi Valley Loess Plains","White / red / jack pine group",1.13039761188973,-0.00773804159530861,0.373454931113764,-0.582690800218701,-0.805256099896402,-0.217956651162003,1.68806650675244,1.32369046474527,1.14804014983669,"High"
"28007",9.617923952,0.903907272387362,56,16.74721661,1469.018182,-1422.84408354717,0.31506409744718,74.7626833027026,50.6384906050502,0,33.08698225,"Southeastern Plains","White / red / jack pine group",1.02769702674076,0.2717200517165,0.356643301970683,-0.538128980691372,-1.08411083376616,-0.208584372291242,1.30242016887392,0.97538058232762,1.54500342396058,"High"
"28009",7.85751888,0.860432462791351,49,15.51416122,1435.622951,-1535.6938253024,0.355525404399869,89.5368231356107,55.7611441514913,0,34.81668795,"Southeastern Plains","White / red / jack pine group",0.772666435192407,0.785362327009992,0.743865107427379,-0.786292532986856,-0.715567934661854,-0.213921131885139,1.19910247882599,0.68909207503389,1.08187960414937,"High"
"28011",13.76698214,0.418219461697723,32,17.12948604,1379.671756,-1715.3867282612,0.42095976072499,83.1746441101222,51.1481833950446,0,33.79682118,"Mississippi Alluvial Plain","Elm / ash / cottonwood group",-1.82142987729909,0.564172860317825,0.39517102214161,-1.18144832534361,-0.119557345847163,-0.196006286461659,1.02600146860026,1.06413518766512,-0.0428496725349756,"High"
"28013",9.489748824,0.919761837255458,46,16.31118916,1429.58427,-1231.39153382265,0.19207251709261,148.803082848477,72.338495924103,0,33.93674781,"Southeastern Plains","White / red / jack pine group",1.12070258776853,2.84583128366935,1.99694849963552,-0.117112998761023,-2.20438294070265,-0.208972941862491,1.18042009355198,0.874144539882203,0.88339796708743,"High"
"28017",13.12703111,0.893758300132802,49,16.39430955,1424.298701,-1295.34332806328,0.387779975829417,88.9409433637259,51.0535460802424,0,33.91983317,"Southeastern Plains","White / red / jack pine group",0.968161437701041,0.764645788159416,0.388017379684814,-0.257746944285219,-0.42177630608416,-0.197946331314573,1.16406767545765,0.89344327745049,1.08187960414937,"High"
"28019",7.576229744,0.926855030367045,44,16.4824584,1460.233333,-1356.10897181038,0.335950438494982,76.2399423126689,53.4298834683972,1,33.34593771,"Southeastern Plains","White / red / jack pine group",1.16231245914059,0.323078891395733,0.567644919488833,-0.391374348081234,-0.89386703639108,-0.214773874540272,1.27524172815285,0.913909513509974,0.751076875712801,"High"
"28023",8.716075836,0.898143140436272,58,17.60272404,1488.791667,-1469.6340069265,0.252805851001976,115.75760652962,62.2820769089153,0,32.04226234,"Southeastern Plains","White / red / jack pine group",0.993883653090379,1.6969621219759,1.23678295414486,-0.641022912186877,-1.65119174059141,-0.211318371790478,1.36359509514999,1.17401070640777,1.67732451533521,"High"
"28025",18.37428409,0.858956276445698,46,16.65069142,1409.574074,-1256.87733054344,0.434835824271795,69.9768158086766,35.8966714204261,1,33.65734274,"Southeastern Plains","White / red / jack pine group",0.764006876232498,0.105333115036153,-0.757692030027733,-0.173157839882857,0.00683315097180399,-0.182039010818837,1.11851283415538,0.952969543224711,0.88339796708743,"High"
"28027",15.83584189,0.599659284497445,33,16.68962597,1371.878049,-1589.19674890978,0.524061451768694,87.1184890207175,45.4421589553055,0,34.22755057,"Mississippi Alluvial Plain","Elm / ash / cottonwood group",-0.757073166619259,0.701285781692151,-0.0361478374113313,-0.903948766612981,0.819547171073976,-0.189734430458258,1.0018894088828,0.962009294635759,0.0233108731523391,"High"
"28029",14.07688275,0.885392385392385,58,17.90223613,1509.916667,-1416.76884453627,0.338463279417598,99.2654038422438,55.7827774753732,0,31.86987001,"Mississippi Valley Loess Plains","White / red / jack pine group",0.919085565835982,1.12358914671296,0.745500372169692,-0.524769154868651,-0.87097875748077,-0.195066806634046,1.42895131928458,1.2435508664508,1.67732451533521,"High"
"28031",17.55016243,0.868099941894248,37,18.04970107,1525,-1518.29159680298,0.264967894871732,90.2078299189411,52.9140747418187,0,31.63221679,"Southeastern Plains","White / red / jack pine group",0.817645165391973,0.808690754574993,0.528654895165442,-0.748023957666225,-1.54041343795194,-0.184537378521531,1.4756159201009,1.27778900197427,0.287953055901598,"High"
"28033",147.7275988,0.8,44,16.03512844,1368.364865,-1337.91268107507,0.448315844168448,65.0911626734892,41.0596364074176,1,34.87637624,"Mississippi Valley Loess Plains","Elm / ash / cottonwood group",0.418159379782177,-0.0645229998398419,-0.367423079444205,-0.351359580858546,0.129616273585841,0.210102294759641,0.991020370258894,0.810049275312431,0.751076875712801,"High"
"28035",62.26953579,0.834312573443008,47,18.5943606,1587.327869,-1423.69711674686,0.389586681843324,61.752184492784,47.4874443281526,1,31.18940874,"Southeastern Plains","White / red / jack pine group",0.619442743275497,-0.180606939026111,0.118455453162212,-0.540004853385173,-0.405319875920571,-0.0489682708155799,1.66844499353028,1.40424703872719,0.949558512774745,"High"
"28039",19.43674093,0.806463326071169,53,18.81144783,1641.203125,-1306.7932007273,0.435697824907376,68.1868409592707,40.6361098162688,0,30.8626994,"Southeastern Plains","White / red / jack pine group",0.456074344485125,0.0431023006019289,-0.39943748951445,-0.282925921475944,0.0146847068703379,-0.17881811761411,1.83512349324364,1.45464994806383,1.34652178689863,"High"
"28043",19.14128812,0.874603174603175,47,16.59633571,1423.7,-1596.43189151693,0.318240637576887,100.812302844812,48.5412246589752,1,33.76804216,"Mississippi Valley Loess Plains","White / red / jack pine group",0.855794229186527,1.17736911172713,0.198110795565637,-0.91985929208542,-1.05517723283497,-0.179713798184105,1.16221542283064,0.940349335564136,0.949558512774745,"High"
"28045",38.56345357,0.736645962732919,34,19.38759181,1617.552632,-1155.83058149753,0.392129899898997,78.7833836355876,47.193274262821,1,30.41820323,"Southern Coastal Plain","White / red / jack pine group",0.0465138739975407,0.411504952266601,0.0962191135822782,0.0490502024317912,-0.382154906079431,-0.120834492819575,1.76195393483409,1.58841798586501,0.0894714188396538,"High"
"28047",138.7666554,0.84412032816773,32,19.54476396,1646.552083,-1509.91913167496,0.382790772372867,60.8365741550613,41.2686140425313,1,30.51360574,"Southeastern Plains","White / red / jack pine group",0.676976692531402,-0.212439328760408,-0.351626442713811,-0.729612389723552,-0.467220599523523,0.182936728481198,1.85167202332338,1.62490992335344,-0.0428496725349756,"High"
"28049",104.5786184,0.82383808095952,58,17.83966266,1436.456,-1544.73686275068,0.414993232225599,77.3063060698887,46.4287245770256,1,32.26552725,"Mississippi Valley Loess Plains","White / red / jack pine group",0.557997597475989,0.360152420734401,0.0384267395692586,-0.806178730879748,-0.173903630640316,0.0792939150411112,1.20167975395778,1.22902267455629,1.67732451533521,"High"
"28051",8.885705624,0.884159719175077,61,17.13737649,1425.194444,-1384.90134546906,0.410425732670074,75.5305837590022,49.3486933022406,0,33.12492709,"Mississippi Valley Loess Plains","White / red / jack pine group",0.911854537166668,0.298417114424278,0.259147417125203,-0.454690556120547,-0.215506822791748,-0.210804130259981,1.16683891239374,1.06596717767197,1.87580615239715,"High"
"28057",16.95444638,0.872328767123288,51,15.97302779,1473.025641,-1322.64707841958,0.381796033670559,102.217784961617,64.9605668849099,1,34.27989194,"Southeastern Plains","White / red / jack pine group",0.842452169947909,1.22623253393138,1.43925023306574,-0.31778957773763,-0.47628120366141,-0.18634332273042,1.31481838845329,0.795630861886193,1.214200695524,"High"
"28059",76.31606117,0.672763774258309,42,19.45126328,1638.05042,-1426.18590473274,0.410833851258162,63.8909783388281,43.511303108422,1,30.54020324,"Southern Coastal Plain","White / red / jack pine group",-0.328229856164264,-0.106248976404231,-0.182101390648654,-0.545477851886365,-0.211789463690911,-0.00638549809187021,1.82536969941593,1.60320110935754,0.618755784338171,"High"
"28061",9.393503116,0.902977044476327,54,17.56788248,1477.042105,-1420.56590792262,0.317273387631761,89.638105718131,55.7098556277662,0,32.01920791,"Southeastern Plains","White / red / jack pine group",1.02224015236614,0.788883548327895,0.739988203675058,-0.533119131781239,-1.06398745489112,-0.209264715735284,1.32724446757341,1.16592125780304,1.41268233258595,"High"
"28065",10.57028416,0.886661526599846,41,18.07711873,1562.118644,-1143.43041255619,0.393360150671398,81.4713715067179,57.7117731947645,0,31.56879346,"Southeastern Plains","White / red / jack pine group",0.926530562971217,0.504956362751655,0.891313318215959,0.0763189398314885,-0.370949133937267,-0.205697242756267,1.59045305225883,1.28415478328348,0.552595238650857,"High"
"28067",37.95594519,0.865625,52,18.10379297,1503.019417,-1564.49631439665,0.315659892333835,69.085914205303,49.3920181448266,1,31.6225763,"Southeastern Plains","White / red / jack pine group",0.803126737336666,0.0743597567361204,0.262422345561254,-0.849630985493768,-1.07868402006842,-0.122676186090576,1.40761270546625,1.29034795871966,1.28036124121132,"High"
"28069",4.953126586,0.902534701267351,51,17.05395553,1428.685714,-1251.36590289676,0.24252615762962,103.43353051495,56.4227425579509,0,32.75476347,"Southeastern Plains","White / red / jack pine group",1.01964529223217,1.26849951659531,0.793875385716556,-0.161037870073921,-1.74482460326145,-0.222725948279946,1.17764015379655,1.04659865432006,1.214200695524,"High"
"28071",33.04161095,0.876708860759494,51,15.91918293,1459.804348,-1609.43910448837,0.34067664465064,90.2619868872141,53.9019791213665,1,34.35684633,"Southeastern Plains","White / red / jack pine group",0.868146540583664,0.810573592338907,0.603330668961006,-0.948462956801444,-0.850818260917577,-0.137574246099653,1.27391454046952,0.783129262428573,1.214200695524,"High"
"28073",48.74622699,0.868460388639761,35,18.52694602,1597.77027,-1244.3068841926,0.369279633584399,74.3840848295398,50.9716149389588,3,31.20600864,"Southeastern Plains","White / red / jack pine group",0.819759607009638,0.258557581117377,0.381824197935678,-0.145514651942467,-0.590287169397922,-0.0899648852468524,1.70075154502185,1.38859484691605,0.155631964526969,"High"
"28075",41.45769989,0.884849758352595,58,17.33037285,1479.063636,-1443.88340813098,0.255404006157931,103.341991321968,57.3542407413166,1,32.40433437,"Southeastern Plains","White / red / jack pine group",0.915902423776622,1.26531703694549,0.864287410475305,-0.584395754947185,-1.62752637469954,-0.112060434472984,1.33349865139026,1.11077671361465,1.67732451533521,"High"
"28077",11.29339141,0.85640457733481,48,18.18859206,1564.044776,-1426.84627876036,0.352996735562001,70.149825506671,47.0460737134511,0,31.55056641,"Southeastern Plains","White / red / jack pine group",0.749038177352609,0.111348023242703,0.0850922118750899,-0.54693005516117,-0.738600382562567,-0.203505105494659,1.59641209200817,1.31003645373201,1.01571905846206,"High"
"28079",15.09640484,0.901563937442502,51,17.00462711,1441.775,-1461.75280640338,0.274983844907073,132.331713679822,58.4115809282592,0,32.75373187,"Southeastern Plains","White / red / jack pine group",1.01395062732609,2.27318261290598,0.944211842697405,-0.623691665453387,-1.44918288853778,-0.19197607235843,1.21813560040379,1.03514567350226,1.214200695524,"High"
"28081",73.19691714,0.884615384615385,46,16.24879108,1442.925373,-1371.29827274683,0.392372288376426,104.171442244882,59.0242844934543,1,34.29022205,"Southeastern Plains","White / red / jack pine group",0.914527547764524,1.29415398204742,0.990526155889526,-0.424776559009199,-0.379947104134585,-0.0158413455508527,1.2216946080074,0.859657069711706,0.88339796708743,"High"
"28085",22.52366543,0.892496237368308,51,17.98402509,1559.988372,-1456.23056973455,0.305325817145248,88.6831639198303,54.081393299665,1,31.53288014,"Mississippi Valley Loess Plains","White / red / jack pine group",0.960757963910334,0.755683748975822,0.616892601544469,-0.611547925937123,-1.17281222096952,-0.169459945337148,1.58386244708488,1.2625404750778,1.214200695524,"High"
"28087",44.98994433,0.819191919191919,47,16.82422757,1420.594595,-1223.92003289588,0.434932079905741,84.2779934383438,53.2177436188361,0,33.47505334,"Southeastern Plains","White / red / jack pine group",0.530742426147318,0.602532241357995,0.551609250706698,-0.100682706745044,0.00770989799411496,-0.101352251621781,1.15260796506928,0.99326084380043,0.949558512774745,"High"
"28089",57.01178259,0.899045415099798,52,17.42139931,1422.762376,-1518.66931464382,0.41713770823987,95.3215474257886,52.0900315593376,2,32.63391712,"Mississippi Valley Loess Plains","White / red / jack pine group",0.999176548983803,0.986475825322377,0.466365402815077,-0.748854582528013,-0.154370613373147,-0.0649074232747169,1.15931461505322,1.13191106781235,1.28036124121132,"High"
"28091",17.6434627,0.871387742140362,50,18.6148215,1609.183099,-1577.50140585582,0.309372863490982,86.1753857142993,45.0673059419697,1,31.23125032,"Southeastern Plains","White / red / jack pine group",0.836931958122084,0.668497562978634,-0.0644830077071274,-0.878229984873275,-1.13594959083228,-0.184254533897328,1.73606039283883,1.40899761243733,1.14804014983669,"High"
"28093",19.41048804,0.879967114277884,56,15.65132073,1427.698113,-1349.0937421784,0.381359619665214,88.9060223854652,55.8858635810322,1,34.76202979,"Mississippi Valley Loess Plains","White / red / jack pine group",0.887260007207927,0.76343171472217,0.753292659426461,-0.375947424824141,-0.480256292328903,-0.178897704616444,1.17458472788831,0.720937514985326,1.54500342396058,"High"
"28095",17.94478931,0.848253812100344,53,16.43069722,1440.651376,-1200.15749138242,0.315635965949679,105.935681200201,66.1144922247225,1,33.89227524,"Southeastern Plains","White / red / jack pine group",0.701224408905228,1.355490054497,1.52647554498536,-0.0484274102611618,-1.07890195417994,-0.183341046596938,1.21465934847541,0.90189169899966,1.34652178689863,"High"
"28097",9.445249745,0.941022964509395,45,16.50757185,1443.689655,-1535.64501171856,0.326019935943334,135.353587264879,68.7493972105615,0,33.4941315,"Southeastern Plains","White / red / jack pine group",1.24542395885543,2.37824199649328,1.72564823089387,-0.786185188901016,-0.984319285109255,-0.20910784313638,1.22405913277398,0.919740307626608,0.817237421400115,"High"
"28099",19.80846909,0.901312591152163,51,16.95439372,1456.1,-1547.70593901291,0.349411390110136,100.917941238233,61.0845323167086,0,32.75341049,"Southeastern Plains","White / red / jack pine group",1.0124761874446,1.18104176850234,1.14626045932744,-0.812707912965688,-0.771257597730278,-0.177691204350932,1.26245408138499,1.02348257843286,1.214200695524,"High"
"28103",5.868526605,0.871011850501367,55,17.01462879,1389.809091,-1333.97725288796,0.3766693960421,91.899524170763,57.2942429340626,0,33.11015603,"Southeastern Plains","White / red / jack pine group",0.834726914145082,0.867504715620039,0.859752171260371,-0.342705331202971,-0.522977319940075,-0.219950865481473,1.05736421124582,1.03746784496419,1.47884287827326,"High"
"28105",41.78595045,0.887306029000254,59,16.6883905,1412.910448,-1387.3138462077,0.415024274214326,94.0322782933541,51.6320786572576,0,33.42390817,"Southeastern Plains","White / red / jack pine group",0.930311323139181,0.941652699364527,0.431748705052889,-0.459995794253169,-0.173620883853792,-0.111065325816945,1.12883486051945,0.961722445508806,1.74348506102252,"High"
"28107",19.20381581,0.834642857142857,52,16.18090202,1414.784314,-1141.19835638435,0.40603600863451,51.896987651412,41.6983398151403,0,34.36399889,"Mississippi Valley Loess Plains","Oak / hickory group",0.621380243361961,-0.523235734090869,-0.319143436004029,0.0812273692165402,-0.255490741853638,-0.179524242237693,1.13463220046237,0.843894714016578,1.28036124121132,"High"
"28109",26.41784062,0.831680987001542,53,18.98484196,1602.206897,-1324.79616522809,0.381008030091151,82.2512563268578,49.0563948064759,0,30.77109325,"Southeastern Plains","White / red / jack pine group",0.60400541179287,0.532070077527201,0.237052549643697,-0.322515552368108,-0.483458755390008,-0.157654550581077,1.71447751844734,1.49490827470007,1.34652178689863,"High"
"28111",7.146639407,0.837774077157924,52,18.46206751,1578.932584,-1574.93368321156,0.39789208811303,67.4280925195415,43.0169443391092,1,31.17143507,"Southeastern Plains","White / red / jack pine group",0.639748509954297,0.0167234197083139,-0.219470010927423,-0.872583404182898,-0.329669860253613,-0.216076200004392,1.64247178036418,1.3735314751211,1.28036124121132,"High"
"28115",24.81597207,0.866666666666667,50,16.05629759,1456.628571,-1191.28544667327,0.29797414626905,127.334722759625,59.1655345742705,1,34.22606742,"Southeastern Plains","White / red / jack pine group",0.809237330313723,2.09945569445934,1.00120326118636,-0.0289172359630006,-1.23977511223605,-0.162510698457692,1.26408936681681,0.814964289190418,1.14804014983669,"High"
"28117",23.40421036,0.865991429684457,45,15.71355735,1468.590164,-1309.51631081804,0.235476240680068,126.480194496363,68.3780132435989,0,34.61813215,"Southeastern Plains","White / red / jack pine group",0.805276275886836,2.06974690285397,1.69757528610047,-0.288914208758652,-1.80903896079741,-0.166790527554969,1.30109597288141,0.735387497673295,0.817237421400115,"High"
"28121",76.73257603,0.879734848484849,58,17.57740792,1451.096491,-1519.98979458469,0.310041156871103,94.5600212708884,47.1254127410149,1,32.26400821,"Southeastern Plains","White / red / jack pine group",0.885897496753146,0.960000373531459,0.0910894555336574,-0.751758399477563,-1.12986242266319,-0.00512281161677354,1.24697429650152,1.16813285674745,1.67732451533521,"High"
"28123",17.92760166,0.893284268629255,59,17.26093303,1476.945652,-1978.1306311498,0.283987506438362,104.202862249036,60.4795299350398,0,32.40673626,"Southeastern Plains","White / red / jack pine group",0.965380688667623,1.29524633954545,1.10052827923532,-1.75923839619942,-1.3671727961012,-0.183393151852423,1.32694606265571,1.09465430534673,1.74348506102252,"High"
"28127",17.57484593,0.860524091293322,56,17.73725324,1505.468354,-1283.01145591498,0.378295571672497,86.5815172714924,46.255760065707,0,31.91292339,"Southeastern Plains","White / red / jack pine group",0.773203943493823,0.682617257219006,0.0253523378464927,-0.230628395751774,-0.508165255614519,-0.184462549206659,1.41518919187872,1.20524544587509,1.54500342396058,"High"
"28131",15.84503215,0.851580278128951,33,18.91453532,1652.69697,-1585.0275223929,0.398414949795056,71.639506668848,47.8547844563722,0,30.79194734,"Southeastern Plains","White / red / jack pine group",0.720738021659935,0.163138735274419,0.14622272385041,-0.894780379989664,-0.324907360605499,-0.189706569706772,1.87068298720758,1.4785846097766,0.0233108731523391,"High"
"28133",14.25364384,0.388888888888889,13,17.36035246,1418.288462,-445.298311714609,0.560728439405374,47.2099716228266,37.1326157857786,0,33.6015073,"Mississippi Alluvial Plain","Elm / ash / cottonwood group",-1.99348798182901,-0.686185970415104,-0.664266893180773,1.61155454978206,1.15352941096664,-0.194530946190396,1.14547328363817,1.11773732371032,-1.29990004059395,"High"
"28137",27.10876491,0.746815286624204,48,16.0182047,1393.666667,-1237.70798867663,0.414399892988613,40.2900525709928,40.509781764982,0,34.6514753,"Mississippi Valley Loess Plains","Oak / hickory group",0.106168849182969,-0.926765997870487,-0.408986637364412,-0.131003273121399,-0.179308076987213,-0.155559977637632,1.06929872493445,0.806119952832905,1.01571905846206,"High"
"28139",18.53334458,0.898295120517343,45,15.50111278,1451.126761,-1259.87534718805,0.345605628876614,102.347365961087,62.4590679757267,1,34.76903134,"Southeastern Plains","White / red / jack pine group",0.994775193969781,1.23073758668947,1.25016172353051,-0.179750663657156,-0.805922475954331,-0.181556810665293,1.24706794539641,0.686062512501332,0.817237421400115,"High"
"28141",17.64997383,0.88004569687738,47,15.43144534,1471.358209,-1416.34035062907,0.247675830135789,111.246256937307,64.5973322606987,1,34.7400019,"Southeastern Plains","White / red / jack pine group",0.887720986037302,1.54011915883577,1.41179329776525,-0.523826870300748,-1.69791867318162,-0.184234795067869,1.3096597110795,0.66988725584512,0.949558512774745,"High"
"28143",8.337926987,0.422222222222222,34,16.40764556,1347.619718,-1343.7731048964,0.54073722653988,70.0199884813877,44.8511574842502,1,34.64950747,"Mississippi Alluvial Plain","Elm / ash / cottonwood group",-1.79794900656324,0.106834069412693,-0.0808216875116542,-0.364247014811322,0.971438912637575,-0.212464749706516,0.926839329925776,0.896539607450843,0.0894714188396538,"High"
"28145",26.54917033,0.820316766794102,46,15.8612017,1455.754386,-1183.01751290811,0.375512889064902,85.3644456461158,52.1969325483552,1,34.49098384,"Southeastern Plains","White / red / jack pine group",0.537340972571148,0.640304171927831,0.474446057420591,-0.010735538943647,-0.533511394746637,-0.157256417730318,1.26138482571408,0.769667288276905,0.88339796708743,"High"
"28149",30.19773371,0.645536869340233,54,17.86839317,1429.706522,-1611.96425488164,0.458382058633383,70.8018421374673,48.2317037464239,0,32.36032419,"Mississippi Valley Loess Plains","Elm / ash / cottonwood group",-0.48794748878444,0.13401623334218,0.174714084174138,-0.954015918482415,0.221304657904486,-0.146195607958827,1.18079831504845,1.23569327093695,1.41268233258595,"High"
"28151",24.03740531,0.606911447084233,22,17.59777351,1388.905983,-1260.39294400613,0.482955336676929,40.493023939037,38.3663804287893,0,33.28382367,"Mississippi Alluvial Plain","Oak / gum / cypress group",-0.71453075339882,-0.919709433056511,-0.571006521725994,-0.180888891029534,0.44513101974826,-0.164870964110187,1.05457018857762,1.17286130155904,-0.704455129408122,"High"
"28153",9.688792766,0.85175380542687,55,17.95073785,1501.282258,-1617.09526900136,0.308010879413465,77.847713854723,52.7136390655067,1,31.64186336,"Southeastern Plains","White / red / jack pine group",0.721755962160406,0.378975169781656,0.513503945807684,-0.965299335449286,-1.14835525931572,-0.20836952979332,1.40223830769293,1.25481190560005,1.47884287827326,"High"
"28155",8.917359541,0.893600616808018,43,16.4097705,1435.147541,-1275.53427259889,0.199782674700171,130.045621870782,68.3746609842763,0,33.61262972,"Southeastern Plains","White / red / jack pine group",0.967236440628698,2.19370364413992,1.69732188854089,-0.214185607810708,-2.13415476343284,-0.210708169763206,1.19763166213885,0.897032972068218,0.684916330025486,"High"
"28159",11.51850761,0.879954180985109,47,16.67401262,1455.75,-1640.65943798631,0.346854780040403,104.774788096923,64.3432652747584,1,33.0874696,"Southeastern Plains","White / red / jack pine group",0.887184138323446,1.31513008892986,1.39258835327489,-1.01711839849048,-0.794544549090509,-0.202822654018462,1.26137125636975,0.958384216069455,0.949558512774745,"High"
"29001",17.332692,0.775075987841945,28,10.95528934,1015.769231,-900.234751435587,0.405043418304712,33.1832945646169,31.6346014658381,0,40.19068175,"Central Irregular Plains","Oak / hickory group",0.271950905875245,-1.17384172570571,-1.07986225056605,0.611121219640342,-0.264531777482921,-0.185196651448059,-0.0998349804906152,-0.369378319770162,-0.307491855284234,"Moderate"
"29003",15.6660745,0.681592039800995,26,11.40687242,903.765625,-581.819941311316,0.564139565975353,9.60287156794043,26.3751101124649,1,39.98507538,"Western Corn Belt Plains","Oak / hickory group",-0.276441756236536,-1.99364594154356,-1.47742763717158,1.31133505402662,1.18459974877806,-0.190249089136379,-0.446350141561327,-0.264530600080696,-0.439812946658864,"Moderate"
"29005",3.654417333,0.757425742574257,22,11.00472822,857.9347826,-944.704040628641,0.511485435636047,70.5902307154945,39.7623241517072,2,40.43241005,"Western Corn Belt Plains","Oak / hickory group",0.168411579690248,0.126659285764217,-0.465487020201292,0.513330506054664,0.704998190979792,-0.226663052970151,-0.588140949048743,-0.357899692554986,-0.704455129408122,"Moderate"
"29007",14.13115254,0.564766839378238,21,11.87361359,1003.831858,-1291.7795133878,0.527390313371255,63.8289793906811,28.2825690428285,1,39.21618714,"Central Irregular Plains","Oak / hickory group",-0.961758155513066,-0.108404450844854,-1.33324265879001,-0.249909895694464,0.849868196224235,-0.194902284941256,-0.136766655064166,-0.156163503245063,-0.770615675095437,"Moderate"
"29009",17.67207292,0.807500956754688,42,13.38637999,1118.745763,-970.714920798203,0.387171270476854,81.8391247496827,41.1712924855602,2,36.7097438,"Ozark Highlands","Oak / hickory group",0.462161261701914,0.517741784752485,-0.358982987258266,0.456130973997148,-0.42732071510674,-0.184167800526414,0.218752347603833,0.195067786162067,0.618755784338171,"Moderate"
"29011",7.651216053,0.49288256227758,31,13.440442,1154.858696,-920.456869684486,0.414508824055659,58.7975692864103,36.5778090614926,2,37.50229045,"Central Irregular Plains","Elm / ash / cottonwood group",-1.38344349197257,-0.283327997198187,-0.706204779377819,0.566651532589831,-0.178315875442695,-0.214546549641968,0.330478025393447,0.207619803102845,-0.10901021822229,"Moderate"
"29013",7.513497353,0.450124688279302,32,12.9556978,1052.014925,-899.211109149032,0.465314047220857,61.1732055986883,31.5643742194943,0,38.25265618,"Central Irregular Plains","Oak / hickory group",-1.63426841795756,-0.200735896777534,-1.08517073392823,0.613372272253846,0.284444861792928,-0.21496405104842,0.0123014313899963,0.0950727962426803,-0.0428496725349756,"Moderate"
"29015",10.58714507,0.799420009666506,39,12.69748285,1047.654206,-991.15580815996,0.350847627592689,85.8642139936512,45.319733599206,0,38.29495153,"Ozark Highlands","Oak / hickory group",0.414757058317913,0.657679271530988,-0.0454019802091517,0.411180200155166,-0.758175590116405,-0.205646128030097,-0.00118969894619237,0.0351209293631031,0.420274147276227,"Moderate"
"29017",7.611390669,0.732550554468363,47,13.24021768,1185.729412,-1309.25302878972,0.440949604114653,53.7755569448752,39.5845399097451,2,37.32429211,"Ozark Highlands","Oak / hickory group",0.022489515937153,-0.457924818050826,-0.478925745762216,-0.288335235316735,0.0625206785745819,-0.214667282366228,0.425985406888898,0.161132092849455,0.949558512774745,"Moderate"
"29019",101.2088535,0.64185393258427,46,12.22741203,1015.138889,-983.112345289057,0.481498010612708,35.6555084881882,32.9130710671871,2,38.99057159,"Central Irregular Plains","Oak / hickory group",-0.509552219161329,-1.08789197843941,-0.983222627611301,0.428868271813581,0.431856926222901,0.069078297371467,-0.10178512359279,-0.0740192394172629,0.88339796708743,"Moderate"
"29021",83.13525558,0.602469135802469,30,11.85617411,927.8358209,-911.712449808973,0.512565060080304,43.3252425857993,38.7284712354695,2,39.65789987,"Western Corn Belt Plains","Oak / hickory group",-0.740590103274251,-0.821243651203593,-0.543636047687322,0.585881051996063,0.714831979173921,0.0142872446586805,-0.371882112297233,-0.160212569278649,-0.175170763909605,"Moderate"
"29023",23.65777638,0.754,51,14.15319072,1193.711538,-1365.98770439477,0.357230643438711,70.0225109657063,40.7755016265272,2,36.71458362,"Mississippi Alluvial Plain","Oak / hickory group",0.148315593915412,0.106921766875927,-0.388900851042845,-0.413098291195226,-0.700035719160869,-0.166021828968806,0.450680394625067,0.373104475388587,1.214200695524,"Moderate"
"29025",8.196672963,0.407407407407407,11,11.49621968,929.7575758,-901.294927864748,0.331769565356108,63.4538451688807,35.9775279637971,0,39.65634169,"Central Irregular Plains","Oak / hickory group",-1.88485521779247,-0.121446482218946,-0.75158007722373,0.608789826190712,-0.931948631461393,-0.212892968631665,-0.365936614357533,-0.243786119416137,-1.43222113196858,"Moderate"
"29027",20.7927942,0.757668711656442,50,12.25020356,1011.396947,-1038.80452574015,0.469494901172796,57.656458319983,39.1785177520071,2,38.83793889,"Interior River Valleys and Hills","Oak / hickory group",0.169836877450799,-0.32300021093022,-0.509616994262508,0.306397727168459,0.322526282098529,-0.17470717155197,-0.113361890459093,-0.0687275443680729,1.14804014983669,"Moderate"
"29029",26.96860088,0.804090419806243,37,13.08857083,1064.707965,-919.77387046523,0.294637805737476,114.157790452687,49.5874160161928,2,38.02353718,"Ozark Highlands","Oak / hickory group",0.442154474701764,1.64134242572959,0.277192486826298,0.568153490058491,-1.27016425941172,-0.155984892189242,0.0515709777658248,0.125923009239434,0.287953055901598,"Moderate"
"29031",52.61383253,0.7078125,43,13.53123805,1181.406593,-1481.7848246578,0.478854985179255,64.8800235980737,42.1549137932061,2,37.38477893,"Interior River Valleys and Hills","Oak / hickory group",-0.122628098687224,-0.0718635256725685,-0.284630971222176,-0.667743310874494,0.407782858205519,-0.0782400377675407,0.412611531032932,0.228700661135239,0.684916330025486,"Moderate"
"29033",4.848638087,0.713207547169811,24,11.90215453,975.3090909,-839.571308215272,0.459421250595538,22.1475130015688,22.9627459497008,1,39.42765331,"Central Irregular Plains","Oak / hickory group",-0.0909798388343632,-1.55751509118043,-1.73536852659582,0.744523878165531,0.230770165751435,-0.223042710602641,-0.225009985692636,-0.149536920874452,-0.572134038033493,"Moderate"
"29035",4.630713216,0.774725274725275,43,13.48521129,1168.647887,-1388.52525981847,0.357626615417193,70.3498228521095,43.4603674030088,1,36.94170742,"Ozark Highlands","Oak / hickory group",0.269893563371868,0.118301192274911,-0.185951624835584,-0.462659767606337,-0.696428997779267,-0.223703361190711,0.373138828121529,0.218014253596023,0.684916330025486,"Moderate"
"29037",58.02330523,0.408629441624365,39,12.49421171,1018.297297,-1044.47977090849,0.456209182582542,53.3899927979305,39.7598532461766,1,38.64719643,"Central Irregular Plains","Oak / hickory group",-1.87768655823676,-0.471329459400378,-0.465673796154809,0.293917512511187,0.201512958142844,-0.0618409397480978,-0.0920136859049089,-0.0120741858916098,0.420274147276227,"Moderate"
"29039",11.50975254,0.638972809667674,36,13.2204221,1087.909091,-756.259325819901,0.47839124878435,99.7410857192367,46.1670948025221,2,37.7239792,"Ozark Highlands","Oak / hickory group",-0.526453373843107,1.14012684869614,0.0186501232656135,0.927732073225985,0.403558902820235,-0.202849195468814,0.123350290950722,0.156535991899591,0.221792510214283,"Moderate"
"29041",3.828753127,0.597402597402597,29,11.86670084,991.7622951,-890.540670979111,0.44989283729175,86.6427703092085,44.2683806948564,0,39.51492622,"Central Irregular Plains","Elm / ash / cottonwood group",-0.77031127507992,0.684746799108887,-0.124873833244622,0.632439101319994,0.143980357726989,-0.226134544937547,-0.174107296867668,-0.157768492684178,-0.24133130959692,"Moderate"
"29043",59.93001596,0.838615023474178,38,13.15125755,1107.25974,-885.121035932338,0.324238038210911,72.6963765931001,39.0579201922517,3,36.97137403,"Ozark Highlands","Oak / hickory group",0.644681643382312,0.19988219910525,-0.518732973783435,0.644357213532156,-1.00054974837586,-0.0560606469376741,0.183217053232088,0.140477495308337,0.354113601588913,"Moderate"
"29045",5.19004642,0.624664879356568,29,10.99909217,951.0235294,-930.4173980726,0.388188616040946,61.5935494371431,40.5937876026827,0,40.41042418,"Central Irregular Plains","Oak / hickory group",-0.610386114779339,-0.186122094009226,-0.402636629141434,0.544747715451323,-0.418054195762227,-0.222007713472972,-0.300144309982741,-0.359208260162425,-0.24133130959692,"Moderate"
"29047",239.3146246,0.385026737967914,25,12.10380875,972.9180328,-861.086884093523,0.465073234098962,66.2099594901758,43.9376152660153,1,39.3110008,"Western Corn Belt Plains","Elm / ash / cottonwood group",-2.01614401283129,-0.0256265666793801,-0.149876419380373,0.697209797897533,0.282251409016197,0.487753130007122,-0.232407407188609,-0.102717219098296,-0.505973492346178,"Moderate"
"29049",18.89590759,0.666666666666667,12,11.56781745,933.6984127,-1041.38165988311,0.278904420274926,23.7041129141383,29.8303982731473,1,39.6013744,"Central Irregular Plains","Oak / hickory group",-0.36399652128091,-1.50339786135478,-1.21624211919289,0.300730450011139,-1.41347222269313,-0.18045768203133,-0.353744509282301,-0.227162682330428,-1.36606058628127,"Moderate"
"29051",75.56423523,0.762364294330519,35,12.77731481,1011.269841,-787.518323733986,0.401100841287783,67.827970305959,37.9833696603498,2,38.50453742,"Interior River Valleys and Hills","Oak / hickory group",0.197381960181741,0.0306256934364477,-0.599958337405103,0.858991606097739,-0.300442845938026,-0.00866469755684206,-0.113755129191631,0.0536561653695998,0.155631964526969,"Moderate"
"29053",11.97925535,0.552995391705069,37,12.43668186,1008.056818,-736.239992818078,0.472367086781876,60.919812799575,28.5051766246626,0,38.84449724,"Interior River Valleys and Hills","Oak / hickory group",-1.03081145997525,-0.209545428523649,-1.31641573325919,0.971755822993125,0.348687661719156,-0.201425873265599,-0.123695533988677,-0.0254313594743247,0.287953055901598,"Moderate"
"29055",12.47214069,0.794540229885057,44,12.67211863,1048.847458,-1119.31101545704,0.371517555381676,88.338054790003,48.2073071063554,2,37.97647323,"Ozark Highlands","Oak / hickory group",0.386131444178298,0.743685579155186,0.172869940132626,0.129358983789525,-0.569902998711059,-0.199931665705774,0.00250196709693448,0.0292319119342349,0.751076875712801,"Moderate"
"29057",5.965546336,0.575178997613365,29,13.25769268,1133.792208,-893.406537827941,0.445919362765111,43.4447986516628,28.4718756609636,2,37.43192757,"Ozark Highlands","Oak / hickory group",-0.900678672965012,-0.817087128360992,-1.31893295586073,0.626136883108861,0.107787858476361,-0.219656745117673,0.265302824851116,0.165189405850582,-0.24133130959692,"Moderate"
"29059",12.02020562,0.78955223880597,35,12.9440729,1077.175,-967.459869771793,0.396018247841784,76.4726025840212,41.8031576829933,2,37.68097479,"Ozark Highlands","Oak / hickory group",0.356871044251113,0.33116762972496,-0.311220244699718,0.46328903225278,-0.346737784599974,-0.201301730390887,0.0901413130914497,0.0923737485799158,0.155631964526969,"Moderate"
"29061",5.685129965,0.662131519274376,34,11.25926135,916.4431818,-1173.09335571261,0.439880973382375,67.1140949617694,43.3345847223184,1,39.96152189,"Central Irregular Plains","Oak / hickory group",-0.390600463493944,0.00580688434079173,-0.195459548077038,0.0110882956958319,0.0527870269007443,-0.220506841940287,-0.407128496889145,-0.298802663795798,0.0894714188396538,"Moderate"
"29063",10.87864435,0.5,24,11.33463935,908.4179104,-656.854783764898,0.49971932424884,75.9698046178922,42.539817314476,1,39.89207243,"Central Irregular Plains","Elm / ash / cottonwood group",-1.34169139760977,0.313687201472873,-0.255536082199998,1.14632880093655,0.597826249972157,-0.204762432792053,-0.431956967249351,-0.281301539938916,-0.572134038033493,"Moderate"
"29065",7.95941336,0.815167432698621,37,12.66976959,1080.782609,-1211.92128060376,0.322575877060056,65.377644117447,41.5253085361725,2,37.60667485,"Ozark Highlands","Oak / hickory group",0.507134107201205,-0.0545630981218351,-0.332222884698923,-0.0742967093505214,-1.01568958777924,-0.213612233466046,0.101302482435544,0.0286865161956271,0.287953055901598,"Moderate"
"29067",6.328080421,0.807567567567568,45,13.2218232,1088.901515,-962.241212970692,0.352212057784436,82.2602695299392,46.1319188217934,2,36.9329251,"Ozark Highlands","Oak / hickory group",0.462552012004679,0.532383433309045,0.0159911679716446,0.474765180889267,-0.745747641135917,-0.218557704171352,0.126420638187671,0.156861296691916,0.817237421400115,"Moderate"
"29069",21.13016022,0.723809523809524,25,14.98526751,1236.530864,-1218.9568193567,0.484970378659322,135.782535072313,58.9429603997917,0,36.2712065,"Mississippi Alluvial Plain","Elm / ash / cottonwood group",-0.0287868493967294,2.39315492748517,0.984378860920293,-0.0897682936190004,0.463485083666076,-0.173684428904538,0.58315421556463,0.566294517048321,-0.505973492346178,"High"
"29071",43.36575112,0.786588350465002,49,12.648526,1005.921986,-1079.58559949822,0.388184025298089,63.7625747097618,44.5090506301784,2,38.41078542,"Ozark Highlands","Oak / hickory group",0.339484373581262,-0.11071309634187,-0.106681572919057,0.216717627127311,-0.418096010666613,-0.106276077867046,-0.130300246825681,0.0237542189768787,1.08187960414937,"Moderate"
"29073",10.9156538,0.822302810516772,38,12.55580825,1017.506849,-963.809073139281,0.405216665086801,97.3761019610605,50.1779892206585,2,38.43919315,"Ozark Highlands","Oak / hickory group",0.548991441202066,1.05790509823754,0.321833964219676,0.471317359539498,-0.262953754523697,-0.204650236718266,-0.0944591626696303,0.00222718421233871,0.354113601588913,"Moderate"
"29075",5.166656269,0.408256880733945,26,11.04791888,898.5131579,-845.569672341204,0.491597954002309,32.1417390662908,23.3611379765072,0,40.21099024,"Central Irregular Plains","Oak / hickory group",-1.87987206347887,-1.21005276350928,-1.70525404032401,0.731333104963039,0.523852531356104,-0.22207862193304,-0.462600149468886,-0.347871765439375,-0.439812946658864,"Moderate"
"29077",166.7000192,0.64796633941094,30,13.09186508,1113.371429,-966.604279836595,0.417171733921228,76.3959454821644,36.3441644502985,3,37.25773142,"Ozark Highlands","Oak / hickory group",-0.473695806142493,0.328502545418161,-0.723865994871235,0.46517052736588,-0.154060689542304,0.267618174598664,0.202125309616701,0.126687862078001,-0.175170763909605,"Moderate"
"29079",8.767936344,0.567708333333333,22,11.12039946,988.1428571,-1096.14509840312,0.514179215486596,54.2513946171317,30.5481026771743,0,40.11412479,"Central Irregular Plains","Oak / hickory group",-0.944502854101174,-0.44138169964174,-1.16199078390502,0.180302266236309,0.729534556965966,-0.211161153961459,-0.185305062603491,-0.331043359169658,-0.704455129408122,"Moderate"
"29081",4.50326269,0.543726235741445,27,10.74502892,912.6363636,-978.949297975714,0.488121804051692,52.2562944178639,36.3180121414605,0,40.35561623,"Central Irregular Plains","Oak / hickory group",-1.08518589773642,-0.51074396488224,-0.725842850060309,0.438023069986661,0.492189926338928,-0.224089734093287,-0.418905976819031,-0.418196193057065,-0.373652400971549,"Moderate"
"29083",12.10711201,0.578282828282828,40,12.6801353,1043.564103,-949.621809243099,0.469741401177704,52.1840893580532,33.3272278877028,0,38.38497683,"Central Irregular Plains","Oak / hickory group",-0.882471076909854,-0.513254268130234,-0.951916479278527,0.502516029124994,0.324771534001643,-0.201038269146666,-0.0138436013557345,0.0310932074659518,0.486434692963542,"Moderate"
"29085",9.150859428,0.850083752093802,30,12.90703136,1045.536232,-812.875790726527,0.358301773899976,77.6376540581349,37.303218727205,1,37.94174556,"Ozark Highlands","Oak / hickory group",0.711959146638788,0.371672166487558,-0.65137100272157,0.803228969974623,-0.690279298638539,-0.21000030270355,-0.00774225674289029,0.0837735127101701,-0.175170763909605,"Moderate"
"29087",3.649959099,0.597826086956522,17,11.43684306,882.5942029,-1202.82380644134,0.494619127274942,83.6672993409934,41.4260341855656,0,40.09795265,"Western Corn Belt Plains","Oak / hickory group",-0.767827013677613,0.581300663126099,-0.339727041075895,-0.0542908017609465,0.551370969104408,-0.226676568338545,-0.511849985727751,-0.257572072622949,-1.0352578578447,"Moderate"
"29089",8.343048985,0.714836223506744,36,12.17381539,999.5675676,-1249.38360477932,0.527239177175931,77.519945128286,40.2913133628603,1,39.14347998,"Interior River Valleys and Hills","Oak / hickory group",-0.0814257477754586,0.367579861741986,-0.425500681958268,-0.156678674076826,0.848491568137322,-0.212449222103011,-0.149959455971025,-0.0864632076169068,0.221792510214283,"Moderate"
"29091",16.71124945,0.818295218295218,31,13.35622141,1122.80292,-1217.42982206904,0.290432868634021,84.079185229546,47.157325523904,3,36.77366538,"Ozark Highlands","Oak / hickory group",0.525482226913493,0.595620414214836,0.0935017454329129,-0.086410332268294,-1.30846504174855,-0.187080586880602,0.231304322147797,0.188065623144638,-0.10901021822229,"Moderate"
"29093",7.121936002,0.735664335664336,40,12.59494263,1099.433333,-1120.33622766089,0.309455702333655,81.9658210263203,44.6547741637251,2,37.55484803,"Ozark Highlands","Oak / hickory group",0.0407554834650243,0.522146546352101,-0.0956663189601621,0.127104478830923,-1.13519505101296,-0.216151089662308,0.159003826720346,0.0113133317811561,0.486434692963542,"Moderate"
"29095",447.552888,0.575688073394495,32,12.49355103,1011.969388,-867.562744740666,0.456704341977588,39.3100389757233,32.4238637149376,1,39.00938797,"Central Irregular Plains","Oak / hickory group",-0.897692348267769,-0.96083745100318,-1.02020185184799,0.682968980352277,0.206023130767331,1.11903826301004,-0.111590880646084,-0.0122275813453198,-0.0428496725349756,"Moderate"
"29097",72.88280825,0.630742049469965,30,13.67398887,1135.8,-1001.93437091607,0.470458755723786,67.1495826579932,39.1147514381222,2,37.20373387,"Ozark Highlands","Oak / hickory group",-0.574736406284656,0.00704066046850334,-0.514437095205502,0.38747747491546,0.331305577116163,-0.0167935829983008,0.271514503145442,0.261844281044119,-0.175170763909605,"Moderate"
"29099",132.2073312,0.804117280099813,45,12.79447224,999.7843137,-902.378527293329,0.374492122407074,105.183167279535,53.1306517657513,2,38.26047955,"Ozark Highlands","Oak / hickory group",0.442312041730165,1.32932792480469,0.54502597032548,0.606406924118634,-0.54280907521516,0.163051795796889,-0.149288889973775,0.0576397455587237,0.817237421400115,"Moderate"
"29101",25.11807463,0.62533692722372,32,12.35000004,1025.101563,-1088.79541938817,0.474653457975636,65.7692816188618,32.881256619128,1,38.74730523,"Central Irregular Plains","Oak / hickory group",-0.606443768241166,-0.0409473086686392,-0.985627484372619,0.196464664343852,0.369513135032763,-0.161594858824494,-0.0709627446614818,-0.0455569832366961,-0.0428496725349756,"Moderate"
"29103",3.024414506,0.462686567164179,28,11.10871761,961.9027778,-895.391051486634,0.487296100334336,50.6190250162455,37.2813151804879,0,40.12761177,"Central Irregular Plains","Oak / hickory group",-1.56057831022071,-0.567665774898042,-0.653026693630355,0.621772814999708,0.48466898189313,-0.228572939327928,-0.266486246226702,-0.333755629377511,-0.307491855284234,"Moderate"
"29105",18.01671633,0.831703341483293,37,12.94170003,1082.26087,-948.213801958257,0.341510709095111,100.241119740951,50.1432928404211,1,37.65897324,"Ozark Highlands","Oak / hickory group",0.604136546966495,1.15751118480926,0.319211261966529,0.505612324110074,-0.843221162564709,-0.183122996092454,0.10587590526373,0.0918228200362255,0.287953055901598,"Moderate"
"29107",20.09355985,0.360406091370558,23,12.17300993,1004.247525,-855.53670942478,0.477097492746508,39.7445927612991,25.0249471504593,1,39.06994651,"Western Corn Belt Plains","Elm / ash / cottonwood group",-2.16057289301212,-0.945729620856386,-1.57948656719073,0.7094149748012,0.391774691265291,-0.176826936874792,-0.135480670419557,-0.0866502178217647,-0.638294583720808,"Moderate"
"29109",24.13605165,0.576068376068376,24,13.13959518,1113.296703,-998.495457862442,0.429177691409423,69.6956929107199,47.23880063627,2,37.10632791,"Ozark Highlands","Oak / hickory group",-0.895461428413523,0.0955595101713907,0.0996604559184323,0.395039857125201,-0.0447041038937935,-0.164571912596549,0.20189412338216,0.137769747930656,-0.572134038033493,"Moderate"
"29111",7.567344126,0.712589073634204,28,11.27859614,961.7435897,-1230.02300605659,0.453770492839462,44.234354290893,29.9441270371136,1,40.09681651,"Central Irregular Plains","Oak / hickory group",-0.0946079092758113,-0.789637194923806,-1.20764535251403,-0.114103521676201,0.179300087239254,-0.214800811753681,-0.266978740103301,-0.294313548211187,-0.307491855284234,"Moderate"
"29113",35.48777445,0.735050597976081,40,12.11437503,938.53125,-1267.81561360599,0.44112260354385,72.9674446762156,39.7495622512265,2,39.05505058,"Interior River Valleys and Hills","Oak / hickory group",0.0371551943057233,0.209306235194361,-0.466451693314629,-0.197211799941566,0.0640964485133585,-0.130158574141815,-0.338792746073552,-0.100263959858379,0.486434692963542,"Moderate"
"29115",7.529008916,0.761643835616438,25,11.36926236,1040.554455,-853.193439597322,0.553079072362158,39.4691497154915,31.0865285899421,1,39.8700814,"Central Irregular Plains","Oak / hickory group",0.193155627421561,-0.955305758239847,-1.12129112460609,0.714567969884078,1.0838549461819,-0.214917026937905,-0.023154807474278,-0.273262833866745,-0.505973492346178,"Moderate"
"29117",10.85766368,0.592207792207792,28,11.56047808,957.8947368,-1045.28242810825,0.460965831568763,33.0138515017996,29.2711128837531,0,39.78116199,"Central Irregular Plains","Oak / hickory group",-0.800784881614845,-1.17973263518014,-1.25851854805606,0.292152419752711,0.244839022954671,-0.204826036785071,-0.278886266389383,-0.228866723607743,-0.307491855284234,"Moderate"
"29119",16.37756197,0.747727272727273,35,13.94288888,1141.358974,-1059.74910797775,0.393229840410499,77.5322166222979,41.2375607916811,2,36.62885887,"Ozark Highlands","Oak / hickory group",0.111518714024491,0.368006496265336,-0.353973760515122,0.260339297183733,-0.372136068442149,-0.188092177842579,0.288712777734904,0.324276985283114,0.155631964526969,"Moderate"
"29121",7.302717148,0.72863568215892,31,11.38921066,1025.104,-1160.1599037124,0.469234314436518,86.811014704491,38.4030490371743,0,39.83052927,"Central Irregular Plains","Oak / hickory group",-0.000475787653391877,0.690596035340278,-0.568234738583976,0.0395297554802669,0.32015272082508,-0.215603042209675,-0.0709552051055896,-0.2686312746713,-0.10901021822229,"Moderate"
"29123",9.509126734,0.734967622571693,39,12.83138574,1128.785714,-1065.02481070586,0.302778260988865,72.6555520087866,44.66510108975,2,37.47867268,"Ozark Highlands","Oak / hickory group",0.0366684465393348,0.198462879089882,-0.0948857057674237,0.248737701030306,-1.19601670451727,-0.208914196719827,0.249813805017152,0.0662102533393898,0.420274147276227,"Moderate"
"29125",6.440889438,0.813515825491873,39,12.77642246,1052.732558,-750.900293482509,0.425955214779706,53.4779008149285,31.8848844566233,2,38.16293237,"Ozark Highlands","Oak / hickory group",0.497445499778732,-0.468273222328165,-1.06094333858257,0.939516916337085,-0.0740561186668322,-0.21821571776531,0.0145216341447598,0.0534489812061342,0.420274147276227,"Moderate"
"29127",25.24868468,0.559748427672956,31,11.56926119,988.2837838,-985.320998531336,0.524050073059651,27.8196646052579,28.2499842398,2,39.80611277,"Interior River Valleys and Hills","Oak / hickory group",-0.991197007982445,-1.36031532940215,-1.33570574674721,0.424011306916118,0.819443527797607,-0.161198907660478,-0.18486906558613,-0.226827477462202,-0.10901021822229,"Moderate"
"29129",3.08228226,0.592375366568915,29,10.6199511,965.96,-1080.9916868283,0.480763348495342,52.5682769227351,34.6722018303301,0,40.42212338,"Central Irregular Plains","Oak / hickory group",-0.799801862049201,-0.499897485461701,-0.850249787663558,0.213625554241339,0.425165236631342,-0.228397510220021,-0.253934069967907,-0.447236528693045,-0.24133130959692,"Moderate"
"29131",16.52969243,0.757597173144876,44,12.96977178,1038.043478,-964.342036142288,0.442124820407322,85.4545587330833,42.5791372906937,1,38.2151457,"Ozark Highlands","Oak / hickory group",0.16941722043349,0.643437071138695,-0.252563881944115,0.470145340977372,0.073225167682689,-0.187630986435645,-0.0309232323551682,0.098340466745205,0.751076875712801,"Moderate"
"29133",12.50246936,0.642857142857143,13,14.36606873,1238.095238,-1686.69573584066,0.496071234095847,72.1781587905215,50.6362139179386,1,36.82429377,"Mississippi Alluvial Plain","Elm / ash / cottonwood group",-0.503667217899319,0.181865680091319,0.356471207003529,-1.11835506090879,0.564597523012101,-0.199839722764251,0.587994053565782,0.422530095853666,-1.29990004059395,"Moderate"
"29135",14.79826111,0.756818181818182,32,12.58006615,1005.063492,-1049.42839295981,0.444935838844591,92.0019861995701,53.2560571329659,0,38.63567237,"Interior River Valleys and Hills","Oak / hickory group",0.164847525460609,0.871066941929177,0.554505372410075,0.283035186968192,0.0988294044790468,-0.192879910592451,-0.132956243336081,0.00785933832106911,-0.0428496725349756,"Moderate"
"29137",5.145012177,0.659139784946237,35,11.73582255,1002.296296,-985.284003683733,0.46407822845787,40.4825961314569,34.9050500247306,0,39.49602195,"Central Irregular Plains","Oak / hickory group",-0.408150483437696,-0.920071969412086,-0.832648773381471,0.424092660870988,0.27318837345924,-0.222144237124379,-0.141517354910062,-0.18815557065742,0.155631964526969,"Moderate"
"29139",8.236603878,0.728083209509658,39,12.13754068,983.2317073,-974.373231764222,0.425953831829537,60.0948398336354,44.1002304993113,2,38.94019777,"Central Irregular Plains","Oak / hickory group",-0.00371668572436396,-0.238226691600433,-0.137584320439701,0.448086122226925,-0.074068715305522,-0.212771915984687,-0.200499107909402,-0.0948854023233528,0.420274147276227,"Moderate"
"29141",13.20397965,0.814927646610815,39,12.64102483,1036.840426,-1142.07620352589,0.327373465584994,70.0649812723078,42.9479140759415,0,38.41889728,"Ozark Highlands","Oak / hickory group",0.505727481424427,0.10839830257695,-0.224688014232277,0.0792969291319764,-0.971990624081467,-0.19771305781087,-0.0346452174987221,0.022012611276468,0.420274147276227,"Moderate"
"29143",9.883057265,0.54954954954955,17,14.57210371,1240.462264,-1453.53334293873,0.400922955583579,43.5810639752205,39.4597796337966,0,36.59658072,"Mississippi Alluvial Plain","Elm / ash / cottonwood group",-1.05102535329578,-0.81234968634221,-0.488356385344628,-0.605616557618628,-0.3020631226437,-0.207780606854343,0.595317124893044,0.470366914339569,-1.0352578578447,"High"
"29145",36.02235068,0.733167082294264,29,13.67687274,1134.83871,-1140.88174195317,0.398617595373701,54.6270273579518,36.1994156859561,2,36.90542084,"Ozark Highlands","Oak / hickory group",0.0261061725161381,-0.428322336602559,-0.734807565945318,0.0819236239064278,-0.323061557919693,-0.128537978479203,0.268540477834278,0.262513852617484,-0.24133130959692,"Moderate"
"29147",9.773583364,0.673716012084592,22,10.80455825,888.8181818,-723.948197532926,0.502277205608773,42.5155039631701,40.8609388335062,0,40.36039841,"Western Corn Belt Plains","Oak / hickory group",-0.322643867901444,-0.849395272429884,-0.38244264549768,0.998786240029155,0.621124780913257,-0.20811248268266,-0.492594328449768,-0.404374783926454,-0.704455129408122,"Moderate"
"29149",5.162567349,0.746169220519654,45,13.69304059,1155.756522,-1289.57755392843,0.325349440925184,74.3228844588502,44.2440932611254,1,36.68712262,"Ozark Highlands","Oak / hickory group",0.102378916061839,0.256429870265487,-0.126709722370046,-0.24506765083906,-0.990426506957352,-0.222091017706823,0.333255706685274,0.266267673962565,0.817237421400115,"Moderate"
"29151",8.664991892,0.812316715542522,40,12.67552231,1016.226804,-1033.13209882794,0.417126884941053,47.8030239404836,36.8606096260223,2,38.46136669,"Ozark Highlands","Oak / hickory group",0.49041131785692,-0.665567731705131,-0.684827861304286,0.318871744306432,-0.154469197680583,-0.211473235425316,-0.0984193476600381,0.0300221720266915,0.486434692963542,"Moderate"
"29153",4.735808649,0.819573097060008,43,13.79574842,1085.415094,-904.128328443918,0.375845902215865,80.4453779487291,45.9763059187049,1,36.64937188,"Ozark Highlands","Oak / hickory group",0.532978480038921,0.46928635613726,0.0042283757507754,0.602559003311844,-0.530478135533353,-0.223384758916008,0.115634398552,0.290114186922602,0.684916330025486,"Moderate"
"29155",12.79940016,0.3,4,15.08788818,1250.421053,-2601.4313433827,0.368969602456447,9.36357465317277,62.9062507687934,0,36.21295125,"Mississippi Alluvial Plain","Elm / ash / cottonwood group",-2.5149252492044,-2.00196541145261,1.2839643078612,-3.12991516063121,-0.593111096238487,-0.19893956159065,0.626127484466683,0.590120793361652,-1.89534495177979,"High"
"29157",15.64984933,0.667924528301887,39,13.16245509,1111.538462,-1123.13556106776,0.416573807288622,35.3243301199307,38.2277046369516,1,37.7066532,"Interior River Valleys and Hills","Oak / hickory group",-0.356617692025598,-1.09940582713204,-0.58148903630593,0.120948571768105,-0.15950692030519,-0.190298276583653,0.196454502417491,0.143077319321078,0.420274147276227,"Moderate"
"29159",24.007819,0.402040816326531,33,12.3521148,1019.716981,-986.949202801046,0.427750883532076,72.7140182666056,39.3880859642466,1,38.72794615,"Central Irregular Plains","Oak / hickory group",-1.91633654941122,0.200495534935413,-0.493775715758307,0.420430785160824,-0.0577002216958502,-0.164960656548735,-0.0876214877650603,-0.0450659821927893,0.0233108731523391,"Moderate"
"29161",25.62590547,0.810714285714286,47,12.86198744,1079.679245,-1031.0214897138,0.335945674853971,68.8111750166212,39.105939895177,2,37.87726174,"Ozark Highlands","Oak / hickory group",0.481011193260463,0.0648080898653036,-0.515103160465853,0.323513104110412,-0.893910426142938,-0.160055343203598,0.0978889106066185,0.0733152991343322,0.949558512774745,"Moderate"
"29163",10.45709612,0.550276243093923,42,11.8222434,944.7699115,-1121.67961758914,0.480879018799923,76.4269986348492,38.3886301730654,2,39.34316196,"Interior River Valleys and Hills","Oak / hickory group",-1.04676244596582,0.329582148845531,-0.569324661715077,0.124150281404086,0.426218822701619,-0.20604037819026,-0.319491663976801,-0.168090538424314,0.618755784338171,"Moderate"
"29165",94.59174346,0.56797583081571,25,12.20689414,970.1621622,-956.682088663155,0.46754509893447,49.1013379533654,31.0212840955825,1,39.38097545,"Western Corn Belt Plains","Oak / hickory group",-0.942933668593469,-0.620430148660422,-1.12622296133348,0.486990038601417,0.304766456138558,0.0490181839058052,-0.240933480401368,-0.0787830449596215,-0.505973492346178,"Moderate"
"29167",19.45982987,0.686458333333333,37,13.01355166,1082.63,-782.654256304973,0.412779086176984,51.4132594680603,35.9706973746208,3,37.61623781,"Ozark Highlands","Oak / hickory group",-0.247895254716861,-0.540053176427981,-0.752096402024774,0.869687990803756,-0.194071239283088,-0.178748122290864,0.107017914400525,0.108505197864622,0.287953055901598,"Moderate"
"29169",36.95021964,0.729221347331584,45,13.01913856,1079.766234,-1000.72088167461,0.399572450811734,82.2369664160792,43.8109792413137,1,37.82453502,"Ozark Highlands","Oak / hickory group",0.00295982337795461,0.531573270107678,-0.159448846966244,0.390146012708716,-0.314364231563684,-0.125725095437158,0.0981580359359079,0.109802353916468,0.817237421400115,"Moderate"
"29171",3.542201512,0.673076923076923,31,10.56232197,995.5795455,-872.863440905978,0.51447129125286,42.9336242154735,33.6278371654306,0,40.47961742,"Central Irregular Plains","Oak / hickory group",-0.32639287219134,-0.834858775539483,-0.929193399100743,0.67131242208672,0.73219493691323,-0.227003241071648,-0.162297541945998,-0.460616752921526,-0.10901021822229,"Moderate"
"29173",8.430703777,0.58675799086758,39,11.70832613,987.7246377,-966.09980865654,0.41471329066309,80.7091539138241,37.0994110062363,1,39.52835179,"Central Irregular Plains","Oak / hickory group",-0.832754338698858,0.478456872215451,-0.666776845213952,0.466279890649534,-0.176453485867372,-0.212183492039177,-0.186598943826868,-0.194539638316961,0.420274147276227,"Moderate"
"29175",19.81174675,0.632947976878613,29,11.79886149,1016.385542,-1238.16785195782,0.503172926785254,78.8984582545744,35.687403087543,1,39.44006763,"Central Irregular Plains","Oak / hickory group",-0.561796062734725,0.415505671753041,-0.773510640626571,-0.132014540880238,0.629283481262591,-0.17768126795406,-0.0979282462964085,-0.173519306803954,-0.24133130959692,"Moderate"
"29177",15.53996425,0.551971326164875,35,11.88461982,974.3125,-646.849697057592,0.476686754855574,54.7314079308885,38.287664308582,1,39.35375112,"Central Irregular Plains","Oak / hickory group",-1.03681880176529,-0.424693409599972,-0.57695667976594,1.16833060457111,0.388033474174261,-0.190631398922508,-0.228093224425459,-0.153608097232336,0.155631964526969,"Moderate"
"29179",2.99625627,0.730992608236536,46,12.87850832,1112.758333,-1112.35590249061,0.368388529346043,68.8430195483261,43.5543235572803,2,37.36065215,"Ozark Highlands","Oak / hickory group",0.0133503396464341,0.0659152066183292,-0.178849471359667,0.144653706785961,-0.59840381624257,-0.228658302485823,0.200228521943706,0.0771510863282707,0.88339796708743,"Moderate"
"29181",8.270169393,0.722725746894931,49,13.9789474,1208.305263,-1278.83360536454,0.385541308638116,63.0639094612897,40.2626509716256,1,36.65467163,"Ozark Highlands","Oak / hickory group",-0.0351444682156162,-0.135003106586282,-0.42766727448341,-0.221441044345995,-0.442167266212474,-0.212670160379088,0.495830253184055,0.332648985397416,1.08187960414937,"Moderate"
"29183",274.4879577,0.711409395973154,46,12.58096818,961.5842697,-1103.95584341346,0.442347565177306,82.2575040464845,44.9777575426703,2,38.77942141,"Interior River Valleys and Hills","Oak / hickory group",-0.10152809810538,0.532287287663341,-0.0712519786199782,0.163125955527114,0.075254044391645,0.594382919852889,-0.267471642050242,0.00806876996893195,0.88339796708743,"Moderate"
"29185",5.408440913,0.719551282051282,38,13.02246986,1052.752381,-854.601455988293,0.410227126204172,74.6712621120976,39.5730844250234,1,38.03705133,"Ozark Highlands","Oak / hickory group",-0.053766416291946,0.2685416745735,-0.479791666800229,0.711471654874058,-0.21731583511085,-0.221345639201368,0.014582962259838,0.110575808955132,0.354113601588913,"Moderate"
"29186",13.83585638,0.779735682819383,42,12.8924134,1063.584416,-1066.93302246019,0.395916189011916,42.5565537312026,31.6488305798788,2,37.89085946,"Ozark Highlands","Oak / hickory group",0.299285465303424,-0.847968123608298,-1.0787866706583,0.244541425521642,-0.347667390187919,-0.195797490618623,0.0480949578713771,0.0803795419429046,0.618755784338171,"Moderate"
"29187",56.9498787,0.798412698412698,41,12.61181253,1079.027778,-860.556576557822,0.39123560207281,69.2290634860126,43.6129301348707,2,37.81350291,"Ozark Highlands","Oak / hickory group",0.408848000007614,0.0793365285199188,-0.174419395310124,0.698375976923038,-0.390300641804454,-0.0650950881389642,0.0958734112803084,0.0152301537896098,0.552595238650857,"Moderate"
"29189",757.3253113,0.720739219712526,39,12.95324994,975.9878049,-1390.21288403098,0.431338278755942,58.2905218256368,52.8648600643381,2,38.63784677,"Interior River Valleys and Hills","Oak / hickory group",-0.0467977729031684,-0.300956164684011,0.524934753622346,-0.466370957485927,-0.0250243361249163,2.05812948597103,-0.222910189985782,0.0945044566602515,0.420274147276227,"Moderate"
"29195",11.71936107,0.571865443425077,42,12.1871653,981.4710744,-1211.35842903381,0.479062092762131,83.6664600856573,45.7753742125716,2,39.13732895,"Western Corn Belt Plains","Oak / hickory group",-0.920116542678976,0.581271485317762,-0.0109600685422193,-0.0730589639836171,0.409669303176485,-0.202213756301299,-0.205946128900225,-0.0833636503404038,0.618755784338171,"Moderate"
"29197",5.716680768,0.585669781931464,22,10.69241011,957.6,-966.920872453413,0.445041508329076,21.4069778437544,21.6810229861177,0,40.46922932,"Central Irregular Plains","Oak / hickory group",-0.839137956506153,-1.58326076353067,-1.83225407147104,0.464474320647122,0.0997918978113682,-0.220411194038969,-0.279798118903538,-0.430413130505814,-0.704455129408122,"Moderate"
"29199",4.35452401,0.649717514124294,28,10.84267183,941.296875,-1133.56660144658,0.490573535142447,57.9832664277578,30.4925230785382,0,40.45216673,"Central Irregular Plains","Oak / hickory group",-0.463423118873675,-0.311638300053493,-1.16619205036494,0.0980100697008133,0.514521584707442,-0.224540643142629,-0.330236494836996,-0.395525643803218,-0.307491855284234,"Moderate"
"29201",35.42718205,0.608163265306122,38,14.06584088,1207.181818,-1335.64407559337,0.478933688146204,41.5377028917573,42.9871751648913,2,37.05526434,"Mississippi Alluvial Plain","Oak / hickory group",-0.707187375829004,-0.883389804279798,-0.221720265269847,-0.346370777283641,0.408499726289919,-0.130342263155872,0.492354555043327,0.352823751984956,0.354113601588913,"Moderate"
"29203",3.156682426,0.776679841897233,45,13.11817603,1114.621118,-1319.23509713652,0.327015182534333,88.0415322717381,46.6319299400261,2,37.15764572,"Ozark Highlands","Oak / hickory group",0.281359385228652,0.73337658636915,0.0537870497729815,-0.310286420154811,-0.975254054853611,-0.228171962244726,0.205991579646644,0.132796689517603,0.817237421400115,"Moderate"
"29205",4.605967313,0.681710213776722,27,11.43849172,982.654321,-1191.46642895573,0.436195159294494,42.2692843849365,30.1484320043602,1,39.79799357,"Central Irregular Plains","Oak / hickory group",-0.275748527693034,-0.857955417779531,-1.19220192313436,-0.0293152271805192,0.0192146904684217,-0.223778379683526,-0.20228541742112,-0.25718928981022,-0.373652400971549,"Moderate"
"29207",13.72231347,0.845511482254697,39,14.07398088,1220.352459,-1483.48415152682,0.448744063578403,54.7030022745451,41.2321220230699,2,36.85640521,"Mississippi Valley Loess Plains","Oak / gum / cypress group",0.685137437869471,-0.425680969357795,-0.354384877484482,-0.671480235618565,0.133516721561535,-0.19614170185949,0.53310169659089,0.354713682046712,0.420274147276227,"Moderate"
"29209",26.5336868,0.788407428249859,36,13.54771811,1104.679012,-723.291592465411,0.435818448154383,44.577291426464,32.7358276409059,3,36.74980141,"Ozark Highlands","Oak / hickory group",0.350155391760652,-0.777714537321434,-0.996620472870154,1.0002301551279,0.0157834069494851,-0.157303356857334,0.175232833700802,0.232526970817491,0.221792510214283,"Moderate"
"29211",3.67224285,0.740585774058577,30,10.86763713,1126.947917,-1225.59347399918,0.438707804721622,53.3638483727004,30.8707591410624,0,40.21003898,"Central Irregular Plains","Oak / hickory group",0.0696254740783295,-0.472238404504005,-1.13760115510106,-0.104362707091461,0.0421011887028392,-0.226609013987658,0.244128054832731,-0.389729246878065,-0.175170763909605,"Moderate"
"29213",33.92681302,0.884192240880139,43,13.83674408,1091.232323,-692.324358651808,0.374789157787103,52.4355999275804,34.4557654126624,3,36.65470735,"Ozark Highlands","Oak / pine group",0.91204531499312,-0.504510174555016,-0.866610234384397,1.06832901497835,-0.540103520492955,-0.134890709955189,0.133631658782356,0.299632483020332,0.684916330025486,"Moderate"
"29215",8.369008196,0.81686291000841,45,12.83517139,1093.949153,-1181.73686179789,0.317657222397669,83.7869421194648,42.8112259988763,2,37.31714675,"Ozark Highlands","Oak / hickory group",0.51708006407348,0.585460200645813,-0.235020277288083,-0.00791930805272795,-1.06049128563563,-0.212370525403849,0.142036948742857,0.0670891985160832,0.817237421400115,"Moderate"
"29217",9.605933128,0.5171875,34,13.34593227,1103.666667,-824.161266039994,0.511405607925326,60.8848439626084,36.4610350926979,1,37.84584935,"Central Irregular Plains","Elm / ash / cottonwood group",-1.24086661348836,-0.210761165831339,-0.715031733341638,0.778411512711784,0.704271078136592,-0.208620723098245,0.172100855157771,0.185676709754514,0.0894714188396538,"Moderate"
"29219",31.60981435,0.819301848049281,38,12.3195308,965.6153846,-1317.69343553275,0.373137606790661,86.1826932766785,48.2598423257822,2,38.76540199,"Interior River Valleys and Hills","Oak / hickory group",0.531387287430938,0.668751619932864,0.176841081716199,-0.306896211067236,-0.555146717020419,-0.141914812008657,-0.255000236184363,-0.0526312747151787,0.354113601588913,"Moderate"
"29221",12.61099876,0.806972789115646,45,12.62225801,1049.252174,-1126.03770002415,0.340303096081244,87.4294139657229,47.2116257721693,1,37.96073295,"Ozark Highlands","Oak / hickory group",0.459062940934709,0.71209549366214,0.0976063056924378,0.114566588952096,-0.854220738076371,-0.199510710239871,0.00375407169370878,0.0176553659101832,0.817237421400115,"Moderate"
"29223",6.640962048,0.753827160493827,52,13.39782037,1166.75969,-1344.25716720963,0.33681282649995,66.7782164481487,40.4853725609876,2,37.11347644,"Ozark Highlands","Oak / hickory group",0.147301688117736,-0.00587037104662891,-0.410831731114123,-0.365311497736273,-0.8860119521281,-0.21760918723556,0.367297151134913,0.19772399231439,1.28036124121132,"Moderate"
"29225",25.49436052,0.741488020176545,31,12.77901776,1094.734043,-1159.56309848745,0.415543294021212,62.5829340771826,35.0734133369215,3,37.28079196,"Ozark Highlands","Oak / hickory group",0.0749182025186795,-0.151724844260826,-0.819922176681501,0.0408421670316671,-0.168893378028387,-0.160454128565619,0.144465230246336,0.0540515531335638,-0.10901021822229,"Moderate"
"29227",2.897627377,0.784313725490196,15,10.63826953,885.0851064,-1068.74889793007,0.370214152622968,75.8031671649866,59.2591601648433,0,40.47889417,"Central Irregular Plains","Oak / hickory group",0.326141038480637,0.307893832692858,1.00828042732494,0.240548203205644,-0.581775077681629,-0.228957301107973,-0.504143663955271,-0.442983389683073,-1.16757894921933,"Moderate"
"29229",10.33872582,0.751761942051684,41,12.83870795,1101.306931,-976.942384340906,0.409691401993591,62.6061728101816,37.8730725511128,3,37.27082184,"Ozark Highlands","Oak / hickory group",0.135186767181438,-0.150916919344213,-0.608295705019019,0.442436397026828,-0.222195493445138,-0.206399223915148,0.164800337528684,0.0679103104398184,0.552595238650857,"Moderate"
"30001",0.658563282,0.734135305153957,10,2.506245576,337.3354565,-1120.24620854565,0.473982737144261,62.822257629385,40.1877339163976,0,45.13280989,"Middle Rockies","Douglas-fir group",0.031785931690536,-0.143404448266553,-0.433330260887212,0.127302436425376,0.363403856358852,-0.235745140441319,-2.19876372968355,-2.33106158791188,-1.4983816776559,"Low"
"30003",1.027635352,0.720930232558139,12,7.229340107,421.3825581,-439.003357594444,0.730778296083814,33.3768455427239,17.8188674236159,1,45.42336874,"Northwestern Great Plains","Unknown",-0.045677259220355,-1.16711267305666,-2.12419473002008,1.62539754270078,2.70243308938276,-0.234626279253209,-1.93874000376485,-1.23446228340929,-1.36606058628127,"Low"
"30007",1.968787048,0.485535574667709,10,5.999793415,339.0516432,-644.340010009513,0.582098658039932,51.6146319194506,29.9546953513663,1,46.33223198,"Middle Rockies","Douglas-fir group",-1.42654216482831,-0.533052200040634,-1.20684649276518,1.17384956140091,1.34818062031294,-0.231773128905696,-2.19345421571328,-1.51993614772663,-1.4983816776559,"Low"
"30009",2.015374673,0.783988957902001,11,5.620229351,427.7150997,-388.821884300534,0.438073360567039,80.4126590191145,50.8314200756089,3,45.22889493,"Northwestern Great Plains","Douglas-fir group",0.324235896838781,0.468148839798408,0.371226856614437,1.73574970193787,0.0363223371120289,-0.231631896095912,-1.91914847675177,-1.60806262621751,-1.43222113196858,"Low"
"30013",11.67318417,0.595385481148002,10,6.503890935,420.3333333,-822.881489567265,0.432783035405008,84.7704181601048,52.4633388045104,1,47.3078204,"Northwestern Great Plains","Douglas-fir group",-0.782144020442384,0.619652030215869,0.494583728367525,0.781225820220838,-0.011864731454469,-0.202353743976869,-1.94198608050787,-1.40289572302091,-1.4983816776559,"Low"
"30015",0.557014609,0.592783505154639,6,6.827525205,388.1084165,-1156.09819255302,0.511492919492421,98.2737487939049,50.7440044668837,1,47.88107741,"Northwestern Glaciated Plains","Douglas-fir group",-0.797407652024634,1.0891129632535,0.364619103517571,0.0484617091917446,0.70506635788621,-0.236052990528495,-2.04168306915163,-1.32775492008635,-1.76302386040516,"Low"
"30017",1.180051639,0.988571428571429,3,7.516323791,341.6069277,-222.502273122918,0.637439962073758,64.7664314761681,27.8289726551622,1,46.25064756,"Northwestern Great Plains","Douglas-fir group",1.52435129699998,-0.0758127042109395,-1.36753004726718,2.10149679966509,1.85225837174809,-0.234164221346849,-2.18554871291992,-1.16783094537182,-1.9615054974671,"Low"
"30023",4.797172678,0.794133923630327,8,2.686018822,364.8225806,-838.088057900435,0.390250964652664,76.9423167337102,50.3549707416929,2,46.05957518,"Middle Rockies","Douglas-fir group",0.383747982917478,0.347497855870945,0.335212012039253,0.747785637220963,-0.399269238142963,-0.223198730668479,-2.1137244566187,-2.28932216998623,-1.63070276903053,"Low"
"30027",0.993610442,0.661780872114328,8,6.427402217,399.4445893,-489.186571474139,0.463880691649034,43.9978258484154,37.2918668787411,1,47.26237123,"Northwestern Great Plains","Douglas-fir group",-0.392657419084613,-0.797860415276385,-0.652229089886281,1.51504155580804,0.2713891041402,-0.234729427538659,-2.00661137919446,-1.4206547313174,-1.63070276903053,"Low"
"30029",7.741515166,0.496888116948907,18,3.673995445,647.2273684,-1183.62392012798,0.457765090504871,58.0818346767286,52.0496199270444,5,48.29436646,"Canadian Rockies","Douglas-fir group",-1.3599462302985,-0.308211446088006,0.463310684186116,-0.0120690658749448,0.215684987165658,-0.214272803181402,-1.24002454617423,-2.05993559503296,-0.969097312157381,"Low"
"30031",16.50915676,0.624187623622492,8,4.050608102,522.2754881,-1067.24937230325,0.497241016143485,72.608024968374,47.6353120719769,3,45.54133713,"Middle Rockies","Douglas-fir group",-0.613185777694767,0.196810539430749,0.129632788153416,0.243845752677373,0.575252514153657,-0.187693241388004,-1.62659889386303,-1.9724943687305,-1.63070276903053,"Low"
"30033",0.086771777,0.937354988399072,4,6.986391321,315.7405281,-174.968161408644,0.675061915096834,38.4892885917307,48.9397603781663,1,47.27545646,"Northwestern Great Plains","Douglas-fir group",1.22390699015807,-0.98937191050132,0.228236143556693,2.206027247274,2.19493893946438,-0.237478556146916,-2.26557381160928,-1.29086968072237,-1.89534495177979,"Low"
"30035",1.766859041,0.589930978481527,9,4.72929174,468.059246,-492.591930887373,0.439967933794092,61.2689949332728,55.706351397171,1,48.70582336,"Northwestern Glaciated Plains","Aspen / birch group",-0.814141056301992,-0.197405655401638,0.739723318594404,1.50755296012597,0.0535791081421873,-0.232385284168012,-1.79433233151619,-1.81491886383149,-1.56454222334321,"Low"
"30037",0.267609936,0.843621399176955,3,6.928789048,353.1884058,-472.004111009094,0.540157720833117,40.7599467018893,29.6367897902133,1,46.38128339,"Northwestern Great Plains","Douglas-fir group",0.674049890623806,-0.910429514442658,-1.23087700043828,1.55282684764709,0.966160469371576,-0.236930335856407,-2.14971810091928,-1.30424366934254,-1.9615054974671,"Low"
"30039",0.743294316,0.633763440860215,8,3.556809363,392.2675585,-1161.67268969625,0.489443240006669,62.0055160474435,40.8481914981453,0,46.4054465,"Middle Rockies","Douglas-fir group",-0.557012412994867,-0.171799536523455,-0.383406217632406,0.036203045664401,0.504226261161166,-0.235488273902025,-2.02881557486716,-2.08714364161664,-1.63070276903053,"Low"
"30041",2.18685476,0.725490196078431,4,5.56165586,309.0722222,-1456.70728243912,0.587383819201746,71.6130433071732,41.8317950571755,0,48.62867551,"Northwestern Glaciated Plains","Douglas-fir group",-0.0189277414001392,0.162218701928567,-0.309055543215646,-0.612596246618681,1.39632065244502,-0.2311120452877,-2.28620412143169,-1.62166211042671,-1.89534495177979,"Low"
"30043",2.812235878,0.676271186440678,10,4.747696967,343.465035,-1091.68054907457,0.543940703669738,53.1977508200942,39.0488936448361,1,46.14837349,"Middle Rockies","Douglas-fir group",-0.307654782645011,-0.478013002944674,-0.519415291249495,0.190120085963132,1.00061786995679,-0.229216169881288,-2.17980012701863,-1.81064557245548,-1.4983816776559,"Low"
"30045",0.406404459,0.563353744700895,7,5.324727135,483.5853659,-658.404289665111,0.476153476921777,62.4597706732236,42.3235120273641,0,47.04425715,"Northwestern Great Plains","Douglas-fir group",-0.970047608067901,-0.156006780925693,-0.271886616751273,1.14292134175659,0.383176097817642,-0.236509573036541,-1.74629784289489,-1.67667178117253,-1.69686331471784,"Low"
"30047",7.870646859,0.426751592356688,15,5.947983343,540.06,-1230.881966768,0.473194341873428,61.4103498653087,49.6878459058351,4,47.64443743,"Northern Rockies","Douglas-fir group",-1.77137895472245,-0.19249126649399,0.284783990494573,-0.115992429334387,0.356222736898409,-0.213881333733571,-1.57157742423648,-1.53196531389058,-1.16757894921933,"Low"
"30049",7.671400727,0.573064716434387,11,4.88004758,416.7177814,-857.911781761312,0.471449100224803,63.693535400625,43.676890088457,2,47.1246842,"Middle Rockies","Douglas-fir group",-0.913081404219845,-0.113113338131293,-0.169584657126079,0.704192044036582,0.340326156553788,-0.21448535875225,-1.95317182348286,-1.77991665326622,-1.43222113196858,"Low"
"30051",0.662859366,0.920454545454545,3,6.009385227,306.8168498,-547.05997721295,0.493673454384544,41.31182930707,13.6809139849347,1,48.55985403,"Northwestern Glaciated Plains","Douglas-fir group",1.12476613131076,-0.89124259457958,-2.4369829728508,1.38777436203163,0.542757282229707,-0.235732116639088,-2.29318176044146,-1.5177091386547,-1.9615054974671,"Low"
"30053",2.120988987,0.512073863636364,18,4.618753091,690.4992571,-1462.89586229047,0.464027066272926,69.9022125433354,55.0643596905923,0,48.54177177,"Northern Rockies","Douglas-fir group",-1.27086406992117,0.102739435039377,0.691195112371608,-0.626205315950061,0.272722361326072,-0.231311720806453,-1.10615059319888,-1.84058352178369,-0.969097312157381,"Low"
"30057",0.917867353,0.572575787994379,10,3.675099355,430.549273,-848.537737319716,0.495757565822416,64.143602122312,43.8860032190994,1,45.3002976,"Middle Rockies","Douglas-fir group",-0.915949541203968,-0.0974661804912738,-0.153777778277458,0.724806146752457,0.561740467134433,-0.234959046654919,-1.91038015176095,-2.05967929126214,-1.4983816776559,"Low"
"30059",0.289754011,0.559214167127836,9,4.314741765,433.9012048,-1092.87388926036,0.465372210851978,78.6594810783568,47.8739437148285,0,46.59814047,"Northwestern Great Plains","Douglas-fir group",-0.994331070767975,0.407197317972458,0.147670973782482,0.187495857187802,0.2849746467863,-0.236863204940583,-1.90000999289683,-1.91116830607382,-1.56454222334321,"Low"
"30061",1.370773793,0.411251980982567,13,4.786315588,534.162037,-1683.23450543395,0.461583432075234,61.1459330947967,52.870923057344,2,47.15044012,"Northern Rockies","Douglas-fir group",-1.86230229847586,-0.201684061009785,0.525393055765352,-1.11074360146119,0.250464453725092,-0.233586037211097,-1.58982445816621,-1.8016791728521,-1.29990004059395,"Low"
"30063",17.72847828,0.473178234954816,17,4.517358391,463.8845316,-1356.2312217819,0.45727809747288,56.5095273612896,48.8265909269322,5,47.03646478,"Middle Rockies","Douglas-fir group",-1.49903241116241,-0.36287476429783,0.219681655373541,-0.391643183319389,0.211249198077989,-0.183996804742026,-1.80724800347,-1.86412515466241,-1.0352578578447,"Low"
"30065",0.967239913,0.99025974025974,3,7.556815756,358.2771084,-444.189399638982,-0.080166275186085,104.356963027977,26.9930337548405,1,46.49675433,"Northwestern Great Plains","Douglas-fir group",1.53425521912382,1.30060385447457,-1.43071873791344,1.61399311592843,-4.68407727861323,-0.234809371169744,-2.13397474528947,-1.15842959624245,-1.9615054974671,"Low"
"30067",2.275022964,0.628019323671498,10,3.227785865,550.5245902,-913.697449178832,0.463695742865096,62.7272994900834,44.3156649356131,1,45.48783948,"Middle Rockies","Douglas-fir group",-0.590708376661514,-0.146705792052394,-0.121299613573221,0.581515915778056,0.269704493183415,-0.230844758788668,-1.53920222411398,-2.16353570548571,-1.4983816776559,"Low"
"30071",0.302847529,0.994219653179191,4,6.049415694,316.9914621,-208.639019382165,0.627074616733357,9.6985163479734,17.4013919128485,1,48.25711208,"Northwestern Glaciated Plains","Douglas-fir group",1.55748473855616,-1.99032072579552,-2.15575173842359,2.13198295090627,1.75784534583088,-0.23682351125933,-2.26170368981607,-1.50841493927271,-1.89534495177979,"Low"
"30073",1.404836067,0.632248939179632,8,6.357911699,344.5438596,-687.371815512707,0.357433040761846,64.0776145214801,46.4344326578813,0,48.22838113,"Northwestern Glaciated Plains","Douglas-fir group",-0.565896736194652,-0.0997603256540915,0.0388582138734645,1.07921996323556,-0.698192177717031,-0.233482775654737,-2.17646247483593,-1.43678891055268,-1.63070276903053,"Low"
"30077",1.135876773,0.524091293322063,11,3.931296068,431.2451923,-1124.28888730728,0.482513455239118,60.651234223386,41.681579234418,2,46.85332193,"Middle Rockies","Douglas-fir group",-1.20036779333907,-0.218882913651651,-0.320410369687706,0.118412336132088,0.441106130825575,-0.234298139752155,-1.908227126542,-2.00019601489584,-1.43222113196858,"Low"
"30081",7.01217636,0.561233971380784,12,3.643578628,396.3066038,-1268.15800699233,0.492626095819688,65.899166632351,51.2424612983935,5,46.08383717,"Middle Rockies","Douglas-fir group",-0.982482557152208,-0.0364316864659497,0.402297496656912,-0.19796474414609,0.533217388663118,-0.216483831729337,-2.0163196340427,-2.06699771503679,-1.36606058628127,"Low"
"30085",1.818676232,0.1875,2,6.932336421,328.7302326,-144.903596122183,0.566834578203782,-5.73569738289757,21.1293776095823,1,48.29628408,"Northwestern Glaciated Plains","Elm / ash / cottonwood group",-3.17486929072639,-2.52691133260922,-1.87395299113003,2.27214108327985,1.2091473399112,-0.232228197656734,-2.22538644882849,-1.30342004687657,-2.02766604315442,"Low"
"30089",1.651046409,0.507174048658765,17,5.625597844,642.4291498,-1289.62350792917,0.483091570947148,70.0663571272249,57.4195328153579,3,47.67592191,"Northern Rockies","Douglas-fir group",-1.29960721391252,0.108446135970846,0.869222843754771,-0.245168706525041,0.446371913250849,-0.232736376189247,-1.25486920654197,-1.60681617949675,-1.0352578578447,"Low"
"30093",18.7651083,0.672742336371168,9,3.504514653,343.472,-1089.87264740437,0.547926627900583,70.6947941597787,38.6993758575791,1,45.90015538,"Middle Rockies","Douglas-fir group",-0.328355614438767,0.130294570528141,-0.545835369709595,0.194095773401132,1.03692376767194,-0.180854206886254,-2.17977857880082,-2.09928533013013,-1.56454222334321,"Low"
"30095",2.054774948,0.625502008032129,11,6.400358226,438.8344156,-440.688663263073,0.462475441278173,53.0787707294429,38.7877253885499,1,45.67002317,"Northwestern Great Plains","Douglas-fir group",-0.605475376277796,-0.482149501256449,-0.539157021352905,1.62169145144239,0.258589343463905,-0.231512452111711,-1.88474769558331,-1.42693375485311,-1.43222113196858,"Low"
"30097",0.764906459,0.617006324666198,10,5.783763984,461.7677419,-545.567889943842,0.489861407380418,67.3525123313653,47.3145991157467,0,45.81285512,"Northwestern Great Plains","Douglas-fir group",-0.655312492864494,0.0140957757127253,0.105390069254129,1.39105555409532,0.508035149895593,-0.235422755565743,-1.81379689729623,-1.57009345925868,-1.4983816776559,"Low"
"30099",1.04139444,0.540824575586095,10,6.322512188,362.5097561,-705.98796508882,0.43389144155482,42.5348818739643,32.9921961983626,1,47.83713428,"Northwestern Glaciated Plains","Douglas-fir group",-1.10220752733682,-0.848721574041799,-0.977241552398424,1.03828190048932,-0.00176878432368541,-0.234584567861862,-2.12087984011721,-1.44500790318294,-1.4983816776559,"Low"
"30101",0.970263913,0.609756097560976,4,6.415105683,317.9804469,-317.724982641743,0.603949774640472,46.5590444299857,16.3683753445326,0,48.65527645,"Northwestern Glaciated Plains","Douglas-fir group",-0.697843552222471,-0.708816304780594,-2.233837546301,1.89209617999289,1.54721210167477,-0.234800203756364,-2.25864398272709,-1.42350971771322,-1.89534495177979,"Low"
"30107",0.580314621,0.584045584045584,5,6.085559161,383.6793893,-348.9044403938,0.51611097799451,57.9626539263524,37.9545011947974,0,46.46657469,"Northwestern Great Plains","Douglas-fir group",-0.848665776213167,-0.312354920597301,-0.602140507104971,1.82353062659375,0.747130067557853,-0.235982355329496,-2.05538553042413,-1.50002321632192,-1.82918440609247,"Low"
"30111",23.51535141,0.957393483709273,3,7.919565995,379.9314159,-197.692556265734,0.768143258244995,55.3533604396171,48.3881467843503,2,45.93913621,"Northwestern Great Plains","Douglas-fir group",1.34145619532281,-0.403070417986187,0.186539626356095,2.15605489940871,3.04277284894381,-0.166453597677694,-2.06698095714985,-1.07420692037081,-1.9615054974671,"Low"
"31003",2.844561776,0.363636363636364,8,9.065988868,625.4477612,-605.697727647481,0.479477745410076,25.8956617670153,25.8104417520054,0,42.17683076,"Northwestern Glaciated Plains","Oak / pine group",-2.14162356915156,-1.42720580199026,-1.52011096526299,1.2588263270595,0.413455286463509,-0.229118172239139,-1.30740598474118,-0.808032589760597,-1.63070276903053,"Low"
"31019",19.77685265,0.831775700934579,10,9.858878274,628.0921053,-669.453990777328,0.405986227051241,51.2874094849216,36.9585849416138,1,40.85493257,"Central Great Plains","Elm / ash / cottonwood group",0.604561019755153,-0.544428515528334,-0.677421899091619,1.11862236652492,-0.255944178739436,-0.177787051234231,-1.29922495062574,-0.623941002039827,-1.4983816776559,"Low"
"31021",5.107597523,0.887931034482759,11,9.625480762,744.4358974,-522.570909942099,0.607951527786227,52.1554630815058,41.9287283272235,0,41.85053916,"Western Corn Belt Plains","White / red / jack pine group",0.933977711086716,-0.514249498037713,-0.301728349311837,1.44162733352995,1.58366217748573,-0.22225766159518,-0.939282183612425,-0.678130802318427,-1.43222113196858,"Low"
"31025",18.02675836,0.697368421052632,17,10.43002381,809.0952381,-954.692894007244,0.448466700927157,176.576645621303,61.9525107725976,1,40.90920217,"Western Corn Belt Plains","Oak / hickory group",-0.183894833536119,3.81141548261307,1.21187102263019,0.491364400512575,0.130990356416855,-0.183092553155884,-0.739240036242755,-0.491333493670785,-1.0352578578447,"Low"
"31037",10.01818965,0.892857142857143,8,9.75046767,731.7164179,-947.907074103718,0.547500288868926,27.8568970255648,33.6585797865239,0,41.57480459,"Western Corn Belt Plains","Oak / hickory group",0.962875096593972,-1.35902089566202,-0.926869561828458,0.506286837607283,1.03304044717239,-0.207370945996416,-0.978633528136798,-0.649111574461535,-1.63070276903053,"Low"
"31039",6.010914615,0.847457627118644,9,9.330539725,718.4431818,-900.515885663596,0.330700351053221,74.9804262498039,52.2521703539046,0,41.91635196,"Western Corn Belt Plains","Oak / hickory group",0.69655385304192,0.279290169777052,0.478621487712801,0.610502988108666,-0.941687598603768,-0.219519208818748,-1.01969807694357,-0.746609663776869,-1.56454222334321,"Low"
"31041",1.617207718,0.938524590163934,11,9.303887838,579.1082353,-395.555398013744,0.543963046032079,23.4099435320036,26.6995292543368,1,41.39379457,"Central Great Plains","White / red / jack pine group",1.23076807207518,-1.51362504428862,-1.45290476739296,1.72094228938637,1.00082137596315,-0.232838959942107,-1.45077054999614,-0.752797649335077,-1.43222113196858,"Low"
"31043",29.40075992,0.857142857142857,8,9.07831254,683.375,-980.736669238128,0.490161732210526,37.7182145854371,32.9730444773731,1,42.39040801,"Western Corn Belt Plains","Oak / hickory group",0.753369051666357,-1.01617930582122,-0.978689232572756,0.434092530183446,0.510770666662029,-0.148611675480739,-1.12819151835012,-0.805171302514403,-1.63070276903053,"Low"
"31047",9.009037188,0.588785046728972,9,9.642208842,565.5316456,-233.923408285557,0.0963156462147441,144.088714291977,46.3463216157189,1,40.87060587,"Central Great Plains","Elm / ash / cottonwood group",-0.820863285920565,2.68193010097315,0.0321978929055357,2.07638101801487,-3.07658696623623,-0.210430244205075,-1.49277360985019,-0.674246907813825,-1.56454222334321,"Low"
"31055",669.2038512,0.895522388059702,10,10.27371017,775.5869565,-691.427166687733,0.672722016786271,-1.50957380226016,-4.85391473073869,2,41.29540049,"Western Corn Belt Plains","Unknown",0.978509876066183,-2.37998462444344,-3.83803220915917,1.0703019955225,2.17362591297237,1.79098469350423,-0.842907480626883,-0.527626103904012,-1.4983816776559,"Low"
"31061",1.991476401,0.876404494382023,9,10.57678218,639.125,-744.307890637066,0.468739521976121,58.4710804351301,49.7453355540449,0,40.17639326,"Central Great Plains","Elm / ash / cottonwood group",0.866361075896983,-0.294678808705737,0.289129637759814,0.954014017374644,0.315645890434681,-0.231704344951237,-1.26509153813501,-0.457259408255886,-1.56454222334321,"Moderate"
"31063",1.044256773,0.943661971830986,5,9.980509093,532.2727273,-435.357226165792,0.436808769284064,8.25106506772946,6.59247358741693,0,40.5301683,"Central Great Plains","White / red / jack pine group",1.26090482247691,-2.04064326080395,-2.9727987690422,1.63341561091607,0.0248037735086684,-0.234575890550406,-1.59566957760824,-0.595700984685518,-1.82918440609247,"Low"
"31065",2.529875421,0.956521739130435,8,10.67980358,581.1696429,-461.741784956959,0.769214083639344,-40.4055422669911,-5.22548682149944,0,40.17647994,"Central Great Plains","Elm / ash / cottonwood group",1.33634239407363,-3.73225378988532,-3.86611937424603,1.57539433648934,3.05252649075596,-0.230072160301788,-1.44439299652214,-0.433340091196407,-1.63070276903053,"Moderate"
"31083",2.357912702,0.827777777777778,10,10.56686741,599.8636364,-991.600275412397,0.40657754417357,15.7423721235561,33.0141311263936,0,40.1766095,"Central Great Plains","Elm / ash / cottonwood group",0.581108525836988,-1.78019818280988,-0.975583489373524,0.410202789214492,-0.250558150878103,-0.230593474234026,-1.38655778567449,-0.45956140111564,-1.4983816776559,"Moderate"
"31087",1.516253496,0.819444444444444,5,10.42886903,532.8035714,-521.822966367287,0.30448037600615,91.7471814776493,17.06537338316,0,40.17626182,"Central Great Plains","Elm / ash / cottonwood group",0.532223782020541,0.86220832284183,-2.18115140688707,1.44327210764778,-1.18051294425039,-0.233145007920139,-1.59402725969202,-0.4916016083436,-1.82918440609247,"Low"
"31089",1.620177987,0.955089820359281,12,9.164199673,595.0792079,-555.352077961752,0.418826503917281,13.2465935112747,26.0336185768571,0,42.45491288,"Nebraska Sand Hills","Oak / pine group",1.32794251619837,-1.86696718726899,-1.50324101060537,1.36953952032257,-0.138988172670586,-0.23282995541705,-1.40135978242724,-0.785230187701784,-1.36606058628127,"Low"
"31095",4.80919538,0.984732824427481,9,11.18678221,766.6590909,-643.356234556377,0.57370658035666,-37.9267012808448,10.4613997782932,1,40.17588068,"Central Great Plains","Oak / hickory group",1.50183339537722,-3.64607364412964,-2.68034631813409,1.17601294438534,1.27174115575195,-0.223162283221659,-0.870528384068167,-0.315630735728993,-1.56454222334321,"Moderate"
"31097",5.254458848,0.558441558441558,10,10.97473014,807.6984127,-914.590844432053,0.480134720619511,39.4588753563844,27.4011329219993,0,40.39266119,"Western Corn Belt Plains","Elm / ash / cottonwood group",-0.998863324091863,-0.955662959758761,-1.39987048809917,0.579551284435575,0.419439362771473,-0.221812443845224,-0.743561514771479,-0.364864590980901,-1.4983816776559,"Moderate"
"31107",2.925958206,0.926680244399185,14,9.232443513,501.0282486,-441.725001060377,0.510510341445592,43.7786083749702,30.0044851445362,1,42.6376855,"Western Corn Belt Plains","Oak / hickory group",1.1612871350692,-0.80548179717191,-1.20308287817954,1.61941248061661,0.696116519404768,-0.228871414725416,-1.69233330082177,-0.769385459846054,-1.23373949490664,"Low"
"31109",145.6598613,0.938271604938272,11,10.63955935,764.3333333,-727.713531962125,0.327921178290196,1.5312398141895,14.2494380796619,3,40.78403357,"Western Corn Belt Plains","Elm / ash / cottonwood group",1.22928401792168,-2.27426676591758,-2.39400818948704,0.990506037053084,-0.967001768222524,0.203833840915521,-0.87772377980726,-0.442683921674197,-1.43222113196858,"Moderate"
"31111",5.276541199,0.975609756097561,10,9.442266576,501.4387755,-334.993057107675,0.413810012609063,52.5472588682513,24.1309692104074,1,41.04654583,"Nebraska Sand Hills","White / red / jack pine group",1.44831593240185,-0.500628205588179,-1.64706243365272,1.85412261767794,-0.184681018238426,-0.221745500048919,-1.69106321854534,-0.720669131294042,-1.4983816776559,"Low"
"31119",23.61497099,0.839285714285714,9,9.210515141,675.7159091,-886.070233117425,0.573583184641482,136.96436045601,60.3882690387513,0,41.91683636,"Western Corn Belt Plains","Elm / ash / cottonwood group",0.648616029202549,2.43424263113134,1.09362986053336,0.642269870294889,1.27061720257214,-0.166151595736345,-1.15188710469463,-0.774476748476049,-1.56454222334321,"Low"
"31125",3.082012394,0.888,15,9.706472554,676.6329114,-513.145250452583,0.60123852413787,39.9800542562771,42.1721688758207,0,41.39759731,"Central Great Plains","Oak / pine group",0.934382274483815,-0.937543494327713,-0.283326658099542,1.46235494092421,1.522516603786,-0.228398328332845,-1.14905009603897,-0.659326278675151,-1.16757894921933,"Low"
"31127",6.613587286,0.648148148148148,19,11.11065066,830.5205479,-847.687845350948,0.530750392927606,50.6609408911691,39.7035210186379,1,40.38525097,"Western Corn Belt Plains","Elm / ash / cottonwood group",-0.472629285317452,-0.566208514738725,-0.469931953895749,0.726675111685441,0.880473570943511,-0.217692175251249,-0.672954717925978,-0.333306817423472,-0.902936766470067,"Moderate"
"31129",2.822148545,0.882352941176471,7,10.87443371,703.7613636,-949.017788200878,0.396303335399953,33.8379026913566,27.58501126821,0,40.17638505,"Central Great Plains","Oak / hickory group",0.901255671615263,-1.1510834188637,-1.38597110869382,0.503844308704259,-0.34414105693349,-0.229186119115384,-1.06512047699008,-0.388151229573504,-1.69686331471784,"Moderate"
"31131",10.01215575,0.878571428571429,15,10.70504433,815.2553191,-731.152248044628,0.520027890043641,17.4890751684841,30.0873244344243,1,40.64870938,"Western Corn Belt Plains","Oak / hickory group",0.879072678622928,-1.7194717691976,-1.19682104940224,0.982944087995013,0.782807365965719,-0.207389238078293,-0.720182065377749,-0.427479740802517,-1.16757894921933,"Moderate"
"31133",2.364578246,0.545454545454545,11,11.21993679,807.5,-1195.45077921861,0.366707066397687,-5.18719296972765,28.1980391316429,0,40.13146156,"Western Corn Belt Plains","Unknown",-1.07504734042918,-2.50784186000537,-1.33963228177107,-0.0380770595023901,-0.61371946658595,-0.23057326729049,-0.744175361156916,-0.307932967003331,-1.43222113196858,"Moderate"
"31139",4.803640518,0.886075949367089,9,9.054180126,601.1111111,-616.972503479321,0.329799054029493,1.92430184005365,16.2539122078941,0,42.26438024,"Western Corn Belt Plains","Oak / hickory group",0.923095467810249,-2.26060145101061,-2.24248982427092,1.23403239861761,-0.949897086707234,-0.223179123074908,-1.38269836621435,-0.810774321517024,-1.56454222334321,"Low"
"31145",5.775331358,0.944444444444444,5,10.52591341,545.0865385,-549.088205833715,0.263953541916271,-17.2835736261411,24.5387444140832,0,40.17567145,"Central Great Plains","Elm / ash / cottonwood group",1.26549493926719,-2.9283883387477,-1.61623867226493,1.38331416202082,-1.5496526990405,-0.220233391722986,-1.5560263910139,-0.469070024672046,-1.82918440609247,"Moderate"
"31147",5.536426404,0.815126050420168,15,11.43639354,848.253012,-407.490600623696,0.542415898964976,60.0375895635392,40.3438150877134,0,40.12490693,"Western Corn Belt Plains","Oak / hickory group",0.506891351751518,-0.240217072043962,-0.421532072232293,1.69469604166808,0.986729145425031,-0.220957644524553,-0.6180942730418,-0.257676441340561,-1.16757894921933,"Moderate"
"31151",9.564758004,0.683333333333333,11,10.76128286,732.6666667,-593.908992277593,0.432985032744281,40.5189805891434,28.9022084668759,1,40.52425994,"Central Great Plains","Elm / ash / cottonwood group",-0.266227033648027,-0.918807016200408,-1.28640406345332,1.28475048427032,-0.0100248332743613,-0.20874554762956,-0.975693661932944,-0.414422383495889,-1.43222113196858,"Moderate"
"31155",11.00986032,0.925531914893617,11,10.1650591,787.4596774,-947.907156404986,0.572959114160205,85.0044371429917,40.2242025334072,1,41.22785742,"Western Corn Belt Plains","Elm / ash / cottonwood group",1.15455083982562,0.627788005926899,-0.430573595109809,0.506286656621711,1.26493283986274,-0.204364644750023,-0.806175825799527,-0.552852507274396,-1.43222113196858,"Low"
"31159",11.63314197,0.837837837837838,9,10.40518746,723.9318182,-429.381895850014,0.162478992361315,153.305420057884,58.5935085877838,1,40.87249024,"Central Great Plains","Oak / pine group",0.640122540894676,3.00236091954211,0.957963769534731,1.64655573134734,-2.4739363540894,-0.202475133990117,-1.00271741181923,-0.497099951224751,-1.56454222334321,"Low"
"31167",5.368845312,0.91304347826087,10,9.320898175,690.6944444,-560.280296819567,0.532798612276641,-25.0741236766215,31.0878466696541,0,41.91692828,"Western Corn Belt Plains","Elm / ash / cottonwood group",1.08129155677045,-3.19923699044406,-1.12119149085159,1.3587020626623,0.899129831794836,-0.221465675326504,-1.10554672551002,-0.748848220925139,-1.4983816776559,"Low"
"31169",3.364390574,0.983606557377049,8,11.03973104,746.5909091,-851.037442661217,0.685108725979736,-20.439313061447,-1.86339108060765,1,40.1762988,"Central Great Plains","Oak / hickory group",1.49522652222971,-3.03810174352904,-3.61197827899066,0.719309140311942,2.28645058573589,-0.227542284184148,-0.932615039106964,-0.349772802903361,-1.63070276903053,"Moderate"
"31173",7.080793517,0.875739644970414,13,9.14739911,709,-1052.30878684326,0.569851293136743,6.36199927794728,24.0016718374516,1,42.15732076,"Western Corn Belt Plains","Oak / hickory group",0.862460956717421,-2.10631910125333,-1.65683603277334,0.276701022910666,1.23662516875308,-0.216275815246796,-1.0489132583052,-0.789130911174527,-1.29990004059395,"Low"
"31177",20.34287467,0.605263157894737,14,9.90284599,767.4545455,-1111.47330059678,0.473779836777125,31.52372763098,25.6354571787127,1,41.52820253,"Western Corn Belt Plains","Elm / ash / cottonwood group",-0.724199896770491,-1.23153873855626,-1.53333806363754,0.146594602864489,0.361555732925245,-0.176071126022677,-0.86806741795567,-0.613732659507255,-1.23373949490664,"Low"
"31181",2.348527779,0.801980198019802,7,10.68650833,676.85,-677.312640456825,0.453016505566987,74.3631372622568,22.5670549005595,0,40.17643316,"Central Great Plains","Elm / ash / cottonwood group",0.429775556530639,0.257829311570534,-1.76527884574242,1.10134071048941,0.172432373954297,-0.230621925116527,-1.1483784704201,-0.431783394810466,-1.69686331471784,"Moderate"
"32001",1.919217852,0.991228070175439,3,10.48045897,167.6192308,-142.853623526571,0.560794430536433,7.78792682700608,2.4994989892964,2,39.58057912,"Central Basin and Range","White / red / jack pine group",1.53993560630687,-2.05674486688261,-3.2821870575931,2.27664909963436,1.15413049295304,-0.231923400503138,-2.72382937163037,-0.479623552018025,-1.9615054974671,"Low"
"32003",109.0481569,0.743500866551127,9,17.1113414,177.6336717,-103.186348259999,0.465812355780807,37.0253176889936,69.3077195435977,2,36.2128815,"Mojave Basin and Range","White / red / jack pine group",0.0867259000422751,-1.04026877177039,1.76785186224724,2.36387988799883,0.288983718670369,0.0928435536155278,-2.69284683700112,1.05992239889414,-1.56454222334321,"High"
"32005",26.34897242,0.769764216366158,10,8.493533354,350.4869565,-198.711480236464,0.507196028114319,88.9605612216045,69.192482293996,2,38.91561461,"Central Basin and Range","White / red / jack pine group",0.240791155338605,0.765327828621406,1.75914106901438,2.15381422266313,0.665928007573559,-0.157863328113538,-2.15807580628918,-0.940944246385467,-1.4983816776559,"Low"
"32007",1.181163632,0.88863976083707,9,6.924927491,317.8463779,-95.8250500892836,0.526884622834983,38.9866035111714,72.8185825643819,4,41.14407955,"Central Basin and Range","White / red / jack pine group",0.93813521983869,-0.972082107531542,2.03323828849965,2.38006783734756,0.845262100417562,-0.234160850282197,-2.25905876348986,-1.30514023846532,-1.56454222334321,"Low"
"32011",0.170041885,0.854867256637168,4,8.121733347,300.98125,-110.836665333705,0.439117643896328,36.079287930226,28.8009289984512,2,39.9777405,"Central Basin and Range","White / red / jack pine group",0.740019993936456,-1.07315873242356,-1.29405978685206,2.34705636823114,0.0458342198130125,-0.237226118480823,-2.31123585599121,-1.02726808056118,-1.89534495177979,"Low"
"32013",0.674181546,0.757377049180328,4,8.912628018,254.8051118,-210.360944958304,0.560364898583519,46.3880497984821,41.2385286444501,2,41.40712829,"Central Basin and Range","Aspen / birch group",0.168125935999715,-0.71476115656769,-0.353900600444227,2.12819633020944,1.15021808964462,-0.235697792861169,-2.45409493470691,-0.843639626703031,-1.89534495177979,"Low"
"32015",0.389302862,0.958925750394945,5,8.792357849,283.5011494,-130.28983879254,0.551135628225501,49.2264877908515,26.9760663912794,1,39.9301909,"Central Basin and Range","White / red / jack pine group",1.35044473104932,-0.616079151038497,-1.43200130232901,2.30427763826794,1.06615303316143,-0.236561417417878,-2.36531554227329,-0.871563730870789,-1.82918440609247,"Low"
"32017",0.187978782,0.957689039932031,7,11.61215932,254.0128755,-94.0140409025706,0.444718435347446,31.1519638268942,32.03577879723,1,37.64042409,"Central Basin and Range","White / red / jack pine group",1.34318997815076,-1.24446359295469,-1.04953722289015,2.38405035840631,0.096849178896939,-0.237171741844064,-2.45654594408871,-0.216867469417963,-1.69686331471784,"Moderate"
"32019",10.73007812,0.95800933125972,5,10.28105808,180.0064516,-129.25759191806,0.399020065283752,47.5380181252887,26.9178090827067,2,39.02200044,"Central Basin and Range","White / red / jack pine group",1.34506886129084,-0.674781005128977,-1.43640497710461,2.30654761290175,-0.319395649954192,-0.205212819050246,-2.68550596433998,-0.525920079825379,-1.82918440609247,"Low"
"32021",0.461826139,0.950292397660819,3,9.662589506,172.614094,-127.752351878591,0.470235384068485,41.5033798448727,25.0445520032681,1,38.53742819,"Central Basin and Range","White / red / jack pine group",1.29980002264715,-0.884583089851493,-1.57800463474468,2.30985772871984,0.329270990405491,-0.236341559329267,-2.7083763349998,-0.669514963148943,-1.9615054974671,"Low"
"32023",0.966512895,0.860391882435269,10,10.0783115,200.0975089,-111.307484111685,0.424663475091084,46.7120672818186,41.4413197028414,0,38.03654731,"Central Basin and Range","White / red / jack pine group",0.772428383955081,-0.703496265395812,-0.338571607560196,2.3460210086582,-0.0858219642508491,-0.234811575162648,-2.62334853740508,-0.572993403714834,-1.4983816776559,"Low"
"32031",28.37637342,0.865619546247818,14,8.890624601,300.1871401,-206.835931175482,0.489854237083212,100.298220293071,78.8811126164913,5,40.65750875,"Northern Basin and Range","White / red / jack pine group",0.803094744703275,1.15949636011172,2.49150543679122,2.13594805324069,0.507969839051264,-0.151717156468432,-2.31369266189,-0.848748339141563,-1.23373949490664,"Low"
"32033",0.415791266,0.764020204636705,12,7.235400171,309.1680912,-103.591984184049,0.499304811541963,38.1626760568939,76.6450759678757,1,39.4409272,"Central Basin and Range","White / red / jack pine group",0.20709581031385,-1.00072702202932,2.32248324149835,2.3629878695477,0.594050649868911,-0.236481116442595,-2.28590752328487,-1.23305526901988,-1.36606058628127,"Low"
"32510",147.5765281,0.872727272727273,5,9.014395793,331.5,-133.550595300632,0.571253349363966,122.643583798568,21.9950108494769,2,39.15526474,"Central Basin and Range","White / red / jack pine group",0.844789871271136,1.93636211900067,-1.80851970289835,2.29710703330568,1.24939583548641,0.209644316070301,-2.21681738189381,-0.820011373964641,-1.82918440609247,"Low"
"33001",58.77709279,0.977414704469005,27,6.862604195,1084.55,-1166.64929623022,0.325996623222292,40.8868689032301,42.6277609343477,5,43.51682432,"Northeastern Highlands","Maple / beech / birch group",1.45890406505065,-0.90601689827554,-0.248888416696877,0.0252591805155942,-0.984531629653856,-0.0595557935300059,0.112957983055598,-1.31961034542578,-0.373652400971549,"Low"
"33003",20.07900978,0.93714754434533,35,6.224502003,1233.96988,-993.663882806431,0.296717561213814,51.3982607318684,47.9405380598919,4,43.87243906,"Northeastern Highlands","Maple / beech / birch group",1.22269008822726,-0.540574627089154,0.152704845836267,0.405664789096091,-1.25122075089941,-0.176871046169238,0.575231079739347,-1.46776372566325,0.155631964526969,"Low"
"33005",41.54357548,0.954087048832272,35,6.952213714,1134.040323,-1333.34285940646,0.440970541103671,39.575489812203,42.9729834214453,7,42.92378143,"Northeastern Highlands","Maple / beech / birch group",1.32206008869386,-0.9516087058329,-0.222793020331246,-0.341310260753775,0.0627113837003514,-0.111800098152609,0.266070439504425,-1.29880497395433,0.155631964526969,"Low"
"33007",6.774208475,0.647312033671322,38,4.122170476,1129.76873,-815.051907725294,0.333167293442973,52.3108404925423,44.6326133319351,5,44.68845771,"Northeastern Highlands","Maple / beech / birch group",-0.477534074357556,-0.508847599325733,-0.0973414580688979,0.798443554286248,-0.919217387710541,-0.217205243757462,0.252855045917691,-1.95587914982224,0.354113601588913,"Low"
"33009",20.41263254,0.716876842450049,44,5.507867462,1111.037543,-910.043219230031,0.323924054160112,46.0377255869941,43.2764474149418,8,43.93499865,"Northeastern Highlands","Maple / beech / birch group",-0.0694551316630053,-0.726940635516326,-0.199854151952288,0.589551793139353,-1.00340968052015,-0.175859651409309,0.194904766349454,-1.63415060064218,0.751076875712801,"Low"
"33011",182.9383441,0.979121670266379,40,7.638610712,1115.164384,-1464.26801085743,0.24615601634464,87.0614648723417,61.9114417689305,9,42.91519,"Northeastern Highlands","Maple / beech / birch group",1.46891741533561,0.699303262665684,1.20876661324468,-0.629222755399701,-1.71176193784293,0.31684550163678,0.207672328260168,-1.13943859547533,0.486434692963542,"Low"
"33013",62.45432571,0.973397376685757,31,7.119991577,1054.018987,-1395.52544557775,0.282046181493736,66.1630221932665,43.7214131361324,8,43.29606213,"Northeastern Highlands","Maple / beech / birch group",1.43533774030936,-0.027258403135058,-0.166219156268173,-0.478053608458176,-1.38485540640423,-0.0484080705559345,0.0185015698634458,-1.25985062174538,-0.10901021822229,"Low"
"33015",171.1280219,0.958366693354684,36,8.328226132,1079.155738,-1483.65639598841,0.375061155605323,67.8783602493627,45.3522775574471,12,42.98568355,"Northeastern Coastal Zone","Oak / pine group",1.34716520782629,0.0323775656587571,-0.0429419797128111,-0.671859011828298,-0.537626021073718,0.281041895233701,0.0962692921058831,-0.979324969761774,0.221792510214283,"Low"
"33017",136.7605973,0.968379446640316,30,7.695352185,1120.064516,-1182.85903380685,0.25749902474109,69.5554004553775,45.2521469630117,9,43.29167573,"Northeastern Coastal Zone","Maple / beech / birch group",1.40590171333813,0.0906820596542326,-0.0505108596316311,-0.0103870336114988,-1.60844384176956,0.176855258948206,0.222832286853356,-1.1262644657983,-0.175170763909605,"Low"
"33019",30.99078967,0.914941785252264,29,6.491451857,1095.888889,-1233.61412259812,0.390507702529712,43.1188519356958,46.329725378999,5,43.36029383,"Northeastern Highlands","Maple / beech / birch group",1.09242734688556,-0.82841909182602,0.0309433819985995,-0.122000608756703,-0.396930734306995,-0.143791417542459,0.148038076353647,-1.40578380501756,-0.24133130959692,"Low"
"34001",183.9412808,0.913945895522388,30,12.31105472,1075.326733,-1152.00496174428,0.356195557279412,61.1869218647643,40.9491825905731,4,39.47479533,"Atlantic Coastal Pine Barrens","White / red / jack pine group",1.08658528916783,-0.200259032865625,-0.375772292599138,0.0574629765589793,-0.709463829192432,0.319885956439445,0.0844231709701448,-0.0545992352063149,-0.175170763909605,"Moderate"
"34003",1544.6111,0.841628959276018,18,11.30593418,1235.447368,-1563.99549857947,0.380835783670593,56.4930299036862,34.1218438958952,9,40.95854102,"Northern Piedmont","Oak / hickory group",0.662361900928571,-0.363448319967115,-0.891851389467638,-0.84852966057885,-0.485027666529408,4.44482732774139,0.579802111071142,-0.287966252925502,-0.969097312157381,"Moderate"
"34005",215.587968,0.904317010309278,49,11.9086769,1154.046154,-954.221022881072,0.407937763411452,48.9177013953055,42.9241606581932,7,39.87632437,"Atlantic Coastal Pine Barrens","White / red / jack pine group",1.03010061874213,-0.626814513542285,-0.226483537045381,0.492402074264195,-0.238168557483785,0.415824535699388,0.327964194526191,-0.148022569137733,1.08187960414937,"Moderate"
"34007",883.8434283,0.859623733719247,33,12.34626391,1148.111111,-1376.11079257015,0.407379562595469,70.5442120113048,47.0020552999841,6,39.8033806,"Atlantic Coastal Pine Barrens","Oak / hickory group",0.767922293571602,0.125059385384676,0.0817648563587534,-0.435359587346454,-0.243252944580952,2.44167574213724,0.30960244302056,-0.0464244309518837,0.0233108731523391,"Moderate"
"34009",142.3021212,0.732899022801303,32,12.70798857,1048.963636,-1114.09793270801,0.37251350649717,47.7511483707326,37.8446011297547,6,39.14998397,"Atlantic Coastal Pine Barrens","Oak / hickory group",0.0245336901592227,-0.667371253668535,-0.610447862115385,0.140822874741226,-0.560831351275164,0.193654677052893,0.00286139693871002,0.037560127894846,-0.0428496725349756,"Moderate"
"34011",119.8859413,0.795003673769287,36,12.53858641,1093.162791,-1199.83382900591,0.348720640132114,59.4542316872601,40.6105822784306,6,39.37198569,"Atlantic Coastal Pine Barrens","White / red / jack pine group",0.388850084444764,-0.260498270832602,-0.401367118211952,-0.047715656704177,-0.777549312423383,0.125698861063366,0.139604113186742,-0.00177135057079972,0.221792510214283,"Moderate"
"34013",2445.81173,0.861111111111111,15,11.34119965,1266.47619,-1948.83681232873,0.470405269074434,78.6063067477687,39.0903050587132,6,40.78668115,"Northern Piedmont","Elm / ash / cottonwood group",0.776647501102759,0.405348642891581,-0.516284999047879,-1.6948194792762,0.330818392536619,7.17686393947135,0.675798638657624,-0.279778381685336,-1.16757894921933,"Moderate"
"34015",349.8238435,0.762278978388998,38,12.31113209,1124.943396,-1451.08037322058,0.392074054895025,85.3967396782429,50.7637629468615,8,39.71554986,"Atlantic Coastal Pine Barrens","White / red / jack pine group",0.196881482428376,0.641426916150355,0.366112648654036,-0.600222325700493,-0.382663571795257,0.822767578419658,0.237926496311618,-0.0545812715836027,0.354113601588913,"Moderate"
"34019",112.8639546,0.760263929618768,42,10.45374881,1231.464789,-1699.48446235801,0.519177755624685,41.8840151331761,40.608699401639,8,40.56142626,"Northern Piedmont","Oak / hickory group",0.185060865279136,-0.871349806712689,-0.40150944502443,-1.14647826041743,0.775063893819435,0.104411342931604,0.567480864881427,-0.485825067293002,0.618755784338171,"Low"
"34021",633.2124789,0.720760233918129,40,11.58940192,1202.323529,-1111.70684847146,0.488937682434174,47.5889327711867,33.8863982865495,7,40.27984763,"Northern Piedmont","Unknown",-0.0466745000162789,-0.673010890938873,-0.909648742560359,0.146081016662959,0.49962137645862,1.68187497524981,0.477324049727605,-0.222151240227226,0.486434692963542,"Moderate"
"34023",1030.13392,0.790505675954592,35,11.63295424,1225.352941,-2042.78909349186,0.400547021298073,48.7865965112905,33.8074719089612,9,40.43909715,"Atlantic Coastal Pine Barrens","Oak / gum / cypress group",0.362464067941769,-0.631372546137696,-0.915614793973134,-1.90142634852609,-0.30548733016164,2.88516298123557,0.548572116584879,-0.212039343565407,0.155631964526969,"Moderate"
"34025",511.9812888,0.730538922155689,43,11.62753645,1189.744186,-1536.24018722268,0.414175202038323,68.8482584554231,43.4155288156679,5,40.26384341,"Atlantic Coastal Pine Barrens","White / red / jack pine group",0.0106889403061994,0.0660973440687522,-0.189340977362915,-0.787494016595651,-0.181354680531661,1.31435631313259,0.438406257511087,-0.213297235971952,0.684916330025486,"Moderate"
"34027",412.6895819,0.883674818241904,45,9.899273376,1291.76,-2073.92556139568,0.428188826869084,63.8087125882544,47.6725277252758,9,40.8637338,"Northeastern Highlands","Oak / hickory group",0.909010026219326,-0.109109052711975,0.132445922465742,-1.96989736459369,-0.0537112030699058,1.01334833614975,0.754021329939825,-0.614562142381659,0.817237421400115,"Low"
"34029",369.9597724,0.916560994166878,37,11.87225596,1135.878049,-803.750854424749,0.459737225015662,62.5637340496531,39.77485305075,4,39.88623451,"Atlantic Coastal Pine Barrens","White / red / jack pine group",1.10192590044271,-0.15239235830479,-0.464539959685925,0.823295268504848,0.233648227228081,0.883810694829808,0.271755970030057,-0.15647871525363,0.287953055901598,"Moderate"
"34031",1043.569753,0.903970452446907,36,10.1361212,1287.151515,-1618.21784019347,0.393796846816992,61.0948319684567,44.4709659025377,7,41.035081,"Northeastern Highlands","Oak / hickory group",1.02806765166378,-0.203460658436112,-0.109560400632792,-0.967767938836459,-0.366971475387753,2.92589440822657,0.739763664681556,-0.559571255079566,0.221792510214283,"Low"
"34033",73.01058766,0.695414847161572,31,12.39412094,1133.333333,-1848.18099940072,0.319325305959685,52.2112459063729,44.070116752877,4,39.58521829,"Atlantic Coastal Pine Barrens","Oak / hickory group",-0.195354828639034,-0.512310135244949,-0.139860621024475,-1.47347112963103,-1.04529750179142,-0.0164062130667627,0.263883163911482,-0.035313074727885,-0.10901021822229,"Moderate"
"34035",422.280217,0.739292364990689,37,10.93116667,1248.255319,-1292.55809221233,0.474937401779152,83.8402029737785,50.9884558527836,9,40.56403153,"Northern Piedmont","Oak / hickory group",0.0620381175663013,0.587311883837063,0.38309720400522,-0.251622038618605,0.372099444779327,1.04242284558828,0.619427167462191,-0.374979076428984,0.287953055901598,"Moderate"
"34037",104.9604323,0.858861502347418,53,9.138452945,1204.105882,-1654.9077314628,0.436394582503622,71.499271910995,46.514407589724,7,41.13881545,"Ridge and Valley","Oak / hickory group",0.763450915330716,0.158263290685868,0.044903525589093,-1.04845127589257,0.0210311421150941,0.0804514037499988,0.482838268054467,-0.791208015126729,1.34652178689863,"Low"
"34039",2085.965432,0.730769230769231,10,11.61013757,1253.444444,-1782.40512459183,0.358629840186504,26.2293337492466,33.9301259668655,6,40.65968148,"Northern Piedmont","Oak / hickory group",0.0120399696148053,-1.41560525954967,-0.906343363586964,-1.32882591827271,-0.68729109807258,6.08597115932372,0.635481208482897,-0.217336875573043,-1.4983816776559,"Moderate"
"34041",114.4963041,0.754285714285714,47,9.699956269,1205.508197,-1743.00823053919,0.491658493199655,39.1460763916852,35.6500722026924,4,40.85611025,"Northeastern Highlands","Oak / hickory group",0.149991642274831,-0.966537824472013,-0.776332485301425,-1.2421897148978,0.524403954258123,0.109359895394488,0.487176730229488,-0.660839217607886,0.949558512774745,"Low"
"35001",225.7728514,0.739652870493992,10,12.08545447,310.1180124,-137.880140340029,0.57269703701737,49.6173707977543,80.9883842579156,3,35.05105869,"Arizona/New Mexico Plateau","White / red / jack pine group",0.0641529038671076,-0.602489592572839,2.65079427453566,2.28758609634926,1.26254570318121,0.446700539786292,-2.28296867060523,-0.106978681694597,-1.4983816776559,"Moderate"
"35003",0.197785586,0.791932335718933,21,8.693869996,392.9309665,-302.535974964552,0.551032569622566,56.1720422883101,95.9925268436934,0,33.91460859,"Arizona/New Mexico Mountains","White / red / jack pine group",0.370833095592933,-0.374607873820502,3.7849586541336,1.92549774602563,1.06521432111371,-0.237142012007355,-2.02676313264511,-0.894430457419005,-0.770615675095437,"Low"
"35005",4.130861131,0.502857142857143,5,15.02795477,357.7837838,-93.8731055000619,0.465796202468399,59.1907323428594,47.7679319079445,1,33.36228938,"Chihuahuan Deserts","White / red / jack pine group",-1.32493091401556,-0.269659169830922,0.139657532528023,2.38436028406132,0.288836585791247,-0.225218688800579,-2.13550098591094,0.576205565688122,-1.82918440609247,"High"
"35006",2.276054619,0.639381797366915,12,9.348369173,324.9569892,-299.644825732249,0.58604307654005,43.9427755691109,94.4073432587813,1,34.91324098,"Arizona/New Mexico Plateau","White / red / jack pine group",-0.52405418277493,-0.799774310165516,3.66513449578184,1.93185556175959,1.38410846196704,-0.230841631272844,-2.23706005552031,-0.74247005569828,-1.36606058628127,"Low"
"35007",1.243795244,0.715040845747237,15,7.931837351,432.9862543,-424.566515713312,0.501497967054985,45.4845062139088,39.6785345424449,1,36.60577699,"Southwestern Tablelands","Douglas-fir group",-0.080225399078781,-0.746174029862238,-0.471820683698719,1.65714504969039,0.6140270656555,-0.233970979290834,-1.90284065372286,-1.0713577797562,-1.16757894921933,"Low"
"35015",5.349604238,0.498765432098765,11,16.36786492,349.6598985,-146.955931662557,0.414029191749715,46.2628539249888,44.4189173595771,2,32.47112132,"Chihuahuan Deserts","White / red / jack pine group",-1.34893358187888,-0.719113754691557,-0.113494754302014,2.26762787066385,-0.182684619159832,-0.221524005643714,-2.1606345465505,0.887303412437098,-1.43222113196858,"High"
"35017",2.669823742,0.74216621253406,24,12.643298,393.5656743,-233.144124619615,0.495577054372486,61.7977536642447,116.320608077902,1,32.73582606,"Arizona/New Mexico Mountains","White / red / jack pine group",0.0788965936773262,-0.179022667239257,5.32155999670327,2.07809471092881,0.560096273753421,-0.229647899683237,-2.02479948269307,0.022540391659574,-0.572134038033493,"Moderate"
"35027",1.5696266,0.438605619146722,17,12.94009914,365.853352,-231.16247464302,0.523797224039387,49.8625902047265,74.8950656138603,1,33.74541441,"Southwestern Tablelands","White / red / jack pine group",-1.70184122718357,-0.593964219483925,2.19019981403125,2.08245248162416,0.817140445717911,-0.232983204577625,-2.11053547074178,0.0914511283732568,-1.0352578578447,"Moderate"
"35028",67.14155732,0.619047619047619,9,7.949980427,505.7647059,-389.355665932704,0.721018189977538,42.7129945032631,90.4959098691474,1,35.86615473,"Southern Rockies","Aspen / birch group",-0.643337914517729,-0.842529255760923,3.36946892220232,1.73457588315965,2.61353290125541,-0.034198483988981,-1.67767971668436,-1.06714535411183,-1.56454222334321,"Low"
"35031",5.096687541,0.687644341801386,7,9.003272963,304.8712029,-163.764678296125,0.637696190737423,37.790866631533,42.456176773772,0,35.58112242,"Arizona/New Mexico Plateau","White / red / jack pine group",-0.240937928301873,-1.01365346251099,-0.261858477592768,2.2306643986227,1.85459223740031,-0.222290735773409,-2.29920117511048,-0.822593851948523,-1.69686331471784,"Low"
"35033",0.901991121,0.6590761223162,13,8.472012152,471.2919708,-477.104966119042,0.519099231286077,48.4320500652399,51.7952241743155,2,36.01178669,"Southwestern Tablelands","Douglas-fir group",-0.4085239392009,-0.643698816587704,0.444080888187002,1.54160975220548,0.774348652776067,-0.235007176278486,-1.7843309735709,-0.945940999042091,-1.29990004059395,"Low"
"35035",3.900631875,0.616656269494697,17,14.32945147,357.6036132,-279.292209079709,0.551613053890663,52.3028095724659,86.917589473527,2,32.61233841,"Arizona/New Mexico Mountains","White / red / jack pine group",-0.657365975750148,-0.50912680475545,3.0989833874042,1.97661222285995,1.07050167763185,-0.225916640772143,-2.13605839514721,0.414028368525272,-1.0352578578447,"Moderate"
"35037",1.110363471,0.115537848605578,4,13.91637949,417.4192771,-139.493378608005,0.557438533937809,36.0859954267423,28.3619517543595,1,35.10355232,"Southwestern Tablelands","White / red / jack pine group",-3.59701145097395,-1.0729255375431,-1.32724211305674,2.28403848575616,1.12356321881637,-0.234375484654977,-1.95100154607701,0.318122084413359,-1.89534495177979,"Moderate"
"35039",2.566735445,0.740160263964176,15,6.91839082,463.8264278,-334.726565092401,0.550500048373898,43.2103755809922,80.6888352640992,3,36.51087883,"Southern Rockies","White / red / jack pine group",0.0671293598435974,-0.825237152711806,2.62815134130647,1.85470865007943,1.06036383704387,-0.229960417220697,-1.80742776417892,-1.30665791058163,-1.16757894921933,"Low"
"35043",15.08467008,0.553753965456468,14,9.915091717,356.1371115,-472.291837595603,0.583635213308956,48.0980948111356,97.5682299323525,3,35.6876225,"Southern Rockies","White / red / jack pine group",-1.02636153795489,-0.655309207345091,3.90406618098913,1.5521941191119,1.3621763751743,-0.192011646894091,-2.14059543722053,-0.610889469386204,-1.23373949490664,"Low"
"35045",8.790191699,0.898717083051992,9,10.56480726,262.5655836,-160.104417307377,0.520271931185127,44.5058914943124,65.3099420375493,1,36.50829832,"Arizona/New Mexico Plateau","White / red / jack pine group",0.997250497618556,-0.780196849254374,1.46565952976329,2.23871353861335,0.785030221245434,-0.211093685694524,-2.43008569757787,-0.460039722911307,-1.56454222334321,"Moderate"
"35047",2.25257599,0.557182529664226,17,10.9742835,412.4598025,-336.653862963614,0.534106509347332,44.2537678296363,85.4049714275917,0,35.48146523,"Southwestern Tablelands","White / red / jack pine group",-1.00624900000035,-0.788962257883519,2.98464446414823,1.85047040302088,0.91104284732659,-0.230912807958574,-1.96634509796091,-0.364968291025469,-1.0352578578447,"Moderate"
"35049",30.38060109,0.450492483151892,12,9.645226106,401.5384615,-495.923083186346,0.516199728055184,34.6265774120037,97.838536268612,3,35.50684225,"Arizona/New Mexico Plateau","White / red / jack pine group",-1.63211087098273,-1.12366411171207,3.92449865931386,1.50022755047157,0.747938449864799,-0.145641235979248,-2.00013338720334,-0.673546365069617,-1.36606058628127,"Low"
"35053",0.971473225,0.41817398794143,14,12.02785182,298.2823409,-233.979014732828,0.573750038464967,42.92339001136,85.069885931472,0,34.00697589,"Chihuahuan Deserts","White / red / jack pine group",-1.8216966340503,-0.835214581017577,2.95931532376942,2.07625873600279,1.27213699509653,-0.234796537664099,-2.31958570252653,-0.120352757845923,-1.23373949490664,"Moderate"
"35055",5.743042258,0.650227617602428,13,5.459969646,449.8955224,-564.810539624722,0.518919318669034,45.2125758482348,49.1751468363489,2,36.57937566,"Southern Rockies","Douglas-fir group",-0.460430765531861,-0.755628044331159,0.246029025408102,1.34873977892286,0.77270991388046,-0.220331277810083,-1.85052700089941,-1.6452714264838,-1.29990004059395,"Low"
"35057",1.786344685,0.437773608505316,11,10.75358231,351.304878,-158.329606049256,0.584295866696386,46.109071226095,49.1594956696131,0,34.64005597,"Southwestern Tablelands","White / red / jack pine group",-1.70672194243049,-0.724460211152233,0.244845952419465,2.24261645819135,1.36819395426514,-0.23232621242412,-2.15554533240144,-0.416210282873905,-1.43222113196858,"Moderate"
"35059",0.414461355,0.729528535980149,5,11.14638491,401.8636364,-106.257010994059,0.553018672854453,46.2183679675363,31.3846243237647,1,36.48042736,"Southwestern Tablelands","White / red / jack pine group",0.00476184398456523,-0.72066036712808,-1.09875804342009,2.35712731098684,1.08330479564672,-0.236485148137006,-1.99912736572891,-0.325010105714713,-1.82918440609247,"Moderate"
"35061",27.69527259,0.389830508474576,4,12.75525309,257.3703704,-307.157022915841,0.583751231730639,27.8459798034956,10.5326852451638,2,34.71529131,"Arizona/New Mexico Plateau","White / red / jack pine group",-1.98796428196275,-1.35940044715178,-2.67495784379472,1.91533577616125,1.36323313207854,-0.153781949081637,-2.44615857418503,0.0485339162489563,-1.89534495177979,"Moderate"
"36001",226.0732547,0.904109589041096,42,7.896977267,1001.136364,-1233.99519195546,0.354397989357679,92.2430554137436,56.232286163172,13,42.60118493,"Northeastern Coastal Zone","Maple / beech / birch group",1.02888385047527,0.87944802814277,0.779478771075635,-0.122838603810281,-0.725837024798471,0.447611228024365,-0.145105936011738,-1.07945152922879,0.618755784338171,"Low"
"36003",17.36687583,0.916149068322981,41,6.750762922,978.931677,-1342.5442835088,0.380736469525454,90.2051923983584,54.4169328936128,7,42.25739665,"Northern Allegheny Plateau","Maple / beech / birch group",1.09950947372067,0.808599057725731,0.642256067215682,-0.361544760681712,-0.485932272082917,-0.185093021388358,-0.213802480409868,-1.34557744419577,0.552595238650857,"Low"
"36005",13065.33378,0.264150943396226,11,11.76784187,1156.777778,-1684.57264132694,0.419473266747328,57.0703289403135,39.8074071766718,8,40.84981969,"Northeastern Coastal Zone","Oak / hickory group",-2.7252218829808,-0.343377764655495,-0.462079190613759,-1.11368624493997,-0.133097116094061,39.3704977140877,0.336415253953194,-0.180721384487276,-1.43222113196858,"Moderate"
"36007",105.0790897,0.93061415846226,41,7.65038979,1028.785124,-1464.11869123638,0.419298366006877,114.539099322365,54.2466093523486,7,42.15908557,"Northern Allegheny Plateau","Maple / beech / birch group",1.18436414080952,1.65459912680498,0.629381296637858,-0.628894392330271,-0.134690204177367,0.0808111198334781,-0.0595665961015076,-1.13670375105125,0.552595238650857,"Low"
"36009",22.65264126,0.870500233754091,52,6.883136931,1088.483568,-1556.77678113536,0.518119368088525,81.9099174440449,40.4686692360388,7,42.24772386,"North Central Appalachians","Maple / beech / birch group",0.831725683710348,0.520202985270254,-0.412094336829143,-0.832655255054437,0.765423542572047,-0.169068948396114,0.125127599711535,-1.31484309296675,1.28036124121132,"Low"
"36011",42.9647151,0.817796610169492,45,8.256057544,992.5971223,-1544.80743475912,0.418795643405276,79.1562316731936,51.9887336667982,7,42.91400144,"Eastern Great Lakes Lowlands","Maple / beech / birch group",0.522557307254584,0.424467501460029,0.458708286735986,-0.806333923085195,-0.139269266471522,-0.107491839433105,-0.171524520366041,-0.996080938309152,0.817237421400115,"Low"
"36013",46.45407971,0.867578125,46,8.229866522,1110.731707,-1393.56408353984,0.522844734715529,75.9193668548169,41.9002643690336,8,42.22758307,"Erie Drift Plain","Maple / beech / birch group",0.814584099168644,0.311933666737199,-0.303879942266702,-0.473740452193087,0.808464671176298,-0.0969136490181751,0.193958575288416,-1.00216192108875,0.88339796708743,"Low"
"36015",79.73073282,0.962781586679726,40,7.909544738,902.2985075,-1519.15673761967,0.320085095215952,121.735394742948,61.3115786815366,6,42.13892742,"Northern Allegheny Plateau","Maple / beech / birch group",1.37306371932688,1.90478773983538,1.16342291283206,-0.749926455757636,-1.03837694098155,0.00396625672751595,-0.45088908878792,-1.07653363718418,0.486434692963542,"Low"
"36017",20.53539805,0.906371911573472,36,7.016472813,1059.122449,-1518.77585902047,0.494432411177785,66.0430305089912,41.0705923964624,5,42.49410963,"Northern Allegheny Plateau","Maple / beech / birch group",1.04215501736632,-0.0314300708209279,-0.36659491532574,-0.74908888019299,0.549670260527788,-0.175487481376563,0.0342905879147778,-1.28388541585342,0.221792510214283,"Low"
"36019",29.88358692,0.735870384325546,46,5.802556154,924.3368984,-884.377827711143,0.402265476502228,45.2319817565873,37.8543143686364,7,44.74506245,"Northeastern Highlands","Maple / beech / birch group",0.0419641997870609,-0.754953372571379,-0.609713637584582,0.645991574314895,-0.28983473486459,-0.147147960302098,-0.382707028895556,-1.56573032817654,0.88339796708743,"Low"
"36021",36.51117481,0.842704149933066,51,8.362209529,1052.380952,-1403.37679677439,0.533858784340871,67.4979005121659,49.9431824519636,6,42.2480176,"Northeastern Highlands","Oak / hickory group",0.668669151307405,0.0191503857835506,0.30408490114461,-0.49531921467909,0.90878643746399,-0.127056082688854,0.0134338405095852,-0.971434767846432,1.214200695524,"Low"
"36023",36.86123102,0.92757151552039,29,7.05123694,1040.73494,-1298.79926475101,0.573869730275008,68.8893273949956,49.0245035461845,8,42.59501813,"Northern Allegheny Plateau","Maple / beech / birch group",1.16651548232093,0.067525159413976,0.234641886639382,-0.265346762517817,1.2732272111571,-0.125994869069992,-0.022596425551772,-1.27581394549863,-0.24133130959692,"Low"
"36025",11.95726264,0.930213795885438,34,6.615872001,1091.177215,-1345.27635747535,0.483080804186721,63.3552437161686,36.0795638418596,6,42.19772144,"Northern Allegheny Plateau","Maple / beech / birch group",1.18201554616933,-0.124874490555884,-0.743867176757883,-0.367552760080981,0.446273843924854,-0.201492545310548,0.133461166436812,-1.37689616737216,0.0894714188396538,"Low"
"36027",142.4374938,0.825157232704403,45,9.16164199,1150.207407,-1441.17184685046,0.450300245618172,59.8566076503519,41.2340810171846,10,41.76424667,"Northeastern Highlands","Oak / hickory group",0.565735964888423,-0.24650914472825,-0.354236796957251,-0.578432864211465,0.1476912473904,0.194065066135094,0.3160879337296,-0.785824025784112,0.817237421400115,"Low"
"36029",340.2400995,0.861363636363636,37,8.123316012,993.9108911,-1349.29061729773,0.562733560229622,53.0345829651689,36.0922884350701,11,42.76338052,"Eastern Great Lakes Lowlands","Maple / beech / birch group",0.778128856975983,-0.483685746617501,-0.742905323704186,-0.376380365371559,1.17179310774952,0.793713959709418,-0.167460001163493,-1.02690062034482,0.287953055901598,"Low"
"36031",8.023021344,0.815879664889566,51,5.363130033,1033.294118,-1010.23824877472,0.334030600380537,53.6013371059696,43.5229451865436,9,44.11602703,"Northeastern Highlands","Maple / beech / birch group",0.511312181784265,-0.463981798387333,-0.181221365000101,0.369216734614431,-0.911353933325374,-0.21341940255215,-0.0456167346820736,-1.66775546773411,1.214200695524,"Low"
"36033",11.94092552,0.785189644792294,42,4.877881039,1071.110345,-967.08069068934,0.343710427025143,66.314863541246,50.923514559261,6,44.58955498,"Northeastern Highlands","Maple / beech / birch group",0.33127932936307,-0.0219794402755012,0.378188286254188,0.464122870475129,-0.823184972826853,-0.201542072140073,0.0713785698261724,-1.78041967672641,0.618755784338171,"Low"
"36035",41.65411093,0.915175097276265,34,6.378472209,1164.130952,-1315.78444502936,0.385068585185644,78.2857052627244,55.2110722505522,6,43.11372784,"Northeastern Highlands","Maple / beech / birch group",1.09379599470827,0.3942025133637,0.702285126918915,-0.302698223041289,-0.446473080452541,-0.111465004183252,0.359164398949392,-1.43201520957798,0.0894714188396538,"Low"
"36037",45.08008875,0.833941605839416,32,8.082978067,900.1710526,-1238.14045076866,0.537159434747114,88.3356012470435,34.1640203988649,9,43.00110152,"Eastern Great Lakes Lowlands","Maple / beech / birch group",0.617266584523602,0.743600278528381,-0.888663264118204,-0.131954283972838,0.938850500176274,-0.101078974121095,-0.45747097845801,-1.03626620939702,-0.0428496725349756,"Low"
"36039",28.2404727,0.922986247544204,42,7.207366057,1100.579439,-1195.20490256743,0.400950817187263,56.7590751223778,53.4779471308312,11,42.27592303,"Northeastern Highlands","Maple / beech / birch group",1.13961752427946,-0.354198910322613,0.571278055709315,-0.0375363615598491,-0.301809344479603,-0.152129146573899,0.162549633140134,-1.23956417747238,0.618755784338171,"Low"
"36041",1.001351327,0.904418103448276,29,4.599347265,1229.190635,-1131.13546112229,0.371095640859512,53.9000159786451,48.3233363028063,8,43.66063855,"Northeastern Highlands","Maple / beech / birch group",1.03069364820632,-0.453597837122703,0.181640596693349,0.103356297433556,-0.573746018447281,-0.234705960642917,0.560445119625067,-1.84508913037468,-0.24133130959692,"Low"
"36043",16.88735466,0.896319336443753,38,5.617149295,1221.05,-1082.10926566657,0.432685631722347,55.7042856383776,44.3183228751784,8,43.41926021,"Northeastern Highlands","Maple / beech / birch group",0.983184910176895,-0.390870044929769,-0.121098699701545,0.211167929348613,-0.0127519355092789,-0.186546714771306,0.535259739002207,-1.6087777478915,0.354113601588913,"Low"
"36045",33.91856567,0.837475474166122,44,7.159120981,1046.03871,-987.026459643795,0.403355902132952,79.3193685635618,56.0926009025188,8,44.04156559,"Eastern Great Lakes Lowlands","Maple / beech / birch group",0.637996854263449,0.43013916860957,0.768919950664405,0.420260892591842,-0.279902563773958,-0.134915712225937,-0.00618769746285669,-1.25076562949499,0.751076875712801,"Low"
"36049",8.013795289,0.819255404323459,44,5.651028034,1203.182243,-1104.77483591005,0.449384450765399,62.9784493092384,49.1183082733458,7,43.78452541,"Eastern Great Lakes Lowlands","Maple / beech / birch group",0.531114840674296,-0.137974240435224,0.24173259372751,0.161324940441958,0.139349705422405,-0.213447371818041,0.479980726870872,-1.60091184527597,0.751076875712801,"Low"
"36051",38.63579262,0.858778625954199,39,7.961501475,873.4196429,-1356.26315920704,0.507612911022893,61.3313193246218,48.0175448378382,9,42.72573506,"Northern Allegheny Plateau","Maple / beech / birch group",0.762964748380602,-0.19523886650287,0.158525794553263,-0.391713415689889,0.669725196722505,-0.120615193224703,-0.540234108790297,-1.06447041861329,0.420274147276227,"Low"
"36053",41.85597775,0.839354838709677,42,7.145811734,1090.185185,-1209.93251897788,0.464558714250422,61.2824716784242,46.5712969514754,6,42.91606157,"Northern Allegheny Plateau","Maple / beech / birch group",0.649021524773376,-0.196937118747632,0.0492037971512717,-0.069923299699148,0.277564891182026,-0.11085303441251,0.130392038151452,-1.25385574571178,0.618755784338171,"Low"
"36055",436.7292619,0.901800327332242,33,8.900079607,844.8873874,-1537.04035811962,0.519281500115505,47.7605791818244,36.1759345790037,12,43.14473964,"Eastern Great Lakes Lowlands","Elm / ash / cottonwood group",1.01533733043018,-0.66704337919856,-0.736582504762827,-0.789253641820658,0.776008853295351,1.08622587718551,-0.628506794495552,-0.84655309343229,0.0233108731523391,"Low"
"36057",47.21415021,0.933691756272401,26,7.55328167,1047.901408,-1291.09954353958,0.398566578745826,130.002921924885,49.9081535987407,6,42.90287993,"Eastern Great Lakes Lowlands","Maple / beech / birch group",1.20241785047178,2.19221912472874,0.301437067230979,-0.248414599999822,-0.323526244242395,-0.0946094557404853,-0.000424908919280135,-1.15925013375747,-0.439812946658864,"Low"
"36059",1839.562201,0.328358208955224,8,11.6290708,1086.338983,-802.874322673233,0.437448891124227,-9.72710098530944,24.636270318935,10,40.73842218,"Northeastern Coastal Zone","Aspen / birch group",-2.34857119562009,-2.66567769404509,-1.60886668104726,0.825222815965505,0.0306343404507971,5.33898694079233,0.118492713182035,-0.212940993442437,-1.63070276903053,"Moderate"
"36063",155.3307209,0.692561983471074,37,8.718294316,891.7021277,-1168.34096885464,0.513051637104633,63.8202768733279,51.4560404558956,10,43.20029352,"Eastern Great Lakes Lowlands","Elm / ash / cottonwood group",-0.212090209917421,-0.108707005231413,0.418441962845405,0.0215390879281634,0.719263979044647,0.233151555100985,-0.483672017697936,-0.888759664224172,0.287953055901598,"Low"
"36065",72.95531759,0.892181766864239,45,7.104317237,1183.512077,-1353.72997140104,0.44562218047607,82.6909647988058,55.1720412494674,7,43.24332198,"Eastern Great Lakes Lowlands","Maple / beech / birch group",0.958913226706825,0.547357117080877,0.69933477031724,-0.386142779241894,0.105080965629482,-0.0165737671604309,0.419125447445515,-1.26348986085646,0.817237421400115,"Low"
"36067",228.9606326,0.882786885245902,38,8.043904603,1036.473282,-1245.64195350033,0.566110080473084,65.9931434900223,46.9830920359734,10,43.00660612,"Eastern Great Lakes Lowlands","Maple / beech / birch group",0.903801260975039,-0.0331644582181362,0.0803314216630425,-0.148450551810857,1.2025482329081,0.456364464398267,-0.0357810823770025,-1.04533821360225,0.354113601588913,"Low"
"36069",65.80594642,0.793168880455408,43,8.175636905,884.9821429,-1301.88975201987,0.50478602930538,60.5045806082741,38.349655143518,9,42.85251131,"Northern Allegheny Plateau","Oak / hickory group",0.378086876312152,-0.223981518199735,-0.572270787423609,-0.272142934906299,0.643976468812766,-0.0382474579425674,-0.504462210965149,-1.01475285271108,0.684916330025486,"Low"
"36071",181.6047591,0.864864864864865,45,9.523264881,1215.261194,-1470.73727024286,0.418272250894701,50.1927947125296,35.6754824725485,9,41.40301774,"Ridge and Valley","Oak / hickory group",0.798667655975032,-0.582484228322452,-0.774411720900393,-0.643449056362723,-0.144036601185705,0.31280266930448,0.517350413444447,-0.701863095474539,0.817237421400115,"Low"
"36073",40.08814822,0.839147286821705,30,8.740662871,846.5378788,-1460.08169966594,0.536944346664265,73.7841558837101,37.5283094948221,7,43.25178143,"Eastern Great Lakes Lowlands","Elm / ash / cottonwood group",0.647803990268721,0.237700267443926,-0.634356372971939,-0.62001679852168,0.936891364607355,-0.116212301637231,-0.623400527708777,-0.88356617472386,-0.175170763909605,"Low"
"36075",47.72489467,0.858467023172906,46,7.79335597,1131.936652,-1422.42558765006,0.506796505585163,50.9735827244457,36.4866103327055,9,43.4289053,"Eastern Great Lakes Lowlands","Unknown",0.761136833724283,-0.555339112904689,-0.713098498833203,-0.537208682365186,0.662288945905957,-0.0930611073289243,0.259562132125422,-1.10351012925808,0.88339796708743,"Low"
"36077",22.96908657,0.927413411938099,39,6.654709579,1066.532934,-1518.06627365904,0.46991802421966,53.6388635578012,41.8674916030937,7,42.63319544,"Northern Allegheny Plateau","Maple / beech / birch group",1.16558801994692,-0.462677142257063,-0.306357238355928,-0.747528458155594,0.32638030971438,-0.16810962796984,0.0572170408665437,-1.36787893073973,0.420274147276227,"Low"
"36079",165.5652193,0.914835164835165,22,9.548883319,1251.925,-1472.96690930268,0.287957387962851,108.89009160964,75.3912148146371,9,41.42678946,"Northeastern Highlands","Oak / hickory group",1.0918018934725,1.45820399263605,2.22770377317253,-0.64835217036915,-1.33101302380698,0.264177969642541,0.630780374275845,-0.695915054183209,-0.704455129408122,"Low"
"36083",94.09834087,0.926573426573427,50,7.68160299,1026.427273,-1484.67740724833,0.405712716355151,78.1266783145796,60.4655065893117,12,42.71402963,"Northeastern Highlands","Maple / beech / birch group",1.16066052362354,0.388673733725637,1.09946825337135,-0.674104278651726,-0.25843545824731,0.0475224082756857,-0.0668612819444414,-1.12945672832354,1.14804014983669,"Low"
"36085",3192.29054,0.454545454545455,3,11.81895777,1217.384615,-560.937991522249,0.384144302010252,19.7651341147792,4.35345212443854,12,40.58579641,"Northern Piedmont","Aspen / birch group",-1.60833545479037,-1.64034160601388,-3.14204658669973,1.35725575138852,-0.454891938534674,9.43985330156334,0.523919823092168,-0.168853389887312,-1.9615054974671,"Moderate"
"36087",723.9540306,0.90547263681592,18,10.5224755,1251.088235,-1610.38558512674,0.34806946451092,18.2945984718151,34.2360152052214,8,41.15342422,"Northern Piedmont","Oak / hickory group",1.0368797194291,-1.69146669905448,-0.883221170748404,-0.950544326184692,-0.783480563026372,1.95696271176147,0.628191602636177,-0.469868232222244,-0.969097312157381,"Moderate"
"36089",15.61287204,0.819726076129491,51,5.831899161,997.6310273,-959.696851835405,0.399166750626837,52.5041418340881,46.4446375840656,9,44.49714149,"Eastern Great Lakes Lowlands","Maple / beech / birch group",0.533875881153435,-0.502127225617904,0.0396296050881569,0.480360388178487,-0.31805956257422,-0.190410375162726,-0.155950696770668,-1.5589175233815,1.214200695524,"Low"
"36091",109.3069918,0.89563200618477,50,7.362725063,1057.29927,-1423.97246880754,0.465152039433522,53.3645224321025,46.572364642855,11,43.10918294,"Northeastern Coastal Zone","Maple / beech / birch group",0.979152914541574,-0.47221496994816,0.0492845040310035,-0.540610369573756,0.282969209518726,0.0936282250856238,0.0286500626905655,-1.2034932123859,1.14804014983669,"Low"
"36093",292.6909736,0.922699386503067,33,7.80534762,1027.771429,-1259.28983285488,0.405556013121494,65.2164337492999,50.724698879628,7,42.81709916,"Eastern Great Lakes Lowlands","Maple / beech / birch group",1.13793474885864,-0.0601677872091512,0.363159792579444,-0.178463081474163,-0.259862793852127,0.649566309907446,-0.0627027512553123,-1.10072593026238,0.0233108731523391,"Low"
"36095",19.36599268,0.924279433317049,40,6.839199043,1026.533981,-1150.73499175591,0.431846189070144,47.3174565652081,33.6056942210581,6,42.58914795,"Northern Allegheny Plateau","Maple / beech / birch group",1.14720357090498,-0.682449115952576,-0.930867186098109,0.0602557190032301,-0.0203980214114579,-0.179032594615991,-0.0665311502537926,-1.32504451008975,0.486434692963542,"Low"
"36097",20.98410936,0.862537764350453,45,7.704966692,887.4,-1572.75564782601,0.493980708687913,42.0127500672165,42.7845103904702,8,42.39197577,"Northern Allegheny Plateau","Maple / beech / birch group",0.785016490477175,-0.86687416852474,-0.237039712338121,-0.867793769843497,0.545555916289113,-0.174127189687667,-0.496981879104651,-1.12403218744348,0.817237421400115,"Low"
"36099",40.90662439,0.682666666666667,28,8.652723151,903.0806452,-1225.3436502699,0.461644372514939,99.8227481193695,51.6581493428482,7,42.78081556,"Eastern Great Lakes Lowlands","Elm / ash / cottonwood group",-0.270137813153339,1.14296594873746,0.433719390333938,-0.103813329280386,0.251019531353895,-0.113731048531285,-0.448469322310982,-0.90398385536887,-0.307491855284234,"Low"
"36101",26.61271783,0.90731586752348,48,7.260705279,886.1845494,-1491.93740041774,0.412770952420264,84.9975941643503,45.4310178843942,6,42.26773694,"Northern Allegheny Plateau","Maple / beech / birch group",1.04769242274114,0.627550100833343,-0.0369899918834002,-0.690069452045473,-0.194145325824229,-0.157063770176816,-0.500742222860302,-1.22717997610524,1.01571905846206,"Low"
"36103",627.7151017,0.82205163991626,36,11.04299808,1116.570213,-855.545021135068,0.407564524463911,56.7368901953791,50.9440797498189,12,40.88373461,"Atlantic Coastal Pine Barrens","White / red / jack pine group",0.547518031946835,-0.354970198296716,0.379742810710155,0.709396696836903,-0.241568214443612,1.66520939016373,0.212021661998341,-0.34901426763199,0.221792510214283,"Moderate"
"36105",30.04166553,0.941435768261965,43,7.588240635,1178.69375,-1380.83984783706,0.452209774646753,52.4146569092732,38.8090657943069,6,41.71558303,"Northern Allegheny Plateau","Maple / beech / birch group",1.24784553553833,-0.505238285950771,-0.537543898315891,-0.445759071968967,0.165084243739725,-0.146668736768875,0.404218575996247,-1.15113342627818,0.684916330025486,"Low"
"36107",36.04569775,0.936522539098436,35,7.810007924,970.4285714,-1399.93640822041,0.432422103311652,70.6608100367766,41.4202766572804,6,42.16859526,"Northern Allegheny Plateau","Unknown",1.21902370166186,0.129113068088062,-0.340162253115389,-0.48775358775294,-0.015152291103018,-0.128467200621429,-0.240109267412648,-1.09964390954659,0.155631964526969,"Low"
"36109",83.16570304,0.866551126516464,44,7.754436981,955.7560976,-1403.48159011469,0.473195581751656,58.771495559627,45.6455690741567,14,42.44967107,"Northern Allegheny Plateau","Maple / beech / birch group",0.808559552236541,-0.284234484377936,-0.0207720496959115,-0.495549661706981,0.356234030362489,0.0143795477182713,-0.285502757887524,-1.11254626774509,0.751076875712801,"Low"
"36111",61.25887332,0.881043745203377,60,8.135826253,1190.047872,-1349.50234906808,0.426408577786216,46.9466622015239,55.3197423647008,11,41.88978743,"Northern Allegheny Plateau","Maple / beech / birch group",0.893575706445237,-0.695340266488767,0.71049950983947,-0.376845976612194,-0.0699266495678432,-0.0520321466920775,0.439345796932746,-1.02399601585517,1.80964560670984,"Low"
"36113",28.57731369,0.885690619175813,37,6.152658171,1073.566879,-1264.50847003488,0.38097831204101,50.2586431314146,43.1043277504188,7,43.56165735,"Northeastern Highlands","Maple / beech / birch group",0.920835055688017,-0.580194922001875,-0.212864691635867,-0.189939186962637,-0.483729443046427,-0.151107995582236,0.078978559729048,-1.48444429296651,0.287953055901598,"Low"
"36115",28.47754507,0.918284789644013,48,7.482165484,978.3453237,-1287.66695093376,0.419597648604796,74.053703812651,46.3370174970928,6,43.31386766,"Northeastern Coastal Zone","Maple / beech / birch group",1.11203797647771,0.247071453386911,0.0314945938087065,-0.240866116845193,-0.131964180610765,-0.151410449346102,-0.215616531898477,-1.17576175756567,1.01571905846206,"Low"
"36117",57.61381981,0.706827309236948,36,8.865828174,943.1894273,-1630.4513438561,0.497009294084235,52.8243622088082,43.2873310871718,10,43.15590495,"Eastern Great Lakes Lowlands","Maple / beech / birch group",-0.128407394454678,-0.490994345888405,-0.199031454267838,-0.994670168994175,0.57314186756475,-0.0630823161099959,-0.324381343485269,-0.854505527447636,0.221792510214283,"Low"
"36119",868.3807503,0.855218855218855,34,10.50237656,1234.631579,-1829.8396966236,0.522390855670511,53.9820363218711,37.320967991009,13,41.16119821,"Northeastern Coastal Zone","Oak / hickory group",0.742082530727495,-0.450746292722053,-0.650029334401938,-1.43313747197172,0.804330501726725,2.39479982904407,0.577278234681531,-0.474534766732738,0.0894714188396538,"Low"
"36121",26.07249427,0.846428571428571,33,7.10207045,989.4329897,-1402.79301503544,0.536089645483578,39.408446337156,34.6948561577448,7,42.70147179,"Northern Allegheny Plateau","Maple / beech / birch group",0.690517238188071,-0.957416190503172,-0.848537345179716,-0.4940354425778,0.929106295989413,-0.15870148601423,-0.181313668739872,-1.26401151568369,0.0233108731523391,"Low"
"36123",28.52437734,0.866019417475728,38,8.108745761,862.0338983,-1160.40626802349,0.505196255577545,46.6295697604504,43.571194847074,7,42.63342914,"Northern Allegheny Plateau","Maple / beech / birch group",0.805440457007589,-0.70636439951806,-0.177574169168122,0.0389879851434633,0.647713025810523,-0.151268474882269,-0.575459163276301,-1.03028351412519,0.354113601588913,"Low"
"37001",151.4895418,0.804705882352941,43,14.64383334,1145.428571,-1172.93928320044,0.335524214796788,117.199622386875,66.3904744571135,2,36.04336446,"Piedmont","White / red / jack pine group",0.445764882172638,1.74709568740216,1.54733706476833,0.0114271106663979,-0.897749306372696,0.221506820749865,0.301303238973695,0.487020966434853,0.684916330025486,"High"
"37003",55.35092746,0.710485133020344,38,13.80177644,1243,-1334.46428813553,0.246358235468374,69.6550363189724,47.2618785669741,1,35.92207673,"Piedmont","White / red / jack pine group",-0.106949981025438,0.0941460306370799,0.101404918609971,-0.343776351794159,-1.70992001953312,-0.0699423920384866,0.603168336387028,0.291513761395681,0.354113601588913,"Moderate"
"37005",18.22530482,0.830784913353721,28,10.8639693,1240.210526,-1522.81377400225,0.455301468937251,29.6790722442296,36.5215691436802,2,36.49420474,"Blue Ridge","Oak / hickory group",0.598748892107142,-1.29567059331727,-0.71045595941891,-0.757968504640153,0.193245024069848,-0.182490649229286,0.594538301453934,-0.390580836826272,-0.307491855284234,"Moderate"
"37007",17.74819319,0.906679764243615,49,15.94676676,1189.775,-1444.79565031458,0.304754667367655,110.152745189152,60.9164293371253,1,34.97400187,"Piedmont","White / red / jack pine group",1.0439609332359,1.50210179412047,1.13355354119082,-0.586401831853652,-1.17801455403065,-0.183937037966322,0.43850158942543,0.789533624779354,1.08187960414937,"High"
"37009",24.46425616,0.784138655462185,42,10.32687375,1303.272727,-1816.7358346131,0.405579372760411,51.1602316281277,44.4975385552311,2,36.43224943,"Blue Ridge","Oak / hickory group",0.325114048064326,-0.54885001989132,-0.107551771616906,-1.40432127004926,-0.259650021954803,-0.163576943543481,0.789639240766447,-0.515282682769791,0.618755784338171,"Low"
"37011",27.33365843,0.783538561244329,40,10.25714529,1319.153846,-1492.91211246934,0.404924822602674,48.7290147212804,53.2904598211607,3,36.07568746,"Blue Ridge","Oak / hickory group",0.321593793811652,-0.633374452304198,0.55710587445742,-0.692212904050129,-0.265612009614363,-0.154878201227444,0.838772020547378,-0.531472106936122,0.486434692963542,"Low"
"37013",21.86596602,0.881759853345555,43,16.26350082,1295.950355,-1130.29987136939,0.468907891410708,84.89289015454,56.4437498340148,1,35.48476173,"Middle Atlantic Coastal Plain","White / red / jack pine group",0.897776518014266,0.623909929125239,0.795463327452503,0.105193810910468,0.317179487943426,-0.171453795327725,0.766985390559163,0.863072349788685,0.684916330025486,"High"
"37015",10.53699064,0.871484294805995,50,15.56400635,1205.901786,-1170.06765155736,0.47952569465255,81.3529501898083,55.2903855630481,1,36.06978326,"Middle Atlantic Coastal Plain","White / red / jack pine group",0.837498352400995,0.500839290939107,0.708280426773372,0.0177420060161502,0.413892033424053,-0.205798173794868,0.488394410272134,0.700665024618549,1.14804014983669,"High"
"37017",14.65326054,0.86051548624648,50,16.54663305,1240.093023,-1062.31034269142,0.367389713372892,97.3530567751408,55.8977409465193,1,34.61371877,"Southeastern Plains","White / red / jack pine group",0.773153464832576,1.05710390223803,0.754190470466441,0.254706983853452,-0.607501558311237,-0.193319487366783,0.594174772346029,0.928809464399121,1.14804014983669,"High"
"37019",62.36215565,0.866711022399645,43,17.17265718,1400.142857,-1027.92886415244,0.420942895658941,90.5427758737991,52.3713888699172,2,34.07051073,"Middle Atlantic Coastal Plain","White / red / jack pine group",0.809497528550934,0.82033558833854,0.487633225203097,0.330313978736174,-0.119710961753405,-0.0486874888897025,1.08933466932158,1.07415858266343,0.684916330025486,"High"
"37021",152.6631199,0.744257950530035,52,11.98881975,1319.734694,-1707.76962706733,0.407703759927776,49.4978510563216,46.855341240737,6,35.61110777,"Blue Ridge","Oak / hickory group",0.0911670828050489,-0.606644852549142,0.0706747284802026,-1.16469784934727,-0.240299984488239,0.225064583837452,0.840569039817254,-0.12941515126921,1.28036124121132,"Moderate"
"37023",68.75507347,0.777575536949399,50,13.70043808,1277.653846,-1460.97873389908,0.345500846498855,64.5389062767543,45.3459533990383,1,35.74986426,"Piedmont","Oak / pine group",0.286613684008186,-0.0837229150547001,-0.0434200233702339,-0.621989432205765,-0.806876889051256,-0.0293070258067808,0.710379911596577,0.267985209433393,1.14804014983669,"Moderate"
"37025",226.1734162,0.868834080717489,42,15.24601888,1163.754717,-1468.62293675133,0.425935370652824,125.624067026305,69.3369419248523,2,35.38616628,"Piedmont","Oak / hickory group",0.821951747987954,2.0399825127348,1.77006078446433,-0.638799506422826,-0.0742368694285374,0.447914872824397,0.358000408464787,0.626835285206429,0.618755784338171,"High"
"37027",67.1388131,0.75048231511254,51,13.32739352,1260.375,-1565.75568111106,0.322963206201701,62.1017940506948,47.5670990212701,2,35.95207068,"Piedmont","Oak / pine group",0.127680258969357,-0.168452305942859,0.124476558006104,-0.852400410683669,-1.01216158990868,-0.0342068032347307,0.656922863929683,0.181372417256679,1.214200695524,"Moderate"
"37029",17.11617624,0.756077795786062,30,15.52059056,1234.078947,-1075.35498071946,0.360358595811827,126.191197581173,58.1140175874523,1,36.33796071,"Middle Atlantic Coastal Plain","Oak / gum / cypress group",0.160504295679955,2.05969954749184,0.921719005143512,0.226021019126402,-0.671544681113178,-0.185853030242797,0.575568509670598,0.69058482723822,-0.175170763909605,"High"
"37031",52.71282891,0.791152263374486,29,17.19774571,1440.776119,-1099.56878076304,0.26886449311426,98.3695424667963,54.2162628005192,1,34.89324616,"Middle Atlantic Coastal Plain","White / red / jack pine group",0.366257059186943,1.0924433554563,0.627087398274006,0.172773377262757,-1.50492116839611,-0.0779399250894252,1.2150452765922,1.07998359090081,-0.24133130959692,"High"
"37033",20.53109477,0.877266387726639,45,14.32878039,1138.571429,-1334.23064294942,0.380512897031999,105.195834214733,58.5487560973885,1,36.39310638,"Piedmont","White / red / jack pine group",0.871417088138822,1.32976830735756,0.954580925082642,-0.343262551598784,-0.487968688133299,-0.175500526993842,0.280088710714537,0.413872558418903,0.817237421400115,"Moderate"
"37035",152.4760764,0.78578110383536,39,14.53818646,1207.610169,-1346.71885705668,0.394821675680597,72.0595120830997,42.2759139574273,2,35.66202657,"Piedmont","Unknown",0.334748928218854,0.177740772283119,-0.275484558796366,-0.370724905756459,-0.357636794209007,0.224497551732752,0.493679781266488,0.462492070311671,0.420274147276227,"High"
"37037",41.26385425,0.907083015993907,51,15.07761481,1171.726415,-1277.85263404514,0.245755843884908,124.464255178297,60.7660081451965,2,35.70401428,"Piedmont","White / red / jack pine group",1.04632647625668,1.9996601384199,1.12218319084611,-0.219283827824841,-1.71540691942061,-0.112648087619103,0.382663134203073,0.5877355414208,1.214200695524,"High"
"37039",24.08196436,0.765645371577575,50,12.83456563,1563.045455,-1762.82235500254,0.351109728828424,69.2002459607567,43.8428006590093,2,35.13489502,"Blue Ridge","Oak / hickory group",0.216629314661456,0.0783346496012017,-0.157043463369526,-1.28576219841411,-0.75578823398405,-0.164735881031091,1.59332040693085,0.0669485542858366,1.14804014983669,"Moderate"
"37041",31.29612664,0.896396396396396,21,15.73241755,1227.75,-1462.64796729951,0.407759926028781,114.608735922672,50.9396741442721,1,36.12899306,"Middle Atlantic Coastal Plain","White / red / jack pine group",0.98363695690211,1.65702013420236,0.379409790622324,-0.625660179553681,-0.23978839405148,-0.142865772627015,0.555988103579807,0.739766423834318,-0.770615675095437,"High"
"37043",20.02498173,0.72972972972973,41,12.17705756,1707.310345,-1808.14764770797,0.351430354406245,46.5461887076967,40.7320333280138,1,35.05717332,"Blue Ridge","Oak / hickory group",0.00594208057325395,-0.709263250763354,-0.392186623324319,-1.38543531659465,-0.752867807312828,-0.177034835014637,2.03964506897074,-0.0857104466158844,0.552595238650857,"Moderate"
"37045",81.30817612,0.834448160535117,44,14.81487379,1253.542857,-1266.63750252357,0.33642358208405,55.2513472636291,47.1451810343857,1,35.33544911,"Piedmont","White / red / jack pine group",0.620238120107004,-0.406617039340594,0.0925837424653117,-0.194621060905174,-0.889557395325565,0.00874835818757386,0.635785677220684,0.526732820025914,0.751076875712801,"High"
"37047",22.90755564,0.85413904148513,47,16.85224995,1278.42029,-1159.59522428776,0.423876625457577,73.8021074951617,51.5020537381043,1,34.26795109,"Middle Atlantic Coastal Plain","White / red / jack pine group",0.73574816059838,0.238324378671752,0.421920110654995,0.0407715204125321,-0.0929890052322714,-0.168296162186437,0.712751125127967,0.999767027874625,0.949558512774745,"High"
"37049",55.8957306,0.799621331650363,46,16.51776351,1351.440678,-1194.75798668569,0.353825755455312,104.280479582234,60.1892597564926,1,35.1216855,"Middle Atlantic Coastal Plain","White / red / jack pine group",0.415938047150569,1.29794480754947,1.07858673242012,-0.0365535659320979,-0.73104923263918,-0.0682907929659632,0.938660561555093,0.92210658829162,0.88339796708743,"High"
"37051",197.9524663,0.905770635500365,48,16.30481818,1194.343434,-1088.53998279241,0.392259492084119,79.6808581333123,58.0212999066019,2,35.04654249,"Southeastern Plains","White / red / jack pine group",1.0386278301507,0.442706825826942,0.914710467975974,0.197026385194996,-0.380974512187015,0.362361594477714,0.45263534547031,0.872665337594138,1.01571905846206,"High"
"37053",40.11251388,0.783549783549784,20,15.58162328,1222.209677,-1230.67726414607,0.36726285681866,136.653000492105,73.7482196860744,2,36.36105251,"Middle Atlantic Coastal Plain","White / red / jack pine group",0.321659625754916,2.42341779516091,2.10350963545252,-0.115542275625285,-0.608657034636352,-0.11613843587086,0.538847531188514,0.704755290663125,-0.836776220782752,"High"
"37057",116.4473369,0.876860119047619,51,14.72854314,1140.458824,-1296.54465711616,0.389336801300744,104.085419081372,60.2932675961295,1,35.79520293,"Piedmont","White / red / jack pine group",0.869033847303477,1.29116327436948,1.08644869362455,-0.260388741072712,-0.407595919541699,0.115274552866804,0.285927906484975,0.506688730261059,1.214200695524,"High"
"37059",62.29048176,0.848953594176524,41,14.42429168,1147.9,-1987.7300889382,0.337792547013471,126.99970168093,64.3162279611744,1,35.92515779,"Piedmont","Oak / hickory group",0.705329449007796,2.08780824891744,1.39054460050384,-1.7803481967876,-0.877088141565402,-0.0489047720174175,0.308949310815435,0.436048192105399,0.552595238650857,"Moderate"
"37061",27.94396409,0.829651162790698,41,16.418196,1306.912,-1149.08527206283,0.311404816836257,75.506418132731,50.2650436910002,1,34.93354081,"Southeastern Plains","White / red / jack pine group",0.592098119408127,0.297576964851971,0.32841441883625,0.063883554503417,-1.11744148931227,-0.153028027856542,0.800898371742777,0.898989188989019,0.552595238650857,"High"
"37063",428.0649599,0.9171875,42,15.00234052,1137.304348,-1644.2922403484,0.233330598662723,119.787059292616,64.5702367446989,3,36.03754252,"Piedmont","White / red / jack pine group",1.10560108970091,1.83705131219481,1.40974514546877,-1.02510715526512,-1.82858259863484,1.0599595947495,0.276168633562693,0.570258496758844,0.618755784338171,"High"
"37065",39.77543982,0.888597640891219,49,15.5326624,1162.311688,-1303.86235498774,0.344390142112264,80.3020917320333,52.6237292190942,2,35.91201285,"Southeastern Plains","White / red / jack pine group",0.937888137107192,0.46430482359498,0.506707653077646,-0.276480810670667,-0.816993769733354,-0.117160293426358,0.353535985896421,0.693387644598995,1.08187960414937,"High"
"37067",358.3156255,0.83248730964467,34,14.37180506,1134.101695,-2035.4582852459,0.35439297277182,32.0990469012956,39.5541428518806,3,36.13091811,"Piedmont","White / red / jack pine group",0.608735436893995,-1.21153701240724,-0.481223461881441,-1.88530544840511,-0.725882718505257,0.84851085749707,0.266260311323956,0.423861946285011,0.0894714188396538,"Moderate"
"37069",53.40638005,0.901118838826731,50,14.86108904,1147.178082,-1559.82789752912,0.283257788772064,116.459663445212,58.6234541454918,1,36.08153444,"Piedmont","White / red / jack pine group",1.01133960350949,1.72137004795932,0.960227356719766,-0.839364848456829,-1.37381944902765,-0.075837388713494,0.306715851188698,0.537462990822788,1.14804014983669,"High"
"37071",241.0687715,0.818318318318318,40,15.15568478,1187.218182,-1736.33576821615,0.312350647333647,57.6384948189203,51.4664617567007,2,35.29384661,"Piedmont","White / red / jack pine group",0.525617735558861,-0.323624735515911,0.419229709835588,-1.22751655812412,-1.10882636687006,0.493070917626902,0.430591342311613,0.605861681865931,0.486434692963542,"High"
"37073",13.05740063,0.838287153652393,34,15.26084729,1225.55102,-1315.0184152179,0.48659986395844,90.4955113316398,62.3143651203369,1,36.44670987,"Middle Atlantic Coastal Plain","White / red / jack pine group",0.64275830351314,0.818692374774165,1.23922362271796,-0.30101367617198,0.478327294197905,-0.198157419738526,0.549184930574009,0.630278117863313,0.0894714188396538,"High"
"37075",11.24189809,0.764184397163121,42,11.78215937,1639.543478,-1887.09917463986,0.405859201843525,76.2088250610315,53.2247327910255,2,35.35074555,"Blue Ridge","Oak / hickory group",0.208058991464701,0.321997059484523,0.552137562810824,-1.55905460076693,-0.257101191249332,-0.203661210174146,1.82998890099198,-0.177397173964034,0.618755784338171,"Moderate"
"37077",43.41763681,0.919948186528497,45,14.52194371,1117.7125,-1227.1132334473,0.325179902323844,113.311306896483,59.8302010018288,1,36.30408811,"Piedmont","White / red / jack pine group",1.12179574414528,1.61191331887636,1.05144545144426,-0.107704751985973,-0.991970753852812,-0.106118783697483,0.21555565325032,0.458720858823885,0.817237421400115,"High"
"37079",30.37900393,0.793051359516616,26,15.9444833,1237.85,-959.109294849556,0.388198880780305,97.1200597647706,60.1420092980735,1,35.48545547,"Southeastern Plains","White / red / jack pine group",0.377397478593842,1.04900345673686,1.07501506635841,0.481652462280886,-0.417960699108589,-0.14564607785291,0.587235339734097,0.789003455283185,-0.439812946658864,"High"
"37081",318.5762625,0.847690941385435,47,14.5196406,1132.729167,-1667.61049238526,0.386788869779495,102.652553144436,59.4945517314889,2,36.07966896,"Piedmont","Oak / hickory group",0.697922514021216,1.24134781787847,1.02607369532549,-1.07638543174837,-0.430803822110401,0.728038910376009,0.262014003745304,0.458186127027259,0.949558512774745,"High"
"37083",27.03586656,0.889518413597734,54,15.08058924,1137.0625,-1239.42314762023,0.46972904497755,104.592903454975,61.276009074672,1,36.25668164,"Southeastern Plains","White / red / jack pine group",0.943289545651731,1.3088066317007,1.16073420330591,-0.134775013575342,0.324658987221284,-0.155780972779562,0.275420407664729,0.588426139046548,1.41268233258595,"High"
"37085",87.176703,0.888888888888889,48,15.73888632,1186.534091,-1413.41471824792,0.292589428630068,93.1796320447605,53.2872935571618,2,35.36935158,"Southeastern Plains","White / red / jack pine group",0.93959664715757,0.912009338458157,0.556866536299746,-0.517393223992619,-1.28882195720942,0.0265391028446003,0.428474911318739,0.741268330822719,1.01571905846206,"High"
"37087",43.14808025,0.773390252579153,57,10.77004472,1549.109756,-1624.67297393443,0.443325495968714,59.0697437676796,42.6640083561141,3,35.5525965,"Blue Ridge","Oak / hickory group",0.262062097499573,-0.273865495731632,-0.24614847108621,-0.98196317663482,0.0841615532224966,-0.106935958437865,1.55020633983896,-0.412388071135828,1.61116396964789,"Moderate"
"37089",120.3994924,0.75,45,12.67017903,1477.37037,-1579.73977683155,0.37664286054454,50.2847949941133,44.4276365272526,3,35.33541146,"Blue Ridge","Oak / hickory group",0.124850916883519,-0.579285718324934,-0.112835671695943,-0.883152300902115,-0.523219019230989,0.127255717950155,1.32826004915521,0.0287815792133772,0.817237421400115,"Moderate"
"37091",25.96728676,0.845518380834366,43,15.29137177,1195.596154,-1329.82642319402,0.43787966082126,139.398684135577,60.574539716169,1,36.36085201,"Middle Atlantic Coastal Plain","White / red / jack pine group",0.68517790610545,2.51887507455716,1.10771007645259,-0.33357740032958,0.0345580177847115,-0.159020428056191,0.456510992764885,0.637365234862264,0.684916330025486,"High"
"37093",54.02320886,0.885491606714628,37,16.10244933,1196.214286,-1415.87138131307,0.340167122453108,96.7657289297591,58.4756198112183,1,35.01898642,"Southeastern Plains","White / red / jack pine group",0.91966761490626,1.03668468228635,0.949052547159271,-0.522795577808927,-0.85545925751356,-0.0739674400738778,0.458423360742956,0.825679714353604,0.287953055901598,"High"
"37095",3.208768036,0.823428079242033,21,16.5131347,1336.806202,-949.772469100937,0.344040457092794,115.463934616111,50.9793586536411,1,35.4200959,"Middle Atlantic Coastal Plain","White / red / jack pine group",0.55559245800515,1.68675223418883,0.382409545969278,0.502184718792087,-0.820178885107889,-0.228014062007279,0.893384628132687,0.92103187979418,-0.770615675095437,"High"
"37097",120.2202087,0.764785859959211,44,14.42731272,1174.910112,-1711.03459718474,0.374800405270905,55.8888773367402,43.2385828435912,2,35.80966556,"Piedmont","Oak / hickory group",0.211587274028939,-0.384452473347289,-0.202716338033837,-1.17187772029666,-0.540001072485211,0.126712210083005,0.392512810638985,0.436749611554264,0.751076875712801,"Moderate"
"37099",34.1480574,0.713049267643142,53,11.23854342,1762.712329,-1795.2634754878,0.40977500308926,64.2969120086016,44.9482647393612,2,35.28806245,"Blue Ridge","Oak / hickory group",-0.0919083333278756,-0.0921361619785634,-0.0734813420625366,-1.35710222609029,-0.221434010623978,-0.134219996102826,2.2110469380266,-0.303612914253335,1.34652178689863,"Moderate"
"37101",99.11111195,0.878908320084791,52,15.65762884,1199.655462,-1405.84999112836,0.32171291711551,79.4760284084033,52.1580330544421,3,35.51581968,"Southeastern Plains","White / red / jack pine group",0.881048941261884,0.435585652808419,0.471505641456906,-0.500757921820569,-1.0235498815692,0.0627188846882477,0.469069622042013,0.722402120233712,1.28036124121132,"High"
"37103",7.743048683,0.860514265586474,46,16.43562137,1344.285714,-1074.93052236386,0.367262289920179,80.8080472003567,52.4434723082541,1,35.02287901,"Middle Atlantic Coastal Plain","White / red / jack pine group",0.773146304234374,0.48189502653647,0.49308201827163,0.22695442926708,-0.608662198246365,-0.214268154244806,0.91652463583396,0.903034978989046,0.88339796708743,"High"
"37105",92.46489713,0.837647058823529,32,15.45625207,1177.268293,-1321.54304607999,0.315863210255379,69.1264614875724,52.8873900153602,2,35.47624437,"Piedmont","White / red / jack pine group",0.63900339890587,0.0757694359836007,0.526637794484378,-0.315361742432202,-1.07683209332929,0.0425705385672933,0.399808517431219,0.675646836282572,-0.0428496725349756,"High"
"37107",54.51660584,0.84375,39,16.27861385,1284.183333,-1009.75683074532,0.438457452757281,132.484949794082,63.4265627688346,2,35.2382137,"Southeastern Plains","White / red / jack pine group",0.674804284818503,2.27851006663769,1.32329473499827,0.370275402595915,0.039820851123962,-0.0724716814507652,0.730580745483248,0.866581264987851,0.420274147276227,"High"
"37109",110.3831846,0.829059829059829,36,14.71695632,1203.238095,-1555.337916474,0.295182803501918,78.2243518635066,52.6788036528541,2,35.48536896,"Piedmont","White / red / jack pine group",0.588629255654901,0.392069482275079,0.510870734082769,-0.829491102792485,-1.26520013266348,0.0968907595679623,0.480153520993019,0.503998523941876,0.221792510214283,"High"
"37111",39.84460625,0.756507936507936,51,13.17665658,1311.30303,-1380.73875752802,0.323180383547298,71.8045189909806,48.6537612539438,1,35.67731285,"Blue Ridge","Oak / hickory group",0.163027573959214,0.168875604259702,0.206617446091312,-0.445536768135534,-1.01018342423401,-0.11695061179413,0.814483277819072,0.146374594858267,1.214200695524,"Moderate"
"37113",26.33927046,0.733147048550472,49,11.64858228,1809.16,-1854.20827948262,0.402651789884575,61.0957153299694,43.1390326864709,3,35.14868992,"Blue Ridge","Oak / hickory group",0.0259886511841833,-0.203429947218916,-0.21024134264798,-1.48672549080669,-0.28631598906482,-0.157892740110205,2.35474608105173,-0.208410854302222,1.08187960414937,"Moderate"
"37115",18.55562995,0.713650511338373,53,11.80887012,1213.647059,-1747.77929975679,0.404222699334297,41.1677620854466,39.7591709295674,1,35.8540614,"Blue Ridge","Oak / hickory group",-0.0883813360463616,-0.896251279778635,-0.465725372523757,-1.25268159079288,-0.272007318227572,-0.181489251406323,0.512356625570199,-0.171195521703955,1.34652178689863,"Moderate"
"37117",19.15569864,0.785971223021583,46,15.77340004,1216.953846,-1304.63285539267,0.495375566430902,80.4788450950252,53.5980200049214,1,35.84348931,"Middle Atlantic Coastal Plain","White / red / jack pine group",0.335864199544425,0.470449885206669,0.580354374197393,-0.278175188651144,0.55826101543582,-0.179670111942747,0.522587116095045,0.74928166214594,0.88339796708743,"High"
"37119",807.5700237,0.825654923215899,46,15.6429521,1161.1625,-1518.41514662125,0.348625527064905,130.664412711648,66.5135890364264,3,35.24560393,"Piedmont","Oak / hickory group",0.568655501666945,2.2152167162394,1.55664330600588,-0.748295651347668,-0.778415652345939,2.21044894653625,0.349980644428928,0.718994502035361,0.88339796708743,"High"
"37121",26.1048069,0.77666999002991,36,10.81169263,1296.5625,-1724.24000946804,0.429144766191625,85.4130721923346,53.5584906811736,1,36.01055409,"Blue Ridge","Oak / hickory group",0.281301592507428,0.641994737342939,0.577366349344387,-1.20091723754126,-0.0450040041227978,-0.158603528594714,0.768879236041902,-0.402718336846111,0.221792510214283,"Moderate"
"37123",21.38364716,0.880842469705713,42,15.37561936,1184.459459,-1392.67639997037,0.282372326369888,90.5707188876014,52.8442524310517,2,35.33151917,"Piedmont","White / red / jack pine group",0.892394990308457,0.821307063723929,0.523377020917019,-0.471788381195957,-1.3818847070562,-0.17291597005351,0.422056444384358,0.656925683630259,0.618755784338171,"High"
"37125",54.9330014,0.872797986730725,57,15.58327832,1184.85,-1190.17253449219,0.339415781063735,125.87303104641,68.2392955225082,1,35.30883055,"Southeastern Plains","White / red / jack pine group",0.845204691584294,2.04863807219201,1.68708960208483,-0.026469873337672,-0.862302870701348,-0.0712093566398274,0.423264694568015,0.705139554772388,1.61116396964789,"High"
"37127",67.36023069,0.838533541341654,43,15.23732921,1139.395062,-1487.74423743218,0.3737707119842,65.9123239969298,50.8214610287243,2,35.96110025,"Southeastern Plains","White / red / jack pine group",0.644203655401426,-0.0359742534948559,0.370474051436355,-0.680848427649089,-0.549380061392174,-0.0335355642872379,0.282636854759632,0.624817733786314,0.684916330025486,"High"
"37129",464.8133682,0.948412698412698,23,17.35790485,1416.432432,-917.324605607819,0.239955562921964,96.6436717572495,48.2132144245426,1,34.25749774,"Middle Atlantic Coastal Plain","White / red / jack pine group",1.28877338870359,1.03244120520323,0.173316474803205,0.57353957475903,-1.76823893407111,1.17136430703693,1.13973112445802,1.11716904217243,-0.638294583720808,"High"
"37131",14.1521865,0.901647920481297,50,15.10190943,1149.740741,-1187.70510547549,0.302742759645685,132.504737682836,70.7893262854289,1,36.41743558,"Southeastern Plains","White / red / jack pine group",1.01444328604646,2.27919801844523,1.87984663845991,-0.0210438445289457,-1.19634006945338,-0.194838519396829,0.314644169105127,0.59337622111084,1.14804014983669,"High"
"37135",142.1362603,0.888669950738916,40,14.60620688,1153.689655,-1266.4805689963,0.351006066143063,67.1766354387349,49.7923404070927,2,36.06082588,"Piedmont","White / red / jack pine group",0.938312318912801,0.00798118573835616,0.292682738491181,-0.194275954385692,-0.756732448332749,0.193151861102515,0.326861262997303,0.478284924927304,0.486434692963542,"High"
"37137",14.54041418,0.896065766294774,38,16.63592676,1375.261538,-1055.25529430571,0.346356095051188,88.5378667534999,57.9257037992568,1,35.15260351,"Middle Atlantic Coastal Plain","White / red / jack pine group",0.981697424764215,0.750632303141973,0.907484350311523,0.270221471009406,-0.799086834684003,-0.193661586980074,1.01235719896285,0.949541511924268,0.354113601588913,"High"
"37139",67.68801733,0.922043010752688,18,15.6826784,1233.815789,-1116.77097840864,0.291271899789757,117.309396803964,64.2863551980934,1,36.26718263,"Middle Atlantic Coastal Plain","White / red / jack pine group",1.13408433761008,1.75091213844434,1.38828651587068,0.134944682144602,-1.30082270397297,-0.032541862028823,0.574754355198133,0.728218080488964,-0.969097312157381,"High"
"37141",27.4261083,0.817808219178082,54,16.78331098,1360.585938,-1119.59286338266,0.399651223400099,95.4008413775489,54.9851625102384,1,34.52267891,"Middle Atlantic Coastal Plain","White / red / jack pine group",0.52262540766389,0.989232583161399,0.685208590955374,0.128739182792721,-0.31364672933075,-0.154597934635098,0.966954036694934,0.983760906028251,1.41268233258595,"High"
"37143",21.10832433,0.753006475485661,23,15.71750584,1235.666667,-1038.70671641202,0.566499153881393,36.9263340292202,26.5887725378865,1,36.17845134,"Middle Atlantic Coastal Plain","White / red / jack pine group",0.142487410952354,-1.04371006803521,-1.46127687675416,0.306612815922221,1.20609211847834,-0.173750625541495,0.580480575194052,0.736304250738349,-0.638294583720808,"High"
"37145",38.93205702,0.873994638069705,43,14.38461105,1121.4,-1179.99121308854,0.309298013010835,179.535623617955,77.8022205055896,2,36.38985642,"Piedmont","White / red / jack pine group",0.852224450881531,3.91428821888962,2.40995189285371,-0.0040805187206979,-1.13663136843736,-0.119717052277384,0.226963988232394,0.426835217227462,0.684916330025486,"Moderate"
"37147",106.5096841,0.854618015963512,44,16.01549245,1236.9375,-1152.81246589536,0.435455087482247,105.368806295247,54.5373564243864,2,35.59530668,"Middle Atlantic Coastal Plain","White / red / jack pine group",0.738557905958818,1.33578190774325,0.651358891871474,0.0556872250551788,0.0124737265260111,0.0851480412106146,0.584412260230059,0.805490227671972,0.751076875712801,"High"
"37149",33.59614621,0.774561403508772,47,14.38561604,1353.666667,-1438.73383027946,0.341626024033072,109.544200873757,69.0578346515187,1,35.27835514,"Piedmont","White / red / jack pine group",0.268932267079351,1.48094495586717,1.74896304257791,-0.573071515187495,-0.842170813360817,-0.135893143598854,0.945547294620425,0.427068553936646,0.949558512774745,"Moderate"
"37151",70.80099239,0.847789591494124,49,14.91263004,1158.01626,-1418.35522344839,0.307472127906877,88.3656880636194,57.74375038448,2,35.71020244,"Piedmont","White / red / jack pine group",0.698501212256103,0.744646286018304,0.893730476632552,-0.528257700079257,-1.15326249185685,-0.023104716123452,0.340246851926149,0.549429684350178,1.08187960414937,"High"
"37153",36.4828768,0.901187038819378,47,15.9692823,1194.625,-1307.62064590056,0.368165855973664,89.8002826049028,55.1039656738215,1,35.00412619,"Southeastern Plains","White / red / jack pine group",1.01173967620975,0.79452183969806,0.694188931921156,-0.284745524519178,-0.600432042624526,-0.127141869578905,0.453506450351005,0.794761240983613,0.949558512774745,"High"
"37155",53.66088036,0.84026622296173,46,16.57170367,1206.621429,-1094.69104243126,0.443462328602635,66.3487316193056,45.6709655983119,2,34.64237356,"Southeastern Plains","White / red / jack pine group",0.654367859054971,-0.0208019722894732,-0.0188523243335482,0.183499825128343,0.0854078969369073,-0.0750658577785716,0.490620831536271,0.934630314326007,0.88339796708743,"High"
"37157",62.15064011,0.783557046979866,51,14.15854601,1151.862069,-1555.88478342867,0.351505893314551,91.6505696398344,56.3184739432438,1,36.39594665,"Piedmont","White / red / jack pine group",0.32170223426517,0.85884948606644,0.785993712502993,-0.830693697003098,-0.752179759141402,-0.0493287092572802,0.321207103459256,0.374347856661366,1.214200695524,"Moderate"
"37159",106.3937721,0.866017052375152,45,14.83970891,1143.987342,-1395.34532361617,0.405813357624777,100.33625618233,55.776986049846,1,35.63740624,"Piedmont","White / red / jack pine group",0.805426582927298,1.16081872749979,0.745062597834871,-0.47765750913941,-0.257518764544834,0.0847966479501163,0.296844385219694,0.532498992000768,0.817237421400115,"High"
"37161",45.57329441,0.837225514116417,47,14.47515076,1307.761905,-1394.84425730849,0.312568589484351,89.8642346099715,48.8079110638888,1,35.40124932,"Piedmont","White / red / jack pine group",0.636530546304148,0.796745214714445,0.218269642980399,-0.476555633380411,-1.10684123494757,-0.0995837954945192,0.803527795727303,0.447856558715379,0.949558512774745,"High"
"37163",25.83076776,0.878370625358577,46,16.25197938,1244.576642,-1234.12991199139,0.321655391137601,103.499923208212,60.4384863512709,2,34.99289885,"Southeastern Plains","White / red / jack pine group",0.877894732988794,1.27080774532575,1.09742579134202,-0.123134861490287,-1.0240738584812,-0.159434292509656,0.608046128951858,0.860397323276313,0.88339796708743,"High"
"37165",42.24808618,0.89041095890411,30,16.30284657,1193.04,-1130.06993632748,0.268241033000112,108.04884092963,61.7224109268981,1,34.83864545,"Southeastern Plains","White / red / jack pine group",0.948525367489342,1.42895681356103,1.19447775625383,0.10569945226959,-1.51059997156014,-0.109664337300161,0.448602799924812,0.87220757285101,-0.175170763909605,"High"
"37167",60.6401149,0.874321179208689,42,15.48661575,1187,-1271.21586745053,0.310866441348176,88.3452920352707,48.1763713464206,1,35.31644571,"Piedmont","White / red / jack pine group",0.854139996472503,0.743937191443157,0.170531503479331,-0.204689168162732,-1.12234529687875,-0.053907945044833,0.429916333947394,0.682696619036569,0.618755784338171,"High"
"37169",39.25768664,0.787054063994115,44,13.7667452,1190.6,-1554.39745410141,0.354711135476001,87.2771938086379,53.0538353601982,1,36.40186231,"Blue Ridge","Oak / pine group",0.342216327968767,0.706803361009075,0.539219411873438,-0.827422967947406,-0.722984724984612,-0.118729889137359,0.441053962675656,0.28338027324131,0.751076875712801,"Moderate"
"37171",52.12158353,0.755902192242833,47,13.35129559,1187.88,-1650.24089999967,0.301543216179681,62.7478546339321,48.2376519071687,1,36.41692849,"Piedmont","Oak / hickory group",0.159474175573073,-0.145991165618988,0.175163706137026,-1.03818862525783,-1.207266143272,-0.0797323162295381,0.432638865414303,0.186921955417759,0.949558512774745,"Moderate"
"37173",10.41914753,0.7682894386805,48,11.02816468,1632.926829,-1765.05530950033,0.362704736817151,60.4499098008959,49.4044525124885,2,35.48666928,"Blue Ridge","Aspen / birch group",0.232139859816653,-0.225882220251527,0.263362260441716,-1.29067260327341,-0.650174792868574,-0.206155421315833,1.80951840655108,-0.352458258857795,1.01571905846206,"Moderate"
"37175",34.73567265,0.73732921992067,34,12.08530358,1787.964286,-1903.72525022823,0.415071974521141,46.218885374397,38.5596564082881,2,35.2038087,"Blue Ridge","Oak / hickory group",0.0505219763076146,-0.72064237880252,-0.556396774442785,-1.595616367897,-0.173186404330372,-0.132438609890733,2.28917108295106,-0.107013715054181,0.0894714188396538,"Moderate"
"37177",3.930415757,0.613724643936124,20,16.10123798,1287.492537,-877.657124161317,0.359343371062308,60.6111559548504,42.7571689603554,1,35.87135914,"Middle Atlantic Coastal Plain","Oak / gum / cypress group",-0.674563387477737,-0.220276287023859,-0.239106453302904,0.660770816525898,-0.680791882961296,-0.225826349383794,0.74081871368827,0.825398465363395,-0.836776220782752,"High"
"37179",143.8674778,0.840932642487047,48,15.70536663,1204.833333,-1561.35157454867,0.441467496023278,64.94498973646,41.1035219551631,1,34.98965927,"Piedmont","Oak / hickory group",0.658277188787298,-0.0696048929863229,-0.364105767258751,-0.842715508332885,0.0672379109084385,0.198400137052863,0.485088845597801,0.733485791536265,1.01571905846206,"High"
"37181",68.24827738,0.926726726726727,38,14.59020615,1112.157895,-1328.37065941076,0.40057477083615,89.9948943471729,55.0315294723435,1,36.36591116,"Piedmont","White / red / jack pine group",1.16155980827007,0.801287771199249,0.688713473457598,-0.330376085854794,-0.305234572750129,-0.0308434045291986,0.198370895410834,0.474569905193024,0.354113601588913,"High"
"37183",505.0318757,0.842639593908629,43,15.33821222,1155.828125,-1613.90419251842,0.235417342053917,79.1421656989016,53.2477767216285,3,35.79027379,"Piedmont","White / red / jack pine group",0.668290454741436,0.42397847948506,0.553879455431907,-0.958281961166138,-1.80957544051272,1.29328880564623,0.333477231026894,0.648240563432433,0.684916330025486,"High"
"37185",17.75531874,0.894417124674573,48,14.5942282,1117.446154,-1274.23668758192,0.287571603916045,90.7485526008212,55.160212196359,1,36.39724796,"Piedmont","White / red / jack pine group",0.972026213974377,0.827489685122885,0.698440611213964,-0.211332138212921,-1.33452694813978,-0.183915436490657,0.214731635788859,0.475503737282077,1.01571905846206,"High"
"37187",13.13490284,0.857142857142857,27,16.04956798,1256.241379,-1195.07559786138,0.415562122469689,105.331458101098,60.7934536292245,1,35.83809636,"Middle Atlantic Coastal Plain","White / red / jack pine group",0.753369051666357,1.33448344897423,1.1242577972548,-0.0372520125247266,-0.168721878600663,-0.197922467755403,0.644134326151531,0.81340182085591,-0.373652400971549,"High"
"37189",68.79417502,0.751389992057188,37,10.4537803,1313.25,-1787.22386110414,0.47525274013566,59.641390307895,39.1289921853341,4,36.23108847,"Blue Ridge","Oak / hickory group",0.133004845558222,-0.253991456843366,-0.513360635945384,-1.33942261749303,0.374971712653475,-0.0291884874229634,0.820506785876034,-0.485817756003365,0.287953055901598,"Low"
"37191",86.28230002,0.864665127020785,42,16.05128244,1240.792683,-1280.38361608391,0.258631781347219,112.519886771906,58.2446489665001,1,35.36454024,"Southeastern Plains","White / red / jack pine group",0.797495959974436,1.58439856416994,0.931593441895013,-0.224849613654458,-1.5981260978546,0.0238276736626207,0.596339370489367,0.813799880990269,0.618755784338171,"High"
"37193",35.01039344,0.714591254752852,52,13.08996315,1250.911504,-1654.99818799029,0.362722159810594,70.1485581413597,50.0059808701024,3,36.20792407,"Piedmont","Oak / hickory group",-0.082862775948704,0.111303961631706,0.308831838768066,-1.04865019538357,-0.650016095065706,-0.131605779518341,0.627644834785406,0.126246275507688,1.28036124121132,"Moderate"
"37195",85.69105431,0.885159010600707,26,15.63996679,1186.254545,-1164.2317693708,0.0640302063277114,103.884689213778,51.4315849793097,1,35.70187219,"Southeastern Plains","White / red / jack pine group",0.917716549807455,1.28418463824742,0.416593371346674,0.03057547139825,-3.37065976098648,0.0220352815220956,0.427610055885275,0.718301378311447,-0.439812946658864,"High"
"37197",43.33045357,0.752636625119847,39,13.9300256,1184.461538,-1732.94269220897,0.316585989133652,60.2891533608815,50.8273250509478,1,36.16226484,"Piedmont","Oak / hickory group",0.140317806106365,-0.231471127934204,0.370917313361456,-1.22005497441065,-1.07024864253959,-0.106383084226889,0.422062876364949,0.321290412855009,0.420274147276227,"Moderate"
"37199",22.07235517,0.732558139534884,45,10.75314893,1334.595745,-1588.15873557691,0.443075567835663,57.761514915211,47.7500296232306,3,35.90247493,"Blue Ridge","Oak / hickory group",0.0225340112211981,-0.31934778112938,0.13830429734515,-0.901666111181001,0.081885076122287,-0.170828115878229,0.886545947747746,-0.416310904236333,0.817237421400115,"Moderate"
"38077",4.368839218,0.979166666666667,10,5.796080736,518.7148438,-1064.7048841562,0.381865248062752,-5.99393522619625,17.1273674857754,1,46.26399761,"Lake Agassiz Plain","Elm / ash / cottonwood group",1.4691813718357,-2.53588930864701,-2.17646526754058,0.249441239273304,-0.475650762514554,-0.22449724584456,-1.63761476448714,-1.56723377868522,-1.4983816776559,"Low"
"38099",3.206052857,0.901960784313726,7,3.64593926,467.0666667,-1239.24170614787,-0.0324296311380403,79.1109682898912,14.5143529762667,1,48.36938476,"Lake Agassiz Plain","Elm / ash / cottonwood group",1.01627859824219,0.422893860798044,-2.37398325053193,-0.134376012570871,-4.24926677653162,-0.228022293213726,-1.79740315921807,-2.06644962788918,-1.69686331471784,"Low"
"38101",13.22702622,0.975806451612903,5,4.233308476,437.4842932,-562.486143419213,-0.344785903622668,-10.1647914634841,6.55493861331799,3,48.22110318,"Northern Glaciated Plains","Oak / hickory group",1.44946978158714,-2.68089457540851,-2.97563604084022,1.35385126974534,-7.09437225840603,-0.197643190934485,-1.88892468503579,-1.93007533566949,-1.82918440609247,"Low"
"39001",18.30750607,0.789319248826291,49,11.57659221,1091.638298,-1565.5136739728,0.452185898894265,71.5303594026477,55.5315630619288,4,38.84531585,"Interior Plateau","Oak / hickory group",0.355504285594905,0.159344087952325,0.726511053870338,-0.85186822203904,0.164866770808104,-0.182241451861847,0.134887658455399,-0.225125374872358,1.08187960414937,"Moderate"
"39003",98.60852058,0.719546742209632,25,10.03922217,895.28,-1140.50765268111,0.448815013189976,62.7840723443784,53.2635602692043,5,40.77290689,"Eastern Corn Belt Plains","Oak / hickory group",-0.0537930477714696,-0.144732009592989,0.555072535099194,0.0827462693213496,0.134162968000633,0.0611952527933394,-0.472602847332788,-0.582069091658432,-0.505973492346178,"Low"
"39005",48.86489562,0.820754716981132,38,9.379266183,982.2777778,-2212.9304576239,0.536359233828844,49.0362246043149,39.7140769218451,6,40.84760861,"Erie Drift Plain","Oak / hickory group",0.539910062494827,-0.622693899317755,-0.469134032298853,-2.27557771705104,0.931561848659653,-0.0896051351190437,-0.203450361410496,-0.735296445376736,0.354113601588913,"Low"
"39007",53.57399073,0.807594936708861,44,9.114903513,1018.434211,-1541.75482259933,0.438755475740915,68.0184635548371,51.0522061788364,7,41.70836478,"Erie Drift Plain","Unknown",0.462712564019949,0.0372484401336093,0.387916096426662,-0.799621040400917,0.0425354014600799,-0.0753292682139811,-0.0915901033216584,-0.796675678452782,0.751076875712801,"Low"
"39009",50.55457165,0.726530612244898,52,11.27397889,1032.772152,-1773.29685094581,0.450293600051054,67.7751997396083,46.7689509678482,5,39.33473387,"Western Allegheny Plateau","Oak / hickory group",-0.0128244840689122,0.0287910557468458,0.0641444806040529,-1.30879626195167,0.147630716064145,-0.0844827942969755,-0.047231585658956,-0.295385572729325,1.28036124121132,"Moderate"
"39011",43.96828606,0.714788732394366,28,10.0719613,896.375,-1484.26763737981,0.423915574518709,29.9615945871912,53.1308519234745,4,40.55999805,"Eastern Corn Belt Plains","Oak / hickory group",-0.0817043386789174,-1.28584833491839,0.545041100264339,-0.673203169401373,-0.0926342366647666,-0.104449461838241,-0.469215151927942,-0.574467781341144,-0.307491855284234,"Low"
"39013",48.9217263,0.629680998613038,45,10.43175494,976.0941176,-1199.14059636541,0.465644331889879,44.1971448471437,44.1101919167987,4,40.01629621,"Western Allegheny Plateau","Unknown",-0.580960710202708,-0.79093082985389,-0.136831336067557,-0.046191195310133,0.287453268555305,-0.0894328499549404,-0.222581281268643,-0.490931563126828,0.817237421400115,"Low"
"39015",34.31469025,0.672268907563025,44,11.48360737,1107.630137,-1290.73838394806,0.475294097790154,76.7686977118614,51.8212982558964,3,38.93304546,"Eastern Corn Belt Plains","Unknown",-0.331132827958934,0.34146176372445,0.446051830171239,-0.24762038775101,0.37534841995819,-0.133714839945848,0.18436298219544,-0.246714422096381,0.751076875712801,"Moderate"
"39017",316.2558428,0.652802893309222,34,11.32001607,1045,-1069.07795158515,0.53098114111702,59.873992675267,38.0141073980231,5,39.44032469,"Eastern Corn Belt Plains","Oak / hickory group",-0.44532376234986,-0.245904731621672,-0.597634869270941,0.23982459389409,0.882575347012909,0.721004437292052,-0.00940124366739382,-0.284696745893888,0.0894714188396538,"Moderate"
"39019",26.60852392,0.640605296343001,38,9.863437215,985.6721311,-1360.02454690288,0.473878104323207,43.333817834198,37.5926556090099,5,40.57895311,"Western Allegheny Plateau","Oak / hickory group",-0.516876930694253,-0.820945521488528,-0.629492444876073,-0.399984939555534,0.362450805503184,-0.157076484233248,-0.192948959513842,-0.62288251559687,0.354113601588913,"Low"
"39021",34.97595683,0.542553191489362,28,10.15622216,970.173913,-1051.5043709179,0.446694030222306,6.3797987603042,30.452660753682,4,40.13954528,"Eastern Corn Belt Plains","Oak / hickory group",-1.09206717386623,-2.10570027899225,-1.16920524679928,0.278469983215363,0.114843937778254,-0.131710175893767,-0.240897125943685,-0.554904251569228,-0.307491855284234,"Low"
"39023",130.7598203,0.564986737400531,26,10.53063757,991.9047619,-1308.8950542605,0.527577518110935,53.1806826575949,28.2566081564425,4,39.91644801,"Eastern Corn Belt Plains","Oak / hickory group",-0.960468196494802,-0.478606399915352,-1.3352050443401,-0.287548027216647,0.851573355614376,0.158663591169604,-0.173666535110861,-0.467973177988933,-0.439812946658864,"Moderate"
"39025",175.421501,0.594184576485461,39,11.56928872,1101.816901,-1540.70775866895,0.482819842992183,43.6082865239035,47.3075749002554,4,39.0490647,"Eastern Corn Belt Plains","Unknown",-0.789188730455539,-0.811403258868058,0.104859108223913,-0.797318482146001,0.443896871888306,0.294057800574222,0.166378075451614,-0.226821085598,0.420274147276227,"Moderate"
"39027",39.67468661,0.75,31,10.93279684,1043.890625,-1774.33177809292,0.417152048344601,139.418268809285,57.8480178950367,4,39.41495505,"Eastern Corn Belt Plains","Maple / beech / birch group",0.124850916883519,2.5195559613281,0.901612066383296,-1.31107213067054,-0.154239996144761,-0.11746573202605,-0.0128334122425093,-0.374600586590069,-0.10901021822229,"Moderate"
"39029",74.41176617,0.650887573964497,40,9.678993066,983.4166667,-1525.4858177071,0.455898692132143,51.9545390667542,32.2958822561079,4,40.76934203,"Erie Drift Plain","Maple / beech / birch group",-0.456559349809088,-0.521234883939385,-1.02987598091094,-0.763844493786168,0.198684847551458,-0.0121584674910752,-0.199926883151902,-0.66570641509442,0.486434692963542,"Low"
"39031",25.02735048,0.625644804716286,45,10.19102055,1011.078652,-1820.75968861872,0.450603672266771,59.4641444507872,39.6472265899058,5,40.30109993,"Western Allegheny Plateau","Unknown",-0.604637706759053,-0.260153640656491,-0.47418725442177,-1.41316997354137,0.150455017153718,-0.161869893806846,-0.114346626996888,-0.546824826094818,0.817237421400115,"Low"
"39033",39.97906432,0.632352941176471,20,9.526392882,962.5428571,-1333.26004276387,0.451102690025051,36.739126080841,31.4122717772225,4,40.85063427,"Eastern Corn Belt Plains","Maple / beech / birch group",-0.565286642878027,-1.05021859696793,-1.09666817012549,-0.341128141841541,0.15500033378316,-0.11654299515722,-0.264505978004467,-0.701136842019612,-0.836776220782752,"Low"
"39035",1048.392557,0.774468085106383,35,10.04001958,936.6887755,-1922.42304525337,0.474425953110359,43.9632094151058,45.6126375262244,9,41.42473052,"Eastern Great Lakes Lowlands","Oak / hickory group",0.268384845536054,-0.799063900810486,-0.0232613481290815,-1.63673397402849,0.367440900868217,2.94051498954951,-0.344492967440855,-0.581883950487604,0.155631964526969,"Low"
"39037",33.17264555,0.621621621621622,26,10.15828078,953.3478261,-1070.25978293395,0.42845290209537,53.088939727794,44.9804618904911,4,40.13398868,"Eastern Corn Belt Plains","Elm / ash / cottonwood group",-0.628238379748168,-0.481795962741884,-0.0710475567444287,0.237225673762146,-0.0513058667916963,-0.137177007890218,-0.292953433955262,-0.554426285006116,-0.439812946658864,"Low"
"39039",35.68151269,0.673130193905817,25,9.476241009,871.5846154,-1674.10759457675,0.438977720940547,41.4349772224025,22.9115886497,4,41.32413723,"Huron/Erie Lake Plains","Oak / hickory group",-0.326080376492536,-0.886961196397051,-1.73923551113596,-1.09067296076163,0.0445597278190915,-0.129571246584385,-0.545911290735061,-0.71278101062355,-0.505973492346178,"Low"
"39041",179.0067738,0.72,24,10.23284447,960.8,-816.222713873832,0.546634427411547,61.6349968851361,50.8035548007577,5,40.27936179,"Eastern Corn Belt Plains","Maple / beech / birch group",-0.0511341608556761,-0.184681119324202,0.369120518182683,0.795868879250652,1.025153724875,0.304926741658561,-0.269898004478416,-0.537114226130633,-0.572134038033493,"Low"
"39043",114.3442067,0.656716417910448,20,10.02073532,894.9705882,-1381.59295255701,0.440166077915899,-2.37405093389414,22.6513153652409,4,41.36830746,"Huron/Erie Lake Plains","Oak / hickory group",-0.422366364643827,-2.41003930145703,-1.7589095902449,-0.447415195763726,0.0553839091877052,0.108898804210665,-0.473560101152939,-0.586361334110787,-0.836776220782752,"Low"
"39045",119.577436,0.742718446601942,39,10.7569022,994.72,-2139.887638115,0.471044998488033,57.4217814038982,50.5652121406352,5,39.75094319,"Eastern Corn Belt Plains","Unknown",0.0821360921895409,-0.331159060548535,0.351104176782023,-2.11495204545382,0.336645385050869,0.124763611190635,-0.164956791572123,-0.415439476987821,0.420274147276227,"Moderate"
"39047",27.18272552,0.694444444444444,16,10.8896086,1003.272727,-790.729174340195,0.436088773441386,-8.38251818350199,14.3353766044666,4,39.56023917,"Eastern Corn Belt Plains","Oak / hickory group",-0.201047375226104,-2.61893151609824,-2.38751208928595,0.851930747296172,0.0182456720732933,-0.155335762199227,-0.138496486588738,-0.38462795183458,-1.10141840353201,"Moderate"
"39049",946.1624491,0.609154929577465,31,11.08206513,966.045977,-1091.40694365329,0.488275036851713,95.9282873072614,48.9181729892011,8,39.97099798,"Eastern Corn Belt Plains","Elm / ash / cottonwood group",-0.701370105366221,1.00756993007268,0.226604351038535,0.190721761183793,0.493585651405932,2.63059909700969,-0.253668075549804,-0.339943752617357,-0.10901021822229,"Moderate"
"39051",40.17319299,0.578488372093023,22,9.263521471,874.8387097,-1573.31142036861,0.526108968464609,41.4134358950632,36.8108100363041,5,41.60161236,"Huron/Erie Lake Plains","Oak / hickory group",-0.881265322129322,-0.887710108788063,-0.688592216411823,-0.869015947992022,0.83819703179052,-0.115954483990925,-0.535843820135018,-0.762169837354385,-0.704455129408122,"Low"
"39053",24.82401248,0.66816431322208,54,11.82480595,1065.246575,-1176.15035892432,0.475753015089202,51.7960981994438,46.3456805883047,4,38.826955,"Western Allegheny Plateau","Oak / hickory group",-0.355211073098236,-0.526743287711462,0.0321494375902538,0.00436575681716843,0.379528480479666,-0.162486323536324,0.0532373217128602,-0.167495570330978,1.41268233258595,"Moderate"
"39055",90.3350232,0.852376980817348,36,8.83588207,1069.615385,-1780.08772011003,0.469603067912033,77.3670324235204,52.0623500606514,7,41.49983875,"Erie Drift Plain","Maple / beech / birch group",0.725411614478354,0.362263651763918,0.464272956038842,-1.32372980268251,0.323511521742707,0.0361137149018136,0.0667534838696161,-0.861458358182533,0.221792510214283,"Low"
"39057",156.7222322,0.478260869565217,21,10.8285521,1007.71875,-1335.04618837824,0.461300114016258,60.0085844053992,36.8377149589457,5,39.69150993,"Eastern Corn Belt Plains","Oak / hickory group",-1.46921681626136,-0.241225474265057,-0.686558471083058,-0.345055986369006,0.247883843589445,0.237369994026439,-0.124741443952262,-0.39880393645566,-0.770615675095437,"Moderate"
"39059",28.82973534,0.634146341463415,50,10.55868545,961.3125,-1236.47803215181,0.4567831592787,58.8543855699891,40.3449145386199,4,40.04850837,"Western Allegheny Plateau","Oak / hickory group",-0.554766253247516,-0.281352704862986,-0.421448964647295,-0.128298522754931,0.20674104026752,-0.150342766213285,-0.268312439277517,-0.461461073372161,1.14804014983669,"Moderate"
"39061",776.9430947,0.595015576323987,36,11.95548654,1073.225806,-1281.54796530183,0.519804216400789,37.4790385716294,42.0294408046652,7,39.19690998,"Eastern Corn Belt Plains","Oak / hickory group",-0.784313944749396,-1.02449457245043,-0.294115484808422,-0.227410089500812,0.780770028593342,2.11760181733168,0.0779233529392604,-0.137154393976067,0.221792510214283,"Moderate"
"39063",55.05677253,0.794223826714801,24,9.787656575,898.9634146,-1782.17698626558,0.549000663277822,55.269613559001,33.0363378117173,4,41.00254562,"Eastern Corn Belt Plains","Unknown",0.384275369627817,-0.405981987715111,-0.973904884192382,-1.3283242280023,1.0467066476993,-0.0708341380177152,-0.461207151703049,-0.640477123660149,-0.572134038033493,"Low"
"39065",25.77351932,0.72992700729927,20,9.85209399,900.3333333,-1182.5899511105,0.355704012343502,56.5150638254343,64.6155561449094,5,40.66016457,"Eastern Corn Belt Plains","Maple / beech / birch group",0.00709934418697663,-0.362682281887854,1.4131708426807,-0.0097953041423049,-0.713941079418979,-0.159607844134941,-0.456968916739576,-0.625516164481976,-0.836776220782752,"Low"
"39067",14.52161804,0.554169914263445,39,10.19709262,981.2380952,-1379.36536408201,0.468695808589475,31.8644048551364,30.3559556594908,4,40.29396873,"Western Allegheny Plateau","Oak / hickory group",-1.02392151185051,-1.21969464972704,-1.1765151928712,-0.442516591119973,0.315247725880505,-0.193718568456706,-0.206666916631061,-0.54541502417466,0.420274147276227,"Low"
"39069",25.12201326,0.581151832460733,33,9.577204732,877.2428571,-1236.84220163249,0.431452574468174,51.779212323686,30.1238840188776,5,41.33401236,"Huron/Erie Lake Plains","Oak / hickory group",-0.865641012800431,-0.527330347245394,-1.19405750738824,-0.129099353935911,-0.0239832705659016,-0.161582918662667,-0.528405903149125,-0.689339441183196,0.0233108731523391,"Low"
"39071",30.07371873,0.552112676056338,39,11.12002999,1070.58427,-1508.29198005815,0.495079320677703,58.0666870219634,36.3527683258422,4,39.18402533,"Eastern Corn Belt Plains","Unknown",-1.03598961937737,-0.308738074097958,-0.723215627206947,-0.726034182817003,0.555562653050765,-0.146571565824905,0.0697510064836112,-0.331129142027142,0.420274147276227,"Moderate"
"39073",25.9381142,0.733731343283582,48,10.89082618,1018.2,-2181.60129378401,0.441941727094286,68.7775732625768,49.7991764442802,6,39.49672299,"Western Allegheny Plateau","Oak / hickory group",0.0294162229851492,0.0636398809816445,0.293199475107841,-2.20668295071814,0.0715574573323584,-0.159108866190082,-0.0923147019777902,-0.384345256374557,1.01571905846206,"Moderate"
"39075",40.15679393,0.654574132492114,38,9.736078016,993.2096774,-1789.92803871042,0.498088788172841,55.6541819624726,34.6985651724152,7,40.56347053,"Erie Drift Plain","Oak / hickory group",-0.434933373506662,-0.392611964688447,-0.848256980453873,-1.34536927107304,0.582974468410936,-0.116004198594784,-0.169629406121763,-0.652452537566309,0.354113601588913,"Low"
"39077",45.70619923,0.811688311688312,31,9.569460404,941.425,-1557.32422134108,0.554070932381771,29.393777057171,31.8415599550227,5,41.14689628,"Eastern Corn Belt Plains","Oak / hickory group",0.486724994485761,-1.3055892532642,-1.06421824124351,-0.833859109879516,1.09288932976128,-0.0991808876158203,-0.329840103536772,-0.691137504855837,-0.10901021822229,"Low"
"39079",29.79977219,0.780350877192982,48,11.45859748,1047.892308,-1521.65823258881,0.489780239847335,54.3425203389418,42.1142129669349,4,39.01907611,"Western Allegheny Plateau","Oak / hickory group",0.302894299625509,-0.438213594857457,-0.287707550047863,-0.755427397699866,0.507295833244489,-0.147402049018128,-0.000453062369676543,-0.252521171844809,1.01571905846206,"Moderate"
"39081",62.38475452,0.615384615384615,44,10.20602379,992.0634921,-1385.28292520335,0.527933986039825,55.2406987936359,48.9252652309355,5,40.38595591,"Western Allegheny Plateau","Unknown",-0.664825713997486,-0.406987247313279,0.227140454178096,-0.455529673524562,0.854820253301206,-0.048618979239167,-0.173175457878761,-0.543341401733671,0.751076875712801,"Low"
"39083",45.38893977,0.701688555347092,39,9.723227084,1016.9375,-1385.49029797255,0.518286151919162,52.3434652569793,29.7363000456555,5,40.39594503,"Erie Drift Plain","Maple / beech / birch group",-0.158552194547642,-0.507713356762318,-1.22335501199529,-0.455985699052433,0.766942697564706,-0.100142676180191,-0.0962206064970768,-0.655436243058739,0.420274147276227,"Low"
"39085",386.9183006,0.820253164556962,41,9.655289621,966.6646341,-1367.06038180929,0.520677302453364,75.4019370963435,52.4098733195508,8,41.69717777,"Eastern Great Lakes Lowlands","Unknown",0.536967871082899,0.29394454510625,0.490542267935351,-0.415457175083785,0.788722556309754,0.935221355653975,-0.251754083024831,-0.67120983687239,0.552595238650857,"Low"
"39087",51.01073756,0.728481714074621,52,11.9845333,1092.085714,-1618.26771082192,0.39557285452972,68.1336149008701,49.7624873508335,4,38.59735497,"Western Allegheny Plateau","Oak / hickory group",-0.00137899049621579,0.0412518271360631,0.290426143498314,-0.967877607428685,-0.350794661523443,-0.0830999036002135,0.136271867704034,-0.130410371258548,1.28036124121132,"Moderate"
"39089",99.24248848,0.666666666666667,42,10.234156,1023.715596,-1524.23448362783,0.566562578291163,47.7556555689052,37.923026766326,6,40.08899101,"Erie Drift Plain","Oak / hickory group",-0.36399652128091,-0.667214555034926,-0.604519661757521,-0.761092732857077,1.20666982141507,0.0631171594762737,-0.0752506296269325,-0.536809717534331,0.618755784338171,"Low"
"39091",38.15923325,0.730878186968839,33,9.945368078,924.3333333,-1453.50103348633,0.396127235280088,54.037435764061,37.7799009607535,5,40.38972267,"Eastern Corn Belt Plains","Maple / beech / birch group",0.0126791251234116,-0.448820258728993,-0.615338553243893,-0.605545507137204,-0.345745069596342,-0.122059907756808,-0.382718058551161,-0.603859960195237,0.0233108731523391,"Low"
"39093",243.3200303,0.710900473933649,37,9.945611493,912.7862069,-1555.49183171593,0.528781073209583,47.3178368487662,43.9491988000197,6,41.29507265,"Erie Drift Plain","Oak / hickory group",-0.10451352092823,-0.682435894897797,-0.149000819086485,-0.82982957191608,0.862535969496477,0.499895725843114,-0.418442393751582,-0.603803444553225,0.287953055901598,"Low"
"39095",489.152433,0.693877551020408,30,9.865596792,857.1612903,-1967.18142550349,0.577291601676672,56.9378313067938,33.2553544428526,7,41.62231563,"Huron/Erie Lake Plains","Oak / hickory group",-0.204372868002731,-0.347984218007214,-0.957349398922024,-1.73516041670439,1.30439541855599,1.245149448675,-0.59053396851029,-0.622381109025251,-0.175170763909605,"Low"
"39097",36.67615496,0.830357142857143,12,10.56071928,968.4868421,-1057.77905230077,0.59514074975974,27.1719428676513,31.0343951859067,4,39.89235092,"Eastern Corn Belt Plains","Oak / hickory group",0.596239517970649,-1.38283422192815,-1.12523189293098,0.264671571298101,1.46697486238778,-0.126555936777939,-0.246116561866589,-0.460988862505146,-1.36606058628127,"Moderate"
"39099",214.3583285,0.775561097256858,24,9.589552134,985,-1665.15904167236,0.502966197843587,4.79322645077989,30.703705247549,5,41.01639813,"Erie Drift Plain","Oak / hickory group",0.274796639811761,-2.1608595383602,-1.15022877273484,-1.0709945402166,0.627400485155228,0.412096819560054,-0.195028389138431,-0.686472644349734,-0.572134038033493,"Low"
"39101",62.32137423,0.765432098765432,24,9.901867226,937.390625,-1576.45667480151,0.517628374412163,15.0746442075753,25.6917084533721,4,40.58594325,"Eastern Corn Belt Plains","Oak / hickory group",0.215378220247301,-1.80341261626728,-1.52908602513144,-0.875932556756928,0.760951313507872,-0.0488111198868517,-0.3423215954536,-0.613959907112533,-0.572134038033493,"Low"
"39103",164.0900818,0.848049281314168,31,9.44290192,959.3382353,-2120.78897998172,0.399370908992344,39.2717062527241,41.2609385633249,7,41.11789898,"Erie Drift Plain","Unknown",0.700024596695054,-0.962170138204072,-0.352206632822141,-2.07295291658819,-0.316199980628725,0.259706013539563,-0.274420391288605,-0.720521618305694,-0.10901021822229,"Low"
"39105",20.62376016,0.707818930041152,53,11.61337681,1056.173913,-1385.43456235811,0.478942730529938,52.2890812423899,48.9540218178512,4,39.09274599,"Western Allegheny Plateau","Oak / hickory group",-0.12259037897749,-0.509604088088082,0.229314166962558,-0.455863132993764,0.408582089084577,-0.1752196070414,0.0251684492314683,-0.216584794853972,1.34652178689863,"Moderate"
"39107",34.25974489,0.41025641025641,14,10.10505864,908.7887324,-835.175827011785,0.482400299907923,54.553022975108,54.6480402191784,4,40.54043016,"Eastern Corn Belt Plains","Unknown",-1.86814248486377,-0.430895195666808,0.659725489078488,0.754189812819341,0.440075452457808,-0.133881409664252,-0.430809723427053,-0.566783302492231,-1.23373949490664,"Low"
"39109",100.7461951,0.65625,32,10.50033584,960.4153846,-1472.22268436646,0.475498216312884,62.4582110031743,43.4578283362006,4,40.05437257,"Eastern Corn Belt Plains","Oak / hickory group",-0.425102451051465,-0.156061004892833,-0.186143553105715,-0.646715573767274,0.377207638994682,0.0676757243533762,-0.271087922125186,-0.47500857730714,-0.0428496725349756,"Low"
"39111",11.71464216,0.669559412550067,50,10.6955617,1006.643836,-1644.62909009132,0.434362424539266,78.3071723410203,52.6881128866845,4,39.72999711,"Western Allegheny Plateau","Unknown",-0.34702718430858,0.394948844389703,0.511574419838315,-1.02584790865536,0.00252117681670682,-0.202228061922554,-0.128066997576376,-0.429681400200736,1.14804014983669,"Moderate"
"39113",445.2175202,0.725190839694656,24,11.0079452,995.9868421,-1370.91452305222,0.455313910947138,34.0226772356546,36.5272235717477,5,39.75459551,"Eastern Corn Belt Plains","Maple / beech / birch group",-0.020683816615818,-1.14465949040336,-0.710028540733404,-0.423932669728412,0.193358352450462,1.11195847398298,-0.161037453525697,-0.357152780121317,-0.572134038033493,"Moderate"
"39115",13.49697108,0.698036006546645,47,10.90169531,1029.15625,-1516.39259559692,0.470288376932104,47.568010642759,46.0010443789998,4,39.62083489,"Western Allegheny Plateau","Unknown",-0.179978664034071,-0.673738276070673,0.00609835801148566,-0.743847936722097,0.329753677324449,-0.196824839042444,-0.0584184117683395,-0.38182168198486,0.949558512774745,"Moderate"
"39117",33.41442473,0.781563126252505,33,9.572055513,993.8181818,-1684.14674223936,0.553057648418923,79.4793283523316,41.2848891010847,5,40.52400969,"Erie Drift Plain","Maple / beech / birch group",0.310005557791489,0.435700379670818,-0.350396209691056,-1.11274966654069,1.08365980562059,-0.136444041722946,-0.167746823875453,-0.690534977274432,0.0233108731523391,"Low"
"39119",49.98530572,0.612650602409639,45,10.61756782,1006.876106,-1600.77918273382,0.453659289496741,71.4431938728484,41.2199093791389,6,39.96637102,"Western Allegheny Plateau","Oak / hickory group",-0.68086389686219,0.156313664417714,-0.355308032249778,-0.929419253982244,0.178287188610833,-0.0862085535905198,-0.1273484039584,-0.447789874211175,0.817237421400115,"Moderate"
"39121",13.97880381,0.663987138263666,49,10.80078963,983.704918,-1407.68209205358,0.465827466327785,29.5747009588045,33.4570575486669,4,39.76629574,"Western Allegheny Plateau","Oak / hickory group",-0.37971508842446,-1.29929919742738,-0.942102644463312,-0.504786824915027,0.289121353492616,-0.195364138045054,-0.199035095385279,-0.405249775109418,1.08187960414937,"Moderate"
"39123",61.47975974,0.496774193548387,24,9.904306716,874.2553191,-1198.43130747415,0.492559054958739,30.1153933330365,44.10808316477,5,41.53823716,"Huron/Erie Lake Plains","Oak / hickory group",-1.3606145242484,-1.28050132056447,-0.136990736807898,-0.0446314252289519,0.532606745183867,-0.0513625180140838,-0.537648705664562,-0.613393510861138,-0.572134038033493,"Low"
"39125",17.37685294,0.682634730538922,17,9.700121698,862.7619048,-1200.44275178364,0.481522835236162,5.47336601376917,16.6235214815301,5,41.11684177,"Huron/Erie Lake Plains","Oak / hickory group",-0.270325155884135,-2.1372135977774,-2.21455102869293,-0.0490547155025823,0.432083041971154,-0.185062775260147,-0.573206867134979,-0.66080080861032,-1.0352578578447,"Low"
"39127",34.14528621,0.730103806228374,48,10.66602278,1030.590909,-1739.30409650671,0.447870843353102,53.8510296294319,45.7767536160895,4,39.73729273,"Western Allegheny Plateau","Oak / hickory group",0.00813647662972939,-0.455300911559033,-0.0108557993161604,-1.23404409537416,0.125562971729251,-0.134228397109534,-0.0539798841867673,-0.436539691711768,1.01571905846206,"Moderate"
"39129",44.76437749,0.72289156626506,18,11.11508659,979.2727273,-1213.31553176324,0.543127824259678,1.326013972128,30.569686740436,5,39.64174814,"Eastern Corn Belt Plains","Oak / hickory group",-0.0341717437241887,-2.28140171046648,-1.16035924277707,-0.0773627537662821,0.993213736057804,-0.102036069236591,-0.212747343849017,-0.332276891445727,-0.969097312157381,"Moderate"
"39131",24.47898471,0.737680060652009,46,11.3779714,1039.185714,-1708.94991799748,0.400367196335846,72.2032330096921,52.6180490878999,5,39.07618495,"Western Allegheny Plateau","Maple / beech / birch group",0.05258006742024,0.182737418082949,0.506278291490658,-1.16729338200345,-0.307125270651005,-0.163532293177627,-0.0273893988862642,-0.271240785156053,0.88339796708743,"Moderate"
"39133",128.7068378,0.751515151515151,38,9.324969941,1004.680556,-1503.08380599735,0.529374578439252,38.1643452837146,30.45341707633,7,41.16788099,"Erie Drift Plain","Oak / hickory group",0.133739052122869,-1.00066898917787,-1.16914807630774,-0.714581086373905,0.867941927792177,0.15243986787589,-0.134140965279049,-0.747902845867665,0.354113601588913,"Low"
"39135",37.31088117,0.507462686567164,33,10.43105468,1017.625,-1547.97444480071,0.48274382468546,89.3346865330622,37.7329499571928,4,39.74199521,"Eastern Corn Belt Plains","Unknown",-1.29791401508759,0.778334783909185,-0.618887583488073,-0.813298373777347,0.443204457103547,-0.124631731238774,-0.0940936287885545,-0.49109414819133,0.0233108731523391,"Low"
"39137",27.0734867,0.821428571428571,10,9.871386706,884.0266667,-1152.78696247134,0.606631377488033,36.9828334781887,15.3760487271421,4,41.02097796,"Huron/Erie Lake Plains","Oak / hickory group",0.543863006738742,-1.04174579086921,-2.30884759742102,0.0557433086598202,1.57163755310277,-0.155666925367258,-0.507418249624675,-0.621036817560438,-1.4983816776559,"Low"
"39139",94.37082353,0.776679841897233,38,9.350073826,993.8481013,-1586.75286126049,0.488959887192375,43.6145888004849,36.5971983517,4,40.77161324,"Erie Drift Plain","Unknown",0.281359385228652,-0.811184151988103,-0.704739141326647,-0.898574506725224,0.499823629093981,0.0483484536405025,-0.167654259352471,-0.742074272534943,0.354113601588913,"Low"
"39141",43.03583497,0.639460154241645,50,11.24614923,1012.066667,-1755.90062870321,0.457163545505832,75.3080774592488,53.7466282264571,6,39.33721741,"Western Allegheny Plateau","Maple / beech / birch group",-0.523594528085238,0.290681392184944,0.591587681960074,-1.27054089476076,0.210205798415113,-0.107276235845853,-0.111289920261345,-0.301847011432328,1.14804014983669,"Moderate"
"39143",55.61161693,0.851851851851852,17,9.789927496,886.4492754,-862.749670284733,0.520844122274355,84.2607010653183,29.0584469428495,5,41.35661048,"Huron/Erie Lake Plains","Oak / hickory group",0.72233111908449,0.601931049415419,-1.27459398412631,0.693553228360905,0.790242039121517,-0.0691520983429168,-0.499923217331769,-0.639949865445681,-1.0352578578447,"Low"
"39145",47.73939402,0.785591766723842,50,11.75441304,1061.380435,-1436.50253975115,0.435924052555406,83.6856187049717,50.0534932491701,5,38.8024239,"Western Allegheny Plateau","Oak / hickory group",0.333638244675873,0.581937559751024,0.312423303433273,-0.568164769499856,0.016745307467348,-0.0930171517947984,0.0412763128430041,-0.183839265262608,1.14804014983669,"Moderate"
"39147",38.71417377,0.727777777777778,25,9.679571436,919.452381,-1081.40071716436,0.413027465221142,97.3750234475286,50.6290432118483,5,41.12369899,"Huron/Erie Lake Plains","Oak / hickory group",-0.00550839996032805,1.05786760230541,0.355929172736813,0.212726071268543,-0.19180887210059,-0.120377576689227,-0.39781867926165,-0.665572130223435,-0.505973492346178,"Low"
"39149",46.03558691,0.683937823834197,19,10.09754103,924.2923077,-879.483670239752,0.507203041770012,63.6432683931106,31.5725789366487,4,40.3316735,"Eastern Corn Belt Plains","Oak / hickory group",-0.262680990055122,-0.114860936326782,-1.08455053867962,0.656754128882616,0.665991891644468,-0.0981823317213213,-0.382844982968148,-0.568528727201267,-0.902936766470067,"Low"
"39151",249.3513098,0.62568306010929,28,9.739976421,966.8181818,-2414.47570457676,0.497567607612247,38.1603723181676,34.6059973339181,4,40.81399419,"Erie Drift Plain","Oak / hickory group",-0.604413294148662,-1.00080711451622,-0.855254191025526,-2.71878816356298,0.578227281302455,0.518179863537932,-0.25127903933742,-0.65154741314341,-0.307491855284234,"Low"
"39153",505.8414237,0.591379310344828,37,9.681799005,968.7058824,-1594.86142721986,0.444197341044919,39.3521600285477,42.1542457226958,8,41.12441603,"Erie Drift Plain","Oak / hickory group",-0.805644896450152,-0.959373057566055,-0.28468147072733,-0.916405744096277,0.0921027774723732,1.29574299254017,-0.245438898106054,-0.665054937395704,0.287953055901598,"Low"
"39155",124.3970517,0.796715741789354,47,9.309851841,1002.509259,-1730.11766450328,0.428141959462248,60.6141071998528,46.9583579231353,6,41.31718776,"Erie Drift Plain","Oak / hickory group",0.39889336523164,-0.220173683135231,0.0784617680269516,-1.21384256399772,-0.0541380961015383,0.139374527016192,-0.140858493013713,-0.751412938210003,0.949558512774745,"Low"
"39157",62.71731889,0.673625608907446,46,10.14057981,978.606383,-1424.61731762046,0.456174707289301,54.75725916969,40.2719397626526,4,40.44375501,"Western Allegheny Plateau","Oak / hickory group",-0.32317418824004,-0.423794657505614,-0.426965134001064,-0.542028431942519,0.201198939010111,-0.0476107930436059,-0.214808870354182,-0.5585360633016,0.88339796708743,"Low"
"39159",51.75136765,0.75,15,10.16312935,926.9253731,-1131.05783163187,0.463154663011984,24.0990409582545,22.3660947385274,4,40.30013179,"Eastern Corn Belt Plains","Oak / hickory group",0.124850916883519,-1.48966767188512,-1.78046944101916,0.103527009477783,0.264776052835554,-0.0808546449371909,-0.374698842734139,-0.553300553040572,-1.16757894921933,"Low"
"39161",26.62375222,0.803571428571429,19,9.97092902,886.5588235,-1295.92070834655,0.567998376384443,5.60014796959624,27.6841130522875,6,40.85547905,"Eastern Corn Belt Plains","Oak / hickory group",0.439109984274941,-2.13280585742881,-1.37847999663509,-0.259016639190082,1.21974782683997,-0.157030318849259,-0.49958429898019,-0.59792526821826,-0.902936766470067,"Low"
"39163",12.21432606,0.743442098528471,42,11.20278648,1031.390625,-1880.10686904925,0.406503772500211,80.3565684944651,50.5852587235066,5,39.25209473,"Western Allegheny Plateau","Oak / hickory group",0.0863811568744184,0.466198779420669,0.352619499640055,-1.54367808889272,-0.251230102142635,-0.200713244174266,-0.0515057342156421,-0.311914894084097,0.618755784338171,"Moderate"
"39165",223.6625448,0.709534368070953,37,11.21309632,1048.015625,-1188.56977016412,0.536726686722328,52.7273794515558,38.2563739759918,4,39.42657086,"Eastern Corn Belt Plains","Unknown",-0.112527329143114,-0.494366078162686,-0.579321918595596,-0.0229452955853451,0.934908803190984,0.440303035500065,-7.15459913755464e-05,-0.309521174606469,0.287953055901598,"Moderate"
"39167",36.78934979,0.687845303867403,51,11.26447957,1029.887755,-1665.52626095711,0.439816204676839,83.8249958932869,46.653504704838,4,39.45699854,"Western Allegheny Plateau","Oak / hickory group",-0.239759050808185,0.586783189814086,0.0554178880303476,-1.0718020781051,0.0521970794099881,-0.126212780759707,-0.0561552920175431,-0.297591107180705,1.214200695524,"Moderate"
"39169",80.77335789,0.706422018348624,38,9.551092831,969.25,-1778.3992476181,0.564072325881475,65.0178030270179,36.4848424833966,12,40.82939635,"Erie Drift Plain","Unknown",-0.130784899404302,-0.0670734438016832,-0.713232130708747,-1.32001674738408,1.18398729058034,0.00712702888936797,-0.243755514824578,-0.695402053796156,0.354113601588913,"Low"
"39171",33.74012782,0.772182254196643,29,9.054792867,885.6,-1503.77388750387,0.442183284276766,78.0093012744892,38.8359832969918,4,41.56071818,"Eastern Corn Belt Plains","Oak / hickory group",0.254975774524412,0.384592967561169,-0.535509202060613,-0.716098618229696,0.0737576874048757,-0.135456655854792,-0.502550693468782,-0.81063205645118,-0.24133130959692,"Low"
"39173",81.74334779,0.69758064516129,21,9.731328319,863.6464646,-1510.32229747211,0.412003889374307,61.0767471461778,44.0546098334093,4,41.36304132,"Huron/Erie Lake Plains","Unknown",-0.182649890994108,-0.204089400912403,-0.14103279035018,-0.730498976213061,-0.201132140142495,0.0100676037531564,-0.570470228623772,-0.653555313382591,-0.770615675095437,"Low"
"39175",20.78833314,0.776923076923077,18,9.791309834,913.53125,-1098.33645056204,0.565120470999643,36.1325980898839,20.7627098371117,4,40.84338115,"Eastern Corn Belt Plains","Maple / beech / birch group",0.28278624305972,-1.07130533506759,-1.90166943839153,0.175483347489756,1.19353434848886,-0.174720695487531,-0.416137390019817,-0.639628916779623,-0.969097312157381,"Low"
"40001",14.91652861,0.797117516629712,45,14.80178876,1168.918605,-842.591019682987,0.342591733437662,85.9196871357657,50.1784099282866,2,35.88475354,"Ozark Highlands","Oak / hickory group",0.401250244448775,0.659607867798224,0.321865765544096,0.737883346135241,-0.83337462335944,-0.192521376511113,0.373976371614323,0.523694762095204,0.817237421400115,"High"
"40013",20.20705205,0.767908309455587,39,16.86542758,1059.797101,-778.506122507889,0.491021271318512,61.7964853656016,40.9796345410771,0,33.96475383,"East Central Texas Plains","Elm / ash / cottonwood group",0.229904091274153,-0.179066761298753,-0.373470427140751,0.878809993233448,0.518599801670473,-0.176482879363929,0.0363778166638837,1.00282658550112,0.420274147276227,"High"
"40017",62.27518463,0.781456953642384,12,15.42078336,817.1615385,-505.27734121277,0.46055624202959,46.6389259428962,31.5518491266623,0,35.54145408,"Central Great Plains","Elm / ash / cottonwood group",0.309382731289959,-0.706039119610473,-1.08611750673181,1.47965695930477,0.241108265656443,-0.0489511460631329,-0.71428463094669,0.66741177715718,-1.36606058628127,"High"
"40019",22.71896568,0.841935483870968,28,16.7332801,928.4672131,-406.872126037715,0.426457790699229,93.0771453301495,43.0788198383134,0,34.25109697,"Cross Timbers","Oak / hickory group",0.664160026084279,0.908446253914792,-0.214792836822602,1.6960561054828,-0.0694783924303169,-0.168867882465111,-0.369928720101255,0.972144829354039,-0.307491855284234,"High"
"40021",25.18826473,0.729210196406185,48,15.15258121,1150.231405,-796.023053331442,0.404256790935721,86.6906612261535,48.1750259391635,1,35.90683373,"Ozark Highlands","Oak / hickory group",0.0028944101621814,0.686411789411113,0.170429804033439,0.840289180417448,-0.271696793962041,-0.161382073883386,0.316162178400216,0.605141100755149,1.01571905846206,"High"
"40027",202.1778533,0.802083333333333,26,15.79124419,934.8372093,-523.504098466022,0.343167740212138,145.414186211696,66.9013200679955,1,35.20403207,"Cross Timbers","Oak / hickory group",0.430380565736286,2.72801186413378,1.58595192676555,1.43957519432736,-0.828128050211981,0.375171075073314,-0.350221316580132,0.753424683707547,-0.439812946658864,"High"
"40031",43.82474854,0.7,20,16.22914539,788.9593023,-326.312195873747,0.440175218494397,67.4192926733385,37.774795660385,0,34.6643235,"Central Great Plains","Oak / hickory group",-0.16845754601514,0.0164174815571216,-0.615724463321193,1.87321236770562,0.0554671663920036,-0.104884603300356,-0.801536307641789,0.855095769943286,-0.836776220782752,"High"
"40035",7.239648966,0.422818791946309,24,14.57869707,1070.130435,-752.568693589283,0.376484010994609,64.8268373682,35.2312195392759,1,36.76254147,"Central Irregular Plains","Oak / hickory group",-1.79444942758756,-0.0737126144476565,-0.807993592787634,0.935848001453387,-0.524665904615127,-0.215794236685715,0.068346938224197,0.471897748402465,-0.572134038033493,"High"
"40039",11.29630923,0.674418604651163,14,15.11302642,693.9862069,-436.879997472518,0.497136057642424,46.8346184517223,20.4148226371166,0,35.63898065,"Central Great Plains","Unknown",-0.318522340986545,-0.699235613847827,-1.92796626062557,1.63006694275845,0.574296496832914,-0.203496259971475,-1.0953627175693,0.595957343174383,-1.23373949490664,"High"
"40041",22.36698485,0.769533445756043,38,14.59314762,1128.675439,-873.446183726951,0.408736311023209,67.9645299642602,43.8055694579649,2,36.40813987,"Ozark Highlands","Oak / hickory group",0.239437415879905,0.0353733683871673,-0.15985777293722,0.670030934630231,-0.230894965153862,-0.169934930669668,0.249472637792705,0.475252850227269,0.354113601588913,"High"
"40043",1.886811373,0.956395348837209,17,14.63826502,662.5465839,-347.77550474844,0.427104335426756,15.1851726812276,36.7366704582982,0,35.98804855,"Central Great Plains","White / red / jack pine group",1.335600967221,-1.79956994946343,-0.694196433248073,1.82601322580672,-0.0635893224464426,-0.232021642430782,-1.19263017543889,0.485728124252854,-1.0352578578447,"High"
"40047",22.45286202,0.733333333333333,10,14.98091457,838.7405063,-508.383225042229,0.33521660141809,115.430826670844,62.3288193931066,1,36.37927052,"Central Great Plains","Elm / ash / cottonwood group",0.0270814292506306,1.68560119321253,1.24031622239266,1.47282692892856,-0.900551211079363,-0.16967458955944,-0.647523927697933,0.565283859534436,-1.4983816776559,"High"
"40051",19.4061391,0.605990783410138,24,15.95179161,841.2560976,-480.350564410792,0.333599695023075,54.1023759797854,40.5442536282505,0,35.01473219,"Central Great Plains","Elm / ash / cottonwood group",-0.719931522340728,-0.446562527277959,-0.406380906367523,1.53447248109722,-0.915278846325943,-0.17891088865439,-0.63974122716142,0.790700285107464,-0.572134038033493,"High"
"40061",8.49427909,0.837158469945355,44,16.04127895,1155.282609,-630.764735582827,0.392233308420937,48.1540177011046,40.6727717796933,0,35.22260705,"Arkansas Valley","Oak / hickory group",0.636137253848938,-0.65336497500605,-0.396666208665546,1.20370242834339,-0.381213006785065,-0.211990760169118,0.331789521395415,0.811477289285911,0.751076875712801,"High"
"40063",6.366477312,0.844961240310077,38,15.9868793,1049.03937,-577.409177264409,0.37926668072547,77.5719757531947,45.9434944461509,0,35.04920221,"Cross Timbers","Oak / hickory group",0.681909625489495,0.369388774400544,0.0017481538253867,1.32103459659706,-0.499319882771086,-0.218441301997967,0.00309570170929512,0.798846879717853,0.354113601588913,"High"
"40069",6.621480303,0.796420581655481,33,16.44783149,1012.369565,-565.865102492618,0.419755024521079,64.6403331651513,39.2155266998475,0,34.3144259,"Cross Timbers","Oak / hickory group",0.397161905928135,-0.0801966767544417,-0.506819484832895,1.34642073004117,-0.130530717858216,-0.217668247159431,-0.110352818742864,0.905869901943056,0.0233108731523391,"High"
"40071",18.50491516,0.597902097902098,22,14.65314714,889.2551724,-641.853270688789,0.496014945613405,50.2766082339418,36.9951753676193,1,36.81811419,"Central Great Plains","Elm / ash / cottonwood group",-0.767381120605405,-0.579570341739179,-0.674656025762137,1.17931805476089,0.564084817860742,-0.181642995931598,-0.491242373155174,0.489183427197652,-0.704455129408122,"High"
"40073",6.797475565,0.471698113207547,9,15.42776573,811.1538462,-551.02345257952,0.467438494353914,61.9087965871109,38.3368421695458,0,35.94532312,"Central Great Plains","Oak / hickory group",-1.5077150558543,-0.175162114936294,-0.573239321186395,1.37905843489609,0.303795445458605,-0.21713470836322,-0.732871143821979,0.669032930838421,-1.56454222334321,"High"
"40077",5.474689377,0.874004550625711,41,15.94755605,1207.271028,-579.403721860898,0.362696703034068,54.3149266207852,41.7283368372283,2,34.87842748,"Ouachita Mountains","Oak / hickory group",0.852282599612842,-0.439172926523331,-0.316875958622251,1.31664846983613,-0.650247968797163,-0.221144803534932,0.492630551670785,0.789716880663684,0.552595238650857,"High"
"40079",12.14583565,0.852171637885924,59,15.79525417,1247.920833,-828.907906309867,0.386618476000559,80.3633951645468,47.9610354657783,1,34.89821958,"Arkansas Valley","White / red / jack pine group",0.724207038086692,0.466436117525838,0.154254246443307,0.767973357581616,-0.432355858413921,-0.200920876416681,0.618392339439189,0.754355713406446,1.74348506102252,"High"
"40081",14.16343643,0.892052194543298,30,15.66814348,937.5416667,-537.815339246553,0.362040245872443,113.382470153077,47.7394695574446,0,35.70287536,"Cross Timbers","Oak / hickory group",0.958153133541037,1.6143874024743,0.137506061098578,1.40810389191574,-0.656227326452761,-0.194804414648545,-0.341854304793299,0.724843389794466,-0.175170763909605,"High"
"40083",24.60768598,0.824053452115813,21,15.50545515,895.6134454,-430.284907582666,0.36434238941861,74.1446990382692,36.2197511488479,0,35.91899656,"Central Great Plains","Oak / hickory group",0.559261001132089,0.250235021300575,-0.73327040662264,1.64456995277263,-0.635258190244414,-0.163142128579522,-0.471571238703247,0.687070715892274,-0.770615675095437,"High"
"40087",27.0073957,0.432926829268293,23,15.98378942,922.2763158,-494.280292515016,0.439919182441157,113.82456395172,51.6827711728495,0,35.01150734,"Central Great Plains","Oak / hickory group",-1.7351539697909,1.62975737102721,0.435580556501105,1.50384014862496,0.0531350551370058,-0.155867283673383,-0.389082029996311,0.798129477125812,-0.638294583720808,"High"
"40089",6.866223869,0.867996011964108,61,16.1546337,1289.176259,-881.896949000011,0.337599096274745,91.1300686096343,54.746056162945,1,34.11637556,"Ouachita Mountains","White / red / jack pine group",0.817035494830803,0.840753587660965,0.667134522378273,0.651447179832399,-0.878850192805302,-0.216926294301723,0.74602778883205,0.837795784331097,1.87580615239715,"High"
"40091",12.28772288,0.82572347266881,42,15.83769466,1079.859813,-629.506492667635,0.393438498736595,67.2223835019706,36.4369214267451,0,35.37230692,"Cross Timbers","Oak / hickory group",0.569057624360263,0.00957167693150916,-0.716854487346329,1.2064693822294,-0.37023549848499,-0.200490737894589,0.0984475493133421,0.764209467446574,0.618755784338171,"High"
"40095",17.34441712,0.881889763779528,25,16.93430328,994.6721311,-693.395359840552,0.363235531542543,113.074887720553,34.7437411126777,0,34.02314608,"Cross Timbers","Oak / hickory group",0.898538594608328,1.60369389731808,-0.844842127391284,1.0659738172138,-0.645340034882284,-0.185161106136559,-0.165104887693187,1.01881801743656,-0.505973492346178,"High"
"40097",24.21139158,0.696442687747036,45,15.114614,1089.489796,-775.023970800947,0.421226368521503,115.150283294831,53.8152109359525,1,36.30172287,"Central Irregular Plains","Oak / hickory group",-0.189325341794488,1.67584773618535,0.596771854645805,0.886467459912466,-0.117128941585145,-0.164343515677779,0.128240653567086,0.596325944546305,0.817237421400115,"High"
"40099",12.95616176,0.817857142857143,26,16.33871744,977.5084746,-318.725964191365,0.456483065597197,107.878624884307,59.0830303871322,0,34.48116554,"Cross Timbers","Oak / hickory group",0.522912402245984,1.42303903033981,0.99496676285365,1.88989495973954,0.204007628924349,-0.198464330641784,-0.218205563725527,0.880536004737292,-0.439812946658864,"High"
"40101",32.60339485,0.739427012278308,41,15.74638847,1104.130769,-700.079016160949,0.406283262660355,86.2615243405145,45.1096073057733,1,35.61255142,"Central Irregular Plains","Oak / hickory group",0.0628279813456015,0.671492284868384,-0.0612854441169269,1.05127604414854,-0.253238621930604,-0.138902721013224,0.173536687315561,0.743010166057707,0.552595238650857,"High"
"40105",6.989612237,0.645161290322581,19,14.70175547,1029.711111,-1028.81144343797,0.481294624188373,104.367233752179,56.3386084237825,1,36.79839018,"Central Irregular Plains","Elm / ash / cottonwood group",-0.49015069887173,1.30096092962126,0.787515679552969,0.328373132374694,0.430004375524266,-0.216552236042534,-0.0567017907089526,0.500469218858431,-0.902936766470067,"High"
"40109",431.7280487,0.816842105263158,20,15.72257372,915.6442308,-382.112207800171,0.248634141845436,105.281273968066,59.8404580996095,1,35.55146966,"Cross Timbers","Oak / hickory group",0.516958019916463,1.33273873201841,1.05222078631424,1.75050469498602,-1.68918986528296,1.07106443908768,-0.409600280114166,0.737480901691835,-0.836776220782752,"High"
"40111",21.3428045,0.794947994056464,29,15.63655846,1044.684211,-500.362751706097,0.431880260778251,103.466980600989,57.2262093700473,0,35.64645727,"Central Irregular Plains","Oak / hickory group",0.388523457825108,1.26966245254259,0.854609508526921,1.49046444518006,-0.0200876783447382,-0.173039786702907,-0.0103782271780797,0.717510038590638,-0.24133130959692,"High"
"40113",8.090140301,0.837329876863253,39,14.85881019,967.7947977,-457.279780968757,0.451536047073999,78.1564257890306,46.4876663977586,2,36.62862687,"Flint Hills","Oak / hickory group",0.637142755841315,0.3897079435432,0.0428821566756907,1.58520655885553,0.158947578081357,-0.21321592794088,-0.24825759897511,0.536933891667846,0.420274147276227,"High"
"40115",25.65419859,0.798387096774194,30,14.35257991,1114.493151,-1001.74157771772,0.400069323335986,66.626256032173,37.9144746098584,1,36.83533229,"Central Irregular Plains","Oak / hickory group",0.408697816462868,-0.0111534734606486,-0.605166119972567,0.387901439066522,-0.309838454855897,-0.159969571137837,0.205595677164568,0.419398286711699,-0.175170763909605,"Moderate"
"40119",46.17659022,0.75984990619137,30,15.40647112,913.1836735,-534.99399002131,0.4143856229365,105.140182273352,48.3679521370323,0,36.07706914,"Central Great Plains","Oak / pine group",0.182632133777253,1.3278334949002,0.185013111294292,1.41430821312297,-0.179438056139449,-0.0977548728487114,-0.417212717245281,0.664088787890956,-0.175170763909605,"High"
"40121",12.99949166,0.859775641025641,42,16.09005933,1134.057692,-506.163755626038,0.394898153037607,51.4793966219208,36.4525490086397,0,34.92039229,"Arkansas Valley","Oak / hickory group",0.768813407542431,-0.537753831858717,-0.71567319713779,1.47770767926052,-0.356940198152402,-0.198332973794883,0.266124175469253,0.822803027195723,0.618755784338171,"High"
"40123",20.57232352,0.735647530040053,32,16.1155802,1022.277778,-537.133451169071,0.457843936431777,36.9162493448946,34.7096600231224,0,34.72991606,"Cross Timbers","Oak / hickory group",0.0406568988284946,-1.04406067526251,-0.847418319770857,1.40960340591501,0.216403157404659,-0.175375539892517,-0.0796989304777138,0.828728415330264,-0.0428496725349756,"High"
"40125",35.53806398,0.86272439281943,32,15.86160212,972.7924528,-562.88636778586,0.385568583642157,74.0107358167968,47.017316480707,0,35.20601415,"Cross Timbers","Oak / hickory group",0.78611128466455,0.245577614868733,0.0829184502724056,1.35297115164318,-0.441918831106952,-0.130006118814363,-0.23279592480408,0.76976025704783,-0.0428496725349756,"High"
"40127",3.058578566,0.91175516383692,53,16.0514397,1228.005025,-697.183415007798,0.375739583993054,65.3860686950016,43.3594467598585,0,34.41638495,"Ouachita Mountains","White / red / jack pine group",1.07373408630207,-0.0542702066755332,-0.193580224602137,1.05764364993142,-0.531446537916108,-0.228469369202012,0.556777096292702,0.813836393324607,1.34652178689863,"High"
"40131",52.5958381,0.397810218978102,30,15.13932509,1061.970297,-945.559500569864,0.443776719182118,51.9912750748948,36.4493668693787,1,36.36999638,"Central Irregular Plains","Unknown",-1.94115394951944,-0.519957708616832,-0.71591373530784,0.511449296806345,0.0882715319586137,-0.0782945888185838,0.0431012194977015,0.602063319466422,-0.175170763909605,"High"
"40133",15.02352974,0.722846441947566,38,15.91779469,993.7894737,-527.158596251987,0.410777036763094,76.5344101792812,38.9068761790583,0,35.16456757,"Cross Timbers","Oak / hickory group",-0.0344364506082592,0.333316451532443,-0.530150403239075,1.4315387279756,-0.212306960042376,-0.192196997016775,-0.167835640586368,0.782806943447132,0.354113601588913,"High"
"40135",23.89603113,0.776518585675431,55,15.61635356,1168.070707,-823.65947751384,0.384618577097851,55.6868188598776,40.7131550000482,0,35.49454799,"Arkansas Valley","Oak / hickory group",0.28041342893766,-0.391477300306546,-0.393613637697352,0.779514976673815,-0.450571991184455,-0.165299547294503,0.371353156857813,0.712818902484401,1.47884287827326,"High"
"40137",19.25655269,0.75,25,16.49608117,853.6470588,-435.054721553708,0.325122273845506,84.3700294789809,48.5357200720116,0,34.48569254,"Cross Timbers","Oak / hickory group",0.124850916883519,0.605731994565728,0.197694703381573,1.63408083724227,-0.992495664392713,-0.179364367641346,-0.601406247874781,0.91707242291383,-0.505973492346178,"High"
"40143",440.321646,0.623700623700624,29,15.54787548,1019.195402,-513.890904069405,0.428290140893504,73.0540283328203,36.0865846578779,1,36.11933426,"Central Irregular Plains","Oak / hickory group",-0.616042601665065,0.212316429147081,-0.743336472694112,1.46071520256545,-0.0527883815623523,1.09711637654589,-0.0892351414468545,0.696919789221095,-0.24133130959692,"High"
"40145",55.15076178,0.725848563968668,28,15.4947442,1074.825581,-684.993490962146,0.489625663737884,82.4667617523992,44.3944729550368,1,35.95922332,"Central Irregular Plains","Oak / hickory group",-0.016825494699386,0.539562405227161,-0.115342508863903,1.0844500458197,0.505887872607529,-0.0705492047147846,0.0828727140500263,0.684583867440805,-0.307491855284234,"High"
"40147",48.31344195,0.682403433476395,27,14.91235001,1018.585714,-737.964511230089,0.500419440069001,87.6777907128908,48.4786498871542,1,36.71339156,"Central Irregular Plains","Elm / ash / cottonwood group",-0.271681983601791,0.720730635808361,0.193380763385849,0.967963500490058,0.604203273689473,-0.0912768956193807,-0.0911213854979866,0.54936466750556,-0.373652400971549,"High"
"40153",6.322850898,0.722222222222222,13,14.40116223,605.0962567,-279.31921589599,0.439306810935192,56.8869407089367,34.5640552033,1,36.42303801,"Central Great Plains","White / red / jack pine group",-0.0380982291712926,-0.349753496135754,-0.858424600149509,1.97655283320287,0.0475572528578778,-0.218573557742491,-1.37036917951411,0.43067803941905,-1.29990004059395,"Moderate"
"41001",2.024919016,0.506713078070612,16,6.517192108,416.6927481,-1351.2070643589,0.60550754134371,87.4370724660781,58.7773839121451,0,44.70765836,"Blue Mountains","Douglas-fir group",-1.30231134540557,0.712361751433643,0.971862920518225,-0.380594750828619,1.56140106145332,-0.231602961923384,-1.95324927114987,-1.39980748141043,-1.10141840353201,"Low"
"41003",52.70620624,0.194630872483221,17,10.595359,1784.769231,-1880.95515362462,0.773375211313136,75.1655874509107,60.6480792805909,6,44.49195711,"Willamette Valley","Douglas-fir group",-3.13303838578279,0.285727540866551,1.11326893821238,-1.54554351906834,3.09042823372822,-0.0779600020581989,2.27928626729651,-0.452946276736252,-1.0352578578447,"Moderate"
"41005",85.67230163,0.338791786865773,32,8.735550413,1920.166667,-1664.84378262427,0.700325607189994,90.1294731751762,66.9272875554628,5,45.18905327,"Cascades","Douglas-fir group",-2.28736606163056,0.805966579996494,1.58791481129192,-1.07030126609785,2.42505395618835,0.0219784317967153,2.6981769264428,-0.884753175714482,-0.0428496725349756,"Low"
"41007",18.48896698,0.356292517006803,13,9.67068246,2208.936709,-2081.95160339542,0.642648572196564,110.517406027117,63.2529818617937,4,45.99699583,"Coast Range","Douglas-fir group",-2.18470381648517,1.51477970462092,1.31017373987185,-1.98754712668041,1.89970113668912,-0.181691343669271,3.59156956967633,-0.667635956139974,-1.29990004059395,"Low"
"41009",30.54951839,0.141728395061728,8,9.773442127,1723.876033,-1980.89984253012,0.570640505788396,85.1143677059316,51.4424079916593,5,45.94454189,"Coast Range","Douglas-fir group",-3.44337327250337,0.631609885583606,0.417411483745746,-1.76532806306537,1.24381373334863,-0.145129154393204,2.09089575857413,-0.643777407761681,-1.63070276903053,"Low"
"41011",15.52450146,0.258755139656884,26,11.21268014,1680.640569,-1676.9477259677,0.672906751935495,107.630477723534,69.1461992839207,3,43.17352387,"Coast Range","Douglas-fir group",-2.75687458099859,1.41441187006458,1.75564253245304,-1.09691858511134,2.17530857803163,-0.190678275175135,1.95713449581687,-0.309617802504884,-0.439812946658864,"Moderate"
"41013",3.076059326,0.692622189184167,11,6.73040749,356.5651303,-1070.74453705132,0.619295648309442,79.4979850672848,56.8195832502463,0,44.14234247,"Blue Mountains","Douglas-fir group",-0.211737033014121,0.43634900474317,0.82387260648431,0.236159669517162,1.68699040339556,-0.228416375368307,-2.139271238753,-1.35030353054182,-1.43222113196858,"Low"
"41015",5.427161829,0.516117052881759,33,11.16061675,1959.610714,-810.107444685196,0.769705921835188,97.8718694112756,68.2609627471321,1,42.45984645,"Klamath Mountains/California High North Coast Range","Douglas-fir group",-1.24714603746567,1.07514110141776,1.68872742938704,0.809316733906684,3.05700641214848,-0.221288885770207,2.82020835728339,-0.321705783570967,0.0233108731523391,"Moderate"
"41017",24.53415834,0.858281665190434,22,6.037913942,551.1714286,-1011.66386130524,0.547748158770827,69.2871525773749,59.4090435121949,3,43.91547836,"Eastern Cascades Slopes and Foothills","Douglas-fir group",0.760049492425786,0.0813560716807734,1.01961012195356,0.366081724606715,1.03529817681899,-0.163365031446838,-1.53720104468443,-1.51108539466185,-0.704455129408122,"Low"
"41019",8.435161024,0.257777638111998,43,10.23394334,1430.402367,-1336.36674425735,0.717943694367132,96.5134539186039,65.7642470129329,6,43.27819761,"Klamath Mountains/California High North Coast Range","Douglas-fir group",-2.76260877051082,1.02791401189911,1.50000048044465,-0.347959970311436,2.58552877556398,-0.212169979662924,1.18295111039912,-0.53685909253764,0.684916330025486,"Low"
"41023",0.611754526,0.572612864562525,18,5.845284727,436.1793548,-1255.36815204418,0.59368740838501,77.575068295598,58.8392097152688,2,44.48967044,"Blue Mountains","Douglas-fir group",-0.915732043779719,0.369496290677934,0.976536338092209,-0.169839063148421,1.45373706351348,-0.235887043621237,-1.89296188487258,-1.55580968756123,-0.969097312157381,"Low"
"41025",0.278496636,0.75012987012987,11,7.460292498,280.9515939,-1247.05506092281,0.56013719723518,54.7594952944099,43.3148155979062,2,43.06031085,"Northern Basin and Range","Douglas-fir group",0.125612757046891,-0.423716915707989,-0.19695389782718,-0.151558062313614,1.14814406580884,-0.236897332258772,-2.37320332076804,-1.18084018677719,-1.43222113196858,"Low"
"41027",17.20899089,0.272395394552092,25,6.980627816,1636.588889,-1696.00404378626,0.627174489828508,87.5129288911059,62.4994992356699,2,45.51861624,"Cascades","Douglas-fir group",-2.6768585370614,0.714998999164311,1.25321792581516,-1.13882460500975,1.75875504259555,-0.185571657800897,1.82084803562348,-1.29220784059468,-0.505973492346178,"Low"
"41029",30.35003974,0.281705515957105,35,9.838381772,903.2606838,-878.495752771089,0.669224024167196,99.6536233720027,70.8995980077022,5,42.43133217,"Klamath Mountains/California High North Coast Range","Douglas-fir group",-2.62224378908732,1.13708610591559,1.88818208707114,0.658926620415028,2.14176435342396,-0.145733884302301,-0.447912321454439,-0.628699841756122,0.155631964526969,"Low"
"41031",5.211305064,0.58875,25,8.087271586,600.8306709,-908.008924114739,0.625289498772753,87.1310165094418,72.5343202419327,0,44.63007903,"Blue Mountains","Douglas-fir group",-0.821068875964654,0.701721316206162,2.01175087602403,0.594025333746324,1.74158555102955,-0.221943266787306,-1.38356598811104,-1.03526934814041,-0.505973492346178,"Low"
"41033",20.52199402,0.379221198901276,33,10.91385906,1393.891892,-724.807891988529,0.690815934101018,95.0679525076972,69.7183703854241,3,42.36463389,"Klamath Mountains/California High North Coast Range","Douglas-fir group",-2.05020028762996,0.977659266645898,1.79889299336079,0.996895718822169,2.33843484391292,-0.175528116391105,1.06999552283176,-0.378997525131213,0.0233108731523391,"Moderate"
"41035",4.387046207,0.769177316535243,23,6.180399909,639.7568359,-1033.48643072756,0.664902833821943,86.3782428896804,67.0208883223656,3,42.68506765,"Eastern Cascades Slopes and Foothills","Douglas-fir group",0.237348301592982,0.675550157735472,1.59499010100723,0.318092546573822,2.10240467531759,-0.224442050409846,-1.26313677322629,-1.47800326782996,-0.638294583720808,"Low"
"41037",0.374592582,0.698321735571019,17,7.005524105,340.3744493,-1052.1232449127,0.591665394101642,85.3236066357973,61.6781716525314,1,42.79025009,"Northern Basin and Range","Douglas-fir group",-0.178302529215178,0.63888435037355,1.19113370584381,0.277109041075983,1.43531949220531,-0.236606012397277,-2.1893617370407,-1.28642746651516,-1.0352578578447,"Low"
"41039",32.02608338,0.245206734261979,37,9.419887282,1646.592021,-1646.4242156329,0.751474620656486,86.7993195650462,66.3461268895155,5,43.93714778,"Willamette Valley","Douglas-fir group",-2.83635182022074,0.690189438536522,1.543984828464,-1.0297955005974,2.89094611659997,-0.140652870779999,1.85179558293898,-0.725865114155402,0.287953055901598,"Low"
"41041",19.41803631,0.210479573712256,14,10.07919341,2366.296089,-2499.60137487527,0.697973071079052,90.4887460915761,69.0378552665906,2,44.64178304,"Coast Range","Douglas-fir group",-3.04006722185422,0.818457172363837,1.74745279921798,-2.90598477034505,2.40362581795278,-0.178874821643099,4.07840577838453,-0.572788643491153,-1.23373949490664,"Low"
"41043",21.45584985,0.296430785581437,31,9.210355504,1708.961637,-1694.93599094495,0.709695128435604,94.6580182638398,68.9558174832134,6,44.48936947,"Cascades","Douglas-fir group",-2.53586286510169,0.963407367035024,1.74125155638416,-1.13647589084332,2.51039649164115,-0.172697083841075,2.04475381264239,-0.774513812697826,-0.10901021822229,"Low"
"41045",1.196139585,0.767441860465116,5,8.393455923,288.9463625,-411.4604360534,0.862085098309768,-28.850732801343,15.6214638613786,2,43.18514298,"Northern Basin and Range","Hemlock / Sitka spruce group",0.22716782254584,-3.33053574121095,-2.29029664711686,1.68596612836088,3.89844461765724,-0.234115449901273,-2.34846921953605,-0.96418003819753,-1.82918440609247,"Low"
"41047",112.3696802,0.264590592334495,28,9.623516021,1590.883838,-1306.35364694103,0.697120726666954,97.4689235318726,71.7337919120226,7,44.90510361,"Cascades","Douglas-fir group",-2.72264282789483,1.06113216142819,1.95123887332527,-0.281959315550852,2.39586221602471,0.102912924364097,1.67944639977784,-0.678586972229909,-0.307491855284234,"Low"
"41049",2.17244721,0.523503216229589,12,9.44679024,352.3304598,-1287.82470501498,0.564760324485238,96.7352712181292,67.8869581131575,1,45.41774788,"Columbia Plateau","Douglas-fir group",-1.20381755310026,1.03562578014526,1.66045638815736,-0.241213027813493,1.19025394430725,-0.231155722525349,-2.15237240203509,-0.719618835399339,-1.36606058628127,"Low"
"41051",725.2355639,0.442848219862586,16,10.42063078,1588.810127,-2771.86575704593,0.750669238690881,91.3428723019294,74.1002576360649,6,45.5463737,"Willamette Valley","Douglas-fir group",-1.67695341329031,0.848151986074512,2.13012021322218,-3.50471096317548,2.8836102733748,1.96084774665626,1.67303078222014,-0.493514349907637,-1.10141840353201,"Low"
"41053",44.15358722,0.153439153439153,17,10.33644913,1867.732824,-1727.10309443538,0.629690349365036,105.700165579322,65.9227385629072,5,44.90357718,"Willamette Valley","Douglas-fir group",-3.37467598172217,1.34730204621066,1.51198086982181,-1.20721333822318,1.78167081663161,-0.103887711727929,2.53595784974002,-0.513059488849062,-1.0352578578447,"Low"
"41057",9.380329911,0.275214805023133,13,9.364999394,2430.17619,-2552.71247306336,0.661617664499171,74.5808653708165,54.1252663634788,1,45.46201244,"Coast Range","Douglas-fir group",-2.66031939803057,0.265398913749799,0.620208970068493,-3.02277935567302,2.07248162246913,-0.209304650991824,4.27603712506839,-0.738608881914307,-1.29990004059395,"Low"
"41059",9.284252052,0.465894225378434,20,8.782698318,470.2676311,-917.987392560421,0.663776117817677,64.4265583547571,65.7505053069434,5,45.59217483,"Columbia Plateau","Douglas-fir group",-1.54176164421416,-0.0876288373575742,1.49896174375182,0.572082065313154,2.09214195238664,-0.209595916021638,-1.78750006114596,-0.873806462814199,-0.836776220782752,"Low"
"41061",5.023455406,0.509478672985782,13,5.920379465,565.1271186,-1398.98726692484,0.581150055822226,97.5166070139625,71.1154813078945,3,45.30763586,"Blue Mountains","Douglas-fir group",-1.2860878975342,1.06278993998664,1.90450072359624,-0.485666367420173,1.33954025158192,-0.222512742801939,-1.49402512972145,-1.53837433094871,-1.29990004059395,"Low"
"41063",0.867101471,0.370855457227139,23,5.930215082,517.0558659,-1746.39655338085,0.587769755066552,83.6574440875497,62.4947467729229,0,45.57845829,"Blue Mountains","Douglas-fir group",-2.09927514425893,0.580958032363181,1.25285868676287,-1.24964084610671,1.39983595961615,-0.23511294606825,-1.64274728668675,-1.5360907156853,-0.638294583720808,"Low"
"41065",4.260339668,0.42454564018787,24,8.805486917,674.3137255,-1184.20872556958,0.644283202892842,77.5641570694344,55.1461426297112,3,45.16192511,"Columbia Plateau","Douglas-fir group",-1.78431944351973,0.369116947643666,0.697377091506851,-0.0133550891615908,1.91459021420892,-0.224826167877111,-1.1562251603462,-0.868515448279138,-0.572134038033493,"Low"
"41067",317.5942755,0.136075949367089,18,10.16805637,1569.090226,-1806.98155581812,0.663220632648393,88.7803694599312,59.6941953838339,4,45.5619612,"Willamette Valley","Douglas-fir group",-3.47653147566962,0.75906322658692,1.04116477552604,-1.38287100850508,2.08708230083024,0.725061965679196,1.61202163336012,-0.552156606699925,-0.969097312157381,"Low"
"41069",0.318822806,0.483410631466286,9,7.606537104,409.5719178,-1050.23661410439,0.665801333273294,75.33916860892,61.6193491776,0,44.72670318,"Blue Mountains","Douglas-fir group",-1.43900744131143,0.291762316627193,1.1866873100964,0.2812578587514,2.11058868165806,-0.23677508137569,-1.97527959451609,-1.14688538613235,-1.56454222334321,"Low"
"41071",57.21196546,0.107561235356763,12,10.42991094,1587.474138,-1424.66802149871,0.724662860261153,67.9199125306433,62.6138691673783,5,45.23372743,"Willamette Valley","Douglas-fir group",-3.64380361439689,0.0338221850100011,1.2618631584167,-0.542139932902521,2.64673047824355,-0.0643005584860392,1.6688975184793,-0.491359699617477,-1.36606058628127,"Low"
"42001",76.39343607,0.642679900744417,40,11.08148812,1074.404762,-1407.97204666901,0.404222514008332,38.1409972302385,40.6631631567822,7,39.87147966,"Northern Piedmont","Oak / hickory group",-0.50470695013221,-1.00148071476371,-0.397392525266475,-0.505424453023435,-0.272009006274093,-0.00615093205563811,0.0815707902211929,-0.340077721726071,0.486434692963542,"Moderate"
"42003",644.4505209,0.573275862068966,47,10.54976907,979.0175439,-1341.1671591841,0.533990270287978,50.1883022458951,44.6092720905981,10,40.46794435,"Western Allegheny Plateau","Unknown",-0.911842788189322,-0.582640414794891,-0.0991058244329658,-0.358516379233474,0.909984080738216,1.71594368444296,-0.213536826617578,-0.463531261898456,0.949558512774745,"Moderate"
"42005",38.6243398,0.629965156794425,53,9.367790205,1067.455357,-1581.89892458096,0.47458488006039,33.0232821296878,40.6708917273655,5,40.81248894,"Western Allegheny Plateau","Unknown",-0.579293790214654,-1.17940476707948,-0.396808321976572,-0.887900400163047,0.368888491253242,-0.120649913044581,0.0600708200066575,-0.737960916606496,1.34652178689863,"Low"
"42007",146.3607893,0.569426751592357,40,10.03686973,973.96875,-1439.30052114422,0.496847351865937,52.14955135126,37.4910720510553,5,40.6808242,"Western Allegheny Plateau","Maple / beech / birch group",-0.934422321737748,-0.51445502706402,-0.637171154427537,-0.574317703400821,0.571666812527879,0.205958740626462,-0.229156713279721,-0.582615276802717,0.486434692963542,"Low"
"42009",18.36751979,0.784918276374443,50,9.804797774,972.2134146,-1120.18011502275,0.444086154494947,45.6195643235458,40.8045442266399,5,40.00562506,"Ridge and Valley","Oak / hickory group",0.329687436292687,-0.741478558212764,-0.386705518497155,0.127447780164506,0.091090031801157,-0.182059517146327,-0.234587344940492,-0.636497311954419,1.14804014983669,"Low"
"42011",188.9307205,0.658730158730159,44,10.57206667,1142.525926,-1785.99939228166,0.438264756888974,53.9872254018284,46.0592036426724,7,40.41541622,"Ridge and Valley","Oak / hickory group",-0.410553420153712,-0.450565887577247,0.010494621564968,-1.33672993492295,0.038065675641511,0.335011702559284,0.2923230772126,-0.458354246598087,0.751076875712801,"Moderate"
"42013",90.0395267,0.772020725388601,52,9.272117615,1001.541176,-1307.57210457505,0.467308728288254,40.1286799409133,41.1767898470786,5,40.4821101,"Ridge and Valley","Oak / hickory group",0.254028219196399,-0.932376328205896,-0.358567441246203,-0.284638779146221,0.302613467770647,0.0352179018833096,-0.143853534411531,-0.760174000627016,1.28036124121132,"Low"
"42015",20.43141206,0.911266783420899,50,7.951738976,938.973545,-1499.11906295012,0.472090218388681,66.7406094653012,44.2436879589201,8,41.78880851,"Northern Allegheny Plateau","Maple / beech / birch group",1.07086916411941,-0.00717782694288918,-0.126740359197282,-0.70586237153029,0.346165798537184,-0.175802720317072,-0.337424380101783,-1.06673705747545,1.14804014983669,"Low"
"42017",400.9879646,0.673031026252983,49,11.13373503,1171.44,-1832.76850296923,0.473883551628417,43.8672610788435,45.6469743202214,10,40.33726825,"Northern Piedmont","Oak / hickory group",-0.326662110728976,-0.802399670087464,-0.0206658270296012,-1.43957809802378,0.362500422428726,0.977874274308436,0.381777027555238,-0.327947131327687,1.08187960414937,"Moderate"
"42019",91.84354495,0.693229478729778,40,9.323320147,1030,-1504.29920686873,0.429610783544339,52.6496417674532,42.6266034479157,5,40.91189331,"Western Allegheny Plateau","Oak / hickory group",-0.208174569750969,-0.497068730323157,-0.24897591119205,-0.717253827959427,-0.0407592725721596,0.0406868770961088,-0.0558080300351531,-0.748285891970405,0.486434692963542,"Low"
"42021",73.91204812,0.77989518818485,42,8.624461095,1088.543689,-1171.81197467625,0.495235503034889,51.1356601137405,45.6263322353189,5,40.49382956,"Central Appalachians","Maple / beech / birch group",0.300221150774809,-0.549704280694317,-0.0222261639354401,0.0139061317394171,0.556985244238281,-0.0136733887668652,0.125313601205083,-0.910545686971011,0.618755784338171,"Low"
"42023",4.396632662,0.935031847133758,37,7.86663539,1068.625,-1572.46280529185,0.430749755020429,74.8119283760661,60.8925296480437,4,41.43622455,"North Central Appalachians","Oak / hickory group",1.21027905028556,0.273432121035966,1.13174696171553,-0.86714979102343,-0.0303849203475482,-0.224412988572598,0.063689444861827,-1.0864962498028,0.287953055901598,"Low"
"42025",64.7655587,0.884267631103074,34,8.597347252,1190.216667,-1221.88953219992,0.400385915296097,39.3058903516371,32.9676274081654,7,40.91783163,"Ridge and Valley","Oak / hickory group",0.912487566801253,-0.96098168334016,-0.979098709282409,-0.0962175103005472,-0.306954768499723,-0.0414014474614543,0.439868012499742,-0.916840928614184,0.0894714188396538,"Low"
"42027",56.50766366,0.890146952541556,52,8.837421935,1040.612717,-1392.77357970194,0.387406745506166,57.2030290412643,49.3355424808066,10,40.91994477,"Ridge and Valley","Oak / hickory group",0.946976661481418,-0.338764272258988,0.258153345444824,-0.472002085427995,-0.42517588448941,-0.0664356860472653,-0.022974557328454,-0.861100835190574,1.28036124121132,"Low"
"42029",268.5212425,0.683127572016461,33,11.27119219,1169.677419,-1952.0835186962,0.477798686063592,78.6120775436337,55.4529882126061,10,39.97365203,"Northern Piedmont","Oak / hickory group",-0.267434064359542,0.405549272149993,0.720571574508248,-1.70195918711142,0.398161529392217,0.576294512193692,0.37632397956038,-0.296032583552801,0.0233108731523391,"Moderate"
"42031",24.82591306,0.766184789440603,43,8.637755235,1122.96875,-1332.37677230246,0.396258308683597,43.4281064381534,46.4032936685482,7,41.19306083,"Western Allegheny Plateau","Unknown",0.219793631146753,-0.817667454973818,0.0365044150931357,-0.339185775541611,-0.344551183986538,-0.16248056182914,0.231817364640022,-0.907459078269391,0.684916330025486,"Low"
"42033",26.78888868,0.829042739315171,47,8.432023918,1075.111702,-1489.25314245696,0.403365027002174,51.0605243161713,48.2037464881154,6,41.00118377,"Central Appalachians","Maple / beech / birch group",0.588529004320162,-0.552316474869809,0.172600792705235,-0.684166602996252,-0.279819449658021,-0.156529699076444,0.0837579111248479,-0.955225392844686,0.949558512774745,"Low"
"42035",16.76139393,0.913919912830292,42,8.48466201,1038.326389,-1487.02978711167,0.40121928934246,57.8780639829442,46.7445120090896,4,41.23213488,"North Central Appalachians","Oak / hickory group",1.08643287029822,-0.315295800505745,0.062297137689254,-0.679277307266191,-0.299363958656531,-0.186928571279773,-0.0300479663326288,-0.943003978537037,0.618755784338171,"Low"
"42037",52.24879968,0.842746400885936,39,9.21667496,1054.9125,-1507.775976104,0.461096531746738,49.8331258187063,42.3422158979123,5,41.04825715,"Ridge and Valley","Oak / hickory group",0.668917002548252,-0.594988587362306,-0.270472789628857,-0.72489945825079,0.246029509029693,-0.0793466538500041,0.0212659076573002,-0.773046573156261,0.420274147276227,"Low"
"42039",32.44637222,0.820682628629648,45,8.358204694,1115.302013,-1689.52902808437,0.47348498557902,50.6529158853357,38.2212563537752,5,41.68508467,"Erie Drift Plain","Unknown",0.539487180023494,-0.566487514552056,-0.581976462564806,-1.12458564555129,0.358870072882651,-0.13937874328812,0.208098122900235,-0.972364602988799,0.817237421400115,"Low"
"42041",178.0079017,0.727272727272727,24,10.91095184,1054.084337,-1236.41457930581,0.29352557100094,45.074684471906,33.1097077450713,8,40.16316559,"Ridge and Valley","Oak / hickory group",-0.0084711117067821,-0.760422018199142,-0.968358844859054,-0.128158986027405,-1.28029507932732,0.301898608902334,0.0187037487627216,-0.379672518064154,-0.572134038033493,"Moderate"
"42043",203.8174925,0.807357212003872,44,10.63064075,1078.944444,-1451.12561480919,0.407191400267174,49.4919394730482,36.033922401353,9,40.41525364,"Ridge and Valley","Oak / hickory group",0.461318030663682,-0.606850376465761,-0.747317217022442,-0.600321814748198,-0.244966826192665,0.380141726641131,0.095615593737964,-0.444754625635963,0.751076875712801,"Moderate"
"42047",14.04374808,0.722605770932908,43,7.655366171,1111.507576,-1552.47348746307,0.487264948170037,70.4860170920725,47.1073967541739,5,41.42850101,"North Central Appalachians","Maple / beech / birch group",-0.035848267515731,0.123036162979645,0.0897276255975879,-0.823192046475702,0.484385231569455,-0.195167256110604,0.196358947750574,-1.13554834416542,0.684916330025486,"Low"
"42049",131.4756045,0.842265529841656,43,8.880436698,1091.205426,-1579.95057913861,0.53453196752292,70.6039142508104,46.7126679455836,7,41.99322846,"Erie Drift Plain","Unknown",0.666096131611247,0.127135011748484,0.0598900422938534,-0.883615868195566,0.914918144525027,0.160833528224018,0.133548445226827,-0.851113747513301,0.684916330025486,"Low"
"42051",63.63551031,0.718021873514028,49,9.907138314,1090.96124,-1297.84225878927,0.425934001871893,67.5406414090914,50.8834458896369,6,39.91990941,"Central Appalachians","Oak / hickory group",-0.0627381856360673,0.0206363289107439,0.375159492201763,-0.263242247298381,-0.0742493370063429,-0.0448272479677261,0.132792986057761,-0.612736075703521,1.08187960414937,"Low"
"42053",6.497405224,0.775731822474032,35,7.972171573,1136.602941,-1677.65062969647,0.481895463602725,83.3123233781151,42.3992336803886,5,41.51106754,"North Central Appalachians","Maple / beech / birch group",0.275798142832309,0.568959459962367,-0.266162810733456,-1.09846431382582,0.435477137437773,-0.218044387218756,0.273998630575637,-1.06199305510321,0.155631964526969,"Low"
"42055",77.46748982,0.588888888888889,51,10.85337661,1022.370079,-1328.0618840701,0.459162796544659,51.3476017195011,44.2610119498833,6,39.9293932,"Ridge and Valley","Oak / hickory group",-0.820254130234379,-0.54233585384555,-0.125430837286875,-0.329697069809142,0.228416030100118,-0.00289488221469889,-0.0794133709584783,-0.393040227890874,1.214200695524,"Moderate"
"42057",12.78796758,0.745634016704632,47,10.46120471,971.0285714,-1128.44303767926,0.370761674632249,39.8964848199628,43.4221034314576,5,39.9290125,"Ridge and Valley","Aspen / birch group",0.0992393198954069,-0.940448894973634,-0.188844001611346,0.109277102882585,-0.576787958781595,-0.198974220051915,-0.238252995957938,-0.484093970297001,0.949558512774745,"Low"
"42059",24.45868884,0.631025957972806,45,10.48945973,1041.142857,-1461.93466495006,0.486517834132521,44.7048103261783,45.2596856933319,3,39.85715729,"Western Allegheny Plateau","Unknown",-0.573070950953213,-0.773281176155711,-0.0499410063829238,-0.624091583630049,0.477580123329387,-0.163593821163806,-0.0213344177467869,-0.477533772300255,0.817237421400115,"Low"
"42061",19.92859918,0.843496545509162,56,9.865348714,986.0070922,-1360.53758474204,0.426965374616699,57.7770942065164,47.1691577462492,6,40.42146792,"Central Appalachians","Oak / hickory group",0.673317477876054,-0.318806146711128,0.0943961440990604,-0.401113141451681,-0.0648550507102425,-0.177327023731074,-0.191912661633228,-0.622438707313932,1.54500342396058,"Low"
"42063",39.41406592,0.714968914395026,51,9.218074614,1130.619403,-1320.95467534987,0.476639569058077,46.4769884819853,36.7312522802986,6,40.65230676,"Western Allegheny Plateau","Maple / beech / birch group",-0.080647360565806,-0.711669087027748,-0.694605993771397,-0.31406787885589,0.387603681072757,-0.118255817211471,0.255486845929678,-0.772721604093527,1.214200695524,"Low"
"42065",25.78411971,0.857721518987342,40,8.370758881,1117.825243,-1702.93708740418,0.469840372199162,85.1484222838611,56.6400533875743,7,41.1290425,"Western Allegheny Plateau","Maple / beech / birch group",0.756763579989237,0.632793837481293,0.810301929309481,-1.1540707961457,0.325673014203904,-0.159575708500972,0.215904455938017,-0.969449795198602,0.486434692963542,"Low"
"42067",24.32382473,0.733412322274882,43,10.17808892,1040.566667,-1273.00254370619,0.470449821416437,61.8193284038349,48.2022376569767,6,40.53359789,"Ridge and Valley","Oak / hickory group",0.0275447917512652,-0.178272593227686,0.172486740034611,-0.208618179603169,0.331224198738156,-0.164002668732109,-0.0231170261626028,-0.549827267898811,0.684916330025486,"Low"
"42069",176.7793544,0.866035182679296,39,7.812299095,1073.890411,-1484.04223620897,0.387334298153862,66.489527084631,47.3667828952089,9,41.44220977,"Ridge and Valley","Oak / hickory group",0.805532938360105,-0.0159070339730193,0.109334645461697,-0.67270749830477,-0.42583577314011,0.298174203824142,0.0799794984228573,-1.09911194972478,0.420274147276227,"Low"
"42071",222.1289038,0.700554528650647,35,11.26018864,1083.251572,-1900.87754595196,0.405335955042017,46.3998936534368,36.2059708281319,10,40.03832999,"Northern Piedmont","Oak / hickory group",-0.165204587092048,-0.71434938947492,-0.734312062205835,-1.58935409030474,-0.261867198768572,0.435653722992094,0.108940925001603,-0.298587367328112,0.155631964526969,"Moderate"
"42073",93.07549458,0.710823909531502,41,9.486741032,994.3035714,-1390.48748065775,0.497778326052024,93.0526228588316,55.8135426046374,4,40.99208443,"Erie Drift Plain","Oak / hickory group",-0.10496266067036,0.907593698158179,0.747825910836477,-0.466974812428682,0.580146615860307,0.044421596514766,-0.166245132443965,-0.710343134810672,0.552595238650857,"Low"
"42075",149.8267759,0.763333333333333,44,10.66837717,1089.122807,-1544.7418519271,0.419907391097849,53.6068015666666,42.5018297806658,7,40.36588206,"Ridge and Valley","Oak / hickory group",0.203066506989826,-0.463791819271296,-0.258407563024043,-0.806189702386852,-0.129142882808916,0.216466059387397,0.127105268225598,-0.43599305382011,0.751076875712801,"Moderate"
"42077",410.7061082,0.700396825396825,36,10.22555062,1154,-2134.76210567866,0.522241168970164,49.1687592981148,45.3697192218924,6,40.61324109,"Ridge and Valley","Oak / hickory group",-0.166129701071501,-0.618086157516972,-0.0416235628541557,-2.10368068304728,0.802967076403669,1.00733533240074,0.327821403938323,-0.538807698659003,0.221792510214283,"Low"
"42079",137.8112716,0.870544720914593,43,8.469330964,1086.319149,-1399.40350451396,0.399843067488662,52.2720890849971,40.6561242834201,6,41.17834526,"Ridge and Valley","Oak / hickory group",0.831986652923659,-0.510194842641923,-0.397924594286358,-0.486581699587605,-0.311899312306933,0.180040432769716,0.118431351035314,-0.946563512285632,0.684916330025486,"Low"
"42081",35.82094116,0.915066899360093,52,8.528976341,1001.690355,-1472.56389977909,0.445054207656649,63.113552732852,44.0595444698073,6,41.34496872,"North Central Appalachians","Oak / hickory group",1.09316128741865,-0.133277193386145,-0.140659780776532,-0.647465927534851,0.0999075699770225,-0.129148561921196,-0.14339200654596,-0.932715159578376,1.28036124121132,"Low"
"42083",16.16657488,0.796119644300728,38,6.965894791,1113.05,-1547.89929202655,0.553994397259196,67.3700938038887,37.0629089499503,6,41.80966545,"North Central Appalachians","Maple / beech / birch group",0.395396556469107,0.0147070185770854,-0.669536038669025,-0.81313310818515,1.09219220754548,-0.188731796186479,0.201130877154341,-1.29562852693965,0.354113601588913,"Low"
"42085",63.45030888,0.715630885122411,42,8.897347274,1044.009259,-1552.74285183196,0.416975176390175,61.5776581269745,46.1196180212395,6,41.30253924,"Erie Drift Plain","Unknown",-0.0767641282351416,-0.186674576170943,0.0150613494399285,-0.823784395360209,-0.155851039083404,-0.0453886957413531,-0.0124663840629127,-0.847187481426814,0.618755784338171,"Low"
"42087",43.37676332,0.926680244399185,26,9.787787203,1027.353846,-1051.06508389469,0.383869265035892,34.7752070858826,31.2527594145801,5,40.60862653,"Ridge and Valley","Oak / hickory group",1.1612871350692,-1.11849680689901,-1.1087257228167,0.27943600251201,-0.457397120189089,-0.106242693809629,-0.0639946635934326,-0.640446794694042,-0.439812946658864,"Low"
"42089",107.1465102,0.814207650273224,45,8.389648337,1190.28,-1312.80025262393,0.458012221870072,49.2466903001844,36.5532796559809,8,41.05808926,"North Central Appalachians","Oak / hickory group",0.501503861042997,-0.615376784404788,-0.708058959170169,-0.296135799622802,0.217935989830927,0.0870786126756003,0.440063951233144,-0.965064076433908,0.817237421400115,"Low"
"42091",661.2743133,0.64390243902439,35,11.39138677,1136,-1103.5939694506,0.528161752312086,52.3085663433142,47.787391677245,10,40.21044448,"Northern Piedmont","Oak / hickory group",-0.497535333657537,-0.508926663095069,0.141128498099674,0.163921738722625,0.856894868498273,1.76694588667727,0.272133260297012,-0.268126029498488,0.155631964526969,"Moderate"
"42093",53.8890733,0.820359281437126,23,9.689000029,1034.210526,-1382.80997949862,0.455537884740097,59.4742189719395,28.3455335098051,5,41.03082122,"Ridge and Valley","Unknown",0.537590370663069,-0.259803386765186,-1.32848316952116,-0.450091513178119,0.195398423748134,-0.074374079004939,-0.0427815646632931,-0.663383017035381,-0.638294583720808,"Low"
"42095",317.6553184,0.740983606557377,27,10.05029171,1172.766667,-1908.85347646387,0.448126122163476,48.6386600846778,43.11760460134,9,40.75130199,"Ridge and Valley","Oak / hickory group",0.0719592268526133,-0.636515749303737,-0.211861093376122,-1.60689365413459,0.127888185617303,0.725247020407449,0.385881451025249,-0.579498986447645,-0.373652400971549,"Low"
"42097",76.968354,0.771971496437055,46,9.836899143,1066.776316,-1452.85065499235,0.36741314138352,60.8865339803802,46.0177734915095,5,40.84897114,"Ridge and Valley","Oak / hickory group",0.253739433834238,-0.210702410155312,0.00736291301036803,-0.604115284658249,-0.607288163648352,-0.00440803842994236,0.0579700126318606,-0.629044075800044,0.88339796708743,"Low"
"42099",32.30042281,0.786516853932584,48,10.35899998,1056.384615,-1235.80342123223,0.453906838745742,40.0175319003054,43.2069377329249,5,40.40446435,"Ridge and Valley","Oak / hickory group",0.339064962820739,-0.936240535064497,-0.205108394567623,-0.126815011675363,0.180541997581897,-0.139821196520294,0.0258203160782185,-0.507823674434671,1.01571905846206,"Low"
"42101",4544.86917,0.25,4,12.52584063,1141.043478,-1125.67643821427,0.494026759264978,118.18118474937,64.8033943074105,9,40.00738496,"Northern Piedmont","Aspen / birch group",-2.80823371210306,1.78122098545108,1.42736954492709,0.115361025985394,0.545975369204878,13.5402658117094,0.287736700703445,-0.00473064206742474,-1.89534495177979,"Moderate"
"42103",39.43957998,0.955613577023499,32,8.095736284,1131.736264,-1536.01316876961,0.434885793986652,36.9438040231853,36.198949451205,8,41.33157882,"North Central Appalachians","Oak / hickory group",1.33101496144067,-1.04310270086858,-0.734842808668733,-0.786994788995532,0.00728830145921519,-0.118178470010732,0.258942174584977,-1.03330403030087,-0.0428496725349756,"Low"
"42105",5.958028977,0.903197737654992,39,7.01212963,1011.916667,-1619.37750790852,0.53479238817736,89.2225403290717,49.5579707920476,6,41.74448543,"North Central Appalachians","Maple / beech / birch group",1.02353477590627,0.77443587459638,0.274966719896676,-0.970318119768848,0.917290193037602,-0.219679534382713,-0.111753988125023,-1.28489380800519,0.420274147276227,"Low"
"42107",70.38646295,0.817998656816656,44,9.392345352,1160.544,-1232.42901510738,0.329599706086028,67.2606644151013,45.5835254338448,8,40.70502762,"Ridge and Valley","Oak / hickory group",0.523742547084853,0.0109025628946277,-0.0254619336009767,-0.119394484186281,-0.951712852794597,-0.0243613836944899,0.348067137937698,-0.732259748242107,0.751076875712801,"Low"
"42109",47.50411962,0.799112097669256,39,9.925691375,1073.722222,-1145.17665488503,0.3962984088068,51.4570157187562,42.2997092646834,5,40.771208,"Ridge and Valley","Oak / hickory group",0.412950794425484,-0.538531933200291,-0.273685869551901,0.072478845093535,-0.344185930939301,-0.0937303983829669,0.0794591576900302,-0.608428460504321,0.420274147276227,"Low"
"42111",26.52101716,0.718569780853518,48,8.652360295,1080.988827,-974.263058746108,0.454627939203611,58.2326352721539,45.8210334855097,5,39.97087571,"Central Appalachians","Unknown",-0.0595240684449335,-0.302968666350851,-0.00750868032268693,0.448328399498606,0.187110160434354,-0.15734176553037,0.101940476746956,-0.904068102600135,1.01571905846206,"Low"
"42113",5.181331993,0.892724375995751,30,7.485522509,1027.297297,-1305.97976624609,0.562533991404623,59.903176380615,41.3079534137559,5,41.44650397,"North Central Appalachians","Maple / beech / birch group",0.962096263713197,-0.2448901219736,-0.348652776387751,-0.2811371288099,1.16997532975678,-0.222034131711954,-0.064169614084253,-1.17498232974435,-0.175170763909605,"Low"
"42115",19.03744228,0.920767306088407,39,7.5326831,1042.65493,-1491.82778054335,0.553381382390723,61.4810683577066,41.0045762954786,5,41.82146772,"Northern Allegheny Plateau","Maple / beech / birch group",1.12660083812623,-0.190032645704462,-0.371585077861701,-0.689828391171006,1.0866085451817,-0.180028612252595,-0.0166563878345568,-1.16403267143218,0.420274147276227,"Low"
"42117",13.87993608,0.918122270742358,45,7.43584054,912.8540541,-1354.80329725619,0.439740355697121,69.5130067160279,49.7598186526084,5,41.77268501,"Northern Allegheny Plateau","Maple / beech / birch group",1.11108461309298,0.0892081859137647,0.290224416378654,-0.388503089091449,0.0515062069447939,-0.195663860713999,-0.418232489050512,-1.18651739691147,0.817237421400115,"Low"
"42119",54.78465769,0.92814371257485,34,9.528036652,1070.02,-1395.79333412406,0.451282607997944,50.1733200934423,44.9873707854154,5,40.96161226,"Ridge and Valley","Oak / hickory group",1.16987208709131,-0.583161288900706,-0.0705253128054145,-0.478642711917675,0.156639121462671,-0.0716590683170594,0.0680052759940286,-0.700755194557989,0.0894714188396538,"Low"
"42121",29.40725497,0.771043771043771,47,8.574694709,1114,-1654.79394372177,0.437527065406052,68.8419943984547,42.2922469298745,4,41.40310913,"North Central Appalachians","Oak / hickory group",0.248297239652314,0.0658795659435816,-0.274249948057587,-1.04820104962193,0.0313463929925716,-0.148591985398637,0.204069973624299,-0.922100353920193,0.949558512774745,"Low"
"42123",17.23195328,0.865496049165935,39,7.703663298,1160.486486,-1812.65031881348,0.575777321981678,53.713131970206,32.9285053612672,5,41.81314091,"North Central Appalachians","Maple / beech / birch group",0.802370289918084,-0.460095103860143,-0.982055948044654,-1.3953369684636,1.29060256135786,-0.185502046120562,0.347889201943621,-1.12433480703843,0.420274147276227,"Low"
"42125",93.2946631,0.559972583961618,43,10.31753791,988.3712121,-1070.61430223657,0.483198911984312,45.501943017828,38.5022483518136,6,40.19174205,"Western Allegheny Plateau","Unknown",-0.989882069252914,-0.745567816590928,-0.560736254182004,0.236446063918764,0.44734963196556,0.0450860172895037,-0.184598581156757,-0.517450260738801,0.684916330025486,"Low"
"42127",27.27407132,0.938275862068966,37,7.39482095,1108.933884,-1406.56803834878,0.53400206991825,44.9168896731363,37.5531966977434,6,41.64897954,"Northern Allegheny Plateau","Maple / beech / birch group",1.22930899097088,-0.765907960554243,-0.632475147243791,-0.502336952008532,0.910091557986885,-0.155058842652547,0.18839649609588,-1.19604124903209,0.287953055901598,"Low"
"42129",131.7630584,0.580545774647887,47,9.887273452,1059.958084,-1242.10038448961,0.482743864166036,44.566067214671,35.5759755534108,7,40.31075305,"Western Allegheny Plateau","Maple / beech / birch group",-0.869196250510703,-0.778104761710058,-0.781933457151853,-0.140662422810915,0.443204816713432,0.161704959682055,0.0368758635765397,-0.617348262419298,0.949558512774745,"Low"
"42131",26.30978948,0.939778129952456,44,8.150774256,1005.790323,-1340.71195324926,0.400121819734711,90.5260968660626,46.8051025764477,4,41.51859087,"Northern Allegheny Plateau","Maple / beech / birch group",1.23812154864625,0.819755720841663,0.0668771836895054,-0.35751535326692,-0.309360290000736,-0.157982113235376,-0.130707583939917,-1.02052541631796,0.751076875712801,"Low"
"42133",191.1065063,0.616125150421179,45,11.26409476,1083.890411,-2310.2873422077,0.406937485098417,63.9994283189359,48.1204613960445,9,39.92126631,"Northern Piedmont","Oak / hickory group",-0.660481610131542,-0.102478571144222,0.166305265704053,-2.48967151950866,-0.24727961931449,0.341607710448095,0.110917356001363,-0.297680451650861,0.817237421400115,"Moderate"
"44001",778.3103863,0.942857142857143,11,10.14076349,1196.444444,-1605.0542532828,0.226421982155622,45.7768057563891,29.6076285748973,8,41.71017907,"Northeastern Coastal Zone","Oak / hickory group",1.25618355949263,-0.736011854347125,-1.233081299117,-0.938820398169616,-1.89150991730262,2.1217468329761,0.459135420285412,-0.558493416820796,-1.43222113196858,"Low"
"44003",375.9225322,0.96211251435132,26,9.607129928,1237.16129,-1335.51681780348,0.420786002694832,63.7581655155962,43.3432460294356,5,41.67116419,"Northeastern Coastal Zone","Oak / hickory group",1.36913882780262,-0.110866387738124,-0.194804839155356,-0.346090929543583,-0.121140025523129,0.901887111488052,0.585104618544809,-0.682391464828855,-0.439812946658864,"Low"
"44005",311.8467384,0.831081081081081,19,10.17834184,1206.514286,-1006.11294330514,0.405391923112739,67.1636639675906,42.5366757688241,6,41.5641326,"Northeastern Coastal Zone","Oak / gum / cypress group",0.600486262124586,0.00753021559540222,-0.255773551895777,0.378288536141948,-0.261357412095954,0.707638007837005,0.490289354048818,-0.549768545403575,-0.902936766470067,"Low"
"44007",599.8392557,0.947728186570165,39,9.353466573,1229.275362,-1415.62797642893,0.464667290711431,61.9919309208949,42.4043384630356,11,41.87065419,"Northeastern Coastal Zone","Oak / hickory group",1.2847579263762,-0.172271841198346,-0.265776939790767,-0.522260315434776,0.278553862787949,1.58070231225041,0.560707246810973,-0.741286550846094,0.420274147276227,"Low"
"44009",147.9068032,0.937958262831359,33,9.897023131,1211.647059,-1212.19474769654,0.44108427995319,59.5453529630764,38.8010816235991,11,41.45952133,"Northeastern Coastal Zone","Oak / hickory group",1.22744590008688,-0.257330320619103,-0.538147422440356,-0.0748980803782674,0.0637473770604158,0.210645562224715,0.506169054054497,-0.615084600080899,0.0233108731523391,"Low"
"45001",19.32267504,0.909277410531115,53,16.09112219,1214.853333,-1367.97308938773,0.327911836325327,101.190461617033,57.1701476516467,2,34.22396358,"Piedmont","White / red / jack pine group",1.05919916603072,1.1905162955485,0.850371798594114,-0.417464275422251,-0.967086859759982,-0.179163914296065,0.516088578891465,0.823049800053885,1.34652178689863,"High"
"45003",61.28478353,0.833050367855122,62,17.17335048,1193.187097,-1256.16104068827,0.371089579935516,96.1609820194251,58.2784045932616,1,33.54343902,"Southeastern Plains","White / red / jack pine group",0.612038431658598,1.01565986578172,0.934145032515072,-0.171582674249623,-0.573801224535986,-0.0519535985419973,0.449057886528434,1.07431955176808,1.94196669808447,"High"
"45005",8.315351799,0.88543599257885,46,17.99591524,1210.95082,-1353.15177252244,0.463751395699244,57.9157038145678,41.8132535466396,1,32.98833693,"Southeastern Plains","White / red / jack pine group",0.91934137297265,-0.313987202578863,-0.310457097531298,-0.384871284195341,0.270211408515247,-0.212533187563836,0.504015039752238,1.26530110799227,0.88339796708743,"High"
"45007",108.2730097,0.848067355530042,43,15.83171729,1308.098214,-1481.11625102181,0.28948500606884,77.3008159149649,53.1243479117593,1,34.51956682,"Piedmont","White / red / jack pine group",0.700130623104576,0.359961548324997,0.544549461480603,-0.666273076154434,-1.31709867333472,0.0904936545371396,0.804568263721741,0.7628216527963,0.684916330025486,"High"
"45009",13.97309477,0.906763469621704,37,17.79126481,1216.482143,-1207.97481493982,0.377631131069437,107.261516319632,61.9715150998355,1,33.21920012,"Middle Atlantic Coastal Plain","White / red / jack pine group",1.04445196315157,1.40158444477018,1.21330756129865,-0.0656181876016658,-0.514217330660455,-0.195381445296934,0.521127768071709,1.21778575175047,0.287953055901598,"High"
"45011",14.90535475,0.868983104877271,41,17.6013008,1193.756098,-1427.39590278396,0.376816263931176,76.3211035077829,46.5695266136562,1,33.26681433,"Southeastern Plains","White / red / jack pine group",0.822825948932763,0.3259005663897,0.0490699771690296,-0.54813871233665,-0.52163956983505,-0.192555250649233,0.450818253718437,1.17368026119142,0.552595238650857,"High"
"45013",127.1722855,0.853205512282804,46,18.77035804,1269.943925,-1333.15985163492,0.433650814698735,80.0550874366874,66.2898522616829,2,32.3861713,"Southern Coastal Plain","White / red / jack pine group",0.730271920290275,0.455717396529606,1.53973102468961,-0.340907815360665,-0.00396054049329246,0.147787792714542,0.686527067812624,1.44510979703776,0.88339796708743,"High"
"45015",77.70287536,0.782645453846745,68,17.87284084,1277.140449,-1472.69087443823,0.457446157459279,54.2240294248585,41.009270502673,2,33.20006658,"Middle Atlantic Coastal Plain","White / red / jack pine group",0.316354674651876,-0.442333086306684,-0.371230242351448,-0.647745152652903,0.212779976969619,-0.00218129869983626,0.708791571269854,1.23672592268606,2.33892997220835,"High"
"45017",14.79772123,0.869799314733235,47,17.34399404,1183.581818,-1139.82201931141,0.406408123023988,93.0619708439613,50.7769113609984,1,33.66981863,"Southeastern Plains","White / red / jack pine group",0.827613974097874,0.907918693075361,0.367106538366628,0.0842540194495341,-0.252101327961076,-0.192881547266768,0.419341211158053,1.11393925617705,0.949558512774745,"High"
"45019",171.41268,0.852788844621514,57,18.39032397,1292.306748,-1327.0631388316,0.468556523202443,77.1088907464397,52.8240371132434,3,32.82992102,"Southern Coastal Plain","White / red / jack pine group",0.727827677264825,0.353289019070347,0.521848943371144,-0.32750076734208,0.313979041198627,0.281904851078534,0.755712851115358,1.35687419342788,1.61116396964789,"High"
"45021",56.11282946,0.801297648012976,48,15.28931846,1258.75,-1153.94370616321,0.325328430768807,68.3791815114821,43.731452849742,1,35.05149603,"Piedmont","White / red / jack pine group",0.425771602663567,0.0497892712131733,-0.165460253485673,0.0531995578350069,-0.990617878529972,-0.0676326464732285,0.651895462073176,0.636888501165077,1.01571905846206,"High"
"45023",21.45081176,0.93906878712397,54,15.84293114,1201.967391,-1222.44577063453,0.375419847961915,101.386210393522,55.2721360303572,1,34.6937002,"Piedmont","White / red / jack pine group",1.23396042355242,1.19732175752996,0.706900943087184,-0.0974407129743777,-0.534358862127529,-0.172712357073111,0.476222235055375,0.765425263634508,1.41268233258595,"High"
"45025",22.14835076,0.889059753954306,60,16.35519494,1190.864407,-1128.78848083386,0.335566122205538,89.9658535114214,56.754068697485,1,34.64136789,"Southeastern Plains","White / red / jack pine group",0.940598970551581,0.800278128599373,0.818920356019989,0.108517452049289,-0.897367591616603,-0.170597731292046,0.441871981286532,0.884361720043506,1.80964560670984,"High"
"45027",21.53362124,0.819828722002635,50,17.43431379,1196.421569,-1130.42311956234,0.469280971474163,58.739993678187,44.1942494248761,1,33.66552638,"Southeastern Plains","White / red / jack pine group",0.534478019218931,-0.285329688446794,-0.130477422076529,0.104922780521734,0.320577697703296,-0.172461315824773,0.459064649936201,1.13490952776123,1.14804014983669,"High"
"45029",13.74979534,0.865817091454273,54,18.14487561,1273.651613,-1408.68336416935,0.40563438294298,88.0589338113484,58.8626239144105,1,32.8691524,"Middle Atlantic Coastal Plain","White / red / jack pine group",0.804253578320441,0.733981573630684,0.978306219342771,-0.506988684141279,-0.259148960232108,-0.196058389140325,0.697997860141577,1.29988644967203,1.41268233258595,"High"
"45031",46.04808109,0.793727915194346,50,16.89458521,1170.616279,-1388.95092891267,0.427564071893896,87.1080722952222,51.2247158847503,2,34.333221,"Southeastern Plains","White / red / jack pine group",0.381366268711849,0.700923630619735,0.400956119371254,-0.463595840235977,-0.0594018005104395,-0.098144454964407,0.379228611256996,1.00959634980905,1.14804014983669,"High"
"45033",29.04631681,0.783653846153846,33,16.82395837,1187.333333,-1162.13785943206,0.407630502012903,78.5078747498075,45.0888053262262,2,34.39011421,"Southeastern Plains","White / red / jack pine group",0.322270074603769,0.40192652587047,-0.0628578674721815,0.0351801086840991,-0.240967256169829,-0.149686188215262,0.430947594835416,0.993198341445071,0.0233108731523391,"High"
"45035",109.5363464,0.8693967902601,50,17.9129424,1274.103448,-1301.51598410239,0.470506162975691,63.5860499406288,48.6176439735256,2,33.07970564,"Middle Atlantic Coastal Plain","White / red / jack pine group",0.825252697407987,-0.116850210589373,0.203887337875926,-0.271320996169947,0.331737387341079,0.0943235254920035,0.699395740829476,1.24603662830858,1.14804014983669,"High"
"45037",20.83613564,0.93046357615894,55,16.62505183,1190.972973,-1179.87909993981,0.282760477744141,82.2859286428389,46.3075403588504,1,33.77221809,"Piedmont","White / red / jack pine group",1.18348079953099,0.533275505895394,0.0292664144898361,-0.00383397498196057,-1.37834921985788,-0.174575779720958,0.442207861231119,0.947016590901358,1.47884287827326,"High"
"45039",12.60519382,0.945058271530195,53,16.25522175,1176.386792,-1223.02776303976,0.305624701854429,105.161253908369,57.8134203703821,2,34.39298116,"Piedmont","White / red / jack pine group",1.26909575284733,1.32856607782393,0.898996836631833,-0.0987205502202984,-1.17008982158315,-0.199528308217592,0.397081342191888,0.861150130712963,1.34652178689863,"High"
"45041",66.6748804,0.863404689092762,61,17.22169822,1199.586207,-1198.90819162988,0.450137098627036,82.6374241330398,60.1628149737512,1,34.02420279,"Middle Atlantic Coastal Plain","White / red / jack pine group",0.790102017749484,0.545495705878885,1.07658776910448,-0.0456801229422008,0.146205218647835,-0.0356132393595908,0.468855361909354,1.08554484012729,1.87580615239715,"High"
"45043",29.49346532,0.815847801994828,51,17.70760144,1330.275362,-1377.71545770725,0.390477809497952,109.943045426318,60.2529647663221,1,33.43436805,"Middle Atlantic Coastal Plain","White / red / jack pine group",0.511125268650683,1.49481130787025,1.08340219938449,-0.438888345095241,-0.397203015788182,-0.1483306342359,0.873179608353886,1.19836094609558,1.214200695524,"High"
"45045",253.555051,0.788972089857046,54,15.06039671,1395.132231,-1312.7605594192,0.352814968155619,81.2617891061492,54.7814949179306,3,34.89448522,"Piedmont","Oak / hickory group",0.35346779232189,0.49766995675394,0.669813340800064,-0.296048511813946,-0.740256015856593,0.530923723764303,1.07383286596487,0.583737874983905,1.41268233258595,"High"
"45047",59.89106452,0.919759277833501,53,16.15133344,1192.313433,-1281.0630356078,0.361534520898828,86.8565418123504,56.8401095142871,2,34.15254257,"Piedmont","White / red / jack pine group",1.12068757376613,0.692178844731072,0.825424188481629,-0.226343699151908,-0.660833735932896,-0.0561787302552142,0.446354957288087,0.837029536101906,1.34652178689863,"High"
"45049",13.25424604,0.846835027877993,50,18.2386686,1245.817073,-1532.36830770734,0.503731058071328,51.1808255466865,41.7708383549673,1,32.77420111,"Middle Atlantic Coastal Plain","White / red / jack pine group",0.692901580516376,-0.548134045404454,-0.313663265379512,-0.778979514394387,0.634367235044718,-0.197560672633532,0.611883756713254,1.32166313166011,1.14804014983669,"High"
"45051",117.2595927,0.796673732268058,54,17.16610878,1299.712644,-1091.37821756651,0.436389306412079,61.9306727542415,50.1113756098296,3,33.92124852,"Middle Atlantic Coastal Plain","White / red / jack pine group",0.398646930269271,-0.174401561402434,0.316798635865082,0.190784931622892,0.0209830846938282,0.117736948597365,0.778625106684281,1.07263818732972,1.41268233258595,"High"
"45053",17.41925768,0.891343904341045,49,18.56710467,1263.265306,-1527.35094589714,0.474752340989952,79.2030977297782,54.7280627195955,1,32.43904562,"Middle Atlantic Coastal Plain","White / red / jack pine group",0.953998183330857,0.426096861152736,0.665774396506591,-0.767946025875897,0.370413813619611,-0.184934223083934,0.665864851468313,1.3979188075886,1.08187960414937,"High"
"45055",35.03130919,0.888581167447806,59,16.52000757,1181.036036,-1244.64408215095,0.354241763775281,95.2601063496215,55.088616609638,1,34.33929196,"Southeastern Plains","White / red / jack pine group",0.93779150109987,0.984339746030054,0.693028694889446,-0.146256171079945,-0.72726000970399,-0.131542372333681,0.41146510706386,0.922627609969062,1.74348506102252,"High"
"45057",67.06934687,0.908830424589737,50,15.89314806,1203.185185,-1183.87859571053,0.318213266041725,86.0335174680042,53.4086880445855,1,34.6826153,"Piedmont","White / red / jack pine group",1.05657707084266,0.663565328030066,0.566042755649062,-0.0126291132110352,-1.0554265471968,-0.0344173937262606,0.479989828788571,0.777084534729936,1.14804014983669,"High"
"45059",36.28289594,0.903728546064313,50,15.80933484,1214.698113,-1241.59025317152,0.326615134965938,83.8182829433378,52.8601946389817,2,34.48322679,"Piedmont","White / red / jack pine group",1.0266485878789,0.586549805337915,0.524582093733608,-0.139540612534122,-0.978897898855197,-0.127748121963754,0.515608361466131,0.757624937180729,1.14804014983669,"High"
"45061",16.13746885,0.888888888888889,43,16.88913555,1177.288136,-1262.25014338062,0.374105472624731,85.8881693183502,48.3696023489958,1,34.16381456,"Southeastern Plains","White / red / jack pine group",0.93959664715757,0.658512109694357,0.185137850953163,-0.184972987164145,-0.546330885123312,-0.188820032631211,0.399869907422011,1.00833105788518,0.684916330025486,"High"
"45063",162.9659099,0.849626400996264,51,17.04328182,1189.627273,-1379.69066342633,0.295468631067808,111.70105611488,63.9946163700724,1,33.89655134,"Southeastern Plains","White / red / jack pine group",0.709276247690309,1.55593084648813,1.36623395372023,-0.44323194447028,-1.26259666461683,0.256298027918561,0.43804455373678,1.04412045218254,1.214200695524,"High"
"45065",10.21563644,0.936941813261164,43,16.4910356,1195.464286,-1532.60953093852,0.315324308972451,97.5980625139451,54.1873105395818,1,33.90151776,"Piedmont","White / red / jack pine group",1.22148323486592,1.06562184687391,0.624898894474052,-0.77950997917893,-1.08174069011223,-0.206772375776654,0.456103021424568,0.915900951854653,0.684916330025486,"High"
"45067",24.42194771,0.773408863712096,54,17.16430522,1236.507042,-1196.23325905858,0.537231116351667,55.5146257459774,44.1780288950352,1,34.07835314,"Southeastern Plains","White / red / jack pine group",0.2621712735555,-0.397463818900107,-0.131703533269394,-0.0397977810004306,0.939503413993054,-0.163705203811548,0.583080515400306,1.07221944012307,1.41268233258595,"High"
"45069",21.2218962,0.866549295774648,47,16.61744611,1168.632353,-1214.3378484302,0.323975786133866,118.86818688454,53.9946660090314,1,34.59900948,"Southeastern Plains","White / red / jack pine group",0.80854881279518,1.80510551232243,0.610336878469103,-0.0796108912604197,-1.00293847845033,-0.173406326506881,0.373090769253566,0.945250708976383,0.949558512774745,"High"
"45071",23.47940367,0.907753767931723,57,16.22397728,1196.494737,-1431.79882312873,0.277687939708997,99.2128786223939,60.4057109480023,3,34.28620825,"Piedmont","White / red / jack pine group",1.05026122065402,1.12176303881503,1.0949482958969,-0.55782100612162,-1.42455256854048,-0.16656257512236,0.459291016052531,0.853895847774802,1.61116396964789,"High"
"45073",48.2593544,0.767525035765379,53,15.02560416,1538.864583,-1799.35849144673,0.33475132938106,59.9035626657617,42.9195679757559,1,34.75246187,"Piedmont","White / red / jack pine group",0.227655742935265,-0.244876692265752,-0.226830698290844,-1.36610741911305,-0.904789153902112,-0.0914408648421261,1.51850996952484,0.575659805429834,1.34652178689863,"High"
"45075",30.3448056,0.863261421319797,55,17.58477753,1207.865854,-1212.42579452582,0.435232280433199,76.5068663604444,54.6038190029427,2,33.43996721,"Middle Atlantic Coastal Plain","White / red / jack pine group",0.789261584744058,0.332358854681621,0.656382803684084,-0.0754061666264851,0.0104442825465313,-0.145749751870116,0.494470815877984,1.16984391909172,1.47884287827326,"High"
"45077",97.41590704,0.79003941239699,50,14.98552849,1515.052632,-1529.3435057524,0.370922759303812,55.8943749396579,46.7891760334121,3,34.88824284,"Piedmont","White / red / jack pine group",0.359728886994051,-0.384261341998646,0.0656732949835797,-0.772327788068275,-0.57532071473215,0.0575797827787158,1.4448408946544,0.566355110899367,1.14804014983669,"High"
"45079",211.4163179,0.869888475836431,65,17.03271923,1172.243243,-1332.32373050095,0.335356533006895,99.6430252172408,58.7052939604468,3,34.01624903,"Southeastern Plains","White / red / jack pine group",0.828137008220449,1.13671764721766,0.966413635104166,-0.339069133343958,-0.899276640451312,0.403177961312809,0.384262089308731,1.04166804967996,2.14044833514641,"High"
"45081",17.30622734,0.908803789972365,44,16.40694527,1198.223881,-1327.26079997346,0.377295929720403,97.5523551989195,54.584005607481,2,34.00775297,"Piedmont","White / red / jack pine group",1.05642082766903,1.06403277234552,0.654885107481647,-0.327935436401591,-0.517270521134533,-0.18527688044217,0.464640617133004,0.896377015420997,0.751076875712801,"High"
"45083",149.8756033,0.824685534591195,49,15.38493935,1288.132231,-1408.41949940889,0.287562408255504,72.8265940714824,52.1175598635328,1,34.92921298,"Piedmont","Oak / hickory group",0.562968903917678,0.20440937988435,0.46844626960706,-0.506408429235394,-1.33461070706034,0.216614082191659,0.742797789874853,0.659089581575745,1.08187960414937,"High"
"45085",61.9287209,0.821439325504366,61,17.12924646,1187.306122,-1276.35942486418,0.420021362196579,92.8765718054031,54.4855059528638,1,33.91858684,"Southeastern Plains","White / red / jack pine group",0.543926091967569,0.901473053256104,0.647439510438639,-0.216000168607694,-0.128104774000687,-0.0500014688919092,0.430863409831159,1.06407956242627,1.87580615239715,"High"
"45087",20.54233205,0.909794339238444,55,15.7380689,1210.813333,-1358.58060235805,0.393934749428102,86.6783032696408,52.7949543989158,1,34.68759029,"Piedmont","White / red / jack pine group",1.06223155732221,0.685982148905949,0.51965057858863,-0.396809616316072,-0.365715385757431,-0.175466460594692,0.503589684429748,0.741078543767304,1.47884287827326,"High"
"45089",12.73415427,0.914334181509754,62,17.47740078,1250.639706,-1124.64279755121,0.340819783386672,107.643692810753,56.1370691561529,1,33.62198203,"Middle Atlantic Coastal Plain","White / red / jack pine group",1.08886304049022,1.41487130983868,0.772281309636196,0.117634065646384,-0.849514477903028,-0.199137357901828,0.626803950003994,1.14491338496904,1.94196669808447,"High"
"45091",155.2762953,0.889716018748277,52,15.51560608,1208.79798,-1329.26885404736,0.341386669234796,102.510594210241,55.5036487053968,2,34.97323103,"Piedmont","White / red / jack pine group",0.944448730911063,1.23641243004657,0.724401005350271,-0.33235127133776,-0.844350982957768,0.232986561062071,0.497354614021307,0.689427539941633,1.28036124121132,"High"
"46007",1.117916275,0.976744186046512,6,8.380383756,457.6717949,-556.891200406647,0.367200880339502,-3.33678615414513,29.3423301264768,0,43.19547798,"Northwestern Great Plains","Douglas-fir group",1.45497069049372,-2.44351004930615,-1.2531352307856,1.36615489500219,-0.609221549058288,-0.234352587936574,-1.82646887978974,-0.967215109620821,-1.76302386040516,"Low"
"46023",3.280232814,0.939393939393939,6,9.100735442,592.2222222,-491.286461813681,0.565193585299245,7.78471168576161,15.2947973970073,0,43.20770887,"Northwestern Glaciated Plains","Oak / hickory group",1.23586782180268,-2.05685664546891,-2.31498939218917,1.51042376725145,1.1942003120469,-0.227797412813475,-1.41019868409629,-0.799965194828703,-1.76302386040516,"Low"
"46045",1.329092343,0.666666666666667,3,6.177186636,472.4635417,-413.053910435604,0.440396840546956,13.34709596338,11.1315523902725,0,45.41921755,"Northwestern Glaciated Plains","Aspen / birch group",-0.36399652128091,-1.86347308820429,-2.62968942674185,1.68246197977331,0.0574858167991949,-0.233712396696032,-1.78070638420617,-1.47874931957926,-1.9615054974671,"Low"
"46053",1.595080501,0.979591836734694,12,8.886209287,602.0625,-413.988468628884,0.543824500274823,4.04834300056865,30.1555960165919,0,43.19420784,"Northwestern Glaciated Plains","Oak / hickory group",1.47167549141817,-2.18675638477712,-1.19166039485697,1.6804068285832,0.999559428218915,-0.232906039752027,-1.37975497278535,-0.849773478534768,-1.36606058628127,"Low"
"46071",0.682764451,0.985611510791367,8,8.870571656,440.0155763,-431.832784793998,0.581904151929196,-13.8960524594177,5.0279722340635,0,43.69359369,"Northwestern Great Plains","Douglas-fir group",1.50698791831245,-2.81061673922588,-3.09105955579906,1.64116607518012,1.3464089561888,-0.235671773337975,-1.88109343743192,-0.853404194618496,-1.63070276903053,"Low"
"46073",1.474303602,0.857142857142857,3,7.779608235,530.4536082,-411.309345109693,0.536058618022528,59.6254286516884,36.1251874039537,0,44.06653077,"Northwestern Glaciated Plains","White / red / jack pine group",0.753369051666357,-0.254546384677008,-0.740418487924003,1.68629838667824,0.928823681528625,-0.233272181207031,-1.60129754237166,-1.10670205280324,-1.9615054974671,"Low"
"46079",8.743518591,0.956521739130435,4,6.905126545,608.4351852,-449.478658492507,0.329827182524861,4.75547903346742,-3.3348781404198,2,44.02188738,"Northern Glaciated Plains","White / red / jack pine group",1.33634239407363,-2.16217187664413,-3.72320810760214,1.60236170901792,-0.949640877553079,-0.211235177650471,-1.36003925007433,-1.30973758528309,-1.89534495177979,"Low"
"46095",0.609871852,0.88695652173913,5,8.989028399,473.921659,-429.137436451579,0.427277879622245,23.4353507773193,23.7119905568985,0,43.58115765,"Northwestern Great Plains","Oak / hickory group",0.928261054388536,-1.51274172820792,-1.67873306474044,1.64709331266356,-0.062008590489291,-0.23589275104545,-1.77619528167015,-0.825901128326926,-1.82918440609247,"Low"
"46099",91.72697899,0.526315789473684,4,7.246834636,614.4453125,-984.295254120273,0.509931738479213,-13.9501805809555,56.7373961660953,1,43.67449059,"Western Corn Belt Plains","Aspen / birch group",-1.18731852239995,-2.81249857409535,0.81766007799265,0.426266982231253,0.690846298773759,0.0403335013218359,-1.34144520383072,-1.23040043620126,-1.89534495177979,"Low"
"46111",1.608867291,0.904761904761905,9,7.887580236,556.5185185,-559.036553914436,0.546930110197636,20.2991955580897,33.0051753211286,0,44.02355276,"Northern Glaciated Plains","Aspen / birch group",1.03271044490318,-1.62177426212849,-0.976260459434566,1.36143713013059,1.02784695945904,-0.232864244380625,-1.52065829410586,-1.08163331441039,-1.56454222334321,"Low"
"46121",2.866163134,0.979865771812081,8,8.547362615,488.7962963,-577.631730652047,0.314948379576868,-17.964687928365,15.8283509444099,0,43.19411711,"Northwestern Great Plains","Oak / hickory group",1.47328244094782,-2.9520681674136,-2.27465803539136,1.32054518795161,-1.08516485309017,-0.229052686598145,-1.73017634063822,-0.928446268674657,-1.63070276903053,"Low"
"46123",1.304520413,0.783783783783784,7,8.881382882,527.3791822,-1637.88660425217,0.455148320644731,19.3542819226689,29.180677931841,0,43.34413217,"Northwestern Great Plains","Elm / ash / cottonwood group",0.323032310733965,-1.65462541929517,-1.26535453355426,-1.01102076584474,0.191850068741683,-0.233786887780643,-1.61080915774402,-0.850894064271833,-1.69686331471784,"Low"
"47001",87.60837151,0.787187839305103,52,13.3223856,1254.254902,-1807.74527674049,0.415812386411831,60.4242551112182,44.8578793405405,2,36.12993687,"Ridge and Valley","Oak / hickory group",0.343001076585561,-0.226774139058783,-0.080313581838461,-1.38455047798468,-0.166442342774346,0.0278477283983251,0.637988591900633,0.180209687704484,1.28036124121132,"Moderate"
"47003",39.89256721,0.629032258064516,42,14.43497822,1420.028986,-1062.93597289698,0.494216305456762,52.6983693863751,46.188409835395,1,35.51121034,"Interior Plateau","White / red / jack pine group",-0.584766332064848,-0.495374650983463,0.0202613283642184,0.253331184389312,0.547701855774279,-0.116805215647821,1.15085809200056,0.438529373088464,0.618755784338171,"Moderate"
"47005",15.7973324,0.775112443778111,49,14.41618902,1369.41791,-1409.4175546444,0.375821668865479,86.4054498631689,55.1548373429584,1,36.07051986,"Southeastern Plains","Oak / hickory group",0.272164762567253,0.676496043717637,0.698034325600663,-0.508603214343264,-0.530698865655014,-0.189851173981372,0.994278265882269,0.4341669315754,1.08187960414937,"Moderate"
"47007",14.20833521,0.820658342792281,47,13.34940435,1511.5,-1285.76445062008,0.350182049204188,74.6793454371513,47.1131914041166,1,35.59899391,"Southwestern Appalachians","White / red / jack pine group",0.539344715190927,0.268822701930725,0.0901656436662431,-0.236682401147286,-0.764238028711533,-0.194668301660273,1.43384981236992,0.186482850831765,0.949558512774745,"Moderate"
"47009",90.95398115,0.750370736529906,56,13.6584856,1356.074074,-1434.35683031966,0.416099469356634,70.5503058931411,51.6291726275088,2,35.68869053,"Ridge and Valley","Oak / hickory group",0.127025720118061,0.125271247149027,0.431529038023714,-0.563446221930049,-0.163827440075211,0.0379901181401484,0.952995296110376,0.258244760647495,1.54500342396058,"Moderate"
"47011",125.572938,0.843984962406015,39,14.66947095,1428.630435,-1154.59616289263,0.350621173117195,113.058068534917,52.8938890329508,2,35.15362263,"Ridge and Valley","White / red / jack pine group",0.676182614061447,1.60310915635337,0.527129055761823,0.0517647651879564,-0.760238256777452,0.142939287532206,1.17746913241364,0.492973459045488,0.420274147276227,"High"
"47013",32.01613782,0.740477727566172,54,12.69982885,1311.136986,-1513.9077232981,0.40863996139504,74.8050378518363,58.8604615435405,1,36.40821107,"Central Appalachians","Oak / hickory group",0.068991655066152,0.273192562957906,0.97814276554978,-0.738383549058603,-0.231772568325073,-0.140683021262744,0.813969573256695,0.0356656192801642,1.41268233258595,"Moderate"
"47015",20.89267329,0.613157894736842,45,14.02182056,1432,-1523.37424744711,0.39251603128367,61.4695830185386,47.7659313260289,2,35.80985859,"Interior Plateau","Oak / hickory group",-0.677888034207546,-0.190431948527468,0.139506308375482,-0.759201020363099,-0.378637818010354,-0.17440438289255,1.1878938446208,0.342603195953493,0.817237421400115,"Moderate"
"47017",17.98600214,0.850036049026676,58,14.53740249,1359.329787,-1698.96679531525,0.42965626073247,80.9792719153335,51.3185700041945,2,35.97370031,"Southeastern Plains","White / red / jack pine group",0.711679312372901,0.487847877476142,0.408050560026132,-1.14533987861665,-0.0403450423848724,-0.183216107757921,0.963067774621424,0.462310049615048,1.67732451533521,"High"
"47019",63.87020597,0.727833461835004,49,11.5219433,1199.38,-1808.77398072082,0.387287153163684,57.6567918147787,46.7917897185906,3,36.28964449,"Blue Ridge","Oak / hickory group",-0.00518174785566966,-0.322988616547901,0.0658708636624958,-1.38681266157543,-0.426265194547054,-0.0441157558599874,0.468217401629585,-0.237813657163658,1.08187960414937,"Moderate"
"47021",51.74221985,0.714285714285714,43,14.05711854,1301.422222,-1809.65469008431,0.44159481723415,75.5056223852759,49.7951653192319,1,36.26250597,"Interior Plateau","Oak / hickory group",-0.0846551280440959,0.297549299651964,0.292896273833534,-1.38874939586284,0.0683976195710159,-0.080882376968977,0.783914174752615,0.350798615304999,0.684916330025486,"Moderate"
"47023",23.32263898,0.834101382488479,40,15.00057543,1380.428571,-1516.9534799512,0.371196881397407,72.6087787631887,56.1714050853126,0,35.42527769,"Southeastern Plains","Oak / hickory group",0.618203861390477,0.196836746092396,0.774876765362553,-0.745081356060238,-0.572823866293711,-0.167037815438722,1.02834289206859,0.569848681445244,0.486434692963542,"High"
"47025",28.2750985,0.711930164888458,48,12.69116414,1277.96875,-1409.07630328208,0.397576817638751,60.2055918570578,51.3080628551728,1,36.4849913,"Ridge and Valley","Oak / hickory group",-0.0984731795039164,-0.234376252796725,0.407256323762153,-0.507852781520097,-0.332541509820658,-0.152024176659141,0.711354157106867,0.0336538630264302,1.01571905846206,"Moderate"
"47027",12.47088621,0.737388724035608,49,13.94815819,1356.102564,-1355.72774209475,0.460950351152386,42.137280497454,39.2604757611299,1,36.55157933,"Interior Plateau","Oak / hickory group",0.0508710375173864,-0.862544705405134,-0.503421781571185,-0.390536000389872,0.244698019167087,-0.199935468727182,0.953083438066617,0.325500403879393,1.08187960414937,"Moderate"
"47029",31.69041183,0.797479356801391,64,12.98124614,1200.061538,-1594.39895094541,0.388704717974546,69.3507527586535,50.6554437167826,2,35.92943156,"Ridge and Valley","Oak / hickory group",0.403372860140178,0.0835672150834002,0.357924789089344,-0.915388730203867,-0.413353267463873,-0.141670476553439,0.470325934187418,0.101004562310734,2.07428778945909,"Moderate"
"47031",50.42617058,0.7421875,47,14.11554731,1476.462687,-2053.30010200417,0.401512220710914,67.2073756346604,44.9365249220666,2,35.49082107,"Interior Plateau","Oak / gum / cypress group",0.0790214695556036,0.00904990881507743,-0.074368755823263,-1.92454070545817,-0.296695785433781,-0.0848720488231572,1.32545187241716,0.364364498461561,0.949558512774745,"Moderate"
"47033",20.80804215,0.7,15,15.21271373,1325.384615,-1733.02539082832,0.443778343781124,83.6209421990077,41.4469234506311,1,35.81832651,"Mississippi Valley Loess Plains","Oak / hickory group",-0.16845754601514,0.579688996514375,-0.338148019801083,-1.22023683378249,0.0882863296622141,-0.174660946597984,0.858048684940035,0.619102557418188,-1.16757894921933,"High"
"47035",34.01160644,0.738069608898457,49,12.78738627,1503.634615,-1558.91000031381,0.354777935128263,65.0449389382787,48.5261795812942,1,35.95266823,"Southwestern Appalachians","Oak / hickory group",0.0548652233680506,-0.0661300283907154,0.196973536898803,-0.837346335786348,-0.722376278561154,-0.134633654289489,1.40951599627691,0.0559945382221516,1.08187960414937,"Moderate"
"47037",529.3260969,0.682519280205656,49,14.55005068,1277.151899,-1470.29970600386,0.433215872153374,49.8168250106441,39.6429835370743,2,36.16811742,"Interior Plateau","Oak / hickory group",-0.271002407079963,-0.595555306253347,-0.474507987136401,-0.642486825574963,-0.00792222632807258,1.36693800157707,0.708826995116781,0.465246682846964,1.08187960414937,"High"
"47039",13.48729416,0.786212238574748,50,14.76276184,1395.326531,-1463.65860916111,0.397925945292587,66.8308538763245,46.851186423152,2,35.60029137,"Interior Plateau","Oak / hickory group",0.337278037573095,-0.00404036207963691,0.0703606654751564,-0.627882643429736,-0.329361471225942,-0.196854175129048,1.07443398853762,0.51463356438934,1.14804014983669,"High"
"47041",25.49874516,0.676691729323308,55,14.09381633,1406.387755,-1566.20380973168,0.418207181085608,65.9565337200863,49.8853762476661,2,35.97625428,"Interior Plateau","Oak / hickory group",-0.305187806915267,-0.0344372447045628,0.299715325378506,-0.853385873199122,-0.144629291286283,-0.160440836301266,1.10865504581321,0.359319039939028,1.47884287827326,"Moderate"
"47043",41.99851363,0.66236722306525,45,13.98754228,1355.88,-1491.71151417969,0.416793842430911,45.4548706446502,43.6445528826047,2,36.14667278,"Interior Plateau","Oak / hickory group",-0.389217785161931,-0.747204349149571,-0.172029029192242,-0.689572714256114,-0.157502724312736,-0.110420929474184,0.952394872733207,0.334644528651616,0.817237421400115,"Moderate"
"47045",28.03428993,0.683168316831683,35,15.08000654,1288.526316,-1075.42987334254,0.477680035373256,100.226137259221,54.993625163065,1,36.05794359,"Mississippi Valley Loess Plains","Elm / ash / cottonwood group",-0.267195048377065,1.15699029925569,0.685848283582791,0.225856325622498,0.39708079639839,-0.152754200371684,0.744017004435235,0.588290848844215,0.155631964526969,"High"
"47047",22.24876628,0.87746170678337,51,15.52628757,1352.647059,-1178.66031649209,0.437861196547431,57.2072390851572,47.6311104527061,1,35.19619906,"Mississippi Valley Loess Plains","White / red / jack pine group",0.872562862784913,-0.338617904582177,0.129315187405068,-0.00115379490214129,0.0343898354515319,-0.170293316417163,0.942392845911435,0.69190754842509,1.214200695524,"High"
"47049",14.25213328,0.772619611558503,52,12.94887503,1394.526316,-1515.82900703758,0.335999800080926,90.9187984135445,58.1370665577404,2,36.38121994,"Southwestern Appalachians","Oak / hickory group",0.257541386835304,0.833408503246672,0.923461278714809,-0.742608570670004,-0.893417425062176,-0.194535525531651,1.0719582947674,0.0934886981926257,1.28036124121132,"Moderate"
"47051",29.2443293,0.690201729106628,51,14.31551418,1513.109756,-1561.65719770792,0.395010507132105,59.8670354205781,43.495744421183,1,35.15706751,"Interior Plateau","Oak / hickory group",-0.225935861511131,-0.246146609671333,-0.183277473104475,-0.843387592536921,-0.35591681787057,-0.149085903046509,1.43883005255633,0.41079243445274,1.214200695524,"Moderate"
"47053",31.51170011,0.765243902439024,43,14.87419959,1340.626374,-1306.58137407943,0.468199203920564,55.2628641822225,47.6570970574435,1,35.9943335,"Mississippi Valley Loess Plains","Unknown",0.214274228742863,-0.406216638617602,0.131279517007466,-0.282460101593783,0.310724388940272,-0.142212250433452,0.905203421858826,0.540506973939637,0.684916330025486,"High"
"47055",18.58238575,0.575903614457831,52,14.61529355,1424.125,-1358.0610034968,0.475054010130972,56.3061874653719,40.9098565751281,1,35.20214048,"Interior Plateau","Oak / hickory group",-0.896427947908196,-0.369944141464849,-0.378744949360712,-0.395666986327106,0.373161575078029,-0.181408139806151,1.16353028177772,0.480394651069105,1.28036124121132,"High"
"47057",32.0180204,0.666666666666667,46,13.25699997,1221.042553,-1317.7719338578,0.429474476613767,73.5629174308464,59.2938812320171,1,36.27668701,"Ridge and Valley","Oak / hickory group",-0.36399652128091,0.230008623558289,1.01090499566565,-0.307068833732477,-0.0420008279035227,-0.140677314123497,0.535236699579669,0.16502857373104,0.88339796708743,"Moderate"
"47059",42.86743393,0.734170305676856,57,13.0938807,1122.473684,-1312.42193353615,0.399866795488345,68.9616235096066,48.4904948668283,2,36.1746507,"Ridge and Valley","Oak / hickory group",0.0319912506819795,0.0700386283010754,0.194276126379544,-0.295303852581857,-0.311683185185697,-0.10778675236284,0.230285736500026,0.127155844981082,1.61116396964789,"Moderate"
"47061",14.32281076,0.742598684210526,46,13.34965437,1542.592593,-1280.04705682505,0.326219440759653,93.2856507461346,57.291435578147,1,35.38441523,"Southwestern Appalachians","Oak / hickory group",0.0814335457307551,0.915695217136262,0.859539962994412,-0.224109499056609,-0.982502090141296,-0.194321263072708,1.53004363376797,0.186540900010394,0.88339796708743,"Moderate"
"47063",154.4499208,0.81619937694704,30,13.53297622,1167.428571,-1189.33502699107,0.376520452144098,94.0301180807906,56.2112921490868,2,36.22134708,"Ridge and Valley","White / red / jack pine group",0.513187666827222,0.941577596752207,0.777891831813756,-0.0246281426139736,-0.524333979428057,0.230481363757671,0.369366525646409,0.229104226213303,-0.175170763909605,"Moderate"
"47065",259.7341127,0.700072098053353,48,14.59573661,1457.17284,-1539.28146045237,0.373536280527244,51.5501570240071,40.3787959463999,2,35.17774127,"Ridge and Valley","Oak / hickory group",-0.168034606631,-0.535293754024112,-0.41888786622964,-0.794181964272288,-0.551515386602722,0.549655870889564,1.26577321849745,0.475853957110633,1.01571905846206,"High"
"47067",11.4064213,0.738955823293173,43,12.62355358,1218.214286,-1412.68785016915,0.416086256060944,60.4504545558065,46.4954711228027,1,36.52700259,"Ridge and Valley","Oak / hickory group",0.060063907006307,-0.225863281135279,0.0434721164875869,-0.515794796192323,-0.163947793733238,-0.203162449500622,0.52648664741567,0.0179561689433661,0.684916330025486,"Moderate"
"47069",14.59777758,0.807598636142231,57,15.29203992,1375,-1179.00756091501,0.382999784674154,85.4375728366088,49.5399970162174,0,35.20761227,"Southeastern Plains","White / red / jack pine group",0.462734265522257,0.642846534253858,0.273608080694406,-0.00191740683572902,-0.465316805373847,-0.193487686847566,1.01154805642331,0.637520364686682,1.61116396964789,"High"
"47071",17.15945449,0.80370942812983,63,15.13074224,1441.5,-1285.36896590527,0.35896085038443,82.7869378082869,49.5716198378427,1,35.19724145,"Southeastern Plains","White / red / jack pine group",0.439919513042047,0.550693744154544,0.275998452397737,-0.235812705832266,-0.684276082810731,-0.185721829975558,1.21728480932038,0.60007056931525,2.00812724377178,"High"
"47073",44.97537461,0.662790697674419,51,13.01447491,1146.493151,-1542.2305308957,0.398773090220114,86.3513907989323,52.7598126329412,1,36.44361983,"Ridge and Valley","Oak / hickory group",-0.386733611428092,0.674616609715471,0.516994209590755,-0.800667152326806,-0.321645228942485,-0.101396420486224,0.304596821415788,0.108719556332622,1.214200695524,"Moderate"
"47075",12.59540591,0.760601915184679,45,15.36898174,1319.643836,-1413.73633512626,0.438368181602198,49.2193435687617,35.1800846690134,1,35.58340706,"Mississippi Valley Loess Plains","Oak / hickory group",0.187043545815522,-0.616327529254144,-0.811858881862004,-0.518100479372788,0.0390077224146212,-0.199557980776156,0.840287944630867,0.655384573362874,0.817237421400115,"High"
"47077",20.75709256,0.822950819672131,52,14.72973688,1359.253012,-1571.73462810241,0.332166756680655,71.4496519632327,48.2601585455083,1,35.65580261,"Southeastern Plains","White / red / jack pine group",0.552792772588118,0.156538188368114,0.17686498479146,-0.865548484407914,-0.928330803633469,-0.174815402931678,0.962830249219865,0.506965890594219,1.28036124121132,"High"
"47079",22.16075638,0.783712784588441,52,14.33706126,1349.850575,-1738.27652635499,0.428544352746802,69.3514813853538,51.2695585566508,2,36.33174419,"Southeastern Plains","Oak / hickory group",0.322615817436903,0.083592546742665,0.404345780650783,-1.23178440514256,-0.0504728860814305,-0.170560123009381,0.933741123540178,0.415795195415278,1.28036124121132,"Moderate"
"47081",15.77041561,0.758440514469453,51,14.23887861,1383.065217,-1459.4518544514,0.408948634921188,60.4361639829175,46.9127203865928,1,35.80410126,"Interior Plateau","Oak / hickory group",0.174364403385702,-0.226360111573936,0.0750120228633614,-0.618631729992453,-0.228961007236937,-0.189932773631108,1.03650010991188,0.392999330332005,1.214200695524,"Moderate"
"47083",15.80890694,0.726457399103139,41,14.10918891,1355.666667,-1504.45743648362,0.420235132062872,56.1206880802377,46.1800847410923,1,36.28883528,"Interior Plateau","Oak / hickory group",-0.0132539647503785,-0.376393269963934,0.0196320337970058,-0.717601784655639,-0.126157645442608,-0.189816085160979,0.951734866136127,0.362888216974501,0.552595238650857,"Moderate"
"47085",13.47815633,0.6578073089701,44,14.24813092,1382.892857,-1489.55375818587,0.391872974870101,59.7837967170962,45.1653438640213,1,36.03837081,"Interior Plateau","Oak / hickory group",-0.415967013045899,-0.249040511958199,-0.0570723130669602,-0.684827675551686,-0.384495114593025,-0.19688187693626,1.03596686499866,0.395147514460959,0.751076875712801,"Moderate"
"47087",14.71274679,0.671,53,13.97957643,1388.208333,-1440.69024671861,0.461549917849418,42.5436996635765,36.6077132329616,1,36.36378527,"Interior Plateau","Oak / hickory group",-0.338576454496361,-0.848415012064541,-0.703944320582014,-0.577373795775446,0.250159188500766,-0.193139151704019,1.05241180894366,0.332795032412987,1.34652178689863,"Moderate"
"47089",76.02377291,0.639097744360902,42,13.72845753,1195.255319,-1024.35179996099,0.472505436318529,61.7788731646588,46.6055896545338,1,36.0524194,"Ridge and Valley","Oak / hickory group",-0.525720485786438,-0.179679072476764,0.0517959854130547,0.338180163830904,0.349947822182767,-0.00727158516384532,0.455456522296108,0.274490713225636,0.618755784338171,"Moderate"
"47091",22.9702538,0.76509544215037,40,10.83231922,1220.234043,-1953.09510054161,0.387845029835643,45.9427214786098,35.6980085413396,2,36.45519737,"Blue Ridge","Oak / hickory group",0.213403335561531,-0.73024357747739,-0.772708973496523,-1.70418371806993,-0.42118375992442,-0.168106089451348,0.532735342856589,-0.397929293539906,0.486434692963542,"Moderate"
"47093",354.0885622,0.641843971631206,44,14.02981896,1212.518519,-1632.85338040955,0.408520187650038,40.6592189450508,35.2038317067581,4,35.99443753,"Ridge and Valley","Oak / pine group",-0.509610651797974,-0.913931446520794,-0.810063841313899,-0.999952395737243,-0.232863530692434,0.835696295110778,0.508865164591034,0.344460249590588,0.751076875712801,"Moderate"
"47095",16.93832731,0.573333333333333,17,14.82001104,1271.466667,-1365.26489216071,0.607247960710957,77.6871186384315,48.0062464254437,1,36.34172668,"Mississippi Alluvial Plain","Oak / gum / cypress group",-0.911505652025075,0.373391867252363,0.15767174662546,-0.411508782447958,1.57725371791873,-0.186392188530022,0.691238105325104,0.52792557717699,-1.0352578578447,"High"
"47097",21.01859941,0.631048387096774,47,15.2989045,1275.413333,-1327.89342040812,0.479580003030558,83.5627082632962,52.6958595400803,2,35.75614559,"Mississippi Valley Loess Plains","Elm / ash / cottonwood group",-0.572939377915709,0.577664417650466,0.512159990009511,-0.329326607811273,0.41438670274109,-0.174022631306099,0.703448244386898,0.639114170104782,0.949558512774745,"High"
"47099",27.39059044,0.769607843137255,46,14.50444788,1444.166667,-1469.741044936,0.425127197886689,77.0755686256056,50.5125476063533,1,35.21662102,"Interior Plateau","Oak / hickory group",0.239873843510445,0.352130532000615,0.347123260277853,-0.641258295380981,-0.0815981327351528,-0.154705608876172,1.22553490570591,0.454658709552095,0.88339796708743,"High"
"47101",16.603826,0.759911894273128,44,14.27357085,1427.325,-1411.24092931965,0.338467398535774,76.6978231482273,51.2197723776974,1,35.52834381,"Interior Plateau","White / red / jack pine group",0.182995766356823,0.338997716914471,0.400582439264067,-0.51261292787506,-0.870941238382434,-0.187406246659999,1.17343039620284,0.401054110096826,0.751076875712801,"Moderate"
"47103",23.12380223,0.663006756756757,47,14.65346095,1430.308642,-1378.78501392555,0.458005124832228,45.8973730517792,35.6905340132796,1,35.13739327,"Interior Plateau","Oak / hickory group",-0.385466172281375,-0.731820174788752,-0.773273973691068,-0.441240365280531,0.217871346271461,-0.167640599394562,1.18266114532897,0.489256287019848,0.949558512774745,"High"
"47105",89.53853447,0.631313131313131,41,14.25003082,1312.157895,-1339.71520786022,0.435019096813702,59.7105055143211,43.6673338064228,3,35.74085664,"Ridge and Valley","Oak / hickory group",-0.571386343532489,-0.251588576385513,-0.170307017275792,-0.355323448592341,0.00850249383311072,0.0336991178645365,0.817128046980957,0.395588629709648,0.552595238650857,"Moderate"
"47107",47.92830241,0.773598296664301,52,14.37429496,1430.215385,-1266.31236901176,0.396435222563587,96.0308604592919,61.6568131134135,1,35.42835818,"Ridge and Valley","White / red / jack pine group",0.263282519316172,1.01113601972587,1.18951921210455,-0.193906072230799,-0.342939759167771,-0.0924444661790072,1.18237262815055,0.424440046636457,1.28036124121132,"Moderate"
"47109",17.70807111,0.857906458797327,55,15.18472688,1425.204819,-1265.24908829129,0.369041962311739,100.956788216723,59.9054816226839,1,35.17460431,"Southeastern Plains","White / red / jack pine group",0.757848468217146,1.1823923344673,1.05713591980389,-0.191567852252845,-0.592452004556666,-0.184058670139947,1.16687101042098,0.612604622633316,1.47884287827326,"High"
"47111",30.43123863,0.637770897832817,38,13.84139629,1377.311111,-1705.4026475093,0.486004014567685,56.8904355301228,46.869447155389,1,36.53158986,"Interior Plateau","Oak / hickory group",-0.533503992099539,-0.34963199411086,0.0717409957359611,-1.15949271510243,0.472899984048108,-0.145487725641369,1.01869813871992,0.300712624486253,0.354113601588913,"Moderate"
"47113",67.79832807,0.84643644379133,53,15.11741364,1359,-1370.27010616277,0.505781298626089,73.7545488087891,47.2253476679905,1,35.61179413,"Mississippi Valley Loess Plains","Oak / hickory group",0.690563418800476,0.23667093879947,0.0986435449329998,-0.422515557186037,0.653041906102584,-0.0322074492795254,0.9620474842977,0.596975959754916,1.34652178689863,"High"
"47115",22.19264137,0.774697580645161,56,13.98106532,1526.216216,-1613.92078763024,0.408366851576757,73.0713938926773,52.3965169735752,1,35.12949824,"Southwestern Appalachians","Oak / hickory group",0.269731105210476,0.212920165525482,0.489532660637866,-0.958318454842029,-0.234260196426695,-0.170463462002781,1.47937863184017,0.333140720124247,1.54500342396058,"Moderate"
"47117",34.66323847,0.696881091617934,41,14.39086015,1401.964286,-1014.71468185554,0.494816218608734,58.3503326422287,39.8451983067344,2,35.45785478,"Interior Plateau","White / red / jack pine group",-0.18675359048445,-0.29887676349593,-0.459222555965246,0.359372781782365,0.553166180802067,-0.132658197877152,1.09496978042072,0.428286121643791,0.552595238650857,"Moderate"
"47119",59.58040715,0.648992576882291,52,14.37837636,1381.612903,-1124.47373750354,0.539166025939909,52.6591383675683,43.3792060274165,1,35.61840499,"Interior Plateau","Oak / hickory group",-0.467675723436674,-0.496738568611826,-0.192086619932419,0.118005839133221,0.957127589850479,-0.0571205042401522,1.03200696154276,0.425387658498134,1.28036124121132,"Moderate"
"47121",24.21261667,0.815485996705107,40,14.45178643,1424.0625,-1459.13477904564,0.430352126845949,67.2088412351258,43.8283684523854,1,35.51128586,"Ridge and Valley","White / red / jack pine group",0.50900285758275,0.00910086233022197,-0.15813439506244,-0.617934461590992,-0.0340067272347991,-0.164339801753686,1.16333692016786,0.442431872027445,0.486434692963542,"High"
"47123",28.18636896,0.810532687651332,64,13.71679631,1450.808081,-1462.33858418669,0.368033533622022,86.1519653136636,54.1001138104168,1,35.4454261,"Ridge and Valley","White / red / jack pine group",0.479945908286254,0.667683322149262,0.618307686501253,-0.62497982697951,-0.601637304311883,-0.152293164877472,1.2460820177511,0.271783232852817,2.07428778945909,"Moderate"
"47125",146.7959509,0.685660018993352,47,14.05365114,1309.026667,-1608.17404356025,0.494759410105989,56.7298766800268,43.9720930621691,2,36.49610742,"Interior Plateau","Oak / hickory group",-0.252578301756257,-0.355214032321851,-0.147270239916194,-0.945681009683892,0.552648739031837,0.207277955664315,0.807440698389974,0.349993560821444,0.949558512774745,"Moderate"
"47127",19.11051546,0.675078864353312,34,14.36082511,1467.65,-815.348160958972,0.490003849023783,49.9675266697391,44.7204900406806,1,35.27724026,"Interior Plateau","Oak / gum / cypress group",-0.31464914581952,-0.590315966166986,-0.0906988503833426,0.797792075127279,0.509332583422896,-0.179807087104421,1.29818730688817,0.421312641913811,0.0894714188396538,"Moderate"
"47129",15.92529439,0.774675012036591,47,12.9798794,1395.763158,-1574.56436382739,0.351766874147262,64.8012723922816,47.8981613793394,2,36.1324365,"Southwestern Appalachians","Oak / hickory group",0.269598713932686,-0.0746014142388498,0.149501589046786,-0.871771248046059,-0.749802608230028,-0.189463250549062,1.07578481893171,0.100687235159308,0.949558512774745,"Moderate"
"47131",21.50234559,0.725731895223421,50,14.5713416,1310.432099,-1620.5758781061,0.563982953532882,71.467648278029,46.2622519922009,1,36.35735871,"Mississippi Valley Loess Plains","Oak / gum / cypress group",-0.0175098933061207,0.157163853766128,0.0258430631073503,-0.972953409850783,1.1831732401472,-0.172556129585451,0.811788803895202,0.470189969057091,1.14804014983669,"High"
"47133",19.74755051,0.670454545454545,45,13.5549077,1397.938462,-1802.00899399435,0.412808258065006,77.4435561505574,51.9527318068656,1,36.34060927,"Interior Plateau","Oak / hickory group",-0.341776183182531,0.364924099120838,0.455986903164656,-1.37193603792383,-0.193805526358971,-0.177875882196635,1.08251474346591,0.234196236452958,0.817237421400115,"Moderate"
"47135",7.465823571,0.638830897703549,45,14.49890857,1415.612903,-1355.90317827955,0.361379281052417,68.2034581926999,51.9250822471364,1,35.6370974,"Interior Plateau","Oak / hickory group",-0.527285853444396,0.0436800204342975,0.453896870656824,-0.390921795396081,-0.66224774223575,-0.215108576599676,1.13719567730968,0.453372602857944,0.817237421400115,"High"
"47137",12.0062598,0.777372262773723,41,13.65500613,1345.074074,-1747.73210284516,0.480891594716375,46.58569705336,37.4008393627158,2,36.55600222,"Interior Plateau","Oak / hickory group",0.285421243287896,-0.707889691504468,-0.643991850805551,-1.25257780186908,0.426333370773769,-0.20134400787001,0.918963652774019,0.257436903773788,0.552595238650857,"Moderate"
"47139",14.93129138,0.823423423423423,54,13.90939894,1484.622951,-1558.75394798808,0.325850096351018,70.3501161896989,49.423073872298,1,35.12245787,"Blue Ridge","White / red / jack pine group",0.55556514618515,0.118311390539483,0.264769850570567,-0.83700316708348,-0.985866273589089,-0.192476622405548,1.35069798096067,0.316501353296334,1.41268233258595,"Moderate"
"47141",75.60398441,0.716842105263158,50,13.61630117,1433.807018,-1708.22866478485,0.41042315097735,60.3312953653589,48.1646440677941,1,36.13998003,"Interior Plateau","Oak / hickory group",-0.0696589058808541,-0.230006006085486,0.169645037517563,-1.1657073016406,-0.215530338209137,-0.00854419584897458,1.19348437117337,0.248450458141963,1.14804014983669,"Moderate"
"47143",40.3440937,0.77736890524379,47,13.84455123,1469.288462,-1491.4492856992,0.396213071789921,75.953379384186,51.8635076595287,2,35.60547263,"Ridge and Valley","White / red / jack pine group",0.28540154744902,0.313116156761743,0.449242442484482,-0.688996057630948,-0.34496322544534,-0.115436389594242,1.30325635728855,0.3014451325881,0.949558512774745,"Moderate"
"47145",57.07691073,0.771971496437055,43,14.06098306,1356.661017,-1681.74292332897,0.377914456825135,57.7715532198752,44.5270198656898,2,35.85030842,"Ridge and Valley","Oak / hickory group",0.253739433834238,-0.318998786351604,-0.10532327691986,-1.10746352028462,-0.51163665041901,-0.0647099839287925,0.954811172004445,0.351695872371615,0.684916330025486,"Moderate"
"47147",57.5356883,0.702040816326531,36,13.92182192,1282.136986,-1924.47918225849,0.459017009069965,67.9800451653563,44.3942807780691,1,36.52475992,"Interior Plateau","Oak / hickory group",-0.156485772019273,0.0359127746255522,-0.115357035536793,-1.64125554630026,0.227088120978457,-0.0633191758488198,0.724249786279027,0.31938569768928,0.221792510214283,"Moderate"
"47149",202.0951734,0.771764705882353,39,14.47757527,1375.666667,-768.530896313912,0.487615645950726,56.4909267922081,46.778495791167,1,35.84591522,"Interior Plateau","White / red / jack pine group",0.252526365439406,-0.363521437385592,0.0648659745885213,0.90074613175486,0.487579571706705,0.37492042665349,1.01361058129314,0.448419476938233,0.420274147276227,"High"
"47151",15.97212149,0.814876723777685,51,12.74312554,1361.896104,-1612.87759793746,0.384535656003612,89.957225341658,60.7091276558362,1,36.42261647,"Southwestern Appalachians","Oak / hickory group",0.505428759466191,0.799978159003917,1.1178835899487,-0.956024416274889,-0.451327280194359,-0.189321291758353,0.971007409606154,0.0457181642439873,1.214200695524,"Moderate"
"47153",21.69193465,0.82190635451505,41,13.40030003,1528.525,-1485.1187905081,0.274346310254437,99.3734075109676,56.6938337362595,1,35.36975511,"Southwestern Appalachians","White / red / jack pine group",0.546665763192625,1.12734403537455,0.814367190316726,-0.675074907702042,-1.45498989001296,-0.17198138048313,1.48652151489733,0.198299715161679,0.552595238650857,"Moderate"
"47155",63.86741434,0.753418198962753,63,12.87454408,1351.885057,-1473.94533146077,0.410247670741429,62.77165970797,46.4696683801048,2,35.78273206,"Blue Ridge","Oak / pine group",0.144902650556456,-0.145163551116171,0.0415216850319684,-0.650503781127133,-0.217128704642467,-0.0441242188316194,0.940035374976381,0.0762306764575072,2.00812724377178,"Moderate"
"47157",475.478861,0.786015164279697,53,16.10972952,1331.552632,-1541.02020664633,0.483659034944802,97.6465122474644,48.6488432356866,2,35.18642157,"Mississippi Valley Loess Plains","Elm / ash / cottonwood group",0.33612196640193,1.06730626516449,0.206245692684302,-0.798005574546641,0.451540674286603,1.20369730353266,0.877131208088815,0.827370015328579,1.34652178689863,"High"
"47159",24.47849771,0.622436670687575,40,14.24137325,1381.96,-1171.42371817559,0.454586800912163,59.1746269736151,39.8400166108929,1,36.25356102,"Interior Plateau","Oak / hickory group",-0.623457163973735,-0.270219094036097,-0.459614240782672,0.0147599317650704,0.186735451203825,-0.163533769543472,1.03308080529795,0.393578531207835,0.486434692963542,"Moderate"
"47161",11.3812854,0.747853239656518,53,14.14869946,1326.140845,-1549.68703657916,0.414899223428217,75.3981993907979,52.9573559018191,1,36.50232829,"Interior Plateau","Oak / hickory group",0.112257657352349,0.293814598889243,0.531926521631233,-0.817064468876563,-0.174759912291548,-0.203238650289639,0.860388298543694,0.372061702994341,1.34652178689863,"Moderate"
"47163",147.2782252,0.822727272727273,54,12.64999454,1110.655738,-1737.33939310544,0.333544952763802,93.2975171151962,57.0331330715275,2,36.51255378,"Ridge and Valley","Oak / hickory group",0.551481408372478,0.916107766961375,0.840014855145438,-1.22972359124466,-0.915777467662114,0.208739995304141,0.193723543478178,0.0240951818629831,1.41268233258595,"Moderate"
"47165",136.8635391,0.617529880478088,45,14.08638753,1307.457831,-1549.27264813959,0.436194353030142,45.0270404734958,46.3396323230898,2,36.46678397,"Interior Plateau","Oak / hickory group",-0.652241225855952,-0.76207842405588,0.0316922487221872,-0.816153203103205,0.0192073465879564,0.177167332372387,0.80258705591677,0.357594234970629,0.817237421400115,"Moderate"
"47167",52.16999542,0.727959697732998,40,15.5235643,1300.971429,-1020.85800582657,0.582655275888691,52.6611490990254,41.6547288980178,1,35.50102387,"Mississippi Valley Loess Plains","Oak / hickory group",-0.0044412267116047,-0.496668662905483,-0.322439988837966,0.345863232927043,1.35325058891071,-0.0795855530654655,0.782519517789477,0.691275264661051,0.486434692963542,"High"
"47169",36.84023736,0.598971722365039,34,14.2552807,1351.105263,-1138.5058726416,0.527348060722244,39.838873515875,34.2078013355617,1,36.39027839,"Interior Plateau","Oak / hickory group",-0.761106522463325,-0.942451827235611,-0.885353859490577,0.0871483072683787,0.849483336837969,-0.126058512442871,0.937622859405124,0.396807537084661,0.0894714188396538,"Moderate"
"47171",36.98047624,0.81467365412101,53,11.45726881,1228.677419,-1571.99188613118,0.425776186712297,57.7149024773555,42.6764696596104,1,36.10889915,"Blue Ridge","Oak / hickory group",0.504237518488977,-0.320968323435589,-0.245206520123797,-0.866114210702748,-0.0756868006183841,-0.12563337097959,0.558857339273567,-0.252829659974434,1.34652178689863,"Moderate"
"47173",33.98161082,0.676156583629893,44,13.29211707,1243.405405,-1600.94492753951,0.420418394982901,46.5915180014629,45.3768437864006,1,36.28784731,"Ridge and Valley","Oak / pine group",-0.308327062130515,-0.707687318637976,-0.041085016433449,-0.929783737047201,-0.124488390222435,-0.134724587572604,0.60442257260219,0.173181996700534,0.751076875712801,"Moderate"
"47175",8.208801,0.764880952380952,47,13.32925601,1496.487805,-1277.97615037698,0.406942774260268,77.8307771518169,50.8081007708545,1,35.69756831,"Southwestern Appalachians","Oak / hickory group",0.212145102270022,0.378386343175502,0.369464148438463,-0.219555447867556,-0.247231442841974,-0.212856201856311,1.38740529728484,0.181804846721141,0.949558512774745,"Moderate"
"47177",36.56103811,0.669962917181706,49,14.03937305,1432.777778,-1391.05444617625,0.442348703439639,76.7210479021776,53.6742022846631,1,35.67247018,"Interior Plateau","Oak / hickory group",-0.34466015784301,0.339805155831192,0.586112999026879,-0.468221604622547,0.0752644122846208,-0.12690491949983,1.19030012311996,0.346678500438711,1.08187960414937,"Moderate"
"47179",152.4043125,0.75614552605703,46,12.9462681,1123.434783,-1231.34601519566,0.325648026055539,94.2038607658951,58.5201458132962,2,36.2946815,"Ridge and Valley","Oak / hickory group",0.160901612913341,0.947617988213367,0.952418271340707,-0.117012900488809,-0.987706836292755,0.224279995735038,0.23325917089811,0.0928834260334249,0.88339796708743,"Moderate"
"47181",8.750698484,0.780116959064327,53,14.59763359,1475.261261,-1218.97198573336,0.378038868819184,78.6444863223822,51.5324024578026,1,35.23854902,"Interior Plateau","White / red / jack pine group",0.30152209629031,0.40667600568874,0.424214172888237,-0.0898016454180287,-0.510503440435858,-0.211213411431173,1.32173491776925,0.476294394399153,1.34652178689863,"High"
"47183",22.2053269,0.788372093023256,46,14.48344899,1350.741176,-1525.39583237023,0.416582573955611,60.7692796167293,45.2456046878992,1,36.2989027,"Mississippi Valley Loess Plains","White / red / jack pine group",0.349948109340629,-0.214778911313071,-0.0510053907487343,-0.763646610472437,-0.159427068883895,-0.170425005158383,0.936496452229905,0.449783226324269,0.88339796708743,"High"
"47185",27.76467722,0.723014256619145,49,13.68174175,1446.75,-1698.11620765972,0.371576586740177,69.6938753574925,52.0437623805182,1,35.92720222,"Interior Plateau","Oak / hickory group",-0.0334520213408056,0.0954963205586115,0.46286791175951,-1.1434693838255,-0.569365309999583,-0.153571545333713,1.23352718454909,0.263644330304215,1.08187960414937,"Moderate"
"47187",153.9340831,0.690520446096654,51,14.17645686,1339.623529,-1463.91887072398,0.507433370356911,43.3482970675231,36.9061564284933,1,35.89110682,"Interior Plateau","Oak / hickory group",-0.224066213702247,-0.820442132023306,-0.681384974736669,-0.628454974681569,0.668089845753109,0.228917574923978,0.902100834280494,0.378506364504928,1.214200695524,"Moderate"
"47189",95.09597309,0.721621621621622,41,14.32366862,1350.47619,-951.459402336808,0.454027391236461,52.252084302677,39.8702358806127,2,36.15447898,"Interior Plateau","Oak / hickory group",-0.0416214539508523,-0.510890335037681,-0.457329963684017,0.498475048412804,0.181640053175499,0.0505467822711648,0.935676642317076,0.412685717166842,0.552595238650857,"Moderate"
"48005",42.15855413,0.913870806209314,50,18.78569701,1169.132231,-1365.58127651794,0.322654523814291,84.6654434229725,47.6566541345304,1,31.25456726,"South Central Plains","White / red / jack pine group",1.08614480254787,0.616002446318682,0.131246036427815,-0.412204531191019,-1.01497323170986,-0.109935758369322,0.374637284690629,1.44867117056594,1.14804014983669,"High"
"48009",3.741812117,0.0670731707317073,12,17.49315429,724.7555556,-136.311373650391,0.49162253859014,37.2557333190856,46.6745934540918,0,33.6158123,"Central Great Plains","Aspen / birch group",-3.88131345441523,-1.03225807132744,0.0570119883314607,2.29103591119481,0.524076460733449,-0.2263981111341,-1.0001689447829,1.14857100562349,-1.36606058628127,"High"
"48013",15.89123465,0.110902255639098,13,20.9952898,685.3566879,-485.524884194933,0.291714463492259,83.8007232012138,54.8486460503032,1,28.89333719,"Southern Texas Plains","Aspen / birch group",-3.6242046239264,0.585939317959282,0.674889300452625,1.5230938322995,-1.29679160062406,-0.189566504423469,-1.1220606005486,1.96169031529073,-1.29990004059395,"High"
"48015",17.85219572,0.867647058823529,18,20.01160429,1050.083333,-792.2567438698,0.381306386920818,44.6008207734708,48.0750025803715,0,29.88531162,"East Central Texas Plains","Oak / pine group",0.814988476645065,-0.776896508829121,0.162869030065778,0.848571527550084,-0.480741164208349,-0.183621748883943,0.00632549957041836,1.73330004297346,-0.969097312157381,"High"
"48019",11.11456113,0.850847457627119,18,18.61461493,742.2831858,-155.654178486727,0.435071747650057,99.1077818708221,52.5642970156303,0,29.74639319,"Edwards Plateau","White / red / jack pine group",0.716439172560476,1.11810921292642,0.502215167900008,2.24849988864941,0.00898206538756489,-0.204047238795483,-0.945942212101266,1.4089496513989,-0.969097312157381,"High"
"48021",37.74788009,0.835487661574618,19,19.62930403,907.944,-586.719022307,0.373871118120364,108.555052293949,58.7949245692864,0,30.10213209,"East Central Texas Plains","Oak / hickory group",0.626336009148556,1.44655591306116,0.973188820242963,1.30056167232488,-0.54846550940914,-0.12330694626972,-0.433423144495368,1.6445382795839,-0.902936766470067,"High"
"48027",130.3212153,0.915527950310559,22,19.18304504,838.4210526,-260.542588370852,0.360436717539842,81.7854097750134,54.3536294438678,0,31.03730172,"Cross Timbers","White / red / jack pine group",1.09586589033063,0.515874313473716,0.637470954211324,2.01784379687095,-0.670833107259191,0.157333937285443,-0.648512249005285,1.54092669720923,-0.704455129408122,"High"
"48029",615.9936044,0.679094540612517,18,20.06500192,789.5872093,-241.863855669436,0.372946674183372,84.9705147737479,49.2888014450022,1,29.45066642,"Texas Blackland Prairies","White / red / jack pine group",-0.291092509197799,0.626608650436914,0.254620186680716,2.05891948377518,-0.556885831792616,1.62967506106779,-0.799593697907934,1.74569780540141,-0.969097312157381,"High"
"48031",6.387204952,0.860730593607306,20,18.82914262,820.6907216,-223.385466509832,0.311180494745076,121.498629161431,80.9319097878206,0,30.26630604,"Edwards Plateau","Oak / hickory group",0.774415321019817,1.89655627503425,2.64652536466812,2.09955460285673,-1.11948473309364,-0.218378465078562,-0.703366094535063,1.45875829149841,-0.836776220782752,"High"
"48035",7.238281614,0.916885389326334,23,18.41273695,837.2857143,-207.217596887532,0.405298836658484,67.568885944537,38.2602833835162,0,31.89974639,"Cross Timbers","White / red / jack pine group",1.10382885735454,0.0216182870900329,-0.579026406157337,2.13510874676628,-0.262205292560088,-0.215798381884465,-0.652024742468168,1.36207799744208,-0.638294583720808,"High"
"48037",40.8478453,0.894605550358591,52,17.18569987,1211.720588,-1082.59803840582,0.363842484225006,93.5692482812707,44.7280788082335,2,33.44778934,"South Central Plains","White / red / jack pine group",0.973131550929376,0.925554855995945,-0.0901252148160759,0.210093087905905,-0.639811590102297,-0.113909240401706,0.506396537027486,1.07718681017168,1.28036124121132,"High"
"48039",104.2373482,0.525157232704403,25,20.62282073,1285.717703,-834.144267163037,0.418802183472113,51.4645507321299,39.78312647062,2,29.18734647,"Western Gulf Coastal Plain","Elm / ash / cottonwood group",-1.19411481250353,-0.538269968615049,-0.463914571193356,0.756458276641136,-0.139209696097404,0.0782593366688209,0.735327757536521,1.87521113931195,-0.505973492346178,"High"
"48041",149.1149143,0.826797385620915,25,19.74572687,1014.036145,-753.756067539813,0.470694747666811,43.5585639231077,40.2253315720167,1,30.66347834,"East Central Texas Plains","Oak / hickory group",0.575357379505641,-0.813131930052649,-0.430488250987893,0.9332368927979,0.333455116055907,0.21430801389903,-0.105196777274545,1.67156911805945,-0.505973492346178,"High"
"48043",0.576365772,0.237654320987654,14,18.14620725,366.1783217,-95.6832825769666,0.426065319930834,45.1544260745177,66.3136766256691,0,29.80935915,"Chihuahuan Deserts","Unknown",-2.88065555479409,-0.757649697193367,1.54153191033471,2.38037959286343,-0.0730532229459775,-0.235994326470753,-2.10953008411219,1.30019562737073,-1.23373949490664,"High"
"48045",0.578294793,0.130353817504655,6,15.14236157,522.4461538,-59.5965555319156,0.452100902598971,51.2346894474907,34.8276253872863,0,34.53026328,"High Plains","White / red / jack pine group",-3.5100984696911,-0.546261396514017,-0.838501308132497,2.45973653453585,0.164092579773756,-0.235988478543198,-1.62607089075102,0.602768323745773,-1.76302386040516,"High"
"48049",15.4550865,0.703804347826087,15,17.95683336,704.2173913,-331.169461651928,0.524000973993611,54.0483415304156,39.6051541678619,0,31.77414671,"Cross Timbers","Unknown",-0.14614059775111,-0.448441105512118,-0.477367512285411,1.86253094024988,0.818996307638286,-0.190888710238992,-1.06370962498663,1.25622714977581,-1.16757894921933,"High"
"48051",10.68355722,0.87220447284345,16,19.72699302,986.5789474,-635.056368053611,0.439252718012322,38.2416743823819,49.0076436938124,0,30.49453559,"East Central Texas Plains","Oak / hickory group",0.841723038664582,-0.997980542023923,0.233367449003483,1.19426486346702,0.0470645460197411,-0.205353849579719,-0.190143464159916,1.66721952760645,-1.10141840353201,"High"
"48053",18.45430727,0.913157894736842,17,18.62788738,772.9594595,-229.583558371163,0.237001747115816,115.577612764501,53.5183151213591,0,30.78803929,"Edwards Plateau","White / red / jack pine group",1.0819627431844,1.69070440355033,0.574329475453626,2.08592461602789,-1.79514384453015,-0.181796416383958,-0.851036393424278,1.41203122415666,-1.0352578578447,"High"
"48055",30.35904394,0.546788990825688,17,19.85040765,899.9054054,-461.689353443874,0.461866433726153,63.1040777150372,45.4128237300003,0,29.83625994,"Texas Blackland Prairies","Aspen / birch group",-1.06721925801653,-0.133606604760607,-0.0383652895195364,1.57550963662505,0.253042181849469,-0.145706587601389,-0.458292833981983,1.69587370688132,-1.0352578578447,"High"
"48057",16.35235448,0.191011235955056,8,21.56800509,1016.582609,-211.269056002749,0.455587315278943,31.9702702214551,50.9222569219725,0,28.47036975,"Western Gulf Coastal Plain","Elm / ash / cottonwood group",-3.15427178630935,-1.21601410194248,0.378093221347485,2.12619933793313,0.195848663136394,-0.188168595660407,-0.097318563218466,2.09466228622416,-1.63070276903053,"High"
"48059",5.992624829,0.397260273972603,15,17.65365415,662.575,-178.960162765143,0.498696878831375,57.3585662562341,38.4432503416182,0,32.29768186,"Central Great Plains","Aspen / birch group",-1.94438002000427,-0.333356817754466,-0.565195918654547,2.19724858972469,0.588513278476474,-0.219574655256877,-1.19254226211342,1.18583556463105,-1.16757894921933,"High"
"48067",12.36337581,0.895473550263588,50,17.47058043,1198.090909,-1099.6755672535,0.306260405419132,113.749495908882,52.125093957358,0,33.07704825,"South Central Plains","White / red / jack pine group",0.978223385287992,1.62714753243348,0.469015772382726,0.172538547174557,-1.1642994986215,-0.200261392100029,0.464229230253211,1.14332984879009,1.14804014983669,"High"
"48071",27.52864519,0.449023861171367,18,20.33149047,1306.652632,-1027.44252337392,0.290463355722707,53.6565903854695,41.14094385084,1,29.70976337,"Western Gulf Coastal Plain","Oak / pine group",-1.64072605609647,-0.462060845931168,-0.361277043068006,0.331383472147026,-1.30818734928393,-0.154287088716656,0.800095942718335,1.80757062134228,-0.969097312157381,"High"
"48073",19.19262189,0.916265060240964,53,18.48610421,1098.777778,-1106.00962711525,0.363942217494077,77.4544601457369,39.9710938482244,1,31.83729847,"South Central Plains","White / red / jack pine group",1.10018990194412,0.365303190760495,-0.449706101566613,0.15860955831472,-0.638903166947218,-0.179558177188747,0.156975679997858,1.3791122714252,1.34652178689863,"High"
"48077",3.703714398,0.375617792421746,14,17.36682031,786.5628743,-396.846467137611,0.426502735485026,36.0124449047581,43.6842280981367,0,33.78659468,"Central Great Plains","Aspen / birch group",-2.07133847994416,-1.07548261754155,-0.169029976367196,1.71810314863997,-0.069069011643962,-0.226513606351998,-0.808950342457904,1.11923901709483,-1.23373949490664,"High"
"48083",2.531693383,0.275706214689266,21,18.00426134,674.6966292,-250.178279950666,0.472697082233547,61.7560954402869,34.7386327092238,0,31.76715485,"Central Great Plains","Aspen / birch group",-2.65743670575403,-0.180470969826099,-0.845228272031066,2.0406355512395,0.351693434137537,-0.230066649055371,-1.15504053833251,1.26723888996873,-0.770615675095437,"High"
"48085",461.7311936,0.502808988764045,25,17.82404358,1016.380952,-737.752558940441,0.488733003014041,69.7083216425378,41.5544857479589,1,33.18811402,"Texas Blackland Prairies","Unknown",-1.32521339407614,0.0959985645338361,-0.330017376845679,0.968429596666249,0.497757048473095,1.16202053432902,-0.0979424467730371,1.22539626560924,-0.505973492346178,"High"
"48087",1.235522896,0.0813008130081301,7,15.56737045,557.8461538,-279.129923666048,0.427841226063018,53.3306169465236,32.1779941317011,0,34.96494683,"Southwestern Tablelands","Unknown",-3.79785169667984,-0.473393738455474,-1.03878715398967,1.97696909850817,-0.0568773343307755,-0.23399605734432,-1.5165508749231,0.701446095100214,-1.69686331471784,"High"
"48089",8.586962014,0.897097625329815,20,20.06450598,1049.594203,-784.566977447124,0.394952745437353,73.9226974376849,52.8060040479799,0,29.62208553,"Western Gulf Coastal Plain","Unknown",0.987750484514134,0.242516845587298,0.520485822475704,0.865481798872751,-0.35644294181575,-0.211709787061442,0.0048122361426811,1.74558265897453,-0.836776220782752,"High"
"48091",102.7628856,0.929577464788732,13,19.30005825,871.5375,-166.113762816486,0.367400995764617,47.7226141174496,23.7586048018713,0,29.80887754,"Edwards Plateau","White / red / jack pine group",1.17828272025194,-0.668363284266989,-1.67520949010578,2.22549861667098,-0.607398792343741,0.0737894265603176,-0.546057055688557,1.56809460669345,-1.29990004059395,"High"
"48093",5.598309438,0.692307692307692,18,17.93316178,747.0291971,-279.042936695626,0.465645193176968,56.8460820460863,42.4931545788125,1,31.94860012,"Cross Timbers","Oak / hickory group",-0.213581924922627,-0.351174000935985,-0.259063322249976,1.97716038822889,0.287461113611845,-0.220770042886356,-0.931259069934727,1.25073112635428,-0.969097312157381,"High"
"48095",1.184498376,0.16988416988417,8,18.31801327,620.781457,-291.217665316687,0.481912666258697,62.0631783773305,41.6735383994864,1,31.32636226,"Central Great Plains","Aspen / birch group",-3.27820673180555,-0.169794830282899,-0.321018177065536,1.95038740801783,0.43563382829088,-0.234150740832209,-1.32184253021693,1.34008522958064,-1.63070276903053,"High"
"48097",17.84278422,0.819915254237288,30,17.33009076,933.7985075,-468.123348440894,0.464912654510587,65.7372479524545,40.6859331485182,0,33.63970171,"Cross Timbers","Oak / pine group",0.534985631953675,-0.0420610009367189,-0.395671339707015,1.56136088423026,0.280788765530511,-0.183650280336003,-0.353434837415626,1.11071121848307,-0.175170763909605,"High"
"48099",27.73117226,0.846659364731654,23,18.55269608,793.9084967,-282.860380685855,0.476764771974935,93.6516824248799,65.2843332895986,0,31.39083715,"Cross Timbers","Unknown",0.691871110767563,0.928420786707592,1.46372376238667,1.96876559310956,0.388744095197519,-0.153673117363677,-0.786224560494235,1.39457344795856,-0.638294583720808,"High"
"48105",0.466652497,0.289294817332201,14,17.99895732,459.0456853,-89.4357336251757,0.37169435605919,42.5298326161629,36.8359991565773,0,30.72371084,"Edwards Plateau","White / red / jack pine group",-2.57772366267123,-0.848897118086663,-0.686688168726062,2.39411833888891,-0.56829260500008,-0.236326927973808,-1.82221835723737,1.2660074124692,-1.23373949490664,"High"
"48107",2.467506558,0.0508474576271186,4,15.6601373,543.8,-113.134922113347,0.374779634678732,34.3415672290923,66.842938983525,0,33.61440396,"High Plains","Unknown",-3.97649623381806,-1.13357286311743,1.5815388957596,2.34200235962065,-0.540190261980857,-0.230261234755884,-1.56000666550212,0.722984529811441,-1.89534495177979,"High"
"48113",1159.840998,0.538847117794486,23,18.67824331,935.2374101,-625.026667014838,0.447042368152142,52.2019880472288,48.5458658047,1,32.76667512,"Texas Blackland Prairies","Oak / hickory group",-1.1138076294429,-0.512631996814482,0.198461620155012,1.21632079553678,0.118016783150744,3.27837673863886,-0.348983181044812,1.42372277033536,-0.638294583720808,"High"
"48121",378.711858,0.654054054054054,24,17.94627898,948.1818182,-493.538661511853,0.431819814221759,71.7741855207655,45.8847564931257,1,33.20548687,"Cross Timbers","Elm / ash / cottonwood group",-0.437984241651744,0.167821021533734,-0.00269185290414324,1.50547104100783,-0.0206382574250548,0.910343097817803,-0.308935955621226,1.25377665345577,-0.572134038033493,"High"
"48123",8.587492131,0.392624728850325,21,20.82761246,880.5116279,-522.997962495976,0.334504332623886,84.6955440701941,64.1269728167296,0,29.08103136,"Texas Blackland Prairies","Oak / hickory group",-1.97157291229453,0.617048934649073,1.37623878847507,1.44068821858703,-0.907038930486559,-0.211708179984167,-0.518293026602407,1.92275930232497,-0.770615675095437,"High"
"48129",1.3816941,0.462406015037594,10,14.94900129,546.9307692,-73.5614142725548,0.531083210293754,48.4779712330509,40.8614415838549,0,34.96523094,"Central Great Plains","Unknown",-1.56222407648094,-0.64210230718781,-0.382404642557221,2.42902694762427,0.88350504684556,-0.233552931732092,-1.55032073634005,0.557874293534285,-1.4983816776559,"High"
"48139",74.05751678,0.368794326241135,20,18.58074117,925.1136364,-464.165526383705,0.490411621611648,58.2143270236451,36.4223724059952,0,32.34912157,"Texas Blackland Prairies","Elm / ash / cottonwood group",-2.11136608748568,-0.303605176531955,-0.717954249028694,1.57006437938929,0.513046790971425,-0.0132323929533366,-0.380303967933574,1.40108490479832,-0.836776220782752,"High"
"48143",15.05158033,0.702564102564103,17,17.88073326,795.9533333,-281.597402792868,0.45342070133949,56.9146777216408,38.8752579943807,1,32.23596528,"Cross Timbers","White / red / jack pine group",-0.153416086379308,-0.348789182647706,-0.532540424435146,1.97154295950419,0.17611400198421,-0.192111960193332,-0.779898274144023,1.23855837008385,-1.0352578578447,"High"
"48145",8.716230538,0.282828282828283,13,19.36586858,905.1743119,-472.976178001959,0.509191376700537,40.8520970300537,52.4789791637124,0,31.2535909,"Texas Blackland Prairies","Oak / hickory group",-2.61565744858374,-0.907225787879709,0.495765984413788,1.55068921228996,0.684102693664356,-0.211317902803314,-0.441991966092836,1.58337432672307,-1.29990004059395,"High"
"48147",15.1895044,0.751962323390895,33,17.1754522,1099.032787,-712.860677576743,0.397921707325198,67.1578491433108,39.2251837666352,0,33.59558826,"Texas Blackland Prairies","Elm / ash / cottonwood group",0.136362238033389,0.0073280556316219,-0.506089506355325,1.02316838123459,-0.329400072865521,-0.191693836197037,0.157764623210183,1.07480752520903,0.0233108731523391,"High"
"48149",10.2616862,0.9055330634278,21,20.06477326,988.2857143,-471.048633683899,0.336224661351245,83.7249610326151,47.4319023238661,0,29.87787274,"East Central Texas Plains","Oak / hickory group",1.03723419216207,0.583305347176528,0.114257028462294,1.55492800130035,-0.891369270153178,-0.206632773532611,-0.184863093032725,1.74564471554786,-0.770615675095437,"High"
"48157",354.3681993,0.547445255474453,16,20.36122125,1130.764706,-672.513101763521,0.496235796827031,39.2940797018923,45.2480744321494,0,29.52656302,"Western Gulf Coastal Plain","Unknown",-1.06336949850885,-0.961392296010422,-0.0508187025764993,1.11189519251998,0.566096447060847,0.836544029532799,0.255936382281651,1.8144734585513,-1.10141840353201,"High"
"48171",9.730249715,0.907265774378585,17,18.27181478,755.9084967,-280.963139798144,0.414469722464135,108.935786120173,61.2722072457899,1,30.31837209,"Edwards Plateau","Oak / hickory group",1.04739856787452,1.45979262199952,1.16044682274612,1.97293774300491,-0.178672033337365,-0.20824385089485,-0.903788419292559,1.32935895008939,-1.0352578578447,"High"
"48175",3.434089258,0.315175097276265,16,21.30430815,877.3781513,-400.793017436406,0.288711647129357,65.3762051379327,42.613212104175,0,28.65694785,"East Central Texas Plains","Oak / hickory group",-2.42590556007563,-0.0546131261248314,-0.249988163973495,1.70942444077384,-1.32414283396795,-0.227330988996219,-0.527987331880045,2.03343762110143,-1.10141840353201,"High"
"48177",7.538988434,0.356390977443609,21,20.32781131,877.7218543,-471.992915613449,0.437218834645605,61.6535672329183,52.260622585755,0,29.45626716,"East Central Texas Plains","Aspen / birch group",-2.18412623089765,-0.184035496919397,0.479260392617764,1.5528514670136,0.0285388648476926,-0.214886773509716,-0.526923988433714,1.80671640081575,-0.770615675095437,"High"
"48179",9.199579926,0.170731707317073,7,14.10053735,561.3006993,-331.642440228252,0.632916988912401,95.0722799916363,68.1379063963932,0,35.4009295,"Southwestern Tablelands","Elm / ash / cottonwood group",-3.27323493377167,0.977809717279364,1.67942558965221,1.86149083114698,1.81106074945165,-0.209852603978264,-1.50586325125536,0.360879513863311,-1.69686331471784,"Moderate"
"48181",55.26703093,0.80859375,31,17.27649887,1019.572414,-572.568399823364,0.359761506947145,87.2679941010975,39.6891707460216,0,33.62722082,"Texas Blackland Prairies","Oak / hickory group",0.468571771842884,0.706483521156026,-0.471016692190248,1.33167976518102,-0.676983281044468,-0.0701967287354739,-0.0880687470907156,1.09826835312959,-0.10901021822229,"High"
"48183",174.6100199,0.82147024504084,39,18.10727086,1155.675,-1000.96824860152,0.425198532460712,59.2977025682636,54.9838193825257,1,32.479819,"South Central Plains","White / red / jack pine group",0.544107471201903,-0.265940210176642,0.685107063820432,0.389602037557797,-0.0809483798552584,0.29159775338703,0.333003495082723,1.29115544875191,0.420274147276227,"High"
"48185",13.94783265,0.890814558058926,34,19.6425621,1075.2,-970.47203439884,0.474404392815753,57.0621022659968,45.4649214741984,0,30.5455662,"East Central Texas Plains","White / red / jack pine group",0.950892948443867,-0.34366377573715,-0.0344272167247004,0.456665096191251,0.367244518346789,-0.19545802872845,0.084031086219695,1.64761651362,0.0894714188396538,"High"
"48187",88.50052076,0.392857142857143,15,20.12923936,857.5445545,-411.562882700481,0.395010698015513,77.6119565541715,45.248527791275,1,29.58442554,"Texas Blackland Prairies","Unknown",-1.97020953239261,0.370778759185718,-0.0507844331226813,1.68574084185632,-0.355915079203931,0.0305523252805171,-0.589348231186836,1.76061233475598,-1.16757894921933,"High"
"48193",3.895596279,0.8101644245142,16,18.17661116,767.6153846,-288.674770729718,0.305430304031324,71.9543532847692,47.7877113046174,0,31.70475567,"Cross Timbers","White / red / jack pine group",0.477785614392366,0.17408478925788,0.141152658759202,1.95597939027671,-1.17186049936651,-0.225931906443489,-0.867569816238785,1.30725475065131,-1.10141840353201,"High"
"48199",24.8659033,0.798371286382144,44,19.4352929,1397.609375,-1301.42488128593,0.301931534385333,121.250092385952,46.9960224802112,0,30.33369285,"South Central Plains","White / red / jack pine group",0.408605070027068,1.8879155692947,0.0813088350129259,-0.271120655449577,-1.20372913648541,-0.162359329335337,1.08149661879221,1.59949313622982,0.751076875712801,"High"
"48201",1058.717975,0.617775619232637,44,20.44580123,1201.751004,-1154.8191760341,0.315653833671504,87.1385767164424,43.9292222141048,1,29.86138009,"Western Gulf Coastal Plain","White / red / jack pine group",-0.650799680728524,0.701984156680762,-0.150510850868783,0.0512743455154343,-1.07873920555668,2.97181703159027,0.475552780036591,1.83411108101134,0.751076875712801,"High"
"48203",28.5469645,0.892902949978623,53,17.81145153,1227.746269,-1001.65272328632,0.402618520619853,93.5955057818474,49.3385253386021,2,32.5494153,"South Central Plains","White / red / jack pine group",0.963143808921794,0.926467732311742,0.258378819912407,0.388096835449274,-0.286619023054455,-0.151200000731208,0.555976560665144,1.22247266685812,1.34652178689863,"High"
"48209",127.1093869,0.953513513513514,18,19.28830766,866.443299,-253.609000354349,0.228182839269484,81.6553534455863,62.6693065101284,0,30.05653037,"Edwards Plateau","White / red / jack pine group",1.3186956334386,0.511352735248603,1.26605367174242,2.03309118517301,-1.87547110307426,0.147597112335161,-0.561817422189985,1.56536637656024,-0.969097312157381,"High"
"48213",36.22006888,0.860410557184751,42,18.43478817,1035.923611,-827.567889093716,0.422029251434596,63.7246679728125,41.1981544082689,1,32.21162785,"East Central Texas Plains","Oak / hickory group",0.772537933196393,-0.112030973581141,-0.356952492297987,0.770920138206231,-0.109815861046778,-0.127938585465901,-0.037481646688306,1.36719780869225,0.618755784338171,"High"
"48217",14.54001398,0.477272727272727,25,18.65908557,877.1180556,-378.360510876774,0.433660946469195,78.7802817092683,40.7660143243857,0,31.99058436,"Texas Blackland Prairies","Elm / ash / cottonwood group",-1.47501342620007,0.41139710974511,-0.389617996996761,1.75875490824451,-0.0038682549904353,-0.193662800207202,-0.528792012252383,1.41927476189048,-0.505973492346178,"High"
"48221",55.08992002,0.924198250728863,11,18.211741,802.7678571,-231.867680170511,0.479670471713051,14.252288187533,33.0204494081548,0,32.42999116,"Cross Timbers","White / red / jack pine group",1.14672734010188,-1.83200289780063,-0.975105889932379,2.08090169111211,0.415210739160949,-0.0707336496766597,-0.758815597465049,1.31541113157031,-1.43222113196858,"High"
"48223",18.46817013,0.801029159519726,40,17.40749016,1121.474576,-838.786089426715,0.396857104332293,58.9672759440584,37.8841619522678,0,33.14875387,"East Central Texas Plains","Oak / hickory group",0.424196603718344,-0.277427923505053,-0.607457456268104,0.746250622780686,-0.3390970377673,-0.181754390402393,0.227194710399071,1.12868166723268,0.486434692963542,"High"
"48225",7.195731826,0.927550047664442,49,18.9103996,1079.6875,-1525.08682760659,0.405416962648296,69.0087773394664,40.3827849012771,1,31.3196785,"South Central Plains","White / red / jack pine group",1.16638954824434,0.0716779928077011,-0.418586340800401,-0.762967089911482,-0.261129338815049,-0.215927373781238,0.0979144498080495,1.47762438599835,1.08187960414937,"High"
"48227",15.52181416,0.143356643356643,8,17.27896506,481.5524476,-39.6030582191515,0.381406748718119,55.6940977956887,51.0303138313656,0,32.30626236,"High Plains","Aspen / birch group",-3.43382169241139,-0.391224238592361,0.386261252069831,2.50370347002701,-0.479827016087036,-0.190686421864942,-1.7525872565783,1.09884094853733,-1.63070276903053,"High"
"48231",44.19693501,0.57455268389662,36,17.53716933,1086.782258,-456.585624424606,0.395749873314263,68.0200027018342,35.0849056057896,1,33.12325983,"East Central Texas Plains","Elm / ash / cottonwood group",-0.904352735236029,0.0373019505900247,-0.819053475126817,1.58673305197077,-0.349182281178743,-0.103756300646561,0.119864111063846,1.15879033575437,0.221792510214283,"High"
"48233",9.182442193,0.0606060606060606,4,14.2534551,489.8076923,-485.721311309389,0.493464862318694,147.913728589339,28.7303577164007,0,35.84016978,"Southwestern Tablelands","Unknown",-3.91925061702222,2.81491172081344,-1.29939427590178,1.52266187694248,0.540857315805775,-0.209904557907766,-1.72704729809787,0.396383672671794,-1.89534495177979,"Moderate"
"48239",6.899580038,0.692857142857143,17,20.89209193,1069.913793,-639.429075412427,0.395997110504213,22.9786096535305,53.3539693163556,0,28.95470763,"Western Gulf Coastal Plain","Oak / hickory group",-0.210358755000661,-1.52862093015784,0.561906562454385,1.18464900990427,-0.34693031460591,-0.216825173339418,0.0676766942900444,1.93773002575483,-1.0352578578447,"High"
"48241",14.62791396,0.853796350794585,61,18.97429257,1357.022222,-1225.43500742875,0.308065774498063,137.80632797307,54.7691519914648,1,30.74557802,"South Central Plains","White / red / jack pine group",0.733737879004512,2.46351473198304,0.668880337967182,-0.104014229315381,-1.14785524596598,-0.193396326843185,0.95592866288911,1.49245893694894,1.87580615239715,"High"
"48245",111.4742683,0.526451612903226,31,20.10986652,1402.682432,-1073.91118147709,0.362424075168314,38.5962338781135,34.1924477643342,0,29.88360314,"Western Gulf Coastal Plain","Oak / gum / cypress group",-1.18652175917306,-0.985653817884705,-0.886514437210117,0.22919602283678,-0.652731207021254,0.100198436588629,1.09719157028758,1.75611438479314,-0.10901021822229,"High"
"48251",91.28553475,0.650205761316872,23,18.36970995,852.9711538,-489.2753934651,0.462669726063113,23.9679318314479,31.9608576862554,0,32.37889687,"Cross Timbers","Elm / ash / cottonwood group",-0.460558978202283,-1.49422585198673,-1.05520051586817,1.51484623076382,0.260358991636105,0.0389952401338501,-0.60349735313744,1.3520880686009,-0.638294583720808,"High"
"48255",8.027698361,0.213541666666667,11,21.06925735,762.8058252,-161.649050091392,0.504676372262848,79.8162797648173,45.9870625402811,0,28.90707024,"East Central Texas Plains","Unknown",-3.0221044663,0.447414935789138,0.00504146966579217,2.2353167957169,0.642977654701072,-0.213405223931705,-0.882449562612042,1.97886396348967,-1.43222113196858,"High"
"48257",64.18284515,0.588235294117647,22,18.20275957,999.8141593,-514.53771344833,0.395400921369925,63.5578188311181,56.0678616536255,0,32.5990466,"Texas Blackland Prairies","Oak / hickory group",-0.824088227788611,-0.117831701998493,0.767049908793477,1.45929282879095,-0.352360719318786,-0.0431679739148935,-0.149196554081561,1.31332583985599,-0.704455129408122,"High"
"48259",26.51380639,0.92156862745098,15,18.60339574,854.2159091,-203.994018276833,0.267548770979918,107.688520873672,63.2522119659414,0,29.94565971,"Edwards Plateau","White / red / jack pine group",1.13130152486911,1.41642981601875,1.31011554338066,2.14219759523586,-1.51690545872991,-0.157363625354901,-0.599646346918292,1.40634480072942,-1.16757894921933,"High"
"48265",18.26521503,0.941138421733506,21,18.07914258,725.9473684,-184.862156215419,0.4274900844192,64.1889226096759,43.2547375133328,0,30.06058335,"Edwards Plateau","White / red / jack pine group",1.24610125047412,-0.0958905545319777,-0.201495205211329,2.18426974159031,-0.0600757174072356,-0.182369659350593,-0.996481731316234,1.28462467701266,-0.770615675095437,"High"
"48267",1.350298624,0.876252209781968,15,18.10917903,608.7142857,-152.615008417266,0.265764990805189,110.426500016115,48.8750996137145,0,30.48699748,"Edwards Plateau","White / red / jack pine group",0.865467748657679,1.51161923836996,0.223348431021335,2.2551832113468,-1.53315306827273,-0.233648108751526,-1.35917577292242,1.29159848411381,-1.16757894921933,"High"
"48269",0.118262905,0.216129032258065,6,16.81925971,595.825,-47.1220108028189,0.416439288412541,55.3122597264372,24.9704405000326,0,33.61650479,"Southwestern Tablelands","White / red / jack pine group",-3.0069265418086,-0.404499337982388,-1.58360672940671,2.48716882888665,-0.160732189094285,-0.237383089153467,-1.39905246144994,0.992107415304534,-1.76302386040516,"High"
"48277",21.15127403,0.804320203303685,38,17.02395914,1147.104895,-739.514054230284,0.45198283833272,34.6546838775076,35.6979279227951,1,33.66983325,"East Central Texas Plains","Oak / hickory group",0.443502423590448,-1.1226869537147,-0.772715067458972,0.964555959724949,0.163017188239428,-0.173620421290681,0.306489426290439,1.03963414827521,0.354113601588913,"High"
"48281",11.46176496,0.838018741633199,19,18.29116668,741.7722772,-206.692624739708,0.39026036580982,60.4801454944006,46.8065027593083,0,31.19535009,"Cross Timbers","White / red / jack pine group",0.641183753177673,-0.224831036860651,0.0669830236277982,2.1362631929443,-0.399183607450973,-0.202994672315039,-0.947522853851509,1.33385203824198,-0.902936766470067,"High"
"48285",7.991924468,0.939236111111111,20,20.3480178,1005.80916,-467.641456527862,0.303434356906858,106.298457787422,62.9983483853194,0,29.38508259,"East Central Texas Plains","Oak / hickory group",1.23494197438191,1.36810245655836,1.29092597431515,1.56242059431112,-1.19004063725898,-0.213513674350143,-0.130649306297596,1.81140790608523,-0.836776220782752,"High"
"48287",10.54133916,0.864661654135338,15,19.73215004,932.0888889,-499.063021420347,0.454521524445467,92.5315848631406,55.7606906165642,0,30.31231124,"East Central Texas Plains","Oak / hickory group",0.79747558744059,0.88947913144581,0.743830824684711,1.4933226323564,0.18614087875693,-0.205784991030174,-0.358724031091663,1.66841687491936,-1.16757894921933,"High"
"48289",6.233220615,0.835922697991664,53,18.96998392,1025.833333,-1014.77703366986,0.442057061293548,40.1701024235589,39.3105583050732,0,31.29668668,"East Central Texas Plains","Oak / hickory group",0.628888006404331,-0.930936221473793,-0.49963603793036,0.359235666291509,0.072607981978327,-0.218845276610104,-0.0686988050574591,1.49145856260489,1.34652178689863,"High"
"48291",28.72317043,0.710401683915103,65,19.8054645,1372.64497,-1165.93789415382,0.35837488562924,92.8253325084316,47.507806718247,0,30.15118614,"South Central Plains","White / red / jack pine group",-0.107439507601208,0.899691652147239,0.119994647914362,0.0268235976214191,-0.689613358492487,-0.15066582328399,1.00426209815,1.68543888989668,2.14044833514641,"High"
"48293",9.963100282,0.589341692789969,23,18.93318874,960.1171875,-539.151489617535,0.40159468944344,53.0599178727231,53.7039165256643,1,31.54544987,"Texas Blackland Prairies","Unknown",-0.817597905909973,-0.482804945453598,0.588359100962906,1.40516561472249,-0.295944616772666,-0.207537952282567,-0.272010480066198,1.48291552614178,-0.638294583720808,"High"
"48299",8.8673409,0.594795539033457,16,18.85961534,716.8947368,-235.855547041837,0.314759423886029,88.9243587661152,56.3156724595147,1,30.70651089,"Edwards Plateau","Unknown",-0.785604720738711,0.76406920295392,0.785781948116097,2.07213212555107,-1.08688596106588,-0.210859803876557,-1.02448863403138,1.46583339095682,-1.10141840353201,"High"
"48307",2.887792557,0.624401913875598,13,18.25620654,661.1197183,-213.651528682239,0.418474684716016,94.2896734118277,45.9844080234491,0,31.19245273,"Central Great Plains","Oak / hickory group",-0.611928714799714,0.950601376972664,0.00484081451880933,2.12096013335727,-0.142192727297216,-0.228987115876644,-1.19704459191054,1.32573505795338,-1.29990004059395,"High"
"48309",94.61904826,0.600529100529101,21,19.00319875,871.2649007,-417.427551115827,0.40729992487418,48.0846780478581,34.5448745238216,0,31.55262186,"Texas Blackland Prairies","Oak / hickory group",-0.751970678554266,-0.655775658650878,-0.859874469298414,1.67284407377914,-0.243978326900318,0.0491009598280501,-0.546900419520497,1.4991703200635,-0.770615675095437,"High"
"48315",10.12335842,0.892588614393126,40,17.75345909,1198.017544,-1028.42839552556,0.452153846170271,92.7235998574232,48.5708966815253,0,32.79891416,"South Central Plains","White / red / jack pine group",0.961299863173464,0.896154783610283,0.200353706205452,0.329215478393077,0.164574817712304,-0.207052121396781,0.464002254661087,1.2090080899895,0.486434692963542,"High"
"48319",1.76582522,0.661181026137464,16,18.36918102,668.1714286,-171.547733255124,0.374538743971984,101.777898538898,47.1022450772696,1,30.71783807,"Edwards Plateau","Oak / hickory group",-0.396176217113612,1.21093930768664,0.0893382099141092,2.21354898004668,-0.542384421441301,-0.232388418250178,-1.17522811101591,1.35196526261717,-1.10141840353201,"High"
"48321",12.99738902,0.391129032258065,21,21.10281872,1161.087629,-1130.91643524352,0.406977653796599,59.9533829574785,29.3097002414685,0,28.81947969,"Western Gulf Coastal Plain","Elm / ash / cottonwood group",-1.9803469216633,-0.243144624728648,-1.25560172649339,0.103837948869126,-0.246913741650218,-0.198339348057472,0.349749009595453,1.98665617996101,-0.770615675095437,"High"
"48325",14.81909306,0.622377622377622,17,19.94010767,684.96875,-236.934604322937,0.346637421316468,106.692140726963,58.6979631789522,0,29.35577447,"Southern Texas Plains","White / red / jack pine group",-0.623803551354317,1.3817893583406,0.965859500724393,2.06975921194184,-0.796524366854633,-0.192816757451853,-1.12326079729855,1.71670009070664,-1.0352578578447,"High"
"48327",0.902305338,0.71551724137931,12,17.94580495,605.372093,-198.944842124399,0.419144690855143,50.8783951700591,37.2539714515703,0,30.89011129,"Edwards Plateau","Oak / hickory group",-0.0774307816672815,-0.558648432605715,-0.655093608361832,2.15330104545794,-0.136089958416807,-0.235006223713297,-1.36951580109767,1.25366659405194,-1.36606058628127,"High"
"48333",2.516651078,0.666666666666667,14,18.17891278,704.8224299,-258.915740409768,0.432726932041713,96.3478251208428,41.9392746803245,0,31.49481021,"Cross Timbers","White / red / jack pine group",-0.36399652128091,1.02215571033311,-0.300931149608259,2.02142133601981,-0.0123757504431149,-0.230112250585837,-1.061837765183,1.30778913650251,-1.23373949490664,"High"
"48335",3.498733641,0.0194552529182879,6,17.61137376,542.3636364,-32.8863974777019,0.538512539347385,60.7727009308878,57.8959512180418,0,32.30626363,"Southwestern Tablelands","Aspen / birch group",-4.160648220021,-0.214659964856036,0.905235350235562,2.51847382185268,0.951175289703175,-0.227135016184816,-1.5644504667509,1.17601898231118,-1.76302386040516,"High"
"48339",218.6499255,0.885985748218527,53,19.6015924,1174.760274,-1579.31970483362,0.312788314542836,80.6328238653728,43.9094523692705,0,30.30277567,"South Central Plains","White / red / jack pine group",0.922566332605521,0.475803158347625,-0.152005255075692,-0.882228536632878,-1.10483986336176,0.425107019216472,0.3920492439686,1.63810424486679,1.34652178689863,"High"
"48343",18.93360683,0.877551020408163,34,17.64612857,1172.542857,-1174.14675904276,0.385530556199178,88.3353075327081,46.885027399328,1,33.11293378,"South Central Plains","White / red / jack pine group",0.873086791624992,0.743590067165741,0.0729187076645198,0.00877179670926836,-0.442265205090803,-0.180343394823259,0.385189030834784,1.18408828946224,0.0894714188396538,"High"
"48347",26.55278569,0.892702374761657,57,18.38156918,1169.348148,-1220.36246892317,0.298338132102397,78.9321574279877,47.2215933036289,1,31.61788063,"South Central Plains","White / red / jack pine group",0.961967200750117,0.416677267548349,0.0983597522202465,-0.0928594038357557,-1.23645973751492,-0.157245457578321,0.375305285630107,1.35484152256727,1.61116396964789,"High"
"48349",18.91885264,0.542974079126876,27,18.6440912,970.6540881,-532.524017149631,0.473478458223436,45.4934560379634,40.7689124730681,0,32.04636637,"Texas Blackland Prairies","Elm / ash / cottonwood group",-1.08959817574599,-0.745862877535072,-0.389398925698047,1.41973983602592,0.358810618289322,-0.180388122918108,-0.239411567058031,1.41579339694944,-0.373652400971549,"High"
"48351",5.701732059,0.894736842105263,62,18.84989229,1392.43609,-1104.06215826427,0.334643556203917,96.3340225980116,50.5697138459655,0,30.78483269,"South Central Plains","White / red / jack pine group",0.973901730537529,1.0216758475924,0.35144446106044,0.162892162603635,-0.905770808775407,-0.22045651182829,1.06549158333791,1.46357591129012,1.94196669808447,"High"
"48353",6.308471847,0.505698005698006,10,17.23881941,611.9545455,-85.3895842916623,0.417677383004664,54.0577707027999,51.4074093840866,1,32.30368703,"Edwards Plateau","White / red / jack pine group",-1.30826593175237,-0.448113288013951,0.414765936103316,2.40301607118413,-0.149454971309899,-0.218617148583938,-1.34915110330144,1.08952000618061,-1.4983816776559,"High"
"48363",11.67042625,0.826233941852603,23,17.92907259,785.3061224,-207.911366453403,0.450320344529944,68.0009951357586,48.5314550000031,0,32.75304982,"Cross Timbers","White / red / jack pine group",0.572052122993372,0.0366411277199773,0.197372306235531,2.13358310464018,0.147874318867106,-0.202362104754882,-0.812838463587275,1.24978170582489,-0.638294583720808,"High"
"48365",11.03359192,0.914844888611285,52,17.97012811,1228.504132,-1127.81599268943,0.402279310038739,122.0061761156,63.759679027511,1,32.1640079,"South Central Plains","White / red / jack pine group",1.09185893478905,1.91420180806061,1.34847502055579,0.110656013544719,-0.289708731726416,-0.204292701169541,0.558321226420946,1.2593139001061,1.28036124121132,"High"
"48367",59.14961085,0.859099804305284,20,17.98720719,832,-306.631252913769,0.431184583585137,66.6691915899323,52.6596725531059,0,32.77766241,"Cross Timbers","Oak / hickory group",0.764848834950064,-0.00966076269522343,0.509424612669772,1.91649197687004,-0.0264242727086019,-0.0584264856438689,-0.668377610089575,1.26327928913793,-0.836776220782752,"High"
"48371",1.27448935,0.0836212854181064,13,17.93644629,365.8716418,-48.4290964056249,0.408643642571063,35.7378687256457,31.6573557651271,1,30.78128981,"Chihuahuan Deserts","Unknown",-3.78423941276446,-1.0850286171717,-1.07814225119995,2.48429446691381,-0.231739038234579,-0.233877928511058,-2.11047888601903,1.25149371777777,-1.29990004059395,"High"
"48373",18.3199003,0.895959318306762,62,18.95726275,1238.410256,-1241.83453685165,0.304918221952495,74.6836058897032,49.1543842614547,0,30.79456284,"South Central Plains","White / red / jack pine group",0.981072982849366,0.268970822130432,0.244459580653821,-0.140077807434934,-1.17652481270991,-0.18220387810856,0.588968651767648,1.4885049850123,1.94196669808447,"High"
"48379",20.1941291,0.848214285714286,13,17.66109567,1087.075,-857.354589990792,0.516700182923983,-1.0752051008767,34.3235437267123,1,32.87090969,"East Central Texas Plains","Oak / hickory group",0.700992540434456,-2.36488322899043,-0.876604882566235,0.705417343154962,0.752496856453932,-0.176522055959413,0.120769792094171,1.1875633229054,-1.29990004059395,"High"
"48387",4.480934262,0.87452567670124,46,16.92619994,1188.566667,-984.297695986902,0.381933366402108,74.457637670556,41.2571185913888,1,33.61870522,"East Central Texas Plains","White / red / jack pine group",0.855339613376638,0.261114741740001,-0.352495384816879,0.426261612415714,-0.475030304794348,-0.224157423884824,0.434763265999289,1.01693659902543,0.88339796708743,"High"
"48395",7.717937829,0.827586206896552,27,19.42567625,951.7603306,-705.413387162864,0.503949548822031,32.6408728431484,35.9024290576842,0,31.02512401,"East Central Texas Plains","Oak / hickory group",0.579984738622818,-1.19269972558487,-0.75725680975097,1.03954543283736,0.636357363905007,-0.214344279105571,-0.297864804923814,1.59726036031724,-0.373652400971549,"High"
"48399",3.776275064,0.02734375,6,18.08465388,627.1217949,-413.703239550386,0.385719594999634,55.2218828661365,38.7297472828722,1,31.83138473,"Central Great Plains","Aspen / birch group",-4.11437296094865,-0.407641407617828,-0.543539591158563,1.68103406494402,-0.440543340108915,-0.226293634916688,-1.30222688312195,1.2859042803971,-1.76302386040516,"High"
"48401",22.55455136,0.911713286713287,47,18.0802373,1166.715278,-1070.79573108524,0.241805048271417,80.2652344030912,46.9657206428158,2,32.10759178,"South Central Plains","White / red / jack pine group",1.0734884280068,0.463023430396244,0.0790183166168393,0.236047090674567,-1.75139284718283,-0.169366313032933,0.367159749921834,1.28487884706637,0.949558512774745,"High"
"48403",8.221285825,0.917659425367905,42,18.35999789,1306.345238,-1387.55506912536,0.33744271786774,82.6441602997729,49.6448560007418,1,31.34311218,"South Central Plains","White / red / jack pine group",1.10836948378617,0.545729897516887,0.28153438001131,-0.460526258348261,-0.88027456971785,-0.212818353459566,0.799144931539087,1.34983314057196,0.618755784338171,"High"
"48407",19.38097714,0.904509283819629,52,19.21125276,1222.448276,-1624.55014954567,0.367415810739149,97.8972681508792,50.6702605697889,2,30.57933323,"South Central Plains","White / red / jack pine group",1.03122852769768,1.07602412178626,0.359044796234132,-0.981693078217675,-0.607263849751042,-0.178987168445653,0.539585705376552,1.54747591317994,1.28036124121132,"High"
"48411",2.041866311,0.717706821480406,11,18.34525585,690.4713376,-197.928946524183,0.407288123624588,86.0970007702626,39.7351617832561,0,31.15643528,"Edwards Plateau","White / red / jack pine group",-0.0645863341903628,0.66577240798084,-0.467540225880099,2.15553506262971,-0.244085818898606,-0.23155158531659,-1.10623697015034,1.34641036114105,-1.43222113196858,"High"
"48419",12.26022087,0.889425010052272,50,18.04934957,1243.123894,-1486.46376944589,0.294971958243821,60.9634083880453,42.8742116818194,1,31.79219318,"South Central Plains","White / red / jack pine group",0.942741624644756,-0.208029770928154,-0.230259184302575,-0.678032599459003,-1.2671206223494,-0.200574111669212,0.603551637879712,1.27770739135797,1.14804014983669,"High"
"48423",96.44833082,0.904282933160286,51,18.21008764,1084.807407,-1006.09190352365,0.3692350800125,60.2167850167698,43.7823398345416,1,32.375677,"South Central Plains","White / red / jack pine group",1.02990071641832,-0.233987107974271,-0.161613702093955,0.378334803920968,-0.590692986802,0.0546465251114644,0.113754345166169,1.31502725752032,1.214200695524,"High"
"48425",18.55755352,0.946015424164524,14,18.2664251,813.6551724,-154.469004374491,0.293913122189385,148.510569654412,58.7883373856236,0,32.22237032,"Cross Timbers","White / red / jack pine group",1.27471057220602,2.83566168027774,0.972690894484826,2.25110615972461,-1.27676505893753,-0.181483420003759,-0.72513257644868,1.32810758421037,-1.23373949490664,"High"
"48433",0.594967544,0.0458265139116203,7,17.30359465,591.9545455,-40.4433145694006,0.466675768244505,63.8075675818081,43.1476845525545,0,33.17910683,"Southwestern Tablelands","Aspen / birch group",-4.00594993948793,-0.109148860357155,-0.209587347374809,2.50185569441429,0.296848134243156,-0.235937934230828,-1.41102681845845,1.10455940093901,-1.69686331471784,"High"
"48439",926.8542307,0.603896103896104,26,18.53221853,858.5075758,-548.409916665766,0.418427307963444,62.6778002407613,38.7922522119805,2,32.77182865,"Cross Timbers","Unknown",-0.73221926691126,-0.148426698131169,-0.538814838395208,1.38480576179574,-0.14262425971814,2.57206522805747,-0.58636884960439,1.38981900848238,-0.439812946658864,"High"
"48441",57.99568183,0.456944444444444,12,17.60856591,629.1654676,-134.104440637831,0.448364657634529,59.7165207709223,44.9281681935126,0,32.30167782,"Edwards Plateau","White / red / jack pine group",-1.59426257399473,-0.251379448130193,-0.0750004416261496,2.29588909320087,0.130060892350278,-0.0619246815228239,-1.29590419762898,1.17536706092004,-1.36606058628127,"High"
"48453",485.8586108,0.904255319148936,21,19.49850936,836.3636364,-245.736021978102,0.495911228510489,106.39215195117,63.557884973294,2,30.33573938,"Edwards Plateau","White / red / jack pine group",1.02973872795385,1.37135985658256,1.33322139129979,2.05040435089768,0.563140107848284,1.23516405525275,-0.654877453942817,1.61417061634674,-0.770615675095437,"High"
"48457",8.990214451,0.885079743627962,56,18.93964446,1313.882813,-1210.36684913454,0.34442516300553,88.2958303195842,47.5993423699429,1,30.77181773,"South Central Plains","White / red / jack pine group",0.917251556328766,0.742217590270265,0.126913835400303,-0.0708784185400895,-0.816674780988167,-0.210487306311897,0.822464573722817,1.48441440320545,1.54500342396058,"High"
"48463",6.692199568,0.635772357723577,16,19.98813728,625.6968326,-136.614146031226,0.380289151469791,107.122795757714,61.0782412834263,0,29.3574973,"Southern Texas Plains","White / red / jack pine group",-0.545227766649189,1.39676164318177,1.14578491960107,2.29037009602859,-0.490006680585057,-0.217453858027086,-1.30663541119117,1.72785151623408,-1.10141840353201,"High"
"48467",25.64783659,0.842020850040096,35,18.03437252,1053.268908,-785.753282456649,0.405578558885251,70.5839117597631,47.5786255943839,0,32.56489655,"East Central Texas Plains","Oak / hickory group",0.664660798481288,0.126439599011819,0.125347852621559,0.862873040884556,-0.259657435158517,-0.15998885787194,0.0161809861359833,1.27423004774231,0.155631964526969,"High"
"48469",40.28809932,0.527972027972028,17,21.1612629,968.504065,-469.250070194212,0.499241383819572,70.2666474751969,60.5118952206868,1,28.79776778,"Western Gulf Coastal Plain","Oak / hickory group",-1.1776027470371,0.11540949161897,1.10297477385548,1.55888315350263,0.593472916759081,-0.115606139471371,-0.246063277903861,2.00022564098271,-1.0352578578447,"High"
"48473",40.33754083,0.571992110453649,29,19.85473891,1061.039474,-1124.49081905608,0.307765521324461,113.063481994784,49.5639807990737,0,30.00938786,"Western Gulf Coastal Plain","Unknown",-0.919373492449968,1.60329736235891,0.275421016825085,0.117968275744142,-1.15059011004721,-0.115456254960683,0.0402214525572212,1.69687933077312,-0.24133130959692,"High"
"48477",22.54201767,0.753926701570681,20,19.89369164,1044.252874,-561.358021089687,0.404160129422453,44.9376801059271,41.837646070433,0,30.2150656,"Texas Blackland Prairies","Oak / pine group",0.147885612922683,-0.765185153993335,-0.308613264639361,1.35633208042656,-0.272577237947038,-0.169404309566468,-0.0117126914455137,1.70592330318276,-0.836776220782752,"High"
"48481",14.8135768,0.488372093023256,10,20.45865691,1090.392157,-365.540913697451,0.426435846784948,49.5407464329828,30.6871201849049,0,29.27764519,"Western Gulf Coastal Plain","Elm / ash / cottonwood group",-1.40990266805132,-0.605153538732093,-1.15148243899247,1.78694599424556,-0.0696782691618391,-0.19283348028113,0.131032365177325,1.83709588888558,-1.4983816776559,"High"
"48485",81.30252524,0.128,8,17.2689983,724.5684211,-582.113984683116,0.342743026531551,55.1159539529408,45.2356997477474,0,33.98852364,"Central Great Plains","Aspen / birch group",-3.52390636157579,-0.411324164692593,-0.0517541059944076,1.31068843449041,-0.831996566157741,0.00873122725076071,-1.0007478988338,1.09652688473606,-1.63070276903053,"High"
"48491",197.3834923,0.889483065953654,20,19.30457638,850.7133758,-260.444442835569,0.384688255512722,73.4570415890157,69.3505843286903,0,30.64726996,"Texas Blackland Prairies","White / red / jack pine group",0.943082190388687,0.226327711578872,1.7710920148993,2.01805962496501,-0.449937323474596,0.360636720185157,-0.610482434558229,1.56914361771433,-0.836776220782752,"High"
"48493",24.07210409,0.298295454545455,15,20.66419369,755.2522523,-521.57008968904,0.402120612676797,76.7489245708099,40.0970049533533,0,29.1742401,"East Central Texas Plains","Aspen / birch group",-2.52492440134867,0.340774324640059,-0.440188470711227,1.44382819908219,-0.291154230902177,-0.164765772952761,-0.905818698870948,1.884817036222,-1.16757894921933,"High"
"48497",28.98091497,0.818181818181818,28,17.76208855,864.5078125,-434.625421375878,0.369870609393658,74.60457410762,46.361300229305,0,33.21582617,"Cross Timbers","Oak / hickory group",0.524817002654415,0.266223178962787,0.0333301275459357,1.63502489484908,-0.584904250395837,-0.149884457296981,-0.567805402758197,1.21101166196379,-0.307491855284234,"High"
"48499",26.95952052,0.866619866619867,42,17.67343334,1074.821053,-993.25962084374,0.414525547030746,51.0151758055323,44.0237619832299,1,32.78693237,"South Central Plains","White / red / jack pine group",0.808962793317913,-0.55389307509488,-0.14336458189779,0.40655378612133,-0.17816355377579,-0.156012419773159,0.0828587053881143,1.1904278601812,0.618755784338171,"High"
"49001",0.9856971,0.825327510917031,14,8.605329893,294.1111111,-91.7798516314448,0.466066471060727,25.7393547188807,70.641243062466,1,38.35829525,"Central Basin and Range","White / red / jack pine group",0.566734845704644,-1.43264002075063,1.86865301538279,2.38896347860844,0.291298334510088,-0.234753417246772,-2.33249059387449,-0.914987533872402,-1.23373949490664,"Low"
"49003",3.692822793,0.894960965223563,9,8.681990985,306.6688073,-70.0711213345033,0.541915245087067,72.1993791241393,83.4173329474732,5,41.52184586,"Central Basin and Range","Unknown",0.975216474684101,0.18260343271619,2.83439870696611,2.43670231737334,0.982168926156085,-0.226546624819396,-2.29363977221951,-0.89718850410117,-1.56454222334321,"Low"
"49005",41.87988073,0.665053242981607,12,5.613913211,447.453125,-667.912995062174,0.563489976056033,43.8941221595608,65.6241957601021,6,41.72386543,"Wasatch and Uinta Mountains","Unknown",-0.373461137702294,-0.801465809519436,1.48941399465443,1.1220111112823,1.17868294158311,-0.110780571284639,-1.85808325519054,-1.60952909585637,-1.36606058628127,"Low"
"49007",5.325147325,0.77877596855699,14,6.857846139,327.2692308,-192.640445139207,0.509517425356382,49.5267822876927,46.316331216406,3,39.64869273,"Colorado Plateaus","White / red / jack pine group",0.293655619000936,-0.605639020488761,0.0299309161398755,2.1671648038201,0.687072516587146,-0.221598148048303,-2.22990647538952,-1.32071506201913,-1.23373949490664,"Low"
"49009",0.326836155,0.821428571428571,11,4.713836215,310.0344828,-476.171535778532,0.404811683622592,65.9815576171603,61.2626458205249,2,40.88839892,"Wasatch and Uinta Mountains","Douglas-fir group",0.543863006738742,-0.0335672562263724,1.15972407381917,1.54366242317768,-0.266642539047578,-0.236750788491152,-2.28322709329207,-1.8185072988828,-1.43222113196858,"Low"
"49011",452.8405073,0.545454545454545,4,10.39378761,439.372549,-153.877741761503,0.742816038237294,116.487137503813,88.6605712076221,5,40.99093063,"Central Basin and Range","Douglas-fir group",-1.07504734042918,1.72232521950439,3.23073552090993,2.25240638272997,2.81207918650713,1.13506795610567,-1.88308282613457,-0.499746747197049,-1.89534495177979,"Low"
"49013",2.380809515,0.826317116208722,14,5.171889295,337.8600746,-462.449378063935,0.429937997686123,68.3280378677866,47.9167560062607,2,40.29713036,"Colorado Plateaus","White / red / jack pine group",0.572540037844289,0.0480111956154291,0.150907158434405,1.57383829554254,-0.0377788337894478,-0.23052406135378,-2.19714067367746,-1.71215738662582,-1.23373949490664,"Low"
"49015",0.873824332,0.8721071863581,13,9.563982235,222.2423358,-86.4803732021691,0.454780113800157,47.0041487412403,60.2332575213692,4,38.99609769,"Colorado Plateaus","White / red / jack pine group",0.841152339675005,-0.69334167182318,1.0819125271078,2.40061735899724,0.188496246826636,-0.235092565365246,-2.55483718733179,-0.692409415946314,-1.29990004059395,"Low"
"49017",0.373034873,0.830272569108834,16,8.542849164,279.5326757,-247.818313136351,0.436625130280555,52.9434008959981,51.8607553275372,0,37.85624616,"Colorado Plateaus","White / red / jack pine group",0.595743394048287,-0.486855810391402,0.449034393481498,2.04582526402777,0.0231310927220353,-0.236610734673179,-2.37759314968675,-0.929494193334013,-1.10141840353201,"Low"
"49019",1.01951548,0.841573033707865,10,10.36000261,283.0766551,-110.078190424113,0.467362469476853,17.7687247314368,42.6088623399411,2,38.98127641,"Colorado Plateaus","White / red / jack pine group",0.662033832079936,-1.70974938674932,-0.250316963011863,2.34872430140462,0.303102970827747,-0.234650895067766,-2.36662883669292,-0.507590885665897,-1.4983816776559,"Low"
"49021",6.225260259,0.710161662817552,14,8.513997743,335.0543689,-144.913322035899,0.43045005888527,57.0316798073725,62.6308013772454,2,37.85969363,"Central Basin and Range","White / red / jack pine group",-0.108847511984927,-0.344721452261437,1.26314306556164,2.27211969539486,-0.0331147106291871,-0.218869408843605,-2.20582092601284,-0.936192862605791,-1.23373949490664,"Low"
"49023",1.32313989,0.757400257400257,13,9.758825854,278.2921147,-72.9210755582614,0.492610236615697,61.2932910696117,81.9378492080239,4,39.70337876,"Central Basin and Range","White / red / jack pine group",0.168262079345995,-0.196560968476301,2.72256440867917,2.43043509200759,0.533072934678396,-0.23373044186709,-2.3814311796403,-0.647170986844424,-1.29990004059395,"Low"
"49025",0.741055233,0.923721208495363,15,10.85262885,287.447619,-109.093617387516,0.495671117734895,38.3247912629124,44.4809904171046,2,37.28562084,"Colorado Plateaus","White / red / jack pine group",1.14392892961696,-0.995090875071137,-0.108802646747188,2.35088943832435,0.560953052411664,-0.235495061798669,-2.35310601083102,-0.393213841417039,-1.16757894921933,"Moderate"
"49027",0.737608503,0.878822850548182,10,10.11712785,251.8782359,-76.3346982783792,0.517061527097364,15.9745995903668,60.0499137686816,3,39.07279091,"Central Basin and Range","Aspen / birch group",0.880547562493735,-1.77212449149605,1.0680535576711,2.42292832480329,0.755788169544435,-0.235505510740045,-2.46315006168133,-0.563981095759965,-1.4983816776559,"Low"
"49029",7.574127842,0.837072018890201,9,5.597529969,459.62,-150.684467764836,0.725936903439677,37.5544680743897,44.6267126946294,3,41.08300699,"Wasatch and Uinta Mountains","Unknown",0.635630117326874,-1.02187216723021,-0.0977874877310923,2.25942858948153,2.65833513469091,-0.214780246565576,-1.82044155059799,-1.61333292651543,-1.56454222334321,"Low"
"49033",0.906293065,0.751565762004175,9,4.210629924,321.4293785,-887.193306062583,0.482654892750523,68.003368847476,40.9544438614746,0,41.62537961,"Wyoming Basin","Aspen / birch group",0.134035941817713,0.0367236529093422,-0.375374592696342,0.639800163521772,0.44239441819,-0.234994134711361,-2.24797372726321,-1.93534079969675,-1.56454222334321,"Low"
"49035",596.3803358,0.838397790055249,12,9.030642121,483.8294574,-155.370703257763,0.611516354486257,39.4133857481501,55.2724588787996,7,40.66637915,"Central Basin and Range","Aspen / birch group",0.643407315378386,-0.957244465426091,0.706925347227659,2.24912326818677,1.61613249705227,1.5702164165583,-1.74554267608858,-0.816239331743469,-1.36606058628127,"Low"
"49037",0.75519025,0.957643111763472,14,11.10844343,267.5813377,-89.6464841223287,0.467166155269719,56.7812127671316,44.7628025709451,1,37.62697759,"Colorado Plateaus","White / red / jack pine group",1.34292055574028,-0.353429266177534,-0.0875004427194392,2.39365488552865,0.301314837609086,-0.235452210758994,-2.41456802897841,-0.333819287980009,-1.23373949490664,"Moderate"
"49039",7.387500725,0.829948039678791,13,6.345866943,388.872428,-274.798503223071,0.556330959727922,37.9673556038203,52.2367684395565,3,39.37282045,"Wasatch and Uinta Mountains","Aspen / birch group",0.593839649482462,-1.0075175927876,0.477457255732774,1.9864941595929,1.11347484943269,-0.215346016383542,-2.0393193812541,-1.4395854396007,-1.29990004059395,"Low"
"49041",4.34013738,0.833175355450237,15,6.226432772,329.4459016,-274.267778012204,0.455434164788467,54.4373714175151,65.6159774449682,3,38.74858288,"Wasatch and Uinta Mountains","White / red / jack pine group",0.61277163004669,-0.434915973177722,1.48879277153342,1.98766125711189,0.194453687788087,-0.224584256960209,-2.22317232226895,-1.46731544330755,-1.16757894921933,"Low"
"49043",8.603080446,0.836838942307692,12,3.367901024,419.8993289,-671.944760187683,0.486171502795665,65.1773680751577,43.8843906864821,3,40.86768169,"Wasatch and Uinta Mountains","Douglas-fir group",0.634262850643806,-0.0615259564142088,-0.153899669751431,1.11314501074892,0.47442555506285,-0.21166092319597,-1.94332879713944,-2.13100402844618,-1.36606058628127,"Low"
"49045",3.878849762,0.837916063675832,11,10.05170371,241.3919156,-50.5573781358666,0.526477452930672,53.5415624728398,65.8163463571243,6,40.4490093,"Central Basin and Range","White / red / jack pine group",0.640581426900696,-0.466059941610077,1.50393867418311,2.47961424393547,0.841553382428342,-0.225982674381326,-2.49559249007773,-0.579171150913591,-1.43222113196858,"Low"
"49047",3.078216628,0.854239256678281,15,7.716984309,276.0955056,-243.044551212039,0.449127773997361,52.8849901600162,43.5824362811496,3,40.12273797,"Colorado Plateaus","White / red / jack pine group",0.736336039883625,-0.488886535947721,-0.176724428236159,2.05632306135122,0.137011758199492,-0.22840983539502,-2.38822701758944,-1.121241959478,-1.16757894921933,"Low"
"49049",119.7381257,0.812915129151291,13,7.515339242,422.6390533,-129.925445903206,0.618329834058718,40.8542285224487,53.4291166523772,7,40.11653943,"Central Basin and Range","Aspen / birch group",0.493921713372234,-0.907151683761573,0.567586955802431,2.30507896073834,1.67819325840036,0.125250750379084,-1.93485267681028,-1.16805953612764,-1.29990004059395,"Low"
"49051",10.84254929,0.768505421970769,13,4.411684695,435.0918919,-585.216337016311,0.486505773026644,59.2432521511949,44.2449612964164,3,40.32920363,"Wasatch and Uinta Mountains","Aspen / birch group",0.233406854354265,-0.267833250071361,-0.126644107510572,1.30386617009261,0.477470264423161,-0.204871856844966,-1.89632626210479,-1.8886602768746,-1.29990004059395,"Low"
"49053",27.37807952,0.866424535916061,14,12.16365396,355.8913043,-97.6720056797329,0.53798295804589,35.0484827021881,73.5683058696842,3,37.280483,"Wasatch and Uinta Mountains","White / red / jack pine group",0.807816950348108,-1.10899602303417,2.08990993518436,2.37600626792676,0.946351584220982,-0.154743536381267,-2.14135591203507,-0.0888224695367382,-1.23373949490664,"Moderate"
"49055",0.42328132,0.934139784946237,11,9.877816171,225.9442897,-91.6065793065902,0.499045946472454,42.7432238969392,45.3629510320303,1,38.32476835,"Colorado Plateaus","White / red / jack pine group",1.20504606250492,-0.841478291391819,-0.0421351708858753,2.38934451515298,0.591692770443384,-0.236458409954084,-2.54338413507976,-0.61954403633384,-1.43222113196858,"Low"
"49057",171.0403242,0.868327402135231,6,7.686861668,467.27,-294.1152637074,0.717190306536668,27.980594003749,30.8651904958061,6,41.27140364,"Wasatch and Uinta Mountains","Aspen / birch group",0.818979485665039,-1.35472040859204,-1.13802208945676,1.94401541018619,2.57866652231265,0.280776035092032,-1.79677408955043,-1.12823577824525,-1.76302386040516,"Low"
"50001",18.62051342,0.852436647173489,40,6.525190992,1016.89781,-1078.87873127665,0.358028288746589,52.6980965851847,55.0643508084084,6,44.03311735,"Eastern Great Lakes Lowlands","Maple / beech / birch group",0.725761627422484,-0.495384135273291,0.691194440966592,0.218272074006331,-0.692770345490018,-0.181292553790238,-0.0963433988538057,-1.39795031539912,0.486434692963542,"Low"
"50003",20.39718658,0.882420583584879,31,6.008419006,1235.46729,-1052.58904286314,0.409743610197662,38.8775506592841,43.1392613937843,7,43.03526131,"Northeastern Highlands","Maple / beech / birch group",0.901652473432001,-0.975873472416683,-0.210224054643235,0.276084722612908,-0.22171995361871,-0.175906476640915,0.57986374547101,-1.51793347404957,-0.10901021822229,"Low"
"50005",17.87030812,0.764281230382925,37,4.951956051,1087.409091,-1158.83271463904,0.348969534826364,51.9738343970833,46.8173666865102,8,44.46812065,"Northeastern Highlands","Maple / beech / birch group",0.208627031521866,-0.520564056569069,0.0678042287839406,0.042448326226553,-0.775282248428198,-0.183566840200705,0.121803398071797,-1.76322107820016,0.287953055901598,"Low"
"50007",117.4325078,0.935159306875349,37,6.524050673,971.7352941,-1247.85478313679,0.379714996929917,69.6363604359078,50.4688154955906,11,44.46369231,"Eastern Great Lakes Lowlands","Maple / beech / birch group",1.21102675070331,0.0934967391602895,0.343817546406625,-0.153316700857079,-0.495236382603988,0.118261149722169,-0.236066547333928,-1.39821507254385,0.287953055901598,"Low"
"50009",3.600880184,0.761200521966072,28,4.438592875,1111.283186,-967.853362089951,0.383151302940484,48.3460606526777,39.5186703061,5,44.72663301,"Northeastern Highlands","Maple / beech / birch group",0.190555074514144,-0.646688350869843,-0.483904834552222,0.462423718341058,-0.463936697182933,-0.22682535362362,0.195664733164369,-1.88241278568429,-0.307491855284234,"Low"
"50011",30.16632499,0.877773599097405,39,5.944960174,1053.168142,-1202.51621851076,0.344974963533505,45.0857752322273,43.5144959535371,7,44.85609882,"Northeastern Highlands","Maple / beech / birch group",0.874392475889304,-0.760036433425301,-0.181860043222207,-0.0536143969034014,-0.811666908139524,-0.146290825128136,0.0158692377203076,-1.5326672276467,0.420274147276227,"Low"
"50013",33.40702995,0.525,15,7.043144496,797.7,-1453.11147785007,0.333084135024126,44.2044134875205,26.5441824833662,6,44.79880094,"Eastern Great Lakes Lowlands","Elm / ash / cottonwood group",-1.19503716616044,-0.79067812607393,-1.46464744266502,-0.604688850232125,-0.919974838398,-0.136466459383368,-0.774494461583851,-1.27769283409674,-1.16757894921933,"Low"
"50015",21.19557797,0.858774267224971,27,5.045597019,1171.835443,-1241.49398801964,0.413095173396419,33.3293828392592,39.6549101746775,6,44.60550286,"Northeastern Highlands","Maple / beech / birch group",0.762939179337201,-1.16876277595773,-0.473606451613089,-0.139328919519311,-0.191192150370893,-0.173486111590826,0.38300044347668,-1.74147969239732,-0.373652400971549,"Low"
"50017",16.22245501,0.822824716267339,36,5.514585499,1065.191304,-1321.6649585715,0.356535490274621,54.3349062061161,38.6446601221448,6,44.00594065,"Northeastern Highlands","Maple / beech / birch group",0.552053028671601,-0.438478310133826,-0.549971336678605,-0.31562983553097,-0.706367540392319,-0.188562392664171,0.0530663250802382,-1.63259081930529,0.221792510214283,"Low"
"50019",14.92285875,0.734683670917729,34,4.800009877,1176.567797,-1061.20134687039,0.402170227499139,45.3470821629556,38.1607079825355,7,44.82976973,"Northeastern Highlands","Maple / beech / birch group",0.0350027380761005,-0.750951756552926,-0.586553318956976,0.257145734161136,-0.290702312962753,-0.192502186362259,0.397641332882987,-1.79849965829983,0.0894714188396538,"Low"
"50021",24.30553031,0.903113087674714,41,6.273638877,1070.615385,-1218.60826702998,0.412373754359633,62.3689666812812,44.4237282861863,7,43.58026259,"Northeastern Highlands","Maple / beech / birch group",1.02303820479428,-0.15916370035075,-0.113131095961538,-0.0890018055241734,-0.197763215007955,-0.164058129218449,0.0698472696274667,-1.45635521763951,0.552595238650857,"Low"
"50023",32.80566626,0.810732223103357,39,5.251370796,1126.7,-1226.96918914334,0.332678104593191,62.6096708573754,60.6758432177889,8,44.27067766,"Northeastern Highlands","Maple / beech / birch group",0.481116417020799,-0.150795305162945,1.11536761652254,-0.107387989664653,-0.923673177463426,-0.138289524706841,0.243361052749002,-1.69370351953819,0.420274147276227,"Low"
"50025",20.95415018,0.910885284346297,35,6.419764101,1238.407692,-1340.59254715122,0.382119013767399,64.3140432865077,50.0082720062537,10,42.98888813,"Northeastern Highlands","Maple / beech / birch group",1.06863122597604,-0.091540570718301,0.309005025939326,-0.3572527718822,-0.473339330790581,-0.174218012501026,0.588960719300965,-1.4224281348854,0.155631964526969,"Low"
"50027",21.9733212,0.943162020905923,33,6.025609397,1136.269939,-1362.00613059706,0.426764309766982,27.5893999077954,28.2065564346665,11,43.57870174,"Northeastern Highlands","Maple / beech / birch group",1.25797202572981,-1.36832078247503,-1.33898845813074,-0.404342564491753,-0.0666864552842302,-0.171128342512386,0.272968393730701,-1.51394224103676,0.0233108731523391,"Low"
"51001",27.97909644,0.852144469525959,30,14.06920791,1020.37931,-1928.93177525601,0.135309959004295,96.216107036187,56.8795815716545,2,37.76690098,"Middle Atlantic Coastal Plain","White / red / jack pine group",0.724047663888676,1.01757635901621,0.828407884564202,-1.65104707331666,-2.72140622279547,-0.152921522309096,-0.0855723837378488,0.353605502748572,-0.175170763909605,"Moderate"
"51003",58.31627813,0.764524103831891,53,12.94807732,1136.5,-1370.28110577561,0.421476172346908,78.0689462006092,52.1417275144184,6,38.02094361,"Northern Piedmont","Oak / hickory group",0.210051768281768,0.386666601350241,0.470273104337289,-0.422539746014065,-0.114853596744462,-0.0609527771543315,0.273680153175938,0.0933034873683549,1.34652178689863,"Moderate"
"51005",12.9947989,0.815436241610738,50,11.11802697,1035.691176,-1414.73999448174,0.288695318015699,109.351087521335,62.8369316121346,2,37.78643249,"Ridge and Valley","Oak / hickory group",0.508710985777735,1.47423111784686,1.27872446707345,-0.52030758828661,-1.32429156813747,-0.198347200141052,-0.0382007507809317,-0.331594199485655,1.14804014983669,"Moderate"
"51007",14.0920155,0.850671976107516,41,13.85038888,1097.462963,-1416.89199471786,0.232711136584792,118.284367386694,62.0615945795913,3,37.34089753,"Piedmont","White / red / jack pine group",0.715409768264838,1.78480826465686,1.22011667662714,-0.52503996972435,-1.83422498557881,-0.195020930914855,0.15290792407665,0.302800507308617,0.552595238650857,"Moderate"
"51009",25.89049741,0.80597784076269,53,12.77236489,1104.189189,-1446.27389245297,0.354578904700185,75.0648010956326,51.7766023915069,3,37.60530214,"Blue Ridge","White / red / jack pine group",0.453226405493328,0.282223571537096,0.442673266083614,-0.589652577619747,-0.724189152551102,-0.159253218967124,0.173717426279534,0.0525069021495401,1.34652178689863,"Moderate"
"51011",18.26866946,0.820254506892895,38,13.41944666,1103.94,-1251.8917048853,0.356654496717154,85.0554972253195,50.9744718896404,4,37.37566583,"Piedmont","White / red / jack pine group",0.536975745452683,0.629563176404513,0.382040155074103,-0.162194141122933,-0.705283567020068,-0.182359187066266,0.172946488900322,0.202745144107418,0.354113601588913,"Moderate"
"51015",30.24463289,0.78990081154193,54,11.16912647,1046.358621,-1248.06805288753,0.325832562195127,76.3440010054253,49.6598451920948,5,38.16396127,"Ridge and Valley","Oak / hickory group",0.35891583091897,0.326696627813281,0.282667414225985,-0.153785694211584,-0.986025983918095,-0.146053430653847,-0.00519796136727679,-0.319730012607192,1.41268233258595,"Moderate"
"51017",3.099313647,0.808635034854958,48,10.57390241,1073.04878,-1563.13465396614,0.349023337997911,64.6596236293628,51.7970291068765,3,38.05849134,"Ridge and Valley","Oak / hickory group",0.468813955789859,-0.0795260185610632,0.44421732318864,-0.846636610103982,-0.774792180797755,-0.228345878683953,0.0773756724216917,-0.457928027898877,1.01571905846206,"Moderate"
"51019",40.11102461,0.727703235990529,56,13.09339421,1079.565217,-1703.88765149545,0.34371228432085,69.1632978853353,47.5936262430732,2,37.31274776,"Piedmont","Oak / hickory group",-0.00594567470112235,0.0770501014825427,0.126481752897233,-1.15616114529409,-0.823168055599114,-0.116142950670373,0.0975361324042225,0.127042892637625,1.54500342396058,"Moderate"
"51021",6.837874293,0.796336206896552,43,10.61819811,1008.150943,-1697.57220477913,0.362897268314345,68.1087343901733,43.3757804693374,2,37.13430249,"Ridge and Valley","Oak / hickory group",0.396666949311157,0.040386823672626,-0.192345558151071,-1.14227308789069,-0.648421114564812,-0.217012237516786,-0.123404331404219,-0.447643534651148,0.684916330025486,"Moderate"
"51023",23.85335935,0.775569558894813,62,12.22233921,1033.117647,-1323.11700259769,0.333860201834902,95.1969508966089,54.5474768712541,3,37.55746724,"Ridge and Valley","Oak / hickory group",0.274846277212205,0.98214406418668,0.652123897287633,-0.318822970030208,-0.912906013046499,-0.165428909016374,-0.0461626981485473,-0.0751970373307613,1.94196669808447,"Moderate"
"51025",11.13915712,0.88828967642527,46,14.34179125,1116.241379,-1327.21769101266,0.198616813371625,127.033045505153,66.7746458545348,2,36.76355975,"Piedmont","White / red / jack pine group",0.936081565424494,2.08896749053384,1.57637661248821,-0.327840637134162,-2.14477404259944,-0.203972674771729,0.211004320052444,0.416893395696949,0.88339796708743,"Moderate"
"51027",16.41140592,0.716267776621575,53,11.78433764,1148.307692,-1660.09695987342,0.419704137151123,68.1283006584685,53.3282094691574,1,37.26894333,"Central Appalachians","Oak / hickory group",-0.0730280149020812,0.0410670705553424,0.559959373473138,-1.05986270968074,-0.130994226831698,-0.187989578146787,0.310210622518625,-0.176891427286439,1.34652178689863,"Moderate"
"51029",11.38211049,0.871378910776362,50,13.48536553,1119.420455,-1385.08250369943,0.275476771667038,121.848312084787,64.6043823302234,2,37.57320899,"Piedmont","White / red / jack pine group",0.836880151846081,1.90871345876306,1.41232621310399,-0.455088934258387,-1.44469305192979,-0.203236148986363,0.220839700104369,0.218050064752377,1.14804014983669,"Moderate"
"51031",42.51205261,0.8109627547435,46,13.53990914,1090.519481,-1304.61700028003,0.321447286871305,76.2976380794205,45.4342073867418,2,37.20536506,"Piedmont","White / red / jack pine group",0.482468754641196,0.325084760112576,-0.0367488971370256,-0.278140322279156,-1.02596938176982,-0.108864109329806,0.131426278355158,0.230713898685508,0.88339796708743,"Moderate"
"51033",22.38949352,0.852419994710394,47,13.70229484,1070.710843,-1707.92168056157,0.302847185848869,96.2187598013397,64.3322134039743,3,38.03006134,"Southeastern Plains","White / red / jack pine group",0.725663941255406,1.01766858586286,1.39175294144782,-1.1650322243727,-1.19538890058212,-0.169866694465126,0.0701425962283396,0.268416308517111,0.949558512774745,"Moderate"
"51035",24.3261452,0.797958315610379,42,11.22167374,1108.197183,-1375.80499465498,0.413600443095137,58.6163501132093,39.1095706686442,3,36.73067075,"Blue Ridge","Oak / pine group",0.406182513581299,-0.289628318536857,-0.514828709999034,-0.434687118843356,-0.186589887774363,-0.163995634106537,0.186117301034285,-0.307529685182598,0.618755784338171,"Moderate"
"51036",14.70304034,0.809874723655122,41,14.52420533,1149.633333,-1509.57337791487,0.360039002750224,102.706990391267,65.8157884035994,3,37.35323301,"Southeastern Plains","White / red / jack pine group",0.476086180118834,1.24324039989267,1.50389649842999,-0.728852055849598,-0.674455703082748,-0.193168577312354,0.314311871764447,0.45924595754947,0.552595238650857,"High"
"51037",9.709912083,0.85968028419183,44,13.83247147,1096.242857,-1133.79863698989,0.231370507043372,144.481646882934,62.1569516521852,2,37.0190245,"Piedmont","White / red / jack pine group",0.768254028215392,2.69559091590645,1.22732472563497,0.0974998092093761,-1.84643614569773,-0.208305505484705,0.149133177510782,0.298640476376454,0.751076875712801,"Moderate"
"51041",317.720922,0.807830603276069,50,14.28597216,1107.863636,-1685.80977655049,0.312318704624269,95.3635351635895,55.0300268016641,4,37.37486365,"Piedmont","White / red / jack pine group",0.464095023991637,0.98793558388852,0.688599886456602,-1.11640678170834,-1.10911731789478,0.725445901135108,0.185085378076112,0.403933423189474,1.14804014983669,"Moderate"
"51043",31.81729378,0.549763033175355,20,11.95184487,1003.517241,-2582.1229869507,0.399337984994639,35.7771722921451,31.1848686505031,4,39.11317293,"Ridge and Valley","Oak / hickory group",-1.04977302221301,-1.08366217732801,-1.113857591291,-3.08745489225465,-0.316499869744479,-0.141285827318599,-0.137740012657943,-0.137999910144125,-0.836776220782752,"Moderate"
"51045",6.005151241,0.853634251576502,38,11.21032333,1018.96,-1310.0558147436,0.207356640899664,87.6721643913945,54.2498697714661,3,37.48134038,"Ridge and Valley","Oak / hickory group",0.732786977554651,0.720535029390148,0.629627751988738,-0.290100611213473,-2.06516708925457,-0.219536680786977,-0.0899634248018238,-0.310165002267642,0.354113601588913,"Moderate"
"51047",52.88216371,0.853403141361257,43,12.90492375,1069.491525,-1763.16942461938,0.395704037356541,75.8148990644433,48.2346829556234,2,38.48091689,"Northern Piedmont","Oak / hickory group",0.731431245914778,0.308301707506459,0.174939282844047,-1.28652542593833,-0.349599779228468,-0.0774265778304025,0.0663702875656483,0.0832841717399667,0.684916330025486,"Moderate"
"51049",12.80932538,0.898895027624309,41,13.63420927,1100.191489,-1519.23678466026,0.270264708539029,99.1035946387012,60.8044858783107,3,37.51312098,"Piedmont","White / red / jack pine group",0.998294350598305,1.11796363833067,1.1250917258761,-0.750102484144007,-1.49216726866127,-0.198909472769674,0.161349398955375,0.25260832749564,0.552595238650857,"Moderate"
"51051",16.97000526,0.752986144290492,51,11.83539108,1146.367347,-1621.25935792282,0.44688543217105,62.1175966685572,49.1607570844577,1,37.12555892,"Central Appalachians","Oak / hickory group",0.142368144720275,-0.167902907285053,0.244941302871945,-0.97445642418295,0.116587327559677,-0.186296155175957,0.304207610792308,-0.165037934533117,1.214200695524,"Moderate"
"51053",21.98063489,0.906073082861554,51,14.25248649,1120.540541,-1270.34823482994,0.224871046187977,135.467265239152,64.9747969887213,2,37.076215,"Piedmont","White / red / jack pine group",1.04040203756306,2.38219415980138,1.44032588779033,-0.202781190440639,-1.90563665914291,-0.171106170680519,0.224305006218737,0.396158782603352,1.214200695524,"Moderate"
"51057",16.44424789,0.871212121212121,37,14.01428633,1079.5,-1350.02393371614,0.222262278586273,128.275897565237,73.237028867834,2,37.93211711,"Southeastern Plains","White / red / jack pine group",0.83590173603178,2.13217686632253,2.06486867920252,-0.377992973469006,-1.92939868878138,-0.187890016005511,0.0973343649784525,0.340853912443766,0.287953055901598,"Moderate"
"51059",1134.97992,0.720481927710843,38,13.25387286,1023.52459,-1958.760382761,0.405973257328214,75.3995617704225,52.5909785725544,8,38.83568018,"Piedmont","Oak / hickory group",-0.0483070913337636,0.293861963796987,0.504232028995704,-1.7166420235871,-0.256062313809332,3.20300908681745,-0.0758415612693966,0.164302527146836,0.354113601588913,"Moderate"
"51061",41.91930284,0.745406824146982,54,12.49546125,1036.444444,-1561.06681832259,0.430370438068381,57.4922753515929,49.0587507657408,4,38.73292662,"Northern Piedmont","Oak / hickory group",0.0979065698980801,-0.328708246349006,0.237230636799478,-0.842089311803738,-0.0338399389743722,-0.110661061106498,-0.0358703009706873,-0.0117840700182233,1.41268233258595,"Moderate"
"51063",15.98036658,0.869487485101311,34,10.89477114,1104.610169,-1628.83895038596,0.395707357992956,56.1937996975903,39.0107642541326,4,36.93023741,"Blue Ridge","Oak / hickory group",0.825784728697356,-0.373851449058481,-0.522297495047842,-0.991124416163692,-0.349569533122659,-0.189296296338912,0.175019848207875,-0.383429322898337,0.0894714188396538,"Moderate"
"51065",36.13757553,0.828410689170183,37,13.39460993,1119.25,-1477.891491379,0.342401491850437,109.625023786042,54.2414254044049,2,37.84153331,"Piedmont","White / red / jack pine group",0.584821291190136,1.48375487001659,0.628989441583841,-0.659181630522288,-0.835107443956859,-0.128188668349692,0.220312348853015,0.196978598325758,0.287953055901598,"Moderate"
"51067",31.43729392,0.757065372537825,49,13.08986729,1134.314815,-1459.76539657093,0.369316811195306,81.7425770198623,52.2131045167227,2,36.99421746,"Piedmont","Oak / hickory group",0.166297588061036,0.514385176775287,0.475668497847663,-0.619321228479261,-0.589948536132282,-0.142437816670817,0.266919658944669,0.126224018911162,1.08187960414937,"Moderate"
"51069",82.29239445,0.696750902527076,35,11.51684372,969.140625,-1473.12278505069,0.354581536019943,60.5424575669815,40.9388011286901,5,39.20168622,"Ridge and Valley","Oak / hickory group",-0.187517301726964,-0.222664676239953,-0.376557028161903,-0.648694950766705,-0.724165185104543,0.0117320672774085,-0.244093897641843,-0.238997668164189,0.155631964526969,"Moderate"
"51071",18.11486311,0.78546224417784,48,10.80806176,988.962963,-1721.12349559339,0.357505223567734,57.8295322013021,46.6291709440705,4,37.31243241,"Ridge and Valley","Oak / hickory group",0.332878443498302,-0.316983071306524,0.0535784970404011,-1.19406383103911,-0.697534698694454,-0.182825459020955,-0.182767830650142,-0.403561345490254,1.01571905846206,"Moderate"
"51073",66.23003579,0.793662490788504,39,14.5565587,1153.925,-2159.02437278702,0.194698328295278,114.480736119103,56.3889856898529,3,37.40803632,"Southeastern Plains","White / red / jack pine group",0.380982478073578,1.65257005378578,0.791323701263769,-2.15703490697995,-2.18046566896787,-0.0369618089461996,0.327589370006485,0.46675770282737,0.420274147276227,"High"
"51075",32.13355388,0.878095238095238,39,13.64007961,1090.772727,-1504.41310355263,0.387997534695445,112.205647443537,64.3318721473048,2,37.71944289,"Piedmont","White / red / jack pine group",0.876279264690557,1.57347362333172,1.39172714582793,-0.717504293802164,-0.419794665320416,-0.140327068366078,0.132209767223191,0.253971292119562,0.420274147276227,"Moderate"
"51077",13.6783286,0.784428223844282,44,10.4062634,1174.919355,-1663.26460457701,0.490415893573523,42.4258237259116,38.0889970365677,3,36.65691816,"Blue Ridge","Maple / beech / birch group",0.326812705205465,-0.852513123055049,-0.591973955296506,-1.06682855603383,0.51308570225069,-0.196275044282034,0.392541406500745,-0.496850141476515,0.751076875712801,"Low"
"51079",48.85851696,0.74,38,12.1862754,1103.956522,-1751.18698065627,0.377421490930863,75.5666864412932,54.3019102191737,2,38.2951499,"Northern Piedmont","Oak / hickory group",0.0661892243037872,0.299672271346162,0.633561493737116,-1.26017529156659,-0.516126843482891,-0.0896244723588032,0.172997604428613,-0.0835702656674256,0.354113601588913,"Moderate"
"51081",14.91300644,0.880696364567332,43,14.67914435,1120.955556,-1454.25004238591,0.309504447185185,146.792225084421,74.2133494334811,2,36.67713346,"Southeastern Plains","White / red / jack pine group",0.891537912837255,2.77592118610004,2.13866883154681,-0.607192623969992,-1.134751057226,-0.192532054152775,0.225588973715031,0.495219411067526,0.684916330025486,"High"
"51083",16.19282654,0.889644268774704,54,14.13123013,1095.269841,-1254.79499264314,0.294752506065207,124.93298495352,59.476551261802,3,36.76641926,"Piedmont","White / red / jack pine group",0.944027833421829,2.01595614150138,1.02471303833238,-0.168578650224286,-1.26911950840159,-0.188652212912953,0.146122874467821,0.368005706443269,1.41268233258595,"Moderate"
"51085",87.96467053,0.871653832049872,39,13.91910723,1087.328767,-1712.57310914316,0.316382922921257,103.635055717364,67.0798101833755,2,37.75925117,"Southeastern Plains","White / red / jack pine group",0.838492886569108,1.27550580357158,1.59944400935654,-1.17526100311957,-1.07209827657918,0.028927867420602,0.121554892824583,0.318755406013685,0.420274147276227,"Moderate"
"51087",545.3859962,0.788288288288288,33,14.45757459,1103.842105,-1569.30720854481,0.263400946785803,70.7859329996934,45.8161216002642,4,37.53616688,"Southeastern Plains","Oak / hickory group",0.349456496580688,0.133463131380471,-0.00787997013483503,-0.860210438870937,-1.55468602660087,1.41562442212284,0.172643622743557,0.4437757562518,0.0233108731523391,"High"
"51089",51.53265911,0.807412309728657,44,13.62898512,1178.267857,-1489.90088894739,0.282493428297467,79.758133713774,47.7871808745523,1,36.68268363,"Piedmont","White / red / jack pine group",0.461641243243,0.445393412350549,0.14111256350669,-0.685591037536836,-1.38078164690223,-0.0815176712586195,0.402900954298479,0.251395394064175,0.751076875712801,"Moderate"
"51091",2.047863644,0.839566929133858,42,9.332787213,1093.492308,-1625.15603164371,0.43289066977385,59.2884950111651,45.587210914195,4,38.35794605,"Ridge and Valley","Oak / hickory group",0.650265683099618,-0.266260322929835,-0.0251833478363448,-0.983025450373635,-0.0108843409203059,-0.231533404089477,0.140623568188312,-0.746087846192761,0.618755784338171,"Low"
"51093",45.38413121,0.869470945359931,40,14.92082559,1211.555556,-1435.83154298575,0.316626519976314,142.708955908421,74.8962227627926,2,36.90615633,"Middle Atlantic Coastal Plain","White / red / jack pine group",0.825687703774937,2.63396099796612,2.19028728301479,-0.566689206168558,-1.06987946627261,-0.100157253580087,0.505885963376297,0.551332511907625,0.486434692963542,"High"
"51095",206.299984,0.856810244470314,23,14.68536962,1179.931034,-1652.83664270561,0.296700070633805,116.637434839496,66.3368480509088,4,37.30892696,"Southeastern Plains","White / red / jack pine group",0.751417889431873,1.72755050275904,1.54328344028593,-1.0438968237945,-1.25138006431632,0.387667528821616,0.408046467613863,0.496664782678773,-0.638294583720808,"High"
"51097",8.589461379,0.818181818181818,43,14.14826724,1108.829787,-1434.97195470747,0.198616662338905,151.979037645278,72.8035675793759,2,37.71033653,"Southeastern Plains","White / red / jack pine group",0.524817002654415,2.95624750190661,2.03210330454061,-0.564798918452063,-2.14477541828502,-0.211702210106368,0.188074442279844,0.371961350958556,0.684916330025486,"Moderate"
"51099",57.34533133,0.726477024070022,35,13.71578687,1031.142857,-1812.75078440279,0.331036912003147,105.533735231419,65.956462435008,2,38.26817121,"Southeastern Plains","Oak / hickory group",-0.0131388413729606,1.34151587770666,1.51453006010444,-1.39555789849976,-0.938622024168516,-0.0638962529102706,-0.052272275325293,0.271548862950908,0.155631964526969,"Moderate"
"51101",23.94192989,0.820663811563169,42,14.17754072,1099.666667,-1246.01944478801,0.266023089942038,139.341340319353,71.663137803911,2,37.70976247,"Southeastern Plains","White / red / jack pine group",0.53937679592659,2.51688144186027,1.94589812344674,-0.149280678468253,-1.53080216536537,-0.165160402814819,0.159725712126368,0.378758013104036,0.618755784338171,"Moderate"
"51103",30.95045556,0.842178770949721,32,14.3454622,1086,-1638.54931999801,0.320846033908065,88.6438509998186,52.7426396003009,3,37.71889398,"Southeastern Plains","White / red / jack pine group",0.665587189266522,0.754316983945057,0.515696098632468,-1.01247811870255,-1.03144591050446,-0.143913692496064,0.117443972404482,0.417745710040955,-0.0428496725349756,"Moderate"
"51105",21.03806258,0.674988224211022,50,12.20069047,1232.442857,-1599.40925235865,0.418342331809487,55.6645943920964,44.3479237463423,2,36.70599767,"Ridge and Valley","Oak / hickory group",-0.315180856235759,-0.392249962967616,-0.1188611674009,-0.926406692473357,-0.14339826729458,-0.173963627693307,0.570506797730036,-0.0802234015230382,1.14804014983669,"Moderate"
"51107",303.4326906,0.714285714285714,47,12.36541876,1021.141026,-1538.12738215814,0.401957453068423,100.216859899007,62.9551602263209,4,39.08984618,"Northern Piedmont","Oak / hickory group",-0.0846551280440959,1.15666775970598,1.28766137780278,-0.791644074821514,-0.292640374569192,0.682130384032474,-0.083215797625522,-0.0419770935018315,0.949558512774745,"Moderate"
"51109",28.58759231,0.875,41,13.36735068,1105.324675,-1616.4157155784,0.220637187027166,141.870176762093,70.8552686219343,4,37.97900287,"Piedmont","White / red / jack pine group",0.858122074130164,2.60479974498887,1.88483122513285,-0.963804955499511,-1.94420087881453,-0.151076835410768,0.177230376694574,0.190649596355744,0.552595238650857,"Moderate"
"51111",10.99546123,0.882223310479922,46,13.93386367,1108.727273,-1185.30382497676,0.255903196962596,140.963378082077,68.9101710190331,2,36.94624219,"Piedmont","White / red / jack pine group",0.900495236008278,2.57327370404813,1.73780113637969,-0.0157632803969054,-1.62297948187246,-0.204408296340741,0.187757285926664,0.322181528809815,0.88339796708743,"Moderate"
"51113",15.90463565,0.786012526096033,44,12.16294793,1097.916667,-1582.09600256605,0.370960741148625,78.8499950763933,49.6544851008446,3,38.41514692,"Northern Piedmont","Oak / hickory group",0.336106490370024,0.413820786041222,0.282262244484855,-0.888333786824802,-0.574974756080417,-0.189525878594531,0.15431158705013,-0.0889863942691093,0.751076875712801,"Moderate"
"51115",39.36936073,0.755196304849885,20,14.57428683,1120.826087,-1558.93758033861,0.12287923461587,90.6517518665833,52.5079689816529,2,37.44162414,"Middle Atlantic Coastal Plain","White / red / jack pine group",0.155333320648971,0.824124281116536,0.497957327150714,-0.837406985964366,-2.83463180914228,-0.118391343321582,0.225188424366748,0.470873787081144,-0.836776220782752,"High"
"51117",18.97200264,0.865871219913598,46,14.33981548,1090.980583,-1493.05053549804,0.310488877727935,103.710576480885,61.3209927626354,2,36.67892139,"Piedmont","White / red / jack pine group",0.804571105024515,1.27813138159139,1.1641345240013,-0.692517304839953,-1.1257843452358,-0.180226995926981,0.132852829155674,0.416434665092758,0.88339796708743,"Moderate"
"51121",98.3053609,0.757879656160458,48,11.5582155,1021.431034,-1317.81310918129,0.387206815382927,51.6511999988197,48.5737759238532,6,37.17621588,"Ridge and Valley","Oak / hickory group",0.171074313615397,-0.53178086298124,0.200571348371265,-0.30715938081203,-0.426996953376852,0.0602762084458445,-0.0823185750054594,-0.229392045224344,1.01571905846206,"Moderate"
"51125",12.14870558,0.78740157480315,49,12.57480554,1151.602564,-1542.33529687289,0.394218324408726,76.1330949510609,50.6503658592675,2,37.78852713,"Blue Ridge","Oak / hickory group",0.344254885193541,0.319364203261863,0.357540953419603,-0.800897539181528,-0.363132435444066,-0.200912176074524,0.320404250586165,0.00663793967461039,1.08187960414937,"Moderate"
"51127",41.01186902,0.811481768813033,36,14.39912437,1129.970588,-1701.54868429838,0.133012659072483,127.273790646261,68.1223392138384,2,37.50756091,"Southeastern Plains","White / red / jack pine group",0.485513379020346,2.09733730992388,1.67824886503477,-1.15101761196118,-2.74233124081261,-0.113411993958112,0.253479551323198,0.43020489287413,0.221792510214283,"Moderate"
"51133",24.50759688,0.777881040892193,36,14.16500317,1066.052632,-1567.05815137004,0.35108789288111,87.8841026176539,55.5698018791693,2,37.89196816,"Southeastern Plains","White / red / jack pine group",0.288405821845594,0.72790333874614,0.729401529229672,-0.855264623230373,-0.755987127295559,-0.163445553895187,0.0557310893794761,0.375847068061559,0.221792510214283,"Moderate"
"51135",18.83660604,0.869520371325425,44,13.89948635,1109.77551,-1336.61198691287,0.306597681703858,131.14535804733,63.6673231302801,3,37.14365153,"Piedmont","White / red / jack pine group",0.825977644854264,2.23193740924119,1.34149383064199,-0.348499274058362,-1.16122740854004,-0.180637457766431,0.191000306628116,0.314199866584926,0.751076875712801,"Moderate"
"51137",41.31932644,0.80809968847352,43,13.08858324,1104.722222,-1711.90779148594,0.394105100299209,72.1446725995809,48.5668800207992,2,38.24812358,"Piedmont","Oak / hickory group",0.4656735233047,0.18070148890996,0.200050086488802,-1.17379792849793,-0.364163740281023,-0.112479920788136,0.175366516183399,0.125925890570155,0.684916330025486,"Moderate"
"51139",29.71792692,0.672046955245781,44,11.4193577,1029.958333,-1504.57770406372,0.361605133588072,54.1409260756536,41.8190230022474,4,38.62263781,"Ridge and Valley","Oak / hickory group",-0.332434837819087,-0.445222282825255,-0.310020983904503,-0.717866260492618,-0.660190558359864,-0.14765016721367,-0.0559369388063253,-0.26163179098961,0.751076875712801,"Moderate"
"51141",14.11844289,0.711385350318471,45,12.711606,1219.87013,-1830.09292835638,0.378185252064885,53.2005745299256,46.4600274263753,1,36.68017009,"Blue Ridge","Oak / hickory group",-0.101669153985669,-0.477914832982905,0.040792924541801,-1.43369434419298,-0.509170104718007,-0.194940814906689,0.531609474000092,0.0384000160647843,0.817237421400115,"Moderate"
"51143",24.25264468,0.821584747245059,51,13.81048186,1124.265306,-1385.02139873206,0.303859734639244,93.811141341648,52.8633590377134,2,36.81960714,"Piedmont","White / red / jack pine group",0.544779160512263,0.933964584299257,0.52482129089558,-0.454954560660987,-1.18616607277961,-0.164218454758162,0.235828631127077,0.293534969621505,1.214200695524,"Moderate"
"51145",43.40714671,0.84399375975039,43,13.77751993,1086.380952,-1583.82628610829,0.328861578571412,114.299594470854,63.8420417482955,2,37.55019299,"Piedmont","White / red / jack pine group",0.676234220772572,1.64627242770336,1.35470082543511,-0.892138787205326,-0.958436107049911,-0.106150584981578,0.118622556276506,0.285881930014566,0.684916330025486,"Moderate"
"51147",25.25716139,0.882451021258858,43,13.70444555,1110.265306,-1215.46320117112,0.254393342944498,107.59708384155,58.0196693282295,2,37.22555625,"Piedmont","White / red / jack pine group",0.901831025979381,1.41325088812471,0.91458721242188,-0.0820856114452291,-1.63673202767393,-0.161173210072953,0.192515630517169,0.26891565636516,0.684916330025486,"Moderate"
"51149",55.71915535,0.87778381314503,38,14.58765752,1150,-1293.97457117768,0.358028789995378,191.232680584578,64.9965519475331,2,37.18545996,"Southeastern Plains","White / red / jack pine group",0.874452393221481,4.32095168779705,1.44197034692706,-0.254736963352377,-0.692765779851985,-0.0688260900259812,0.315446260906921,0.473978169019401,0.354113601588913,"High"
"51153",537.6351912,0.790581162324649,33,13.137146,1004.454545,-2183.79824423309,0.396422223155015,72.4928078905714,49.6400247754804,5,38.70893293,"Northern Piedmont","Oak / hickory group",0.362906883765194,0.192804867177439,0.281169187294034,-2.21151418045054,-0.34305816462925,1.39212745338417,-0.134840194891967,0.137201101873082,0.0233108731523391,"Moderate"
"51155",41.1804283,0.702875399361022,49,11.44112267,978.9811321,-1256.75509514307,0.36774632718253,72.5617929764657,50.4616856359634,3,37.06472199,"Ridge and Valley","Oak / hickory group",-0.151589966679117,0.195203223824988,0.343278599727434,-0.172889036687562,-0.604253331865703,-0.11290099772833,-0.213649476925835,-0.25657844073209,1.08187960414937,"Moderate"
"51157",10.66819853,0.67288961038961,39,11.92439033,1056.731707,-1904.30895881615,0.40683263975651,47.8968863581221,44.4910202412689,2,38.68296842,"Northern Piedmont","Oak / hickory group",-0.327491680119284,-0.662304482114587,-0.108044491508676,-1.59689997913466,-0.248234605922045,-0.205400410247778,0.0268941443644823,-0.144374254183152,0.420274147276227,"Moderate"
"51159",18.04908466,0.88810641627543,31,14.04151899,1084.28125,-1384.75378379486,0.29615638479593,127.807716734224,76.6622716276785,2,37.93755309,"Southeastern Plains","White / red / jack pine group",0.935006530367291,2.11589994800376,2.32378306284573,-0.45436605888482,-1.25633224134626,-0.183024869815489,0.112126528133176,0.34717674079703,-0.10901021822229,"Moderate"
"51161",145.0158935,0.763569457221711,45,12.38704278,1055.948718,-1257.95769248534,0.361690526594154,80.3447231815144,56.452353837085,5,37.27270245,"Ridge and Valley","Oak / hickory group",0.204451649684902,0.465786961638763,0.79611370475653,-0.17553362252176,-0.659412753874668,0.201881619015304,0.0244717441477292,-0.0369564687531822,0.817237421400115,"Moderate"
"51163",14.71029769,0.804012794416982,55,11.83854633,1056.377778,-1524.40624742886,0.364198026653097,89.8581059528734,55.5449088835004,5,37.81198592,"Ridge and Valley","Oak / hickory group",0.441699111029643,0.79653214394268,0.727519865627254,-0.761470452064551,-0.636573122364306,-0.19314657627813,0.0257991638649924,-0.164305354456046,1.47884287827326,"Moderate"
"51165",36.86508083,0.786845310596833,61,11.11364771,982.5075758,-1328.15867578333,0.362808784310523,68.8721767493233,50.8442442142466,7,38.50992418,"Ridge and Valley","Oak / hickory group",0.340991745207134,0.0669288948080156,0.372196234315212,-0.329909920764885,-0.64922707348579,-0.125983198170618,-0.202739415630913,-0.332610967928191,1.87580615239715,"Moderate"
"51167",21.96390285,0.759748427672956,51,11.56009624,1138.887324,-1560.18095510936,0.436478032753165,51.8535098935252,46.9732203263019,2,36.93098569,"Ridge and Valley","Oak / hickory group",0.182036843612188,-0.52474729515217,0.0795852183121251,-0.840141243882414,0.0217912509502711,-0.171156894730577,0.281066022166513,-0.228955378508822,1.214200695524,"Moderate"
"51169",15.68036855,0.725354548599101,54,12.25621569,1134.776471,-1937.96058274905,0.374161058457456,69.4858388776897,50.7471408026834,1,36.71473258,"Ridge and Valley","Oak / hickory group",-0.0197234724733066,0.0882636605162349,0.364856179400191,-1.67090197865907,-0.545824580075737,-0.190205755979888,0.268347923702495,-0.0673316592056424,1.41268233258595,"Moderate"
"51171",33.01190163,0.77752117013087,44,11.39945242,953.5714286,-1272.48894042887,0.324367882634435,67.6683496427949,42.6467305678118,4,38.85900858,"Ridge and Valley","Oak / hickory group",0.286294759048678,0.0250762725199862,-0.247454500533656,-0.207488734273583,-0.9993670569632,-0.137664311449419,-0.292261655725342,-0.266253361881461,0.751076875712801,"Moderate"
"51173",26.11904542,0.761486486486487,49,10.83443147,1137.838235,-1811.24560100205,0.379111546718933,68.242366417094,46.4606554239843,2,36.84457396,"Ridge and Valley","Oak / hickory group",0.192232590792673,0.0450327156931378,0.0408403949330299,-1.39224790723373,-0.500732925028611,-0.158560363780308,0.277820365559595,-0.397438875263131,1.08187960414937,"Moderate"
"51175",11.48842563,0.854425564291149,49,14.89343145,1175.866667,-1482.49787130903,0.315933935233379,124.630211716802,61.7087572129518,2,36.72258915,"Middle Atlantic Coastal Plain","White / red / jack pine group",0.737428951874757,2.00542983432109,1.19344567088683,-0.669311344501947,-1.07618789297111,-0.202913849106412,0.395472186874586,0.544972191428271,1.08187960414937,"High"
"51177",129.5461772,0.881614349775785,39,13.36590362,1082.734375,-1684.61198692333,0.218641201296466,115.885762152078,72.0506624406929,4,38.18593824,"Piedmont","White / red / jack pine group",0.896922969446356,1.70141761963976,1.97519114280736,-1.11377276833662,-1.96238136835292,0.154984368949383,0.107340828289001,0.190313620656092,0.420274147276227,"Moderate"
"51179",215.3999834,0.771917808219178,44,13.32555487,1043.093023,-2088.72965157873,0.319449372421031,106.281942459216,67.5339305153352,3,38.41828772,"Southeastern Plains","Oak / hickory group",0.253424489661012,1.36752827959423,1.6337710028262,-2.00245247328234,-1.04416743910216,0.415254650601059,-0.0153010219505428,0.180945522919081,0.751076875712801,"Moderate"
"51181",8.940092428,0.814857582755966,40,14.67638777,1191.456522,-1183.52379424146,0.399656597069004,90.0259948867863,57.4124486551459,2,37.11604185,"Southeastern Plains","White / red / jack pine group",0.505316474993017,0.802369022095108,0.868687351498157,-0.011848882866202,-0.313597783123466,-0.210639253833161,0.443703858240542,0.494579393449635,0.486434692963542,"High"
"51183",8.82270241,0.895299145299145,45,14.64790668,1155.48,-1103.56882221473,0.218111562920919,169.388724278374,76.671634239663,3,36.92430527,"Southeastern Plains","White / red / jack pine group",0.977200296247139,3.56151800533395,2.32449078346036,0.163977039047525,-1.96720559369565,-0.210995127782148,0.332400206859942,0.48796670694072,0.817237421400115,"High"
"51185",30.66319418,0.721256931608133,52,10.62704059,1112.141026,-1622.1764627048,0.415264694580997,62.5961212867451,43.5857425264722,2,37.12025818,"Ridge and Valley","Oak / hickory group",-0.0437607872966715,-0.151266373689879,-0.176474508878644,-0.976473194243594,-0.171431008498548,-0.144784540319701,0.198318706338884,-0.445590504089419,1.28036124121132,"Moderate"
"51187",71.76630546,0.730952380952381,37,11.75684309,1013.764706,-1697.39351401024,0.386955048448195,79.5031796120535,52.6617036731934,5,38.90864171,"Ridge and Valley","Oak / hickory group",0.0131143595887924,0.436529599879285,0.509578145205255,-1.14188013585305,-0.429290179251469,-0.0201783193132085,-0.106036551386871,-0.183275060772858,0.287953055901598,"Moderate"
"51191",37.15555984,0.695849056603774,49,11.78867434,1135.781609,-1991.98077787738,0.422634235759417,61.3881222384182,47.5015665280108,1,36.72368096,"Ridge and Valley","Oak / hickory group",-0.192807682557667,-0.193264038985623,0.119522951418055,-1.78969572430909,-0.104305345105143,-0.125102595934178,0.271457605331569,-0.175884540345553,1.08187960414937,"Moderate"
"51193",30.09166717,0.766037735849057,32,13.94027256,1069.473684,-1689.03064219982,0.35503019286414,89.2467782778702,64.0870971713393,2,38.11024721,"Southeastern Plains","Oak / pine group",0.218930989888751,0.775278538555846,1.37322458514045,-1.12348966420831,-0.72007858221115,-0.146517154194941,0.0663150913339429,0.323669532971177,-0.0428496725349756,"Moderate"
"51195",36.39754746,0.734010152284264,48,11.40475956,1177.836066,-1675.92184220032,0.367709496786665,65.8464807460524,46.5382066620413,2,36.97459821,"Central Appalachians","Oak / hickory group",0.0310517637737961,-0.0382633801428962,0.0467024994348453,-1.09466260334305,-0.604588802513824,-0.127400549913976,0.401565085452311,-0.265021159986136,1.01571905846206,"Moderate"
"51197",24.00851515,0.7425320056899,45,11.04516439,1014.540541,-1206.36401051671,0.306970761217267,79.5938550486593,52.1241298664693,3,36.91587345,"Blue Ridge","Oak / hickory group",0.0810423982428916,0.439682049910095,0.468942896672675,-0.0620759291837489,-1.15782920379028,-0.16495854613378,-0.103636284113429,-0.348511297804953,0.817237421400115,"Moderate"
"51199",252.1808672,0.777301927194861,28,14.84424418,1185.454545,-2124.58762157882,0.299561948452439,61.9980911106176,62.1669635589382,3,37.24473835,"Southeastern Plains","White / red / jack pine group",0.285008642877434,-0.172057674153686,1.22808152649488,-2.08130636408369,-1.22531257348132,0.526757814056887,0.425135027278995,0.533551982554967,-0.307491855284234,"High"
"51550",276.8053142,0.879417879417879,28,15.30731754,1224,-1581.63194087733,0.336294065410023,93.7299087290128,68.424585385119,2,36.6776213,"Middle Atlantic Coastal Plain","White / red / jack pine group",0.884038102556758,0.931140426381851,1.70109567813165,-0.887313286508489,-0.890737101423148,0.601408106686625,0.544386406987867,0.641067494085955,-0.307491855284234,"High"
"51700",1005.051202,0.84375,10,15.17715321,1195.133333,-2322.62192277299,0.236093917783735,-14.3903053386592,15.3315482699284,2,37.08131476,"Middle Atlantic Coastal Plain","White / red / jack pine group",0.674804284818503,-2.82780008636725,-2.31221139066406,-2.51679602401835,-1.80341283233938,2.80912341621918,0.45507912374665,0.610846182017737,-1.4983816776559,"High"
"51800",88.39361441,0.801767191701882,41,15.10593342,1226.861538,-1377.61078586833,0.357522683009473,126.204033364191,74.2395460630265,2,36.70178459,"Middle Atlantic Coastal Plain","White / red / jack pine group",0.428526025416703,2.06014580025979,2.14064903694183,-0.43865816525639,-0.697375668901305,0.0302282331166818,0.553239392497815,0.594310503625485,0.552595238650857,"High"
"51810",711.3626303,0.720338983050847,18,15.45944134,1171.526316,-1655.13094982202,0.412308007148855,76.528404026336,56.5344581054218,3,36.73204545,"Middle Atlantic Coastal Plain","White / red / jack pine group",-0.0491456289038235,0.333107639777619,0.802319973193943,-1.0489421468516,-0.198362075239941,1.91879122644799,0.382044070766713,0.676387315059975,-0.969097312157381,"High"
"53003",13.74020676,0.359060402684564,13,8.847349846,467.7837838,-2020.47453489265,0.607082087325824,84.0309659194734,70.5795966194918,1,46.18884051,"Columbia Plateau","Douglas-fir group",-2.1684669306127,0.593944006896448,1.86399315565735,-1.85235525590546,1.57574285574335,-0.196087457419621,-1.79518455254738,-0.858795791277879,-1.29990004059395,"Low"
"53007",10.13149285,0.372192513368984,26,5.021942509,1028.51107,-1468.59421724823,0.610657705337477,86.7179972807412,65.8487433819885,7,47.87008565,"North Cascades","Douglas-fir group",-2.09143174662345,0.687362163066349,1.50638756797333,-0.638736350461647,1.60831146826111,-0.207027461448889,-0.0604144604635895,-1.74697175253799,-0.439812946658864,"Low"
"53009",16.98347645,0.454180064308682,26,8.159384367,2346.125356,-2041.32754416181,0.643555424679009,104.967543028793,67.9698343919301,1,48.04877932,"Coast Range","Douglas-fir group",-1.61047889576449,1.32183146599137,1.66672101292749,-1.89821231127657,1.90796122683724,-0.18625531656238,4.01600185190372,-1.01852633675851,-0.439812946658864,"Low"
"53011",296.0758394,0.160860655737705,12,10.41270059,1806.946903,-1447.86430301637,0.649074720048384,88.1761348565215,59.6961133509242,5,45.77556424,"Willamette Valley","Douglas-fir group",-3.33114019309042,0.738056221101896,1.0413097548171,-0.593149988680534,1.95823387667579,0.659827706741348,2.34789923307239,-0.495355566673783,-1.36606058628127,"Low"
"53013",1.788742744,0.222527472527473,14,8.540399804,523.8300654,-2647.45221016564,0.633517742631286,69.7095548271964,66.9855342611049,2,46.29413363,"Columbia Plateau","Douglas-fir group",-2.96939220820122,0.0960414378097807,1.59231768459111,-3.23111788917039,1.8165327308057,-0.232318942583457,-1.62178936475281,-0.930062881183652,-1.23373949490664,"Low"
"53015",36.67595612,0.202802359882006,18,9.319253489,2034.322917,-1817.64375658749,0.575529035445655,90.3949855592032,52.0399436906049,3,46.1911299,"Cascades","Douglas-fir group",-3.08510305761212,0.815197464947675,0.462579256672981,-1.40631784654884,1.28834103678819,-0.126556539571747,3.05135190686243,-0.749230081061939,-0.969097312157381,"Low"
"53019",1.339380709,0.498713991769547,19,6.124776401,468.9480198,-1725.71691098914,0.551165479741868,74.7722124514926,55.0323689208376,1,48.46960795,"Northern Rockies","Douglas-fir group",-1.34923533955676,0.272051345025042,0.688776927438729,-1.20416503520714,1.06642493649855,-0.233681206979058,-1.7915826557918,-1.4909178304724,-0.902936766470067,"Low"
"53023",1.226470761,0.347047113470471,12,8.809077955,489.6290323,-2017.85668733653,0.594225159383216,90.0875874797048,66.6135600732192,2,46.43153701,"Columbia Plateau","Douglas-fir group",-2.23893891848755,0.804510369065265,1.5642001249493,-1.84659844743793,1.45863518289719,-0.23402349936268,-1.72760003386137,-0.867681687754678,-1.36606058628127,"Low"
"53027",14.97910265,0.402509652509652,19,9.692527968,2573.476454,-2023.7611507837,0.576549202630858,120.049159775344,55.8280228143865,3,47.13975329,"Coast Range","Douglas-fir group",-1.91358627700677,1.84616357793931,0.748920471089597,-1.85958272724804,1.29763325694424,-0.192331680052264,4.71937744092782,-0.662563906719393,-0.902936766470067,"Low"
"53031",6.812391805,0.499827248646781,22,7.535694719,2455.081921,-2131.24527284328,0.67888541006053,108.628636375442,69.2602687381634,5,47.75126637,"North Cascades","Hemlock / Sitka spruce group",-1.3427047862873,1.44911415979978,1.76426505193808,-2.09594695042474,2.22976534584514,-0.217089489005363,4.35309012092505,-1.16333343933358,-0.704455129408122,"Low"
"53033",406.1508819,0.356503198294243,25,8.320803798,1734.486747,-1587.87626941194,0.598990101041884,109.076867494751,70.6307750821331,7,47.49116048,"Cascades","Douglas-fir group",-2.18346792439355,1.46469750032472,1.86786173988324,-0.901044950637681,1.50203678173832,0.993525926801104,2.12372303442796,-0.981048273466318,-0.505973492346178,"Low"
"53035",262.8190067,0.172228202368138,13,10.23245703,1166.602273,-1771.82398555863,0.628800279727691,106.166071061584,58.9692334616612,5,47.6345684,"Puget Lowland","Douglas-fir group",-3.2644562405084,1.36349985905711,0.98636484384101,-1.30555733999358,1.77356359347801,0.559007887600101,0.366810136662269,-0.537204181229296,-1.29990004059395,"Low"
"53037",7.9155595,0.276527331189711,22,6.644293426,866.2244389,-1898.68319602008,0.565685794609745,94.3647279521815,64.837606984427,1,47.12499013,"Columbia Plateau","Douglas-fir group",-2.65261989738191,0.953210746134891,1.42995568401374,-1.58452857927029,1.19868361374721,-0.213745178724956,-0.562494528450327,-1.37029733377198,-0.704455129408122,"Low"
"53039",4.549752961,0.534586971121558,22,8.994227288,543.470948,-603.941036557573,0.675808853486783,93.2461250536767,64.5936572950518,3,45.87432128,"Eastern Cascades Slopes and Foothills","Douglas-fir group",-1.13879837089008,0.914321054793395,1.41151550680791,1.26268939926841,2.20174244781387,-0.223948796417221,-1.56102468189332,-0.824694059947463,-0.704455129408122,"Low"
"53041",12.76358055,0.274985681557847,24,8.364742393,1843.605023,-1715.67202076203,0.635851641516002,97.3878461202127,67.1606487699024,3,46.57918016,"Cascades","Douglas-fir group",-2.66166347505891,1.05831339927548,1.60555460480121,-1.18207570117406,1.83779111136654,-0.199048150602553,2.46131160263797,-0.970846692193368,-0.572134038033493,"Low"
"53045",26.2858131,0.298245614035088,22,9.164592436,1881.902062,-1333.10013270742,0.612665870046626,91.5213011222262,61.4434403789563,1,47.34952243,"Puget Lowland","Douglas-fir group",-2.52521677421839,0.854355297148572,1.1733903494511,-0.340776489750547,1.62660289035121,-0.158054798879168,2.57979443646402,-0.78513899671888,-0.704455129408122,"Low"
"53047",3.085180141,0.525840225653774,24,5.378731199,526.3995859,-1443.02699034406,0.548864012939225,85.434157299677,54.6916161413824,3,48.54846991,"Columbia Plateau","Douglas-fir group",-1.19010826026051,0.642727788649658,0.663019396643639,-0.582512439337017,1.04546196442674,-0.228388725142953,-1.61383981882541,-1.66413321802627,-0.572134038033493,"Low"
"53049",9.148328896,0.395277777777778,14,9.825890447,2308.625,-1553.6551608436,0.535082395519421,126.345338699102,40.8681131937665,5,46.55422051,"Coast Range","Douglas-fir group",-1.9560096782364,2.06505846485859,-0.381900335011951,-0.825790619225664,0.919931732687562,-0.210007974143006,3.89998378459659,-0.631600054364065,-1.23373949490664,"Low"
"53051",3.746742245,0.440036669722477,22,5.728632023,748.4823529,-1928.74935140097,0.524351631238037,97.4116452200957,59.8641573560703,1,48.53107495,"Northern Rockies","Douglas-fir group",-1.69344644228947,1.05914080607899,1.05401221507114,-1.650645911992,0.822190278549897,-0.226383165194486,-0.926763317216749,-1.58289389543281,-0.704455129408122,"Low"
"53053",206.4493751,0.305485498108449,28,8.026190763,1675.833856,-1724.16068273496,0.590314326012279,99.3896661883539,68.9880374600572,6,47.0393724,"Cascades","Douglas-fir group",-2.48274638883595,1.12790928953759,1.74368706709987,-1.2007427931556,1.42301325229261,0.388120415716143,1.94226355559539,-1.0494509800304,-0.307491855284234,"Low"
"53057",28.43851593,0.393160741885626,25,7.175946054,1546.942073,-1808.12682551728,0.571830583971488,112.275714638915,74.0747660141752,6,48.48422602,"North Cascades","Hemlock / Sitka spruce group",-1.96842856910497,1.57590960092936,2.1281932994142,-1.38538952731124,1.25465359238409,-0.151528768215236,1.54349999304602,-1.24685921533603,-0.505973492346178,"Low"
"53059",2.772101279,0.250014458388757,27,7.14785629,2106.530035,-1616.52027874676,0.66560443103804,92.2114842893779,68.282906841742,3,46.02359908,"Cascades","Douglas-fir group",-2.80814889674742,0.878350416753128,1.6903861853144,-0.964034896365089,2.1087951923695,-0.229337840006912,3.27474526014627,-1.25338104450203,-0.373652400971549,"Low"
"53061",150.177755,0.494870184254606,18,7.523701861,1729.825269,-1820.89892993065,0.673112620930356,114.088219343686,75.8656903303065,7,48.04672039,"North Cascades","Hemlock / Sitka spruce group",-1.37178376503447,1.63892369522303,2.26356941666313,-1.41347617378656,2.17718374129046,0.217530070795325,2.10930142018102,-1.16611791880048,-0.969097312157381,"Low"
"53063",112.3588114,0.638297872340426,13,8.173501538,497.2215385,-1191.44879036611,0.58479257885772,73.5790597802294,49.7037590818999,4,47.62085499,"Northern Rockies","Douglas-fir group",-0.530412670443268,0.230569833426305,0.28598686879007,-0.0292764388324956,1.37271827030299,0.102879975031244,-1.70411044631342,-1.01524863824993,-1.29990004059395,"Low"
"53065",7.050411792,0.407341291978132,18,7.016881102,540.6702586,-1858.21496902314,0.516896722486954,90.6336172457759,60.7199960150355,1,48.39841442,"Northern Rockies","Douglas-fir group",-1.88524306209117,0.823493807329334,1.1187051301199,-1.49553644857988,0.754287042332275,-0.216367919027313,-1.5696894148712,-1.28379062007271,-0.969097312157381,"Low"
"53067",152.1426675,0.174723756906077,12,10.03532601,1417.777778,-1597.23343267104,0.563972743276257,74.2933874458244,54.5685318842976,5,46.92772378,"Puget Lowland","Douglas-fir group",-3.24981689519635,0.255404368066626,0.653715447465818,-0.921621930590579,1.18308023975101,0.223486805300543,1.14389333675221,-0.582973694841407,-1.36606058628127,"Low"
"53069",6.340896794,0.423248882265276,10,9.807341834,2250.25,-2524.21661929672,0.686213648465354,114.858966932103,57.6508241940873,4,46.29186006,"Coast Range","Hemlock / Sitka spruce group",-1.79192644498029,1.66571974219896,0.886706178211459,-2.96011521319088,2.29651480181797,-0.21851885066959,3.71938404098206,-0.635906636834897,-1.4983816776559,"Low"
"53071",18.47922045,0.180851063829787,5,11.03719175,365.840708,-1061.28167591475,0.671667473870901,95.3610081090484,44.4105598912363,3,46.23039499,"Columbia Plateau","Unknown",-3.21387307568631,0.98784772753553,-0.114126496025446,0.256969085631056,2.16402058055651,-0.181720890782212,-2.1105745885689,-0.350362370533154,-1.82918440609247,"Moderate"
"53073",41.12806652,0.406958793492459,24,6.093274077,1469.648148,-1429.35194360608,0.604470068277084,114.883652925022,72.8260521923371,6,48.82502564,"North Cascades","Douglas-fir group",-1.88748686294904,1.66657798299769,2.03380291829487,-0.552440166919552,1.55195121021238,-0.113059735189505,1.30436914871265,-1.49823198147274,-0.572134038033493,"Low"
"53077",22.53483646,0.417168674698795,25,7.686058761,685.5032765,-1798.30766982864,0.577263628436389,91.3690482524483,64.003699657901,5,46.45742087,"Columbia Plateau","Douglas-fir group",-1.82759397168888,0.849062027195996,1.3669205601988,-1.36379659747077,1.30414062354693,-0.169426079778321,-1.12160708682566,-1.12842219569931,-0.505973492346178,"Low"
"54001",18.72781762,0.653,42,10.36424383,1216.148148,-1681.41197483404,0.431688150198996,33.7884067612527,40.7484264981403,3,39.13088778,"Western Allegheny Plateau","Unknown",-0.444167501139878,-1.15280420954551,-0.39094746223798,-1.1067357441032,-0.021837522706168,-0.180967255523422,0.520094459097516,-0.506606167093843,0.618755784338171,"Low"
"54003",141.4036926,0.676737160120846,42,11.62675693,980.125,-1118.9978477318,0.372703786271787,54.2606354421814,42.7017143349688,4,39.46705841,"Ridge and Valley","Oak / hickory group",-0.304921302167385,-0.441060430284755,-0.243298273024549,0.130047658960164,-0.559098182846861,0.190931043994375,-0.210110594707953,-0.213478223475851,0.618755784338171,"Moderate"
"54005",16.85723648,0.696504237288136,52,11.90923909,1195.144737,-1668.8835852346,0.393304686925037,111.16077723582,61.6505715281132,3,38.01965929,"Central Appalachians","Oak / hickory group",-0.188964281768644,1.53714734532515,1.18904741015523,-1.07918504155678,-0.371454326957922,-0.18663801960144,0.455114405279433,-0.147892040909058,1.28036124121132,"Moderate"
"54007",10.60782952,0.742841993637328,48,11.49949575,1223.525641,-1896.71338395642,0.446106400728918,58.0224609039292,45.4318089418141,3,38.70037172,"Western Allegheny Plateau","Oak / hickory group",0.0828608400104358,-0.310275652877596,-0.0369301957875731,-1.58019684087666,0.109491498783991,-0.205583422043425,0.542918841869558,-0.24302548757616,1.01571905846206,"Moderate"
"54009",95.93283438,0.589958158995816,23,10.50749126,989.6315789,-1705.53995139771,0.560062745246189,53.326550300334,39.6510121722491,3,40.27361809,"Western Allegheny Plateau","Maple / beech / birch group",-0.813981610804654,-0.473535120723766,-0.473901101939197,-1.15979465483363,1.14746591787113,0.0530837708252225,-0.180699276301249,-0.473347245198726,-0.638294583720808,"Low"
"54011",128.2250238,0.782945736434108,39,12.28349615,1097.232558,-1446.42845768503,0.444525345353248,63.5667855924898,45.0766141068897,2,38.42427249,"Western Allegheny Plateau","Oak / hickory group",0.31811618313457,-0.117519960823367,-0.0637794027506073,-0.589992476111785,0.0950904135082439,0.150979223659469,0.152195100369112,-0.0609977327372732,0.420274147276227,"Moderate"
"54013",9.934274714,0.659942363112392,47,11.61928889,1154.311111,-1765.35602276054,0.449610890844893,53.34147288513,45.7897088621673,4,38.84302754,"Western Allegheny Plateau","Oak / hickory group",-0.403442424072277,-0.473016317565371,-0.00987651119313918,-1.2913338903062,0.1414122409571,-0.20762533849215,0.328783914719234,-0.215212139114475,0.949558512774745,"Moderate"
"54015",9.709610307,0.826249067859806,44,11.73791961,1186.62963,-1916.112282609,0.374271980137514,82.992224282136,48.1751415107063,3,38.46233288,"Central Appalachians","Oak / hickory group",0.572140854711822,0.557830796646762,0.170438540095922,-1.62285621718862,-0.544814246979234,-0.208306420334355,0.428770488516258,-0.187668679166596,0.751076875712801,"Moderate"
"54017",10.26352087,0.741585233441911,38,11.05430068,1132.509804,-2129.47318292307,0.481105527283212,45.9624909364444,44.1755078821729,3,39.27051574,"Western Allegheny Plateau","Oak / hickory group",0.0754884719874363,-0.729556266444847,-0.131894096840259,-2.09205001523689,0.428281981294114,-0.206627211635022,0.261335341620105,-0.346390050983833,0.354113601588913,"Moderate"
"54019",25.14459059,0.725961538461538,51,10.92330725,1155.480392,-1738.77258361493,0.400932426121393,71.2409934264427,49.7034366852479,4,38.0274572,"Central Appalachians","Oak / hickory group",-0.0161627672023772,0.149283901701793,0.285962498800468,-1.23287526569619,-0.301976859996125,-0.161514474311763,0.332401419623959,-0.376803861948145,1.214200695524,"Moderate"
"54021",9.090726291,0.662100456621005,43,11.48237343,1169.592593,-1761.48714137515,0.410894801090322,44.0185901319807,35.0322148309626,4,38.92494169,"Western Allegheny Plateau","Oak / hickory group",-0.39078268227622,-0.797138517827468,-0.823036375155962,-1.28282598117788,-0.21123430051068,-0.210182599437921,0.376061546089685,-0.247000915990779,0.684916330025486,"Moderate"
"54023",9.353861138,0.785780669144981,47,9.912641893,1034.243243,-1172.85102179591,0.42149526339752,46.6398695224391,41.0809206041877,3,39.10297545,"Ridge and Valley","Oak / hickory group",0.334746378251515,-0.706006314834776,-0.365814205249162,0.0116212029464343,-0.114679705398151,-0.209384892454709,-0.0426803452746541,-0.6114582649665,0.949558512774745,"Low"
"54025",13.21052269,0.819698427975618,56,9.871528516,1143.526316,-1624.25442844017,0.416566988687665,78.7114951394626,48.7231496529221,5,37.94633549,"Central Appalachians","Oak / hickory group",0.533713692403146,0.409005654768765,0.211862520911724,-0.981042769241437,-0.159569027714806,-0.197693222244586,0.295418069546895,-0.621003892378367,1.54500342396058,"Low"
"54027",14.05011966,0.765182186234818,50,10.90253073,941.2621359,-1221.26069302681,0.401252898284723,62.6930108507788,53.7254117084814,6,39.32098937,"Ridge and Valley","Oak / hickory group",0.213912191043032,-0.147897881399613,0.589983923610701,-0.0948346541185631,-0.299057830704907,-0.195147940334233,-0.330343970169817,-0.38162771572292,1.14804014983669,"Moderate"
"54029",136.0927033,0.513513513513513,16,10.22435557,981.1333333,-889.857776500786,0.521546737699587,41.1955460669808,45.1759274511297,3,40.51938268,"Western Allegheny Plateau","Oak / hickory group",-1.2624188400696,-0.895285333357839,-0.0562722988416824,0.633940828456877,0.796641830558635,0.17483050352748,-0.206991027505246,-0.539085163145527,-1.10141840353201,"Low"
"54031",9.142746357,0.75802752293578,43,10.53150362,957.3043478,-1484.47268255402,0.379187628577581,38.4746661758731,38.5500046407701,4,39.00681469,"Ridge and Valley","Oak / hickory group",0.171941725147066,-0.989880277894368,-0.55712635234812,-0.673654076404097,-0.50003993137944,-0.210024897900521,-0.280712803469175,-0.467772100110556,0.684916330025486,"Moderate"
"54033",62.75892261,0.669616519174041,39,10.89965637,1129.384615,-1811.46679486228,0.498262767130908,67.0691782219736,44.4058981233245,3,39.28324558,"Western Allegheny Plateau","Unknown",-0.346692187186597,0.00424529519324021,-0.114478879447644,-1.39273432619444,0.584559160414685,-0.0474846692012112,0.251666676401314,-0.382295079282171,0.420274147276227,"Moderate"
"54035",23.94059741,0.752801120448179,43,11.89048069,1122.507246,-1630.08150574157,0.421555563198987,44.7927245266005,44.091815341494,3,38.84240576,"Western Allegheny Plateau","Oak / hickory group",0.141282763544507,-0.770224724108677,-0.138220422915435,-0.993856872137235,-0.114130463039913,-0.165164442297286,0.23038957013763,-0.152247331335402,0.684916330025486,"Moderate"
"54037",105.0080004,0.304761904761905,24,11.98208329,998.78125,-1127.91391656155,0.481271831061612,72.2290018373124,43.2925880462544,4,39.30696568,"Ridge and Valley","Oak / hickory group",-2.48699110988072,0.183633305044913,-0.198634080295789,0.110440672901649,0.429796763718103,0.0805956089207724,-0.152392154163052,-0.130979210023978,-0.572134038033493,"Moderate"
"54039",77.5135341,0.760489510489511,49,12.12552127,1147.404255,-1733.12460804613,0.386503770802401,81.4722948634748,51.8528553769051,4,38.3384015,"Central Appalachians","Unknown",0.186384160848275,0.504988464455773,0.448437235559525,-1.22045501857262,-0.43340065378647,-0.00275529658356062,0.307415581994909,-0.0976760465842335,1.08187960414937,"Moderate"
"54041",15.98972449,0.686789151356081,41,11.14031115,1190.8,-1716.98743624605,0.469798223343004,38.4882471731469,33.9210948530275,5,38.99232588,"Western Allegheny Plateau","Oak / hickory group",-0.245954620201833,-0.989408116779111,-0.907026026229271,-1.18496838107019,0.325289100217621,-0.189267927347726,0.441672719827226,-0.326420300015928,0.552595238650857,"Moderate"
"54043",18.2118395,0.737282678686413,45,12.30629114,1146.253521,-1936.43830532101,0.387650346460732,75.8653830692251,51.7833838558266,3,38.17214276,"Western Allegheny Plateau","Oak / hickory group",0.0502489575499877,0.310056849895479,0.443185877532682,-1.66755439657119,-0.422957038664057,-0.182531470047652,0.303855457534635,-0.0557052343517174,0.817237421400115,"Moderate"
"54045",27.73587383,0.744360902255639,52,12.0082488,1200.521739,-1702.70406257389,0.38307971695162,67.0906477539186,50.5391129360623,3,37.83026305,"Central Appalachians","Oak / hickory group",0.0917710150528426,0.00499171152356042,0.349131335748742,-1.15355836015109,-0.464588740081647,-0.153658864309535,0.471749697486967,-0.124904150573097,1.28036124121132,"Moderate"
"54047",13.08798808,0.741963892558344,49,11.58691137,1117.974684,-1866.21437171968,0.373613975291377,71.597613827279,46.8542177842938,4,37.38006242,"Central Appalachians","Oak / hickory group",0.0777097504555074,0.16168227589977,0.0705898063146994,-1.51312762919349,-0.550807701760701,-0.198064692291965,0.216366794375456,-0.222729491494462,1.08187960414937,"Moderate"
"54049",70.32045532,0.577399380804954,43,10.7059444,1121.352941,-1737.42956563333,0.456709012653033,53.3011788309272,42.2710530143849,5,39.51290476,"Western Allegheny Plateau","Oak / hickory group",-0.887653529345592,-0.474417193008246,-0.275851997883166,-1.22992188620301,0.206065673739838,-0.0245614892601213,0.226818397768415,-0.427270764223809,0.684916330025486,"Moderate"
"54051",39.06134096,0.767467248908297,41,10.57263393,1022.75,-1445.7057219967,0.520369386792418,59.4688275871337,47.0400997352722,3,39.86069015,"Western Allegheny Plateau","Maple / beech / birch group",0.227316755450736,-0.259990825302384,0.0846406383702215,-0.588403135693304,0.785917898257127,-0.11932512128485,-0.0782379767795701,-0.45822254122624,0.552595238650857,"Moderate"
"54053",23.93151821,0.747914735866543,43,12.00666423,1071.144928,-1675.02842241316,0.418123450338302,57.8544109778051,43.8067412402313,3,38.77058882,"Western Allegheny Plateau","Oak / hickory group",0.112618404529079,-0.3161181281346,-0.159769197818743,-1.09269791804892,-0.145391955042854,-0.165191966364602,0.0714855622190358,-0.125272053088817,0.684916330025486,"Moderate"
"54055",54.71354585,0.769021739130435,48,10.71872914,1008.703125,-1726.97345423786,0.40733279854552,47.505096581428,42.2809821232601,4,37.40481915,"Central Appalachians","Unknown",0.236435658203662,-0.675925565616832,-0.275101455721691,-1.20692825142159,-0.243678896183608,-0.0718746475609482,-0.121695998596878,-0.424302427066839,1.01571905846206,"Moderate"
"54057",31.84961212,0.733628318584071,41,10.72628568,955.244898,-1040.86085281521,0.375163588172296,50.6682190510459,49.118801428572,3,39.41559604,"Ridge and Valley","Unknown",0.0288118626600654,-0.56595548000091,0.241769871371865,0.301875736921153,-0.536693011291334,-0.14118785258892,-0.287084299929423,-0.422547963662803,0.552595238650857,"Moderate"
"54059",21.7240817,0.720660146699266,48,12.22477281,1178.318182,-1940.2815157512,0.361712366606551,78.1158640432385,51.9666445138513,4,37.73025841,"Central Appalachians","Oak / hickory group",-0.0472616285826891,0.388297761452455,0.457038565836932,-1.67600585368346,-0.659213823536242,-0.171883925028001,0.403056649066743,-0.0746320086086128,1.01571905846206,"Moderate"
"54061",113.8668788,0.734953703703704,40,10.57409806,1106.254902,-1477.26117251605,0.460992375451945,63.207680959871,46.1562835906041,4,39.6326151,"Western Allegheny Plateau","Oak / hickory group",0.0365867961038321,-0.130004702585179,0.0178329028621426,-0.657795520410953,0.245080798626248,0.107451759839868,0.180108299738741,-0.457882602245734,0.486434692963542,"Moderate"
"54063",10.89816093,0.782051282051282,45,10.77730137,995.6438356,-1530.73209825248,0.433633887846297,67.0512604251477,44.9418191112986,4,37.56276782,"Central Appalachians","Oak / hickory group",0.312869162331377,0.0036223595750595,-0.0739685676211412,-0.775381388742508,-0.00411471918251571,-0.204703267264066,-0.162098642150248,-0.410703235634275,0.817237421400115,"Moderate"
"54065",30.00191269,0.80188679245283,36,11.16138895,959.5555556,-1370.32756329359,0.39153914182861,43.7962099339084,41.350361492531,3,39.55435902,"Ridge and Valley","Unknown",0.429227623665144,-0.804869855977094,-0.345447146204025,-0.422641908965556,-0.387535841801163,-0.146789249572223,-0.273748048839573,-0.321526495611054,0.221792510214283,"Moderate"
"54067",14.83712699,0.797428769979152,49,10.52714358,1251.990099,-1964.17298813575,0.415528439936974,64.4538071852436,48.5464594252132,4,38.29532117,"Central Appalachians","Oak / hickory group",0.403076109278701,-0.0866814961621838,0.198506491978725,-1.72854467711629,-0.169028676852891,-0.192762086654504,0.630981776634896,-0.468784406089236,1.08187960414937,"Moderate"
"54069",152.7732814,0.49468085106383,17,10.47191673,997.1666667,-1086.23885067762,0.475164008881753,65.1039674625822,55.788251817947,3,40.09564117,"Western Allegheny Plateau","Maple / beech / birch group",-1.37289442557771,-0.0640778246161895,0.745914178177828,0.202086716845078,0.37416350164847,0.225398544157923,-0.157387328981456,-0.481606873414921,-1.0352578578447,"Low"
"54071",3.865183856,0.852629301017096,53,9.564882261,1025.862385,-1399.24724596987,0.467709546393648,63.1256590470531,46.8098759696397,4,38.68302258,"Ridge and Valley","Oak / hickory group",0.726891767477281,-0.132856301554743,0.0672380048758695,-0.486238077397826,0.306264330229147,-0.22602410328659,-0.0686089243936225,-0.692200449583444,1.34652178689863,"Low"
"54073",22.12709914,0.755667506297229,35,11.29424996,1059.9,-1682.17206976877,0.522484527432587,38.5815873402614,58.612958569212,3,39.37094261,"Western Allegheny Plateau","Oak / hickory group",0.158097468093693,-0.98616302391041,0.959433995240305,-1.10840723981201,0.805183713482837,-0.170662156684091,0.0366961641245807,-0.290679073395547,0.155631964526969,"Moderate"
"54075",3.442007553,0.864946472687346,50,8.659284255,1244.40411,-1478.55462305819,0.530372786850553,51.509664716332,40.0034514431736,3,38.32741832,"Central Appalachians","Maple / beech / birch group",0.79914638127448,-0.536701522007991,-0.447260188286928,-0.660639898043222,0.877034135867446,-0.227306984272828,0.607512351907484,-0.902460510444066,1.14804014983669,"Low"
"54077",20.00094857,0.707995951417004,45,9.435842062,1234.115789,-1717.49139825824,0.437507566979954,53.6821895243584,47.2512597008738,3,39.46754717,"Central Appalachians","Unknown",-0.121551941624463,-0.461170858419667,0.100602237642777,-1.18607662466226,0.0311687910557254,-0.177107692789953,0.575682490925489,-0.722160763006668,0.817237421400115,"Low"
"54079",63.2232395,0.720772946859903,41,12.21272328,1099.018868,-1809.88699026828,0.418032949636062,48.1061199295646,44.2491585987636,4,38.50774136,"Western Allegheny Plateau","Unknown",-0.0465999237480661,-0.655030203617227,-0.126326833078836,-1.38926023831544,-0.146216283115437,-0.0460770683843714,0.157721560806219,-0.0774296460750779,0.552595238650857,"Moderate"
"54081",47.4860193,0.755178907721281,42,10.72091394,1116.967742,-1777.00055066191,0.404907911885984,62.1563941731089,47.9587218783895,3,37.7694567,"Central Appalachians","Unknown",0.155231266147978,-0.166554061346202,0.154079362181147,-1.31694092638676,-0.265766041330692,-0.0937852704450559,0.213251531556874,-0.423795164265989,0.618755784338171,"Moderate"
"54083",10.68140378,0.854635967641568,45,8.777861452,1275.45,-1374.47968056595,0.585375964114298,42.9130191303761,34.5908407492536,4,38.76980557,"Ridge and Valley","Maple / beech / birch group",0.73866321354076,-0.835575138245654,-0.856399878514468,-0.43177267130342,1.37803205055249,-0.205360377845152,0.703561684229281,-0.874929477366789,0.817237421400115,"Low"
"54085",8.326151775,0.77811004784689,44,11.3239718,1098.239437,-1780.89761174689,0.435317465608172,57.1670547181376,44.6401208445597,3,39.18076157,"Western Allegheny Plateau","Unknown",0.2897492154031,-0.34001496660681,-0.0967739645683841,-1.325510804415,0.0112201939964994,-0.212500446874521,0.155310168279191,-0.283778311859098,0.751076875712801,"Moderate"
"54087",11.04339918,0.686746987951807,48,11.81211843,1153.026316,-1574.98483319559,0.472440421656168,46.6116800927206,44.3956113120344,3,38.71614541,"Western Allegheny Plateau","Oak / hickory group",-0.246201957867797,-0.706986357191461,-0.115256460364259,-0.872695886157064,0.349355634387676,-0.204262969950444,0.324809034246476,-0.170441335129151,1.01571905846206,"Moderate"
"54089",13.60915431,0.745421245421245,44,10.86362726,1029.054545,-1701.18185840507,0.421483940017118,40.4044957031749,41.2355932598541,3,37.65388128,"Central Appalachians","Unknown",0.0979911675338224,-0.922787232847918,-0.354122486408731,-1.15021093916476,-0.114782844712111,-0.19648474974226,-0.0587330652488419,-0.390660251037369,0.751076875712801,"Moderate"
"54091",37.58198337,0.677002583979328,35,10.7083736,1160.931034,-1587.61246056443,0.498234221118918,37.2084678731997,43.6516604663741,3,39.33603936,"Western Allegheny Plateau","Unknown",-0.303364280888425,-1.03390131631105,-0.171491766346986,-0.900464818687826,0.584299148299186,-0.123809870810292,0.349264538214702,-0.426706757085478,0.155631964526969,"Moderate"
"54093",6.397191352,0.90504876649455,47,8.630557924,1229.681159,-1263.16762529002,0.522752820670133,59.5130713517082,47.0679068163155,4,39.11245596,"Central Appalachians","Maple / beech / birch group",1.03439322438051,-0.258452633017715,0.0867425779272208,-0.186990586551279,0.807627469629688,-0.218348190787232,0.561962695790152,-0.909130136552278,0.949558512774745,"Low"
"54095",13.16022258,0.721419185282523,36,11.10088756,1075.6,-1670.69664199938,0.497065958493386,51.8859299678748,34.0510433712056,3,39.46812443,"Western Allegheny Plateau","Oak / hickory group",-0.0428089797799715,-0.523620168907093,-0.897203206987414,-1.08317206536617,0.573657996854616,-0.197845709645858,0.0852686005228348,-0.335573595824692,0.221792510214283,"Moderate"
"54097",26.62037693,0.824468085106383,40,10.40630245,1266.62963,-1870.56092939433,0.474897825100724,84.7721135194194,55.7262050534867,5,38.89238811,"Central Appalachians","Oak / hickory group",0.561693308434712,0.61971097159761,0.741224058118127,-1.52268597798562,0.371738959542856,-0.157040551216557,0.676273349144308,-0.496841074920138,0.486434692963542,"Low"
"54099",30.48495997,0.724578436382218,52,12.3502035,1127.909091,-1882.03569029173,0.370138418137409,83.8660213659517,50.5214456076506,3,38.14884463,"Western Allegheny Plateau","Oak / hickory group",-0.0242762781007231,0.58820949397547,0.347795860932193,-1.54791968593877,-0.582464907273706,-0.145324866603298,0.247101721264747,-0.0455097442722778,1.28036124121132,"Moderate"
"54101",5.78243363,0.830283279017298,47,9.805036811,1341.069767,-1806.08913757422,0.469409185846536,67.3590590842812,56.5016140454833,3,38.49361397,"Central Appalachians","Maple / beech / birch group",0.595806220184074,0.0143233821318831,0.799837287985463,-1.38090852566644,0.321745541751351,-0.220211860815789,0.906575184807357,-0.636441812788305,0.949558512774745,"Low"
"54103",16.48822451,0.687440982058546,43,10.70081508,1097.618182,-1944.9459900368,0.503267167483751,65.9773545142852,48.9424670672729,3,39.6065942,"Western Allegheny Plateau","Oak / hickory group",-0.24213087097363,-0.0337133825896315,0.22844074241023,-1.68626332073922,0.630141875191346,-0.187756698593272,0.153388138408198,-0.428461680202232,0.684916330025486,"Moderate"
"54105",9.571553773,0.806593406593407,41,11.61787494,1109.305556,-1323.1644836483,0.409176427370867,57.7204554521663,39.5591250690903,3,39.02774267,"Western Allegheny Plateau","Unknown",0.456837418845738,-0.320775267010733,-0.480846855670299,-0.318927383793171,-0.226886153602156,-0.208724945902159,0.189546369636072,-0.215540427395902,0.552595238650857,"Moderate"
"54107",88.90049793,0.676198486122792,43,11.63357212,1061.133333,-1492.92038219791,0.449958417365368,65.8071682278251,50.1476083568762,5,39.20966038,"Western Allegheny Plateau","Oak / hickory group",-0.308081255014839,-0.0396301312051011,0.319537472212464,-0.692231089694035,0.144577695585673,0.0317648768876949,0.0405118321946675,-0.2118958853361,0.684916330025486,"Moderate"
"54109",16.14847063,0.778860954335557,45,11.34797645,1155.192308,-1898.66933872356,0.413638878661466,62.5110098357406,46.7714602126914,3,37.61230303,"Central Appalachians","Oak / hickory group",0.294154159962531,-0.154225384491313,0.0643341546293817,-1.58449810621935,-0.186239796388037,-0.188786680162567,0.331510149447695,-0.278204956864389,0.817237421400115,"Moderate"
