"fips","pop_density","prop_hosts","treediversity_specrich_total","MEAN_MAT","MEAN_MAP","height_difference_NHminH","diameter_difference_NHminH","diameter_cv_t_difference_NHminH","height_cv_t_difference_NHminH","Total_pests","lat","US_L3NAME","broad_group","s_prop_hosts","s_diameter_cv_diff","s_height_cv_diff","s_height_mean_diff","s_diameter_mean_diff","s_pop_density","s_MEAN_MAP","s_MEAN_MAT","s_tree_div","temp_bin"
"01001",36.13780506,0.885240963855422,68,17.63111303,1396,-1229.07453081657,0.48761969205691,68.818612478139,30.4989846333528,1,32.53954674,"Southeastern Plains","White / red / jack pine group",0.832461669368524,0.861928081563693,0.990923389894779,-0.11435830561197,-0.910910481287996,-0.127954201823929,1.07483575687208,1.17848652579861,2.34064686585365,"High"
"01003",53.01292518,0.832525951557093,62,19.26576648,1656.670588,-1290.19467893973,0.644089638234816,58.3260764428574,25.3292593995976,3,30.72889271,"Southeastern Plains","White / red / jack pine group",0.511865967637556,0.447302413826721,0.274241921728672,-0.25030100088796,0.342980336801233,-0.0768532970400322,1.88389194918872,1.55815250399575,1.9425930796915,"High"
"01005",10.91808529,0.919419067697353,56,17.99008462,1333.0625,-1288.5632815264,0.482454728525565,65.6719080318025,28.4675710063025,0,31.86794216,"Southeastern Plains","White / red / jack pine group",1.04032187289133,0.737582124795373,0.709307552522795,-0.246672466464459,-0.952300540567212,-0.204324058125926,0.879493526302025,1.2618615676843,1.54453929352935,"High"
"01007",13.8780279,0.877974543442169,54,16.82691383,1462.285714,-1357.32606776809,0.473477043530891,61.7315693951553,27.5755783951467,1,32.99526918,"Ridge and Valley","White / red / jack pine group",0.788269644177004,0.581874721662705,0.585650192556664,-0.399613825139603,-1.02424430393836,-0.19536081849244,1.28057000477975,0.991702546641832,1.41185469814197,"High"
"01009",34.5784677,0.869249394673123,50,15.56345061,1447.94898,-1147.46990722652,0.506940669034404,63.0021350063932,27.6683611781237,1,33.98234094,"Southwestern Appalachians","White / red / jack pine group",0.735206103633961,0.632082708863486,0.598512713893449,0.0671457125959045,-0.756079497956234,-0.132676156357746,1.23607237461253,0.698249521881502,1.1464855073672,"High"
"01011",6.306555245,0.913588178605846,56,17.87502729,1383.438776,-1317.50577337209,0.530195697629627,91.7331460047823,30.4171477951309,1,32.09960249,"Southeastern Plains","White / red / jack pine group",1.00486028617239,1.76742449657894,0.979578310085897,-0.311046007274246,-0.569722516681385,-0.218288602144687,1.03584886487843,1.23513825593697,1.54453929352935,"High"
"01013",9.804162544,0.912724850099933,64,18.01783807,1462.638095,-1377.26958627564,0.466465523968746,82.6262239640719,29.1632811147727,1,31.75293353,"Southeastern Plains","White / red / jack pine group",0.999609800663419,1.40755309661793,0.805754175778679,-0.44397195813594,-1.08043196306767,-0.207697216940511,1.28166370711223,1.26830760720576,2.07527767507889,"High"
"01015",72.85281641,0.845450168512277,46,15.94370424,1400.290323,-1300.43891070936,0.474943651796373,54.5709362288046,25.1680210361247,2,33.77376946,"Ridge and Valley","White / red / jack pine group",0.590466886491972,0.298913357695562,0.251889370706435,-0.273086097465102,-1.01249146141018,-0.0167745310545075,1.08815184449371,0.786567548186688,0.881116316592438,"High"
"01017",21.63440005,0.934074457083764,49,16.64250984,1413.176471,-1256.15785275806,0.451040595249642,85.3825939025831,30.8647252801992,1,32.91358935,"Piedmont","White / red / jack pine group",1.12945122408804,1.51647449773987,1.04162618973381,-0.174596703174989,-1.2040414929679,-0.171873125848649,1.12814721917138,0.948872721612676,1.08014320967351,"High"
"01019",18.16031066,0.833667334669339,52,15.51629923,1432.034091,-1246.50402902632,0.463876176885156,64.786037704734,27.0510482166676,3,34.17582351,"Ridge and Valley","White / red / jack pine group",0.518807491576573,0.702575852274214,0.5129343244182,-0.15312478502506,-1.10118200876187,-0.182393294586218,1.18667654674306,0.687298102905789,1.27917010275459,"High"
"01021",24.60212025,0.861339923119165,56,16.96099324,1451.737374,-1342.98308522914,0.444138030661037,88.7572415224938,32.9073515074731,2,32.85042711,"Southeastern Plains","White / red / jack pine group",0.687103248818869,1.64982791373744,1.32479643520814,-0.367712336604065,-1.25935602825303,-0.162886334271047,1.24783060037997,1.0228439426079,1.54453929352935,"High"
"01023",5.391182875,0.86906269791007,72,17.76782661,1512.317073,-1285.32912049607,0.447989068915731,85.5338479926935,29.3916186983717,0,32.0221262,"Southeastern Plains","White / red / jack pine group",0.734070674139547,1.52245149204316,0.837408723603141,-0.239479084561429,-1.22849526792414,-0.221060514640038,1.43585480740952,1.21023973629319,2.60601605662842,"High"
"01025",7.440699612,0.889301175015461,74,18.10381727,1534.465909,-1280.25464989435,0.505348863415998,71.5890874245536,26.6871112149286,1,31.68196134,"Southeastern Plains","White / red / jack pine group",0.857154564035076,0.971406859691605,0.462481564758319,-0.228192508336082,-0.768835624598168,-0.214854208617581,1.50459924480806,1.28827720814632,2.7387006520158,"High"
"01027",8.492858506,0.839690436705362,44,15.88105482,1471.926829,-1351.90871933585,0.451774913686359,55.8489096306109,26.5979485912314,1,33.26981661,"Piedmont","White / red / jack pine group",0.555438055426356,0.349414072993778,0.450120907824442,-0.387564624184725,-1.19815694345636,-0.211668081877298,1.31049361009109,0.772016541471605,0.748431721205055,"High"
"01029",10.30698681,0.852517985611511,44,15.47715848,1439.098765,-1475.21374165835,0.43311154870969,58.3044882705946,26.7144771318696,2,33.67668539,"Piedmont","White / red / jack pine group",0.633451070386527,0.446449330233813,0.466275314840611,-0.661818165616099,-1.34771807356811,-0.206174574449247,1.20860352473567,0.678207239557279,0.748431721205055,"High"
"01031",29.70488576,0.889583333333333,47,18.38522917,1343.260417,-1294.01641613694,0.476478007115688,55.3750833396659,23.9286723959674,1,31.40149194,"Southeastern Plains","White / red / jack pine group",0.858870559915063,0.330690235247232,0.0800778792178608,-0.258801262604904,-1.00019571968104,-0.147434240738864,0.911145305510737,1.35363817152961,0.94745861428613,"High"
"01033",35.7853014,0.787577639751553,62,15.44404681,1448.078652,-1309.65897581255,0.533514079351392,69.9625776634653,28.6438462124569,3,34.69857937,"Interior Plateau","Oak / hickory group",0.238504833178024,0.907133294797067,0.733744668198332,-0.293593254912137,-0.543130263833639,-0.129021646430992,1.2364748440103,0.670516695374785,1.9425930796915,"High"
"01035",5.548508645,0.878394811511958,47,18.11074735,1563.725806,-1312.57552201074,0.422553764907063,77.5381521849752,28.9887387286222,1,31.43410156,"Southeastern Plains","White / red / jack pine group",0.790825579021268,1.20649158471958,0.781557281764509,-0.30008020174152,-1.43232414964124,-0.220584103856847,1.59541463382462,1.2898867943263,0.94745861428613,"High"
"01037",6.344585383,0.907643312101911,48,16.77584542,1468.793814,-1210.58770713659,0.416613309749004,75.5337378247461,29.6434510935388,2,32.93690369,"Piedmont","White / red / jack pine group",0.968705525594131,1.12728464754662,0.872320368330736,-0.0732401356578603,-1.4799287047645,-0.218173440033423,1.30076951652987,0.979841355000495,1.01380091197982,"High"
"01043",43.79749277,0.826342281879195,49,15.50491052,1468.12037,-1442.96787388198,0.541171366563192,41.2700870787576,23.0848043442429,1,34.13019434,"Southwestern Appalachians","White / red / jack pine group",0.474258883180497,-0.226686310655634,-0.0369079501835754,-0.590097295957868,-0.481767667623429,-0.104759287087933,1.29867931508996,0.684652951590962,1.08014320967351,"High"
"01045",33.91853603,0.861689587426326,46,18.42755909,1327.936709,-1349.96523988967,0.499519526054041,43.2568849237637,25.6060119100589,0,31.43032608,"Southeastern Plains","White / red / jack pine group",0.689229794351859,-0.148175512086628,0.312608253892904,-0.383241960672935,-0.81554972383734,-0.134674548380602,0.863584355340739,1.36346975417106,0.881116316592438,"High"
"01047",15.06319959,0.851160673645881,69,17.84761987,1376.821918,-1188.71755041254,0.553552383562902,58.7731390960812,25.4463822832517,0,32.32658716,"Southeastern Plains","White / red / jack pine group",0.625196336808426,0.46496865299806,0.290478722799838,-0.0245967972093871,-0.382550892046016,-0.191771905035672,1.01531179554639,1.22877258563287,2.40698916354734,"High"
"01049",35.49104685,0.79255610290093,46,14.60705408,1477.157895,-1246.26682752712,0.506586239636655,66.4762810069492,28.1704777221157,3,34.45782868,"Southwestern Appalachians","White / red / jack pine group",0.268782240264333,0.769367927656408,0.668121369221787,-0.152597204315344,-0.758919760756562,-0.12991270223592,1.32672952827499,0.476116063498136,0.881116316592438,"High"
"01051",50.89186216,0.88622754491018,59,17.72557811,1422.229167,-1255.46099721228,0.541152613193493,82.4359589812255,29.4629787399423,2,32.60089022,"Southeastern Plains","White / red / jack pine group",0.838461737124833,1.40003453815938,0.847301400108903,-0.173046765486349,-0.481917950017257,-0.0832762581007482,1.1562445193392,1.20042706432907,1.74356618661043,"High"
"01053",15.01881593,0.886430678466077,49,18.49260468,1629.465116,-1217.39192082455,0.450156367628853,83.4732367125348,30.0427144786257,1,31.12599866,"Southeastern Plains","White / red / jack pine group",0.839697129891686,1.4410238633832,0.927670441317342,-0.0883739855646236,-1.21112735783775,-0.191906306756518,1.79945298062163,1.37857729733549,1.08014320967351,"High"
"01055",74.11772642,0.785216925549009,54,15.64160254,1414.371795,-1370.69329269865,0.55277416840763,48.5039863737174,25.1796377317845,2,34.04369385,"Southwestern Appalachians","White / red / jack pine group",0.224147730839363,0.0591702559007494,0.253499798751304,-0.429345045387287,-0.38878721321522,-0.0129441555951589,1.13185720537061,0.716401154541895,1.41185469814197,"High"
"01057",10.0916947,0.891012909632572,57,15.99524816,1508.26087,-1247.33026325057,0.452969219165095,72.2157793678927,26.9217066750413,1,33.72072771,"Southeastern Plains","White / red / jack pine group",0.867564781861531,0.996171374638098,0.495003644980471,-0.15496248520778,-1.18858623220886,-0.206826517756056,1.4232653696075,0.798539182178538,1.61088159122304,"High"
"01059",19.23871399,0.847476740907809,64,15.28709354,1476.94898,-1412.58128553868,0.484339263183127,75.9977802775289,28.933510143339,2,34.44262569,"Southeastern Plains","White / red / jack pine group",0.602791846136813,1.14562186470712,0.773900916716893,-0.522511813159194,-0.937198594403051,-0.179127694964224,1.3260811084601,0.634062597543964,2.07527767507889,"High"
"01061",17.73160191,0.727895037079293,49,18.74686086,1388.294118,-1519.62198634461,0.558963217610598,21.751636777802,19.9362076672339,1,31.09525669,"Southeastern Plains","Oak / gum / cypress group",-0.124465505832031,-0.997982254935652,-0.473399405166111,-0.76059044710601,-0.339190519678428,-0.183691501938698,1.05091862990661,1.4376310504673,1.08014320967351,"High"
"01063",4.905769199,0.861708482676225,67,17.20161903,1408.967033,-1219.56610638243,0.645785874828305,54.2689899476433,22.3482103740901,1,32.8566071,"Southeastern Plains","White / red / jack pine group",0.68934470916714,0.286981573232185,-0.139022322631171,-0.0932097828237004,0.356573333679142,-0.222530434727225,1.11508217832345,1.07873188995222,2.27430456815996,"High"
"01065",8.845712703,0.847902783222266,57,17.2964011,1423.384615,-1237.64264456936,0.619840243023564,51.5221184954406,23.2856689584463,0,32.76023789,"Southeastern Plains","White / red / jack pine group",0.605382898074683,0.178435516661353,-0.00906199317410693,-0.133415400739398,0.148654878511408,-0.210599575781029,1.15983074042564,1.10074605284534,1.61088159122304,"High"
"01067",11.76871131,0.915352981494174,51,18.41310035,1363.60241,-1099.82437115537,0.471951002799151,63.0862134015857,25.6440354803634,0,31.51140274,"Southeastern Plains","White / red / jack pine group",1.01559324810738,0.63540517167245,0.317879479530354,0.173118338485651,-1.03647341571541,-0.201748209246296,0.974281754954399,1.36011155511939,1.2128278050609,"High"
"01071",18.54017626,0.75781650435674,68,14.65756782,1493.912791,-1362.47307114795,0.596034062981514,41.5781251186344,23.8586938255441,1,34.77938554,"Southwestern Appalachians","Oak / hickory group",0.0575072070708045,-0.214513802737354,0.0703767167143548,-0.411061727894073,-0.0421188214716276,-0.181242993093947,1.37873252740284,0.487848427021118,2.34064686585365,"High"
"01073",228.7769456,0.860487338748208,64,16.30977199,1451.889571,-1306.67440258796,0.464460047877013,56.4966986124534,25.203334008791,2,33.55705539,"Southwestern Appalachians","White / red / jack pine group",0.681918105673214,0.375012263769198,0.256784824903991,-0.286955003192234,-1.09650308802647,0.455391831175229,1.24830298173395,0.871590750132138,2.07527767507889,"High"
"01075",8.843667303,0.768037026953444,49,16.1187119,1499.82716,-1289.13968618795,0.52897202512158,59.0831832008902,25.6966434570515,1,33.77977028,"Southeastern Plains","White / red / jack pine group",0.119665128905367,0.477220433077926,0.325172548361923,-0.247954498751143,-0.579528564166336,-0.21060576962083,1.39708924689241,0.827214973747068,1.08014320967351,"High"
"01077",53.6774678,0.757594167679222,56,15.22175001,1448.490385,-1352.89851300424,0.56814824915197,46.5134006069726,22.9609751290729,4,34.90188562,"Interior Plateau","Oak / hickory group",0.0561550271121621,-0.019490227127282,-0.054074453182697,-0.389766111307709,-0.265585159704113,-0.0748409422296381,1.23775276007973,0.618885854585813,1.54453929352935,"High"
"01079",18.43012861,0.819815668202765,63,15.43396959,1457.394231,-1437.74942402204,0.54187668525574,53.1376566465451,22.6475184817301,1,34.52033016,"Interior Plateau","White / red / jack pine group",0.434566123939912,0.242275524682663,-0.0975290973013521,-0.578490482805299,-0.476115511065472,-0.181576237209802,1.26538806714296,0.668176151824831,2.00893537738519,"High"
"01081",103.8818448,0.92996632996633,41,17.21693478,1401.413043,-1339.52175675992,0.47279593515162,63.1771072844919,28.6058508665729,6,32.60162662,"Piedmont","White / red / jack pine group",1.10446692002376,0.638996956991697,0.728477355325721,-0.360013691627075,-1.02970244822583,0.0771869586426825,1.09163648606837,1.08228913886364,0.549404828123981,"High"
"01083",66.82838463,0.6947261663286,51,15.26774259,1443.011111,-1613.73809271533,0.569188923916006,42.2159772438684,25.2599766793716,2,34.81185467,"Interior Plateau","Oak / hickory group",-0.326187879219001,-0.189308279263019,0.264637225269003,-0.969922354207022,-0.257245586750224,-0.0350175961454635,1.22074646645407,0.629568129703827,1.2128278050609,"High"
"01085",5.357339812,0.898483080513419,59,18.07788301,1383.288462,-1314.20452067694,0.498717472669226,103.726197325984,30.0859657370832,1,32.15901362,"Southeastern Plains","White / red / jack pine group",0.912995951677863,2.24134490014356,0.933666383850024,-0.303703400900625,-0.821977075539074,-0.221162997533651,1.03538232788466,1.28225369521658,1.74356618661043,"High"
"01087",11.69537155,0.896991497710922,63,17.81224697,1397.882353,-1297.36299865077,0.491722058964434,66.2336012678419,27.7056960671808,1,32.38765932,"Southeastern Plains","White / red / jack pine group",0.903924626178589,0.759778134632563,0.603688467321998,-0.266244691013762,-0.878035668434614,-0.201970295256113,1.0806781089474,1.22055684627834,2.00893537738519,"High"
"01089",177.1010636,0.747634069400631,67,15.19978415,1444.647541,-1573.22950866147,0.60602923345266,46.3271943094786,24.917171535287,4,34.76314544,"Southwestern Appalachians","White / red / jack pine group",-0.0044190780187118,-0.0268484015643935,0.217113985087245,-0.879823650797483,0.0379786846958305,0.298907947983416,1.22582553515511,0.613784045560884,2.27430456815996,"High"
"01091",7.563963066,0.889659270998415,69,17.71324879,1435.855072,-1290.24887989413,0.497581555975814,88.2809749907192,30.194732298703,0,32.2475775,"Southeastern Plains","White / red / jack pine group",0.859332388300628,1.63100764682639,0.94874474402284,-0.250421553996124,-0.831079881200962,-0.214480944665598,1.19853591439359,1.19756344614853,2.40698916354734,"High"
"01093",15.5087218,0.88015526443474,50,15.55347616,1506.776786,-1278.86143016176,0.411349966410201,81.1698096850453,31.2305283724179,2,34.13704658,"Southeastern Plains","White / red / jack pine group",0.801532085868873,1.35000106716456,1.09233764640451,-0.225093725833488,-1.52210714251684,-0.190422783496362,1.4186591447191,0.695932847777747,1.1464855073672,"High"
"01095",65.59871156,0.764600179694519,52,15.21660224,1428.420455,-1251.29527310565,0.581681481345272,44.9089079249688,22.0607345756291,2,34.36846438,"Southwestern Appalachians","Oak / hickory group",0.0987633324212535,-0.082893759640102,-0.178875229311397,-0.16378141223998,-0.157134968464468,-0.0387412678004534,1.17546072602078,0.61769022921789,1.27917010275459,"High"
"01097",130.015283,0.809074219774456,49,19.22932829,1651.722222,-1157.09230052663,0.640953591672836,53.6375843514402,26.7971918133602,3,30.7846079,"Southeastern Plains","White / red / jack pine group",0.369240099220577,0.262030792404913,0.477742090479384,0.0457437016324052,0.317849248785801,0.156323719011654,1.86853346097236,1.54968933949438,1.08014320967351,"High"
"01099",7.907487227,0.882850041425021,69,18.11935328,1508.28,-1200.8645057337,0.495146029130424,93.9412533360584,35.2036957977051,1,31.56726836,"Southeastern Plains","White / red / jack pine group",0.81792085033161,1.85468061593718,1.64313973643285,-0.0516139085296689,-0.850597269832081,-0.2134406915997,1.42332474433434,1.29188561482966,2.40698916354734,"High"
"01101",111.3303325,0.824392288348701,59,18.2543463,1381.267241,-1382.88727035303,0.587847801803202,46.5485534488525,24.7314399648392,4,32.22380149,"Southeastern Plains","White / red / jack pine group",0.462399651492536,-0.0181011186707282,0.191365929131738,-0.456466743213203,-0.10772041447208,0.0997423216881058,1.02910896433169,1.32323920661885,1.74356618661043,"High"
"01103",79.49711788,0.833672431332655,59,15.45150345,1455.810526,-1272.86236713696,0.565149925147286,51.0863300280774,25.1202935110202,4,34.45514922,"Interior Plateau","Oak / hickory group",0.518838487838947,0.161214791026962,0.245272881199317,-0.211750682307506,-0.289612591367285,0.00334561116430691,1.2604726436313,0.672248580821003,1.74356618661043,"High"
"01105",4.884287348,0.918367346938776,60,17.34238524,1410.735849,-1285.41722967492,0.496743272202636,74.5627383278223,28.3872938942034,3,32.6404135,"Southeastern Plains","White / red / jack pine group",1.03392564646701,1.08891438954317,0.69817869828821,-0.239675055932888,-0.837797569497129,-0.222595485643291,1.12057213999825,1.11142636768189,1.80990848430412,"High"
"01107",8.782500556,0.894140905823149,56,16.67805056,1448.242424,-1226.57055243978,0.474200527379734,77.227113103041,30.3720020303593,1,33.28082805,"Southeastern Plains","White / red / jack pine group",0.886588245766929,1.19420048687578,0.973319731241758,-0.108788987148152,-1.01844657870575,-0.210790993553588,1.23698315126408,0.957127438980832,1.54453929352935,"High"
"01109",19.11589839,0.864347826086956,54,18.03359042,1373.457447,-1397.03862384035,0.441002902764646,68.2648345642948,26.2328507302561,2,31.80413807,"Southeastern Plains","White / red / jack pine group",0.705396344478987,0.840044855570134,0.399507217696463,-0.487942012726508,-1.28447975443078,-0.179499602733588,1.00486932055409,1.27196626119854,1.41185469814197,"High"
"01111",15.11819796,0.878721403948605,43,15.99151626,1440.085366,-1295.57031808587,0.421828969571131,89.9458898134073,31.5845491115764,1,33.29523169,"Piedmont","White / red / jack pine group",0.792811808879554,1.69679883570209,1.14141570986613,-0.262257432552439,-1.43813238463408,-0.191605360060071,1.2116656870399,0.797672407961634,0.682089423511364,"High"
"01113",34.88869599,0.912314635718891,58,17.74304836,1316.023256,-1208.71781718036,0.432150306651135,93.5263346446262,30.9365351374023,1,32.28722368,"Southeastern Plains","White / red / jack pine group",0.997115009111328,1.8382845855673,1.05158122439467,-0.0690811490008385,-1.35542110293973,-0.131736729189475,0.826607982227547,1.20448471921341,1.67722388891674,"High"
"01115",54.36556376,0.858502148557397,57,15.95195833,1416.354167,-1363.3181979219,0.494718887207148,70.4696383605164,28.760353506434,2,33.71767427,"Ridge and Valley","White / red / jack pine group",0.669844819249782,0.927170431614234,0.749896129779766,-0.412941448657662,-0.854020223240704,-0.0727572636611833,1.13800999136146,0.788484650037222,1.61088159122304,"High"
"01117",106.3521688,0.880116959064328,58,16.57741442,1449.286957,-1225.31483976463,0.447711302759553,94.3627330150035,29.6545850101134,2,33.26516355,"Ridge and Valley","White / red / jack pine group",0.801299124961308,1.87133591192402,0.873863868481387,-0.105996046181973,-1.23072118057583,0.0846675448910591,1.24022511998105,0.933753604890747,1.67722388891674,"High"
"01119",5.380411743,0.87214301878253,66,17.4068176,1433.246377,-1238.80211708676,0.500765689249835,76.3865888501498,28.4191216647157,1,32.59240085,"Southeastern Plains","White / red / jack pine group",0.752804192137686,1.16098612111785,0.702590997253399,-0.135994285509052,-0.805563444508847,-0.221093131568797,1.19043917874034,1.12639148153336,2.20796227046627,"High"
"01121",42.04896594,0.858074074074074,51,16.48288545,1418.830357,-1339.39580127541,0.477106660738901,71.0021010054787,29.3191789521918,2,33.38079885,"Ridge and Valley","White / red / jack pine group",0.667241408316338,0.948211358132869,0.827366367133824,-0.359733542959657,-0.995157927918724,-0.110054141430689,1.14569546469477,0.911798227215426,1.2128278050609,"High"
"01123",21.79655323,0.889546800273286,58,16.87484503,1453.99115,-1411.97816929536,0.447789039668014,83.2585800859389,28.9600251994029,2,32.866807,"Piedmont","White / red / jack pine group",0.858648377627485,1.43254143865412,0.777576711551076,-0.521170369294948,-1.23009822646786,-0.171382096798031,1.25482575638466,1.00283508726331,1.67722388891674,"High"
"01125",61.05090605,0.891803690222166,69,16.65688405,1465.458763,-1292.87746258833,0.480224203981236,61.090249575006,27.2240035880998,3,33.28839834,"Southeastern Plains","White / red / jack pine group",0.872374054343559,0.556532167892269,0.5369112098271,-0.256268015877815,-0.970175118490801,-0.0525128424434546,1.29041835384617,0.952211287655809,2.40698916354734,"High"
"01127",31.14179876,0.867445517861155,63,15.98290514,1474.534483,-1299.2162220769,0.482526028094098,68.4754877760284,28.1882425769665,2,33.80205275,"Southwestern Appalachians","White / red / jack pine group",0.724235506698571,0.848369080360241,0.670584119499713,-0.270366608175826,-0.951729172860498,-0.143083009229186,1.31858711474118,0.795672382024532,2.00893537738519,"High"
"01129",5.839055077,0.850732315363041,66,18.40539335,1569.074534,-1349.7614038472,0.524668446872128,59.7843018819293,26.7479273383505,0,31.40910343,"Southeastern Plains","White / red / jack pine group",0.622591199897859,0.504926013531613,0.470912532875848,-0.382788591009106,-0.61401580841822,-0.219704276901462,1.61201574537549,1.35832152085007,2.20796227046627,"High"
"01131",4.58874272,0.908256880733945,66,17.9485648,1424.761905,-1249.11727163578,0.510530939095973,60.7756254617747,26.8996842677764,0,31.98669741,"Southeastern Plains","White / red / jack pine group",0.972437052109459,0.544099403058674,0.491950668186249,-0.158937127675542,-0.72730843504845,-0.223490448036887,1.16410550349602,1.25221813954675,2.20796227046627,"High"
"01133",14.93521143,0.873144399460189,45,15.42131347,1496.72619,-1399.7518922789,0.484662595119359,61.8473923848879,25.7948592449092,1,34.15040226,"Southwestern Appalachians","White / red / jack pine group",0.758894266426905,0.586451611777324,0.338788249749561,-0.493976831617989,-0.934607534867724,-0.192159476248861,1.38746461298209,0.665236630802819,0.814774018898747,"High"
"04001",2.47259931,0.801867686768677,20,10.1943754,322.4777108,-465.699585271964,0.782734985052354,34.8648052417627,45.8044097649632,3,35.38331872,"Arizona/New Mexico Plateau","White / red / jack pine group",0.325412289924811,-0.479799023328461,3.11272175600662,1.58353102859553,1.45403157438295,-0.229898511631962,-2.25710845030173,-0.548776379307931,-0.843783423443541,"Low"
"04003",7.861754635,0.641702586206897,25,16.15491595,391.1753394,-135.549757739014,0.6434508116435,35.8563760080279,47.3568063525017,5,31.87962746,"Madrean Archipelago","Aspen / birch group",-0.648660190924113,-0.44061586592126,3.32793123334378,2.31784628760462,0.337861022729945,-0.213579178129733,-2.0438882237977,0.835623756696107,-0.512071934975083,"High"
"04005",2.950340147,0.910638950678837,23,11.00338252,342.638061,-402.181318426658,0.734725888964221,37.0656728784698,46.2895947709335,8,35.83526988,"Arizona/New Mexico Mountains","White / red / jack pine group",0.986924033184851,-0.392828989544261,3.17998318416543,1.72480759057,1.0693048825157,-0.228451826283987,-2.1945357745974,-0.360875708628619,-0.644756530362466,"Moderate"
"04007",4.370110882,0.930576347305389,25,14.52663756,523.7546898,-174.474689374906,0.671611469194875,44.0793601394488,48.4751218170048,3,33.8010486,"Arizona/New Mexico Mountains","White / red / jack pine group",1.10817684872068,-0.115674376579077,3.48296383812126,2.23126992477654,0.563529854333404,-0.224152504641932,-1.63239513883778,0.457438455269303,-0.512071934975083,"High"
"04009",3.199838015,0.824245155475439,30,15.41584362,421.7914831,-220.299429757719,0.693252524108325,62.3102523753054,53.8262648291071,2,32.93181453,"Chihuahuan Deserts","White / red / jack pine group",0.461504836814619,0.604742102460441,4.22479533919207,2.12934709066611,0.736953062512224,-0.227696301777744,-1.94886338484141,0.663966198864574,-0.180360446506626,"High"
"04011",1.983807532,0.913590968302215,30,12.63041488,434.8978102,-260.855808659856,0.697753195769569,41.2960853970039,40.8420512298612,1,33.2137815,"Arizona/New Mexico Mountains","White / red / jack pine group",1.0048772522059,-0.225658954635444,2.42478763191002,2.03914208253227,0.773019738631942,-0.231378661220771,-1.90818462940475,0.0170201888276897,-0.180360446506626,"Moderate"
"04013",185.1578018,0.5625,10,21.47039563,250.8734082,-272.545506561827,0.685071472081118,36.1867712056842,8.17988511346189,5,33.34829801,"Sonoran Basin and Range","Hemlock / Sitka spruce group",-1.13034477368029,-0.427559886986834,-2.10318399276042,2.01314199764122,0.67139321367351,0.323305203155486,-2.4793502646143,2.07020151523827,-1.50720640038046,"High"
"04015",6.110566133,0.988175135826143,11,16.29415717,269.4341512,-109.100635347137,0.779112785379156,33.2124607556665,12.4087048702275,3,35.6984698,"Arizona/New Mexico Plateau","White / red / jack pine group",1.45847410218921,-0.545093479652027,-1.51694069841668,2.37667410618895,1.42500463967471,-0.218882092494964,-2.42174236886602,0.867964038972245,-1.44086410268676,"High"
"04017",4.27920132,0.832193679541674,16,11.34610237,301.397973,-216.601454244868,0.749394991905006,34.761060461136,40.4704230230811,2,35.39058087,"Arizona/New Mexico Plateau","White / red / jack pine group",0.50984519641311,-0.483898627923283,2.37326863683692,2.13757208313943,1.18685751122398,-0.224427795178454,-2.32253467475748,-0.281275309475008,-1.10915261421831,"Moderate"
"04019",43.63601646,0.469991546914624,21,19.81816242,318.0085205,-176.472434413835,0.635625407261578,28.9056708997866,34.517454805196,5,32.09927686,"Sonoran Basin and Range","Aspen / birch group",-1.69295134702435,-0.71528166044955,1.54800582122669,2.22682656438875,0.275151199265375,-0.105248266454212,-2.2709796972061,1.68645244727255,-0.777441125749849,"High"
"04021",32.20312935,0.467353951890034,11,20.21555599,330.6422136,-403.51709184193,0.710678339037059,48.887219058533,16.4943038226133,3,32.90556348,"Sonoran Basin and Range","Aspen / birch group",-1.70899234921562,0.0743141741399623,-0.950552172307945,1.72183657947258,0.876596935796479,-0.139869108940586,-2.2317678792837,1.77875141038507,-1.44086410268676,"High"
"04023",14.55219728,0.799387442572741,16,16.59929232,504.8826816,-120.400484226575,0.646794847398597,56.0473952364823,22.9582870927144,2,31.52531163,"Madrean Archipelago","Aspen / birch group",0.310328244720378,0.357257479639596,-0.0544470969416563,2.3515411187854,0.364658857273268,-0.193319312117931,-1.69096912377719,0.93883498425247,-1.10915261421831,"High"
"04025",11.04641261,0.85579475081097,20,14.81632688,427.3560606,-139.650838408738,0.677013919095074,34.9136652813087,59.7675159297847,3,34.59870983,"Arizona/New Mexico Mountains","White / red / jack pine group",0.653379299418951,-0.477868257834371,5.04843380527051,2.30872471350989,0.606823039322069,-0.203935459875136,-1.93159233052515,0.524721939148449,-0.843783423443541,"High"
"05003",8.343720051,0.935425566874795,50,17.18201242,1388.755556,-1044.08463758421,0.463186313369591,89.6298620685055,27.6197389808737,2,33.19179034,"South Central Plains","White / red / jack pine group",1.13766823804073,1.68431060460975,0.591772195561244,0.297093980697124,-1.10671031339181,-0.212119699995236,1.05235081784209,1.07417804230654,1.1464855073672,"High"
"05005",29.04728743,0.776937618147448,41,14.41251102,1127.043956,-797.639580824603,0.480884191686139,52.3409995584788,25.1820938972059,1,36.28639575,"Ozark Highlands","Oak / hickory group",0.173795653688582,0.210794624737579,0.253840298131962,0.845234099497824,-0.964886227279139,-0.149425566987709,0.24006358511028,0.430931329586269,0.549404828123981,"Moderate"
"05007",124.5726269,0.713235294117647,48,14.0636469,1158.155556,-1011.96037928392,0.551589437590734,34.0428818110189,20.2218412826809,3,36.33657906,"Ozark Highlands","Oak / hickory group",-0.213621334069095,-0.512278354364817,-0.433801881193361,0.368544368027398,-0.398281196753274,0.139842375521366,0.336626196281734,0.34990385714085,1.01380091197982,"Moderate"
"05009",24.56828981,0.806117159149819,42,14.00934811,1135.066667,-750.290108220191,0.51602599282628,52.6121789881245,23.3634859286578,0,36.3085567,"Ozark Highlands","Oak / hickory group",0.351256210292478,0.22151061863222,0.00172581042041866,0.950548224600563,-0.683273158079001,-0.16298877893994,0.264964069908039,0.337292374737487,0.615747125817672,"Moderate"
"05011",6.426440833,0.91236827509706,42,16.90270676,1366.29,-963.294222218869,0.471054830050954,84.9323255119345,28.621134808882,1,33.47114195,"South Central Plains","White / red / jack pine group",0.997441226508132,1.49868157984988,0.730596175517929,0.476787046805213,-1.04365500430692,-0.217925566979676,0.982623360919964,1.00930627598818,0.615747125817672,"High"
"05013",3.169401018,0.883408071748879,44,16.87454068,1327.406977,-1306.92480924425,0.504161602552587,69.7904438062542,29.2454295133093,1,33.55549968,"South Central Plains","White / red / jack pine group",0.821314610770325,0.900331210415722,0.817142447342183,-0.287511954652864,-0.778349882969646,-0.227788470489703,0.86194019994079,1.00276439867762,0.748431721205055,"High"
"05015",17.19978796,0.79968012794882,49,13.82340737,1135.080808,-709.340882067574,0.563367972192583,50.5836245506757,24.1371561776425,1,36.34035893,"Ozark Highlands","Oak / hickory group",0.312108262772909,0.141349756154378,0.108980085038033,1.0416269988443,-0.303892486661865,-0.185301930417337,0.265007960028912,0.294105622867358,1.08014320967351,"Moderate"
"05017",6.323932222,0.655979202772964,42,17.57467975,1367.509804,-959.663428170655,0.689184315993408,57.7787146932426,24.0363671048949,0,33.26396166,"Mississippi Alluvial Plain","Elm / ash / cottonwood group",-0.561834413848703,0.425672730577162,0.0950076479421104,0.484862615076279,0.704351985270396,-0.218235981526831,0.986409326905558,1.16537928496168,0.615747125817672,"High"
"05019",9.960964171,0.898443519802743,53,16.38277696,1371.984615,-1089.56885048105,0.491640323977677,96.3970364115061,32.8241905876257,1,34.04978094,"South Central Plains","White / red / jack pine group",0.912755356195719,1.95172395169994,1.3132677973337,0.195928543708263,-0.878690661626052,-0.207222393356779,1.00029801905443,0.888546945555886,1.34551240044828,"High"
"05021",8.885093298,0.706572769953052,41,14.73155839,1225.31,-1235.57027916417,0.622005929193853,49.3328922666289,25.0001325064144,1,36.36843353,"Mississippi Alluvial Plain","Oak / gum / cypress group",-0.254140657061183,0.0919255076515068,0.228614903975517,-0.1288060706342,0.166009866290983,-0.210480324242603,0.545056764443037,0.505033538725628,0.549404828123981,"High"
"05023",17.46857696,0.767935578330893,40,15.02361819,1293.732558,-1109.93820041517,0.52166465728202,43.2901391106533,18.8594631295679,2,35.53869972,"Boston Mountains","Oak / hickory group",0.119048151104958,-0.146861431353639,-0.622669012582706,0.150623281595935,-0.638087039210527,-0.184487988886948,0.757423240725525,0.572867592273224,0.483062530430289,"High"
"05025",5.206673301,0.910531803962461,42,16.68976595,1345.146067,-1190.51734456911,0.484281792123904,75.9095639660538,31.0249576449166,1,33.89764936,"South Central Plains","White / red / jack pine group",0.986272401415701,1.14213588696755,1.06383927867007,-0.0285998776353881,-0.937659145679675,-0.221619242880527,0.916997890647967,0.959848465265829,0.615747125817672,"High"
"05027",11.90464864,0.914981617647059,48,17.13607687,1296.391304,-1209.16028344917,0.406181497212937,62.3984986775747,25.7047894641921,2,33.21226799,"South Central Plains","White / red / jack pine group",1.01333473297151,0.608229265323708,0.326301833206522,-0.0700652771320324,-1.56352529487345,-0.201336566513829,0.765675322142156,1.06350901302405,1.01380091197982,"High"
"05031",59.55726208,0.547008547008547,31,15.45872383,1217.313725,-1217.54555592196,0.714264105345922,38.8968537687699,18.6572843212478,3,35.83049198,"Mississippi Alluvial Plain","Oak / gum / cypress group",-1.2245587940531,-0.320467589322729,-0.650697156947677,-0.0887156988927526,0.905331907337819,-0.0570358655537642,0.520238330365554,0.673925592321915,-0.114018148812934,"High"
"05033",40.93949341,0.773338768854464,53,15.07700976,1238.151163,-1019.05587062034,0.591315590284948,35.6991883791712,20.5399540016497,2,35.58560919,"Boston Mountains","Oak / hickory group",0.151908613086587,-0.446827331419739,-0.389701763650505,0.35276266189284,-0.0799308725021931,-0.113413824189254,0.584912516952013,0.585268363000212,1.34551240044828,"High"
"05035",30.47981805,0.611702127659574,18,16.07246202,1290.19802,-1992.54276102153,0.718739692180361,45.5045974751278,19.1123783949121,1,35.2122284,"Mississippi Alluvial Plain","Elm / ash / cottonwood group",-0.83111330325194,-0.0593543429854339,-0.587607249047386,-1.81245512243438,0.941197563167235,-0.145087606114419,0.746452920376693,0.816472937915742,-0.976468018830924,"High"
"05037",10.3843045,0.797530864197531,36,15.95892977,1253.157895,-1141.29609530042,0.680150165211987,49.7954368845816,27.0317710702108,0,35.29613006,"Mississippi Alluvial Plain","Oak / hickory group",0.29903713387608,0.110203535997743,0.510261924435605,0.0808774305176266,0.631955726495068,-0.205940442550528,0.63148965303856,0.790103842525418,0.217693339655523,"High"
"05039",4.116044674,0.903794678003464,45,16.53943907,1334.336538,-1068.38103106977,0.520760383697536,80.9227474876824,29.938498604596,1,33.9708643,"South Central Plains","White / red / jack pine group",0.945299374372643,1.34023809582858,0.913222945129703,0.243054235746613,-0.645333544832355,-0.224921862904954,0.883447821034911,0.92493341832146,0.814774018898747,"High"
"05041",6.010202815,0.515962036238136,29,17.07182155,1331.22807,-1156.35717457223,0.696741425294971,104.185968044965,27.889756523183,0,33.82954683,"Mississippi Alluvial Plain","Elm / ash / cottonwood group",-1.41337365860077,2.25951331440703,0.629204855887036,0.0473787599016866,0.764911793693622,-0.219186010708313,0.873799915211266,1.04858501863113,-0.246702744200317,"High"
"05043",8.509358291,0.90139211136891,48,16.91171766,1362.826446,-1127.73450764404,0.599371743695511,70.1313499920642,24.8589840156467,2,33.5897078,"South Central Plains","White / red / jack pine group",0.930687739041872,0.913802544176392,0.20904742156227,0.11104094999266,-0.0153719138179621,-0.211618117554897,0.971873357121596,1.01139915516263,1.01380091197982,"High"
"05045",74.44700092,0.733965844402277,43,15.85608914,1278.60396,-886.195898468645,0.579745066341923,41.0803830763844,18.7429684638387,3,35.14583692,"Arkansas Valley","Oak / hickory group",-0.0875448138141482,-0.234182701270055,-0.638818723504127,0.648268207334253,-0.172652664047675,-0.0119470530706961,0.710467863109355,0.766217991743186,0.682089423511364,"High"
"05047",11.27626388,0.775712025316456,47,15.0710735,1218.591398,-1147.85835913769,0.567615074243932,48.5151631754745,23.1284802894451,2,35.51360566,"Arkansas Valley","Oak / hickory group",0.166341993401742,0.0596119211832052,-0.0308531331254708,0.0662817225466142,-0.269857821246825,-0.203239428808145,0.524203907227665,0.58388960228507,0.94745861428613,"High"
"05049",7.684736387,0.799347471451876,42,14.16384724,1145.447917,-748.370119170356,0.497605974301872,55.1585474451048,22.5820403254648,1,36.38186185,"Ozark Highlands","Oak / hickory group",0.310085153255841,0.322133548897095,-0.106606365249486,0.954818641056508,-0.830884201994923,-0.214115221285084,0.297184868813388,0.373176471958251,0.615747125817672,"Moderate"
"05051",56.4319154,0.821128205128205,52,15.70754825,1409.798246,-1120.3354620389,0.472029791155123,51.8311069305533,23.4055654872733,3,34.57708416,"Ouachita Mountains","White / red / jack pine group",0.44254855016563,0.190645580634525,0.00755931964667853,0.127497817865524,-1.03584203570577,-0.0664999785186294,1.11766205520923,0.731717760330758,1.27917010275459,"High"
"05055",30.22595482,0.81195219123506,39,15.07840964,1235.879518,-935.372877913202,0.634531935807881,39.0250048529006,20.0098483461019,3,36.11754788,"Mississippi Valley Loess Plains","Oak / hickory group",0.386742993362997,-0.315403539158856,-0.463190562827012,0.538889363589406,0.266388533660094,-0.145856349723478,0.577861900048524,0.585593500300451,0.416720232736598,"High"
"05057",11.51882552,0.888220551378446,54,16.61797446,1327.207207,-1170.23019115168,0.529949868098978,59.7147096771091,28.0208228818665,2,33.73369804,"South Central Plains","White / red / jack pine group",0.85058255962663,0.502175990630015,0.647374647533824,0.016522563977248,-0.571692501325883,-0.202504908450262,0.861320163914557,0.943174113722338,1.41185469814197,"High"
"05059",21.13835419,0.822758259045621,50,16.19981043,1396.597701,-1163.50979480728,0.341498961426331,89.0728886225126,31.2335476611781,2,34.31891584,"Ouachita Mountains","White / red / jack pine group",0.452462012322404,1.66230110317177,1.09275621184148,0.0314699883607706,-2.08186661021676,-0.173375242105011,1.07669087101792,0.846050986189216,1.1464855073672,"High"
"05061",8.72158428,0.869428571428571,48,16.03082717,1382.160494,-966.488213663474,0.379413053513193,70.8608448952637,27.0895104143156,0,34.08857686,"South Central Plains","White / red / jack pine group",0.736295798867676,0.942629446493692,0.518266357172916,0.469683009609604,-1.77803745257231,-0.21097545901502,1.03188139783291,0.806802792814135,1.01380091197982,"High"
"05063",19.00148074,0.768529528339279,54,15.25008931,1223.3125,-922.079078662112,0.563412324498372,50.9724895916509,25.38058355101,0,35.74237542,"Ozark Highlands","Oak / hickory group",0.122660363479186,0.156716243982655,0.281357013251612,0.568457271327613,-0.303537064100867,-0.17984607999696,0.538857024930605,0.625467964118523,1.41185469814197,"High"
"05065",9.048001246,0.807890743550835,52,14.59436784,1170.942529,-830.215135310396,0.512807271634031,64.6272823497157,26.0569456048916,0,36.09551726,"Ozark Highlands","Oak / hickory group",0.362042578555183,0.696302436118201,0.375121406496861,0.772779944642291,-0.709066769232682,-0.209987009618465,0.376313756608393,0.473169546779719,1.27917010275459,"High"
"05067",10.30319411,0.562982005141388,43,15.70709654,1235.693182,-1009.52435638812,0.557679303160256,53.2901965627188,19.1970365694838,0,35.59698852,"Mississippi Alluvial Plain","Oak / hickory group",-1.12741337387967,0.248303330008981,-0.575871046038346,0.373962540731132,-0.349479323246273,-0.206186059428328,0.57728355979231,0.731612845788161,0.682089423511364,"High"
"05069",30.1506631,0.842256557671577,54,16.85929997,1315.492857,-1202.96329169261,0.562047244058999,62.2370440524017,27.7406814719394,1,34.27024076,"Mississippi Alluvial Plain","White / red / jack pine group",0.571044375448334,0.601849184135855,0.608538510624699,-0.0562820029113562,-0.314476301128128,-0.146084346619937,0.824961756626718,0.999224578619392,1.41185469814197,"High"
"05071",15.46463638,0.740857669034465,49,14.67787965,1202.194444,-1337.18186051502,0.562298491256262,49.9125131136154,21.8853104102189,1,35.56948885,"Arkansas Valley","Oak / hickory group",-0.0456309593383305,0.11482994942878,-0.203194364803762,-0.354809322659302,-0.312462901357667,-0.190556282092743,0.473311870382944,0.492566069654132,1.08014320967351,"High"
"05073",4.906195296,0.912522045855379,35,17.26348941,1267.475,-1006.179074675,0.563035748934825,90.6557149756447,33.0876981621039,1,33.24224051,"South Central Plains","White / red / jack pine group",0.998376410661936,1.72484846363565,1.34979797772256,0.381403075914761,-0.306554797876473,-0.222529144428722,0.675926359707965,1.09310195618499,0.151351041961832,"High"
"05075",10.85043348,0.789565217391304,46,15.15209394,1206.989362,-951.122709520997,0.543879771352469,66.9541510357509,26.3639562884275,0,36.0421708,"Mississippi Alluvial Plain","Oak / hickory group",0.250592639295845,0.788251558755425,0.417682443586904,0.503858778346186,-0.460063538620393,-0.204528919998119,0.48819409445477,0.602707477478471,0.881116316592438,"High"
"05077",5.769577005,0.575242718446602,45,16.27625933,1313.762887,-1609.51210172065,0.618857614183709,59.9135511983977,26.1515209489689,0,34.78512687,"Mississippi Alluvial Plain","Oak / gum / cypress group",-1.05284767021328,0.51003346171812,0.388232431431623,-0.960522956076127,0.140780463583938,-0.219914669024101,0.819592363202778,0.86380707167669,0.814774018898747,"High"
"05081",8.972028136,0.93560325684678,44,16.84860643,1247.650602,-925.104666816731,0.403646894036174,76.7756574307803,34.5717086403601,1,33.70315882,"South Central Plains","White / red / jack pine group",1.13874889113698,1.17636065206984,1.55552705620165,0.561727794695697,-1.58383664365623,-0.210217069886637,0.614396395457263,0.996740888070493,0.748431721205055,"High"
"05083",11.77119464,0.859198998748436,42,15.57746034,1210.028571,-894.404692498736,0.519067275689189,50.7390615906607,23.5226572726997,2,35.21612799,"Arkansas Valley","White / red / jack pine group",0.674082837344763,0.147492044946919,0.023791809555746,0.630010306794363,-0.658901470415238,-0.201740689275535,0.497627037695741,0.701503433494834,0.615747125817672,"High"
"05085",36.61734228,0.831656606304494,40,16.43462286,1294.686441,-1346.87428916821,0.620310146644455,46.0770772381113,20.6053975175028,1,34.75356289,"Mississippi Alluvial Plain","White / red / jack pine group",0.506578890215926,-0.0367320900625193,-0.380629297919192,-0.376367105409269,0.152420507950254,-0.126502076704505,0.760383854555481,0.900588717675237,0.483062530430289,"High"
"05087",7.587104386,0.660020986358867,55,13.71609603,1198.792,-1048.10223720554,0.564250091352897,54.2778604600184,23.6361812815566,0,36.01018785,"Boston Mountains","Oak / hickory group",-0.537253589744288,0.287332102608909,0.0395296969019495,0.288158084141984,-0.296823518194779,-0.214410868578347,0.462751536713038,0.269181401239376,1.47819699583566,"Moderate"
"05089",10.73301492,0.793609390283665,45,14.40060917,1120.735632,-708.866140063369,0.481489394077051,70.7836536659504,25.5287355774456,2,36.26718719,"Ozark Highlands","Oak / hickory group",0.275187994391473,0.939579138647253,0.301895399145774,1.04268291427634,-0.960036364800197,-0.204884484557764,0.220484128008892,0.42816699594564,0.814774018898747,"Moderate"
"05091",26.92331311,0.838076152304609,47,17.30837669,1206.21875,-1005.04005404047,0.529786062221802,85.6124749433658,27.8030498842157,1,33.30986613,"South Central Plains","White / red / jack pine group",0.545620498383517,1.52555853421247,0.617184673284469,0.383936471853543,-0.573005179513339,-0.15585734398947,0.485802307888986,1.10352751340007,0.94745861428613,"High"
"05093",17.7177812,0.537117903930131,21,15.59274822,1244.27972,-1418.11675835375,0.652558451452595,105.182569289669,30.6633606698786,1,35.76252352,"Mississippi Alluvial Plain","Oak / gum / cypress group",-1.28471049505907,2.29889525745335,1.01371091802479,-0.534823744939714,0.410846194707339,-0.183733353539204,0.603934022327278,0.705054209296739,-0.777441125749849,"High"
"05095",4.372235851,0.574725908828621,50,16.41103542,1277.574468,-1350.75746372747,0.693673653646091,45.8631070315838,23.3018481236026,1,34.68513805,"Mississippi Alluvial Plain","Oak / gum / cypress group",-1.05599073961447,-0.0451873900451894,-0.00681906781277291,-0.385004015364873,0.740327834943158,-0.22414606985286,0.707272577887762,0.895110279122548,1.1464855073672,"High"
"05097",4.434629674,0.828536684231861,49,15.34188001,1415.440678,-1121.35398730786,0.471978005702015,46.7372332065869,21.8379530129833,1,34.5372561,"Ouachita Mountains","White / red / jack pine group",0.487604530491582,-0.0106452023626003,-0.209759543308362,0.125232426263558,-1.03625702469087,-0.223957130112843,1.13517475038651,0.646787348912224,1.08014320967351,"High"
"05099",5.155406511,0.875403486120077,45,16.73587198,1356.081395,-1131.68150535821,0.492106818793459,72.1143571994677,25.076503941109,1,33.6615318,"South Central Plains","White / red / jack pine group",0.772633302830788,0.992163550965619,0.239202312293757,0.10226208534673,-0.874952349058793,-0.221774487959421,0.950938408837205,0.970557090375779,0.814774018898747,"High"
"05101",3.645783368,0.737745565515926,51,13.75436805,1194.241667,-1039.29100801195,0.539401493441743,52.8269903773654,23.2512077934962,1,35.91962908,"Boston Mountains","Oak / hickory group",-0.0645577691385262,0.229999159000538,-0.0138393608627981,0.307755913696608,-0.495950759714765,-0.226345898885177,0.448628443198734,0.278070492631121,1.2128278050609,"Moderate"
"05103",12.43427405,0.875580315691736,50,16.89405973,1316.110092,-1298.10918783623,0.456305861746521,54.7144375860674,27.4300044142227,1,33.59034049,"South Central Plains","White / red / jack pine group",0.773708723249776,0.304583993076387,0.565469202338038,-0.267904355987951,-1.16184764375597,-0.199732765328706,0.826877499414181,1.00729790956443,1.1464855073672,"High"
"05107",10.15142883,0.520916334661355,53,16.56238887,1342.323232,-1578.24211091852,0.648708963933076,48.5196332776665,25.0048255283776,0,34.43248282,"Mississippi Alluvial Plain","Oak / gum / cypress group",-1.38324321358469,0.0597885628549592,0.229265499842539,-0.890972620197832,0.379997861382127,-0.206645632045746,0.90823651808898,0.930263758074164,1.34551240044828,"High"
"05109",6.890650115,0.885218230045816,50,15.90140001,1427.223529,-990.339786931981,0.399872744451101,75.0313901990036,29.0092523580736,2,34.16207826,"Ouachita Mountains","White / red / jack pine group",0.832323409671222,1.10743375362934,0.784401095972787,0.416632628413539,-1.61408124734158,-0.216519857618759,1.17174576761494,0.776741932326136,1.1464855073672,"High"
"05111",12.09129161,0.58355795148248,46,15.72968818,1227.092593,-1343.42455765204,0.596024080920738,31.7756820881035,22.5818576630691,1,35.5744313,"Mississippi Valley Loess Plains","Elm / ash / cottonwood group",-1.00227710494229,-0.601869583391428,-0.106631687824286,-0.36869425423519,-0.0421988139216687,-0.200771377965793,0.550589486473918,0.736859998999551,0.881116316592438,"High"
"05113",9.011802881,0.840621611853994,44,15.13926508,1435.637795,-981.591881169762,0.447587880595051,56.7171847003022,24.7447991206505,1,34.48996215,"Ouachita Mountains","Oak / pine group",0.561101162332613,0.383725046941314,0.193217915256221,0.436089614756898,-1.23171023900269,-0.210096624790982,1.19786154102586,0.599727835719507,0.748431721205055,"High"
"05115",30.42920417,0.74862258953168,57,15.04332781,1208.991736,-1166.27479635225,0.522988554641903,41.0903630252969,19.6625067511165,2,35.45082529,"Arkansas Valley","Oak / hickory group",0.00159278257415554,-0.233788331122751,-0.511342693354938,0.0253201053187978,-0.627477827766418,-0.145240874064171,0.494408961641987,0.5774453651077,1.61088159122304,"High"
"05119",200.1406122,0.77745348412988,54,16.37323218,1301.401709,-1225.8921610791,0.577515749524559,39.7325934394868,21.5260916107494,5,34.76951576,"Arkansas Valley","Oak / hickory group",0.176932984202724,-0.287442292305869,-0.252993037838782,-0.10728011727701,-0.190517563705315,0.368675853094634,0.781226363870209,0.886330066965884,1.41185469814197,"High"
"05121",10.62160123,0.771805752003772,50,14.58060317,1210.608247,-916.035936191926,0.568194675706337,58.8726572235128,24.3793204427619,2,36.34263496,"Ozark Highlands","Oak / hickory group",0.142585299070618,0.468901236112334,0.142551432298412,0.581898355823653,-0.265213114901528,-0.205221865288913,0.499426206757872,0.469972553007056,1.1464855073672,"High"
"05123",15.49617647,0.680923866552609,51,16.14466662,1284.195652,-959.041176315941,0.632015728116192,40.8865518301436,24.8368702945222,0,35.02230225,"Mississippi Valley Loess Plains","Oak / hickory group",-0.410129014566612,-0.241842185081275,0.205981785884257,0.486246620136277,0.246224599319456,-0.190460773016393,0.727823074039893,0.833243238733529,1.2128278050609,"High"
"05125",64.56449578,0.87150450658655,50,15.98860529,1359.056604,-1188.18959549744,0.436347610663961,79.0438004251449,28.6441155101184,3,34.6480531,"Ouachita Mountains","White / red / jack pine group",0.74892096691191,1.26598915564602,0.733782001061239,-0.0234225262636053,-1.32178550012289,-0.0418730595580212,0.960172712113823,0.796996303633495,1.1464855073672,"High"
"05127",4.440704952,0.878307799442897,46,15.45224074,1281.207407,-1105.15860384033,0.446081088567522,51.8013454200893,23.5221104618933,0,34.86093284,"Ouachita Mountains","White / red / jack pine group",0.790296399682719,0.189469517373222,0.0237160049135608,0.161254002572042,-1.24378509896296,-0.223938733076235,0.718548310285537,0.672419824413377,0.881116316592438,"High"
"05129",4.579874369,0.728160759140385,49,14.28072576,1167.754545,-835.281220696012,0.507912186496031,46.1773980080826,23.046211258184,0,35.90969094,"Ozark Highlands","Oak / hickory group",-0.122849469964316,-0.0327677895257025,-0.042258128060952,0.761512018713329,-0.748294125400648,-0.223517303001878,0.366419053044037,0.400322774818979,1.08014320967351,"Moderate"
"05131",92.79997837,0.841242937853107,44,15.88453948,1221.7875,-892.161153409864,0.492798674280513,46.2232794563242,24.1179562152215,2,35.19555056,"Arkansas Valley","Oak / hickory group",0.5648798666524,-0.030954726787586,0.106318385115034,0.635000359339454,-0.86940808152466,0.0436290700326847,0.534123807029999,0.772825891519216,0.748431721205055,"High"
"05135",10.99446448,0.759624716920091,47,14.59465576,1180.826087,-797.282118934006,0.50130273089228,48.3400133135386,21.6167366228662,0,36.16244624,"Ozark Highlands","Oak / hickory group",0.068504172647623,0.0526906556078459,-0.24042687669319,0.846029161917638,-0.801259796422794,-0.204092768174334,0.406989844245946,0.473236419319854,0.94745861428613,"High"
"05137",8.010577405,0.718197237702932,50,14.53374996,1228.806818,-1002.44811550953,0.558909602927185,46.4264510997785,21.5332415904415,1,35.86178254,"Ozark Highlands","Oak / hickory group",-0.183444393643259,-0.0229261455133168,-0.252001832753136,0.389701430229882,-0.339620167421579,-0.213128515962864,0.555910011362878,0.459090387245056,1.1464855073672,"High"
"05139",14.52490237,0.890578297595842,52,17.19402844,1320.04878,-1268.25099186275,0.459729731865132,84.3423215088529,28.0657336272851,2,33.16934212,"South Central Plains","White / red / jack pine group",0.864921611636935,1.47536683468983,0.653600645533268,-0.201494117116564,-1.1344100468952,-0.193401966024218,0.83910220010041,1.07696889316691,1.27917010275459,"High"
"05141",9.020771914,0.681964944649446,42,14.63928641,1266.718447,-1047.52181999889,0.53303490711462,39.1140109100782,19.5989646763853,1,35.58098742,"Boston Mountains","Oak / hickory group",-0.403797513378234,-0.311886353631372,-0.520151561399091,0.289449041083017,-0.546970168445662,-0.210069464942751,0.6735782087556,0.483602371436386,0.615747125817672,"High"
"05143",96.86604399,0.73503355704698,48,14.16555001,1206.007143,-977.520596051954,0.602703575738455,43.663293290211,21.0374296648381,3,35.9752254,"Boston Mountains","Oak / hickory group",-0.0810513298965421,-0.132115777838826,-0.320736475835433,0.445144917944917,0.0113281248035941,0.055941849474559,0.485145532780597,0.373571958743352,1.01380091197982,"Moderate"
"05145",29.39417835,0.696686159844055,56,15.80792428,1296.251534,-1060.84162898939,0.667053626797001,68.9448763148885,28.3868429453538,2,35.25718547,"Arkansas Valley","Oak / hickory group",-0.314267830847972,0.866917554789924,0.698116183034693,0.259823282796547,0.527005033608445,-0.148375118768836,0.765241511082505,0.755031181054579,1.54453929352935,"High"
"05149",8.892866577,0.867532035280413,52,15.57338368,1252.438849,-1097.36562021884,0.510877992193746,60.3412805123443,24.6400529663797,0,35.0036424,"Ouachita Mountains","White / red / jack pine group",0.724761677736566,0.526935719838506,0.178696906066527,0.178587062623079,-0.724527283119171,-0.210456785352971,0.629257914416554,0.700556585031829,1.27917010275459,"High"
"06001",869.9313634,0.6475,14,15.10191225,515.5737705,-606.530079351946,0.759669183543783,89.0187353391038,34.7146329006685,18,37.64739632,"Central California Foothills and Coastal Mountains","Aspen / birch group",-0.613402190172711,1.66016116853461,1.57534071439098,1.27029754454532,1.26919098722904,2.39692295052661,-1.65778666255854,0.591052236166353,-1.24183720960569,"High"
"06003",0.606078796,0.913855734302024,15,4.846196851,733.0258621,-1320.52293231703,0.800631359315671,94.2563461361845,65.4800939038177,2,38.59671633,"Sierra Nevada","Hemlock / Sitka spruce group",1.00648747361726,1.86713190151887,5.84037120703247,-0.317756735759797,1.59744633174695,-0.235550672113478,-0.982869854371557,-1.7909488045269,-1.175494911912,"Low"
"06005",25.34017352,0.907301066447908,19,13.31097698,911.2340426,-1068.66763958706,0.781502385547322,40.8773279277308,27.0360955156553,2,38.44458573,"Sierra Nevada","Hemlock / Sitka spruce group",0.966624097916784,-0.24220667910676,0.510861424364524,0.242416764543975,1.44415398932912,-0.160651375965119,-0.429756313403115,0.17508811167727,-0.910125721137233,"Moderate"
"06007",52.69425399,0.761967385586533,23,14.62330473,975.8587786,-1381.96128575486,0.846361187112091,85.5077368675032,40.6975044446926,8,39.66818524,"Central California Foothills and Coastal Mountains","Hemlock / Sitka spruce group",0.0827515278562437,1.52141967831567,2.40474904232755,-0.454407179453547,1.96390783178183,-0.0778182908309956,-0.229177325037815,0.4798904530659,-0.644756530362466,"High"
"06009",17.34701792,0.770455550641309,23,13.75948077,916.1794872,-1356.30467360699,0.82150978764314,73.0887210925068,36.968393817,3,38.20529319,"Sierra Nevada","Hemlock / Sitka spruce group",0.134373809887476,1.03066675728406,1.88778066223683,-0.397342052582388,1.76475813963996,-0.184856091566188,-0.41440689248038,0.279257977256714,-0.644756530362466,"Moderate"
"06011",7.210939841,0.824538258575198,15,15.55612054,562.5084746,-572.219564874726,0.838143779111998,104.74000376875,42.2915313876835,7,39.1770453,"Central California Valley","Aspen / birch group",0.463287395327837,2.28140672808244,2.6257297556428,1.34661057645978,1.89805663996194,-0.215549962609111,-1.51211310084987,0.6965470336894,-1.175494911912,"High"
"06013",618.1409934,0.584795321637427,9,15.34421255,518.8717949,-728.373283297396,0.554137282827584,38.5473337328157,25.0112695907967,10,37.92191788,"Central California Foothills and Coastal Mountains","Aspen / birch group",-0.994751818769894,-0.334279310131469,0.230158843280856,0.999295361893049,-0.377863731122103,1.63445633509655,-1.64755042116398,0.647329106604525,-1.57354869807415,"High"
"06015",10.62576584,0.496486353979408,29,10.72167792,1841.485549,-872.178331012752,0.956136442527484,72.8009574676607,29.7172687404599,2,41.74200468,"Klamath Mountains/California High North Coast Range","Douglas-fir group",-1.53181847627606,1.01929541820064,0.882553743835212,0.679445911572261,2.84360510388454,-0.20520925409933,2.45751128145419,-0.426304654758843,-0.246702744200317,"Moderate"
"06017",43.0322569,0.722475130669364,32,10.67081259,1071.039146,-1965.04878490872,0.853635510634121,62.5099471134864,33.8246443992187,8,38.77922815,"Sierra Nevada","Hemlock / Sitka spruce group",-0.157427628442832,0.612633289479808,1.45196118510666,-1.7513033528232,2.02220150219514,-0.107076559205229,0.0662386872663523,-0.43811867886944,-0.0476758511192429,"Moderate"
"06019",64.16505069,0.914316702819957,30,12.69569644,451.5636161,-1933.78952398372,0.774048056338025,81.8298875883243,38.6288290025069,13,36.75794407,"Central California Valley","Hemlock / Sitka spruce group",1.00929093545933,1.37608487002072,2.11796758179955,-1.68177688220802,1.38441782159296,-0.0430826512744258,-1.85645814362515,0.0321825385817832,-0.180360446506626,"Moderate"
"06021",8.245277189,0.827985739750446,22,14.74646074,719.9230769,-1123.77970102215,0.832292393816275,70.0884368193266,30.1792218048411,6,39.5978314,"Central California Foothills and Coastal Mountains","Aspen / birch group",0.484253863861089,0.912106776552511,0.946594516881106,0.119837183116829,1.85116585694174,-0.212417802721732,-1.02353761663806,0.508494771007117,-0.711098828056158,"High"
"06023",14.72705074,0.44126653202163,35,11.23879587,1561.719328,-1125.16392211209,0.948700885951541,87.2550699719288,33.0302360055738,9,40.69714538,"Coast Range","Aspen / birch group",-1.86764762243703,1.5904677285435,1.34183197163058,0.116758415286537,2.78401937291383,-0.192789824330759,1.58918702884969,-0.30619840696054,0.151351041961832,"Moderate"
"06027",0.678889375,0.868037135278515,17,14.83291781,181.7534069,-229.785722595812,0.779678107327078,54.3338146435143,19.0432257331463,4,36.51053551,"Mojave Basin and Range","White / red / jack pine group",0.727833533006549,0.289543202062525,-0.597193915440854,2.10824779270647,1.42953491540547,-0.235330188559093,-2.6938814301507,0.528575362433763,-1.04281031652462,"High"
"06029",42.35955638,0.894868585732165,21,15.99165179,253.8323603,-441.368702475595,0.758842473612412,61.7965166264202,33.8614185653628,11,35.34422521,"Central California Valley","White / red / jack pine group",0.891013760262614,0.584441192632195,1.45705920525107,1.6376474842546,1.26256604731252,-0.109113617606956,-2.470166418682,0.797703886272847,-0.777441125749849,"High"
"06033",19.75017182,0.6521113243762,26,12.87869223,1006.732673,-658.763787797669,0.824027136602336,64.6109730678229,30.3973326234357,4,39.09837941,"Central California Foothills and Coastal Mountains","Hemlock / Sitka spruce group",-0.585357602685366,0.695657954472165,0.976831323408587,1.15411996107377,1.78493121966565,-0.177578908485316,-0.133352492489964,0.0746852939005379,-0.445729637281392,"Moderate"
"06035",2.601594524,0.854528301886792,20,7.6309692,469.3206522,-1119.0562569194,0.770918213366855,86.3250160420616,35.4089651152177,7,40.67242922,"Eastern Cascades Slopes and Foothills","Hemlock / Sitka spruce group",0.645677165551363,1.55371548576769,1.67159631955719,0.130343010442696,1.35933644680199,-0.22950789087778,-1.80134475272009,-1.14415524841295,-0.843783423443541,"Low"
"06037",955.0283446,0.857718120805369,22,16.21911588,362.3755869,-292.179921659658,0.581017551185603,52.2915024092944,15.2333847607744,15,34.30781796,"Southern California Mountains","Unknown",0.665076615347723,0.20883868306031,-1.12535398161434,1.96947136871558,-0.162455453013717,2.65461194490269,-2.13327543957868,0.850534886161278,-0.711098828056158,"High"
"06039",28.17281068,0.912538226299694,24,12.82188836,557.2752294,-1987.88129275053,0.845823155342391,88.5687146494071,35.7067274117895,8,37.21673257,"Central California Foothills and Coastal Mountains","Hemlock / Sitka spruce group",0.998474814905307,1.64237803885714,1.71287524836335,-1.80208714100498,1.95959624919139,-0.152073640175912,-1.52835578272455,0.0614919795200905,-0.578414232668775,"Moderate"
"06041",192.4793842,0.33800350262697,12,13.82686109,1033.127451,-293.874479845479,1.03842496283776,64.7339908772433,38.7891636598768,8,38.06986525,"Central California Foothills and Coastal Mountains","Hemlock / Sitka spruce group",-2.49566006003815,0.700519156873849,2.14019485161487,1.96570235286473,3.50303410332886,0.345476274082942,-0.0514297149738332,0.294907786764678,-1.37452180499307,"Moderate"
"06043",4.615351425,0.888640714741544,25,12.56789091,776.1454545,-1520.76890981485,0.823060445542651,67.1469675769107,31.2178916047537,2,37.57980105,"Sierra Nevada","Hemlock / Sitka spruce group",0.853137857678573,0.795870945227893,1.09058580529247,-0.763141420436532,1.77718452406514,-0.223409872083,-0.849037443476817,0.00249831923458482,-0.512071934975083,"Moderate"
"06045",9.590831769,0.476617705438666,36,12.0437837,1295.625442,-920.09415781111,0.898843080916923,65.9757517039813,31.1676722919335,7,39.44179959,"Klamath Mountains/California High North Coast Range","Aspen / birch group",-1.65265318812848,0.749588887034851,1.08362387806909,0.572872108311499,2.38447782854652,-0.208343220971488,0.763298278386226,-0.119231259940025,0.217693339655523,"Moderate"
"06049",0.865744754,0.898337749939774,16,7.843226674,409.4057143,-975.973847884396,0.708346223059186,71.8609197916162,24.1556806056924,5,41.58976064,"Eastern Cascades Slopes and Foothills","Hemlock / Sitka spruce group",0.91211209800489,0.982148655223863,0.111548135309846,0.448585176538325,0.857908242646107,-0.234764356798327,-1.98730570785578,-1.09485614988178,-1.10915261421831,"Low"
"06051",1.822930745,0.839847193652659,17,5.995647044,390.7933884,-531.119489453786,0.662735470000668,36.6309138780808,45.6995885715989,4,37.93878864,"Central Basin and Range","White / red / jack pine group",0.556391400618338,-0.410009034505251,3.09819034411171,1.43802486782423,0.49240096240978,-0.231865825123367,-2.04507370400121,-1.52397654082523,-1.04281031652462,"Low"
"06053",50.94072977,0.772555375472717,22,13.8218399,568.3003876,-369.43022136137,1.02456192867425,72.8391872899691,38.6509678032473,11,36.21968138,"Central California Foothills and Coastal Mountains","Aspen / birch group",0.147144267219963,1.0208061173823,2.12103669427664,1.79765218511073,3.39194100415493,-0.0831282781712503,-1.4941364541021,0.293741560973478,-0.711098828056158,"Moderate"
"06055",71.50136379,0.560264900662252,18,14.8219223,818.7118644,-841.318036707973,0.740441986815815,115.583634457323,40.4495519650904,10,38.50697634,"Central California Foothills and Coastal Mountains","Aspen / birch group",-1.14393792692796,2.7099063395991,2.37037527214023,0.748085005449265,1.1151115232572,-0.0208669731327549,-0.716921972458341,0.526021536079972,-0.976468018830924,"High"
"06057",40.07800891,0.720253164556962,26,10.70767231,1170.891892,-1629.8407683473,0.835079925968048,68.6528253625138,33.0466859421444,3,39.30283251,"Sierra Nevada","Hemlock / Sitka spruce group",-0.170940909650025,0.855376796603876,1.34411243416187,-1.00573773086733,1.87350408262415,-0.116022554503128,0.376156592047847,-0.429557609457527,-0.445729637281392,"Moderate"
"06061",107.5099006,0.755603242727706,29,11.1779114,1039.292887,-1367.48578792379,0.809269379372083,79.489535107485,37.5811416617376,9,39.06406289,"Sierra Nevada","Hemlock / Sitka spruce group",0.044046863723851,1.28360291838911,1.97272618740997,-0.422210952005732,1.66666814909768,0.0881733654159733,-0.0322937464228591,-0.32033948491169,-0.246702744200317,"Moderate"
"06063",2.849797018,0.766548113021142,22,7.853321297,935.1418269,-1669.22620825708,0.843801903818731,59.1905173952492,31.4808215561001,2,40.00362197,"Sierra Nevada","Hemlock / Sitka spruce group",0.110610034613783,0.481461877839942,1.12703590951182,-1.0933383506364,1.94339870590289,-0.228756288997448,-0.355552541198153,-1.09251156429648,-0.711098828056158,"Low"
"06065",130.5631048,0.88695652173913,17,19.79594638,218.818854,-583.452164929576,1.05613689470204,-24.1106528559417,15.0717109441682,10,33.74663292,"Mojave Basin and Range","Unknown",0.84289513906924,-2.81028791673146,-1.14776689971157,1.32162716307969,3.6449708092442,0.157982622144863,-2.5788395693588,1.68129253123147,-1.04281031652462,"High"
"06069",17.11259316,0.938028169014084,11,14.28838332,489.5238095,-518.081001663044,0.598787036744212,-14.5623749526737,10.759564382001,3,36.60311905,"Central California Foothills and Coastal Mountains","Aspen / birch group",1.15349642479045,-2.43297578856069,-1.74556182872303,1.46702491489586,-0.0200575336153465,-0.185565971985086,-1.73863921450298,0.402101326112529,-1.44086410268676,"Moderate"
"06071",41.60642969,0.90716803760282,22,18.66247001,177.321562,-385.495203572303,0.940192541859482,30.1330851861777,48.818850442487,9,34.84198575,"Mojave Basin and Range","Aspen / birch group",0.96581505938901,-0.666778851750723,3.53061510096843,1.76192064570224,2.71583672957064,-0.111394220945019,-2.70763676629062,1.4180303610269,-0.711098828056158,"High"
"06073",304.8267815,0.970779220779221,13,17.11323784,362.224359,-409.9504775254,1.11683895373278,-49.6200659948278,0.0484173394410838,14,33.03442461,"Southern California/Northern Baja Coast","Unknown",1.35267775787351,-3.81832424090741,-3.23045323805405,1.70752752073472,4.13141409319098,0.685684439199454,-2.13374481308908,1.05820440080424,-1.30817950729938,"High"
"06081",658.9280316,0.321144674085851,9,13.56378367,713.9878049,-1006.43795085274,1.02769248327911,42.75817621893,32.0246090733555,12,37.42271811,"Coast Range","Hemlock / Sitka spruce group",-2.59819001746118,-0.16788260949879,1.20242143168471,0.380827286646813,3.41702808170845,1.75796683698656,-1.04195921380224,0.233805205048731,-1.57354869807415,"Moderate"
"06083",62.83064138,0.899884925201381,18,14.18105557,487.6308725,-261.094749993548,0.706476685332826,106.073497852051,30.9773516982593,11,34.65278477,"Central California Foothills and Coastal Mountains","Unknown",0.921521518909292,2.3341014124612,1.05723964364091,2.03861063210369,0.842926476202033,-0.0471234831386233,-1.7445144166624,0.377173293084215,-0.976468018830924,"Moderate"
"06085",575.4906517,0.610726643598616,22,14.86225454,612.0954774,-619.43242553112,0.723536659111276,119.452205225442,46.6330586055303,17,37.23440219,"Central California Foothills and Coastal Mountains","Aspen / birch group",-0.837045882671259,2.86277774576111,3.2275977389262,1.24160030200189,0.979638637228276,1.50530341442315,-1.35820746852835,0.535389135892936,-0.711098828056158,"High"
"06087",236.9573314,0.329723225030084,19,13.88789257,774.7402597,-1493.37313384777,1.03862543886569,40.529948328074,27.1644922661154,11,37.05423752,"Coast Range","Hemlock / Sitka spruce group",-2.54601803760396,-0.255933817901575,0.528661126953487,-0.702208066403464,3.5046406421998,0.480163513562598,-0.853398816054652,0.309083009381447,-0.910125721137233,"Moderate"
"06089",18.33267418,0.746947835738069,38,11.81507847,1095.585977,-955.069143748371,0.880983041862311,57.4785161184863,30.4203947630847,8,40.76408084,"Klamath Mountains/California High North Coast Range","Hemlock / Sitka spruce group",-0.00859252981182584,0.413810008915451,0.980028438797772,0.495081167000781,2.24135424776743,-0.181871346786077,0.142425900310502,-0.172350528043458,0.350377935042906,"Moderate"
"06091",1.173899769,0.773913043478261,22,7.947041679,1020.182432,-1454.17877800341,0.881016776459749,61.8116986749548,32.4616494360718,0,39.57755923,"Sierra Nevada","Hemlock / Sitka spruce group",0.15540116611798,0.585041130244046,1.26300854504893,-0.615032453504882,2.24162458403975,-0.23383120788038,-0.0916078104849639,-1.07074398994668,-0.711098828056158,"Low"
"06093",2.675942607,0.694183249507982,39,8.508449345,857.6959922,-1360.97693357283,0.908167080738861,60.9567870179693,33.6012254107748,5,41.59277309,"Eastern Cascades Slopes and Foothills","Hemlock / Sitka spruce group",-0.329489724205824,0.551258228241916,1.42098850446811,-0.407734036769117,2.45919682762702,-0.229282751484209,-0.59592500751248,-0.940350975647981,0.416720232736598,"Low"
"06097",121.7392204,0.380571030640669,25,13.88918382,1001.940239,-780.804044971021,0.938596621265318,77.493426557524,35.5707794446578,11,38.52915288,"Central California Foothills and Coastal Mountains","Douglas-fir group",-2.236778084686,1.20472419568374,1.69402871701543,0.882679495011914,2.7030476270733,0.131262310031997,-0.148227006848173,0.309382916186982,-0.512071934975083,"Moderate"
"06099",140.9759751,0.85024154589372,6,16.20727565,395.1601732,-404.809747181136,0.146512517983599,78.7099867632499,12.5948049700968,7,37.55822219,"Central California Valley","Aspen / birch group",0.619606498281654,1.25279809182717,-1.49114155305218,1.71896147107918,-3.64441403262547,0.189514669913621,-2.03152029811042,0.847784864433413,-1.77257559115522,"High"
"06103",8.40194725,0.739476678043231,28,13.94087803,938.1340426,-1075.8960736446,0.895791380467109,69.1655020773684,33.2062682207946,5,40.12613901,"Central California Valley","Hemlock / Sitka spruce group",-0.0540297011125565,0.875635857379556,1.36623540135741,0.22633936881472,2.36002265829146,-0.211943377543557,-0.346265453385883,0.321389456659997,-0.313045041894009,"Moderate"
"06105",1.523026023,0.562569038977434,35,9.633825936,1253.876209,-1086.38534358724,0.942927454142173,52.9667886580372,30.3171640553864,2,40.64748521,"Klamath Mountains/California High North Coast Range","Hemlock / Sitka spruce group",-1.12992490088785,0.23552346268433,0.965717516687255,0.203009261292621,2.73775327957473,-0.232773990667327,0.633719119715973,-0.678970066891953,0.151351041961832,"Low"
"06107",37.13469744,0.902950819672131,29,11.68256653,489.0745856,-1743.28886843216,0.864938982390173,92.2528394814928,38.0913928561051,8,36.22106787,"Central California Foothills and Coastal Mountains","Hemlock / Sitka spruce group",0.940167300185423,1.78796083346404,2.04346255318916,-1.25806762490488,2.1127832387756,-0.1249354320476,-1.74003349293239,-0.203127862115643,-0.246702744200317,"Moderate"
"06109",9.413377224,0.814574770787227,24,8.810245491,877.5242165,-1696.31784277108,0.879961436996614,58.8299740456531,32.7935457753863,3,38.02653089,"Sierra Nevada","Hemlock / Sitka spruce group",0.402692676294189,0.467214557023341,1.30901949243657,-1.1535952369228,2.23316749374787,-0.208880585312781,-0.534383167385284,-0.87025555023092,-0.578414232668775,"Low"
"06111",177.362839,0.969476744186046,10,14.34211957,452.6416382,-232.412671336711,1.1094195593002,-20.8250001479791,7.8088252210759,13,34.44304892,"Southern California Mountains","White / red / jack pine group",1.3447565153437,-2.68045124584371,-2.15462420213874,2.10240496504398,4.07195787950879,0.299700651069085,-1.85311223313271,0.414582152504751,-1.50720640038046,"Moderate"
"06115",47.36060524,0.651792828685259,18,15.53342245,903.2871287,-1292.39775071097,0.958606484309823,35.4078877230865,25.6311999830312,8,39.26426177,"Central California Foothills and Coastal Mountains","Hemlock / Sitka spruce group",-0.587294590747849,-0.458338440710687,0.31610008842991,-0.255201046513919,2.86339908213292,-0.0939695404213008,-0.454421542993966,0.691275156311931,-0.976468018830924,"High"
"08007",3.885936092,0.926475330538536,14,4.807005672,615.2585366,-591.96914152157,0.768032354104621,20.5050106754011,16.0652696468569,1,37.19496148,"Southern Rockies","Aspen / birch group",1.08323578751521,-1.04724424254172,-1.01002938416572,1.30268380660769,1.33621026494021,-0.225618673159051,-1.34839012529811,-1.80005138055714,-1.24183720960569,"Low"
"08011",1.448859195,0.739130434782609,2,12.09382153,341.7958333,-443.015411201859,0.996294709431562,20.3788805221474,10.2173795420514,1,37.9546477,"Southwestern Tablelands","Aspen / birch group",-0.0561354409439453,-1.05222843309763,-1.82072517097869,1.63398489459379,3.16541822756356,-0.232998581188093,-2.19714983835217,-0.107609431671891,-2.03794478192999,"Moderate"
"08013",172.5816379,0.759417808219178,9,6.312225087,483.3846154,-446.809852810804,0.584572203493207,27.6239397368383,20.0224084696287,13,40.09200387,"Southern Rockies","Douglas-fir group",0.0672458206664446,-0.765930868373139,-0.461449346928194,1.6255453433946,-0.1339698172806,0.285222312519412,-1.75769373477144,-1.45044785964126,-1.57354869807415,"Low"
"08015",7.611110057,0.947569634079738,15,1.827422735,451.2980132,-659.547699396965,0.694156789986226,45.8838534319699,20.3831439076572,1,38.74719876,"Southern Rockies","Douglas-fir group",1.21152453774911,-0.0443675701194537,-0.411440421568342,1.15237639436232,0.744199506376417,-0.214338175080504,-1.85728250847809,-2.49209180686011,-1.175494911912,"Low"
"08019",9.316539047,0.946790540540541,10,1.526954556,586.0545455,-796.213683396877,0.690244737064634,30.1109275979679,20.9727322211411,2,39.68811224,"Southern Rockies","Douglas-fir group",1.20678634213798,-0.667654436526037,-0.329705513228873,0.848405563335274,0.712849797642663,-0.209173828763917,-1.43903199640869,-2.56187879755049,-1.50720640038046,"Low"
"08021",2.438202297,0.879890185312285,13,3.677807381,499.8442211,-809.630126303621,0.672683964773329,34.4793999241154,14.5765347614406,0,37.20185192,"Arizona/New Mexico Plateau","Aspen / birch group",0.799919960146569,-0.49502879586787,-1.2164134094566,0.818564873059392,0.572124427228161,-0.230002671986002,-1.70660724274774,-2.06231992055322,-1.30817950729938,"Low"
"08023",1.198319597,0.870743571924948,15,4.559085144,393.5923913,-599.077715695394,0.717894441504728,26.8799576794708,12.7722831743769,1,37.27708138,"Arizona/New Mexico Plateau","White / red / jack pine group",0.744293207737216,-0.795330248683396,-1.46653766517426,1.28687300178419,0.934424044756518,-0.233757260240506,-2.03638630030933,-1.85763360985368,-1.175494911912,"Low"
"08027",2.582810985,0.955932203389831,15,3.997376526,429.3148148,-529.917953284487,0.779025324554839,9.81176038996934,12.241322740727,0,38.10908543,"Southern Rockies","Douglas-fir group",1.26238298697171,-1.46980138458701,-1.54014496264565,1.44069731006042,1.4243037617922,-0.229564770818848,-1.92551284826788,-1.98809652351574,-1.175494911912,"Low"
"08029",10.39792221,0.9952,10,7.556564607,319.2921348,-492.217811032253,0.702443054894674,24.9855618090069,15.9855914243925,2,38.86279099,"Colorado Plateaus","Aspen / birch group",1.50119706024596,-0.870189667808391,-1.02107521404538,1.52454951113378,0.810602491350569,-0.205899205670605,-2.26699568003743,-1.1614365214459,-1.50720640038046,"Low"
"08035",158.2005145,0.679525222551929,8,7.565180158,430.6102941,-248.230419304716,0.754226615165532,21.602265238846,20.4280394382219,7,39.33126142,"Southwestern Tablelands","Douglas-fir group",-0.418635116250363,-1.00388485787857,-0.40521653281133,2.06722332105264,1.22557630796947,0.241673679246106,-1.92149200511207,-1.15943546636103,-1.63989099576784,"Low"
"08037",12.59754585,0.960734319224885,11,2.601097585,446.3764259,-824.97524280979,0.744429104486505,34.2621833847297,17.4903583151021,1,39.62762204,"Southern Rockies","Aspen / birch group",1.2915879065726,-0.50361237874845,-0.812468664234966,0.784434450257255,1.14706277242702,-0.199238348895142,-1.87255788231924,-2.31239743877752,-1.44086410268676,"Low"
"08041",129.0082542,0.803648068669528,13,8.176058642,388.2961877,-465.432080063213,0.70395849241796,20.9375614520951,23.0824649741544,9,38.83235236,"Southwestern Tablelands","Douglas-fir group",0.336239998389,-1.03015145829835,-0.0372322581716794,1.58412601045003,0.822746633035617,0.153274254328884,-2.05282438928294,-1.0175523184758,-1.30817950729938,"Low"
"08043",12.01322428,0.761112996267391,16,6.400192495,354.8081633,-243.540881211791,0.703015921907532,32.9074023876751,31.9181641955683,1,38.47412962,"Southern Rockies","White / red / jack pine group",0.0775554075979082,-0.557148242113826,1.18766492764593,2.07765373504095,0.815193230370778,-0.201007779909524,-2.15676282636228,-1.43001647584686,-1.10915261421831,"Low"
"08045",7.808030504,0.912295973884657,14,5.126432683,414.1965066,-452.540725417676,0.717982737007634,22.7530436789495,14.1849021535473,5,39.60046932,"Colorado Plateaus","Aspen / birch group",0.997001513854834,-0.958410410372189,-1.27070562417123,1.6127988057571,0.935131611436746,-0.213741864480011,-1.97243628892304,-1.72586099568144,-1.24183720960569,"Low"
"08047",15.71971147,0.976666666666667,7,3.033920639,530.047619,-723.994560066484,0.493909601741896,60.0726160511271,20.6585187586963,2,39.85637636,"Southern Rockies","Douglas-fir group",1.38848330478313,0.516319108062783,-0.373265074985102,1.00903446521915,-0.860505530092786,-0.189783868753215,-1.61286346333831,-2.21186959406329,-1.70623329346153,"Low"
"08049",3.248676246,0.976817042606516,10,2.001584753,528.668942,-1025.0272024152,0.682848185454341,35.9853621363215,14.2360612516127,1,40.10543566,"Southern Rockies","Douglas-fir group",1.38939784274599,-0.43551881794423,-1.2636134140723,0.339481297833565,0.653576637676695,-0.227548410813153,-1.61714253130917,-2.4516407908183,-1.50720640038046,"Low"
"08051",2.040567188,0.942394239423942,13,1.476700862,452.9282869,-1056.86616703796,0.754536203980174,32.7101916815961,16.0149492394618,3,38.66582837,"Southern Rockies","Aspen / birch group",1.18004945676043,-0.564941269501861,-1.0170053261781,0.268665457255214,1.22805723533951,-0.231206782753762,-1.85222254738975,-2.5735507625719,-1.30817950729938,"Low"
"08055",1.642659629,0.909680638722555,18,7.542181214,374.1452282,-232.305534998341,0.824797281283248,24.1126410505814,29.763993093549,1,37.68493612,"Southwestern Tablelands","White / red / jack pine group",0.981095888967361,-0.904684221949222,0.889031163128671,2.10264325639384,1.79110286711351,-0.232411718549221,-2.09674542194926,-1.1647772203403,-0.976468018830924,"Low"
"08057",0.314867922,0.988903833221251,7,2.173302196,684.0583658,-972.729436976646,0.735708707220291,32.6024725370944,18.1844539513773,0,40.66573087,"Southern Rockies","Douglas-fir group",1.46290580470712,-0.569197926049609,-0.716245856027408,0.455801356094919,1.07718081535289,-0.236432511118978,-1.13485269373875,-2.41175755381163,-1.70623329346153,"Low"
"08059",292.3597801,0.687848383500557,12,6.728696973,454.3409091,-528.153146211591,0.639620651514251,44.1249123086111,20.8757516090068,8,39.58612451,"Southern Rockies","Douglas-fir group",-0.36801633597115,-0.113874325715084,-0.343149981618457,1.44462257263747,0.307167571781759,0.647932112285522,-1.8478381220233,-1.35371775088958,-1.37452180499307,"Low"
"08067",12.82786228,0.95626102292769,17,6.194096,568.184,-490.929134556972,0.834138196125785,35.375249971844,24.9144750767333,2,37.28623927,"Colorado Plateaus","Aspen / birch group",1.26438276134122,-0.459628162219086,0.216740173755359,1.52741576978609,1.86595741675522,-0.198540909239844,-1.49449769205077,-1.4778846202399,-1.04281031652462,"Low"
"08069",52.13777551,0.938991005084083,11,5.012113626,466.1662708,-680.714869377208,0.633265672836271,34.4496962544159,17.7286465384339,12,40.66626887,"Southern Rockies","Douglas-fir group",1.15935208320833,-0.496202573479115,-0.779434654491264,1.10529663053909,0.256241182349683,-0.0795034079512623,-1.81113516223342,-1.75241283552399,-1.44086410268676,"Low"
"08077",17.7422369,0.990087463556851,12,8.101270954,343.6410749,-300.382871910264,0.760244043822714,46.2457632074593,35.2622527999064,5,39.01810028,"Colorado Plateaus","White / red / jack pine group",1.47010426263186,-0.0300662532768661,1.651257521501,1.95122646583944,1.27379769952774,-0.183659297272449,-2.19142267076393,-1.03492256947403,-1.37452180499307,"Low"
"08079",0.376067625,0.936703296703297,11,0.474394741,778.7368421,-943.051570405952,0.732866845769826,38.0552100883969,19.9001690745739,1,37.66935087,"Southern Rockies","Aspen / birch group",1.14543897872979,-0.35372619065589,-0.478395452408538,0.52181050848656,1.05440721527145,-0.236247187389513,-0.840994425656669,-2.8063472209787,-1.44086410268676,"Low"
"08081",1.070415965,0.974915581283164,13,6.077888672,339.7812912,-153.813623480137,0.583413673871846,25.1955902535058,10.6054847958145,2,40.61918818,"Wyoming Basin","White / red / jack pine group",1.37783376828795,-0.861890131475965,-1.76692195504493,2.27722401800534,-0.143253834372658,-0.234144575487679,-2.20340247227298,-1.50487503148504,-1.30817950729938,"Low"
"08083",4.997345868,0.989931534434152,14,8.769801664,407.2866667,-340.079380299345,0.720257559557759,30.5627353262368,22.9225382234819,3,37.33862022,"Colorado Plateaus","White / red / jack pine group",1.46915595200207,-0.649800689787183,-0.0594029796875204,1.86293397131564,0.953361176781779,-0.222253124070488,-1.99388270066402,-0.879649067333882,-1.24183720960569,"Low"
"08085",7.284601726,0.991793313069909,12,8.009539162,355.0271084,-176.744076344393,0.656257257702788,-9.20527350179044,8.32809526496637,3,38.40317489,"Southern Rockies","White / red / jack pine group",1.48047868915369,-2.22128323313478,-2.08263754896032,2.22622238168757,0.44048702547579,-0.215326901146744,-2.1560832756301,-1.05622827224636,-1.37452180499307,"Low"
"08093",3.229090873,0.871544715447155,10,2.271024921,415.6070381,-612.785937768893,0.684161966747723,28.7115690159577,18.266846799385,1,39.12020631,"Southern Rockies","Douglas-fir group",0.749165504232863,-0.722951838843119,-0.704823696317451,1.25638333980958,0.664104782799696,-0.227607718852071,-1.96805835256555,-2.38906039192743,-1.50720640038046,"Low"
"08097",7.151650659,0.947930004268032,9,1.027543012,486.1741935,-1012.4914442328,0.685361930763736,12.8789887086715,14.1357625829688,1,39.21730962,"Southern Rockies","Douglas-fir group",1.21371619299801,-1.34859602627636,-1.27751786621406,0.367363179782044,0.673720839419319,-0.215729500936694,-1.74903558329731,-2.67787254067427,-1.57354869807415,"Low"
"08101",27.0838745,0.676855895196507,10,10.98128016,313.6461126,-174.377941251517,0.89704786103787,13.5963287021323,41.8064130348486,6,38.17341454,"Southwestern Tablelands","White / red / jack pine group",-0.434869104242591,-1.32024944040017,2.55847756763986,2.23148511078411,2.37009161715078,-0.155371135165828,-2.28451951829595,-0.366009221257773,-1.50720640038046,"Moderate"
"08107",4.138385709,0.977242044358727,12,3.195533853,521.546875,-905.365865131771,0.706206316426937,49.9227181657194,17.741664475913,0,40.48496382,"Southern Rockies","Aspen / birch group",1.39198256631991,0.115233214809874,-0.777629971626477,0.6056305990077,0.84075984230925,-0.224854210224903,-1.63924764279357,-2.17433317373952,-1.37452180499307,"Low"
"08109",0.820076876,0.885990338164251,15,2.761026065,431.9218107,-758.398525150557,0.727202499274009,43.4235473559439,17.2921814486664,0,38.08103645,"Southern Rockies","Aspen / birch group",0.83701912220641,-0.141589637899775,-0.839942017492954,0.932513581593575,1.00901529027197,-0.234902647362706,-1.9174213861953,-2.2752523161824,-1.175494911912,"Low"
"08113",2.433533483,0.986842105263158,12,6.46131697,473.0373832,-387.836897977472,0.716497628762842,18.6992484069504,14.8433960373506,1,38.003367,"Colorado Plateaus","White / red / jack pine group",1.45036704027011,-1.11860119417029,-1.17941830384304,1.75671227728812,0.923230517089233,-0.230016809996159,-1.78980895094899,-1.41581965413357,-1.37452180499307,"Low"
"08117",19.50730969,0.988803771361226,6,0.665254382,540.1578947,-1026.77801335218,0.748556013194364,55.005936409747,12.1160988462456,1,39.63783301,"Southern Rockies","Douglas-fir group",1.4622972607491,0.316102933207381,-1.55750481070109,0.33558716529298,1.18013425396248,-0.17831433878107,-1.58148370076566,-2.7620180010461,-1.77257559115522,"Low"
"10001",118.0084662,0.754559666492965,41,12.88892682,1132.530612,-1595.36531782921,0.51326128568522,62.4185622607888,28.2771286547159,9,39.08628989,"Middle Atlantic Coastal Plain","Oak / gum / cypress group",0.0377001696665087,0.609022102875981,0.682906438737305,-0.92905785020279,-0.70542847278039,0.119964913996257,0.257092790614321,0.0770623883383813,0.549404828123981,"Moderate"
"10003",505.617178,0.683257918552036,37,12.47058548,1150.935897,-1999.2423790912,0.563220483022312,39.731982031128,21.1226181989607,21,39.57964166,"Middle Atlantic Coastal Plain","Oak / hickory group",-0.395934063147496,-0.287466452870882,-0.308926748829583,-1.8273563320302,-0.305074408947185,1.29371394418098,0.314218183681692,-0.0201019213637162,0.284035637349215,"Moderate"
"10005",94.96239262,0.782587548638132,49,13.21159335,1118.063291,-1243.16842156564,0.43684809893476,51.5280404386029,28.7659031559817,13,38.66136974,"Middle Atlantic Coastal Plain","White / red / jack pine group",0.208156708564964,0.178669529642553,0.750665480336288,-0.145705767196866,-1.31777477689683,0.0501772500697339,0.212189851118583,0.152005186607902,1.08014320967351,"Moderate"
"12001",118.2181724,0.851145038167939,44,20.42656639,1336.759398,-1415.68289082193,0.55911370509635,60.1289819520064,25.5089886454318,4,29.67674485,"Southern Coastal Plain","White / red / jack pine group",0.625101246874759,0.518546477043084,0.299157872567954,-0.529410366170513,-0.33798457002975,0.12059994216095,0.890967771410425,1.82776086246543,0.748431721205055,"High"
"12003",18.920804,0.697013210798392,21,19.87488959,1349.078652,-1490.6281006667,0.590719803724344,59.8520901331305,22.0218904964252,1,30.33052865,"Southern Coastal Plain","White / red / jack pine group",-0.312278812432989,0.507604750952625,-0.184260202487851,-0.696102596755309,-0.0847052800873592,-0.180090383704412,0.929203649151345,1.69962794724682,-0.777441125749849,"High"
"12007",36.41237098,0.910456383593299,30,20.17193018,1322.860465,-1343.48123393223,0.468401133370078,58.6033372902423,24.0383055525304,0,29.95076209,"Southern Coastal Plain","White / red / jack pine group",0.985813719057068,0.458258722539669,0.0952763758598539,-0.36882031293308,-1.06492072327356,-0.127122766738724,0.847828965853107,1.76861884324781,-0.180360446506626,"High"
"12009",225.9622052,0.531692307692308,35,22.22620273,1229.796791,-856.404182218103,0.712412819047509,14.9756379522598,32.6935869414534,3,28.29529767,"Southern Coastal Plain","Oak / hickory group",-1.31770722136788,-1.2657443124762,1.29516215174243,0.714530582808791,0.890496400916699,0.446868290000472,0.558982639510233,2.24574590475389,0.151351041961832,"High"
"12013",9.748232387,0.842391304347826,49,19.37455896,1535.304878,-1342.67889543657,0.585853489875933,67.5199227816343,24.5045180534271,0,30.40662742,"Southeastern Plains","White / red / jack pine group",0.571863861271148,0.810608736003597,0.159907636615918,-0.367035761341288,-0.123702074050113,-0.207866583535064,1.50720319437452,1.58342073643957,1.08014320967351,"High"
"12015",105.3948564,0.520454545454546,15,22.97140348,1275.284483,-1103.81934512986,0.480492147334297,110.428510704428,29.9190530881216,1,26.90147356,"Southern Coastal Plain","White / red / jack pine group",-1.3860516665918,2.506195185201,0.910527203931481,0.164232765620951,-0.968027922058655,0.0817686304268672,0.700165038219488,2.41882685454297,-1.175494911912,"High"
"12017",98.15669017,0.701355013550136,39,21.3153961,1353.631579,-1012.18542879452,0.692825880901676,41.758110420404,32.6008459479817,1,28.84770242,"Southern Coastal Plain","White / red / jack pine group",-0.285873368532202,-0.207401458716983,1.28230542370465,0.36804381562396,0.733534105629545,0.0598501586945754,0.943334793791705,2.03420119469477,0.416720232736598,"High"
"12019",137.4858319,0.859541984732824,33,20.39182587,1295.244444,-1309.62557956524,0.573054657654728,82.2741048009374,29.4393087054548,2,29.98255887,"Southern Coastal Plain","White / red / jack pine group",0.676168767472721,1.39363866805207,0.844020011969107,-0.293518975382214,-0.226267062384592,0.17894588734632,0.762115756055934,1.8196920002189,0.0186664465744486,"High"
"12021",73.34481677,0.195031712473573,36,23.50742798,1307.047782,-875.283449831373,0.612710081488071,32.8353437237483,32.1788421454988,2,26.1108825,"Southern Florida Coastal Plain","Oak / gum / cypress group",-3.36516837263346,-0.559995730227893,1.22380283583782,0.672539543798005,0.0915164675945774,-0.0152846653011843,0.798750359799209,2.54332435346553,0.217693339655523,"High"
"12023",34.32239631,0.678442028985507,43,19.99715287,1361.513761,-1482.01615159192,0.55800962448348,50.6614979983254,24.3642929319992,1,30.22459723,"Southeastern Plains","White / red / jack pine group",-0.42522275014054,0.144427022710544,0.140468161333454,-0.676948003634133,-0.346832253413842,-0.133451586673217,0.967799111783985,1.72802491897119,0.682089423511364,"High"
"12027",22.66238905,0.481611208406305,19,22.5833441,1265.168831,-821.615733218127,0.782589128005099,-7.37197070054287,35.866561165029,0,27.18688823,"Southern Coastal Plain","Aspen / birch group",-1.62228431371854,-2.14883798295166,1.73503307760082,0.791906630916502,1.45286273131261,-0.168760189903047,0.668768588958706,2.32869585821082,-0.910125721137233,"High"
"12029",9.167430977,0.762185736275013,49,20.28084794,1477.574074,-1158.0537316575,0.620419423147588,45.5028294973497,27.8591715671219,0,29.60622813,"Southern Coastal Plain","White / red / jack pine group",0.0840794663152261,-0.0594242068357295,0.624964848880369,0.0436052981228234,0.153296208410684,-0.209625354870599,1.32802124361444,1.79391617332926,1.08014320967351,"High"
"12031",480.2702234,0.823053589484328,41,20.49444283,1303.782258,-1319.81475750671,0.582916322171544,58.553133639305,28.4777431952896,2,30.33040157,"Southern Coastal Plain","White / red / jack pine group",0.454258116792682,0.456274862563138,0.710717727920539,-0.316181621899676,-0.147239422312086,1.21695879788479,0.78861499150304,1.84352590121976,0.549404828123981,"High"
"12033",186.1132586,0.812590799031477,37,19.35659039,1656.378378,-1203.84257262375,0.6212142889661,90.9196509917544,24.3198161149985,1,30.67614731,"Southeastern Plains","White / red / jack pine group",0.390626799999796,1.73527822499662,0.134302319036984,-0.0582376889388684,0.159665961681461,0.326198498528481,1.88298500256397,1.57924734133503,0.284035637349215,"High"
"12035",89.61963628,0.848537005163511,29,20.94127253,1287.736842,-1064.12263814171,0.606209189851419,56.0409078478513,29.3348986445874,1,29.46010292,"Southern Coastal Plain","White / red / jack pine group",0.60924003135497,0.357001122374398,0.829545595567792,0.252525701866396,0.0394207870392656,0.0339984210556325,0.73881404053002,1.9473069412549,-0.246702744200317,"High"
"12037",8.440672147,0.81025483573841,35,20.2192444,1523.17757,-1435.12812441243,0.659966925012355,61.0308794656541,27.9451874075105,1,29.83770581,"Southern Coastal Plain","White / red / jack pine group",0.376420224709243,0.554186083861595,0.636889265747387,-0.572660219872391,0.470214892655748,-0.211826111576839,1.46956306892419,1.77960808357819,0.151351041961832,"High"
"12039",34.23569548,0.87258883248731,51,19.22773601,1492.506494,-1373.13050386118,0.524152075661854,68.3951145255209,29.4018982760514,1,30.57801444,"Southeastern Plains","White / red / jack pine group",0.755515487294299,0.845193030971627,0.83883378634642,-0.43476586101953,-0.618153811498709,-0.133714132410789,1.37436773387237,1.54931951520914,1.2128278050609,"High"
"12041",20.1445156,0.917543859649123,25,20.41431936,1423,-1400.24140878312,0.558407512870555,51.6971181779715,26.1007701401479,1,29.7268915,"Southern Coastal Plain","White / red / jack pine group",1.02891746238467,0.185350847709933,0.381196822664843,-0.495065608314532,-0.343643726751921,-0.176384764454897,1.15863699183362,1.82491635702915,-0.512071934975083,"High"
"12043",6.592940631,0.58135593220339,17,22.83499889,1216.381944,-773.32365130008,0.743477503508397,1.96706882553151,28.627372936523,0,26.95584581,"Southern Coastal Plain","Aspen / birch group",-1.01566907594307,-1.77979417061686,0.731460970120004,0.89931729627025,1.13943700301839,-0.217421375586451,0.517346315605787,2.38714541032436,-1.04281031652462,"High"
"12045",10.5152834,0.738842975206612,41,20.01338683,1600.875,-1484.70421679915,0.663539013340407,51.1764487501405,23.5112956590997,0,29.93682393,"Southern Coastal Plain","White / red / jack pine group",-0.0578836773659437,0.164775944897235,0.022216743658159,-0.682926765802904,0.498840254045311,-0.205543814837658,1.71071642401076,1.73179543210558,0.549404828123981,"High"
"12047",10.80840804,0.797955209347614,38,19.75433556,1344.094595,-1248.22267282074,0.496192220183315,67.8608003154593,29.3299770492829,0,30.49790068,"Southeastern Plains","White / red / jack pine group",0.301617864207642,0.82407893754529,0.828863312469743,-0.156947371795661,-0.842213491430984,-0.204656180603831,0.913734385013616,1.67162796735777,0.350377935042906,"High"
"12049",16.3671343,0.564377682403433,26,22.44578979,1261.159091,-969.974437680091,0.754263534856712,-0.647649187008923,31.0255514751829,1,27.49308125,"Southern Coastal Plain","Oak / hickory group",-1.11892531494338,-1.88311801894562,1.06392160164234,0.46192899225677,1.2258721683753,-0.187823355752093,0.656323360667052,2.29674737906291,-0.445729637281392,"High"
"12051",13.85218271,0.268762677484787,19,23.14275909,1286.313253,-887.54762590114,0.665054967672483,29.0378910257328,34.3894990076004,1,26.55384272,"Southern Coastal Plain","Oak / gum / cypress group",-2.91676042513458,-0.710056817015668,1.53026724814308,0.645261711504407,0.510988537240037,-0.195439082385315,0.734395576964181,2.45862605191426,-0.910125721137233,"High"
"12053",155.6765435,0.734992679355783,35,21.61347208,1326.915663,-1320.82247302547,0.602658570978968,27.0300293135209,31.7325106895558,1,28.55370749,"Southern Coastal Plain","Oak / hickory group",-0.0812999348294268,-0.789399980608341,1.16192769380022,-0.318422970585802,0.0109674737260582,0.234030640214019,0.860415284386941,2.10343257124359,0.151351041961832,"High"
"12055",39.67558783,0.769100169779287,18,22.51975364,1212.798742,-909.964962417003,0.638709970500634,93.063648588095,55.0207186068465,5,27.34273263,"Southern Coastal Plain","Oak / gum / cypress group",0.126130820658647,1.82000096809896,4.39038303454914,0.595401342371556,0.299869719452442,-0.117241158053555,0.50622495439406,2.31392628475787,-0.976468018830924,"High"
"12057",548.3691022,0.550724637681159,39,22.42224877,1280.728395,-1116.4337932367,0.643567858210382,29.6462848185309,31.6417245462105,4,27.9311207,"Southern Coastal Plain","Oak / gum / cypress group",-1.20195872919605,-0.686015376344154,1.14934196756529,0.136175862492911,0.33879898953499,1.42317447497053,0.717061577057337,2.29127972205827,0.416720232736598,"High"
"12059",15.74704222,0.67774343122102,42,18.88384978,1473.84507,-1304.82959416713,0.589667601594035,39.6803380960569,19.6162262625446,1,30.86698956,"Southeastern Plains","Oak / gum / cypress group",-0.429471396413558,-0.28950722747403,-0.517758579499251,-0.282851802583326,-0.0931372289835917,-0.189701106316948,1.31644734952642,1.46944821166069,0.615747125817672,"High"
"12061",120.5308131,0.613953488372093,13,22.59241067,1257.597701,-933.282628929695,0.754232511881927,33.8694185169117,18.5579603819205,1,27.69323569,"Southern Coastal Plain","Aspen / birch group",-0.817421253567975,-0.519132973105721,-0.664466481900644,0.543538470133508,1.22562356201873,0.127603034960865,0.645269698438175,2.33080166734605,-1.30817950729938,"High"
"12063",19.93573223,0.70917225950783,62,19.15455775,1432.110236,-1222.01537265836,0.574962485910195,36.9511673786729,18.7307954835181,1,30.79544392,"Southeastern Plains","Oak / hickory group",-0.238331400046501,-0.397353817398385,-0.640506269556122,-0.0986574112935725,-0.210978450159332,-0.177016998124048,1.18691288174439,1.53232307130498,1.9425930796915,"High"
"12065",9.21744897,0.74367201426025,47,19.45872292,1448.255556,-1541.04907790857,0.638330512780729,49.1078064258139,22.213574964898,2,30.43816078,"Southeastern Plains","Oak / gum / cypress group",-0.0285150194336305,0.0830309594953465,-0.157686893447606,-0.808248325376538,0.296828889168645,-0.209473891374067,1.23702390970177,1.60296872821871,0.94745861428613,"High"
"12067",6.094127976,0.823153409090909,38,20.05680855,1427.554054,-1210.99282401119,0.603002401399725,43.9016625755561,21.9493599006413,0,29.98479533,"Southern Coastal Plain","White / red / jack pine group",0.454865187443395,-0.122696317779612,-0.194315153480983,-0.0741411917175397,0.013722800343713,-0.218931870196676,1.1727716343996,1.74188059712867,0.350377935042906,"High"
"12069",144.4974386,0.676992690567351,39,21.5494989,1271.987261,-1329.55852039365,0.666704593493071,33.0003507701866,33.432619790842,2,28.75664536,"Southern Coastal Plain","Oak / gum / cypress group",-0.43403715892005,-0.553475270676386,1.39761462717856,-0.33785358163236,0.524208013057881,0.200178295993544,0.689931287273475,2.08857410692316,0.416720232736598,"High"
"12071",374.0205915,0.359857482185273,21,23.36764131,1316.671642,-1025.11949191979,0.530548938340084,55.1140024865387,29.611328664862,4,26.5841744,"Southern Coastal Plain","White / red / jack pine group",-2.36275120529943,0.320373299217925,0.867867220764047,0.339276028632084,-0.566891779570287,0.895215765276027,0.828620409913909,2.51085738451595,-0.777441125749849,"High"
"12073",168.5876194,0.786941580756014,48,19.49445927,1522.329787,-1626.5618343986,0.565407938959675,68.0845468599796,22.3499618798797,2,30.46199167,"Southeastern Plains","White / red / jack pine group",0.234636527526057,0.83292056173544,-0.138779510550444,-0.998444765580012,-0.287544966508982,0.273127704740488,1.46693176291014,1.61126888277437,1.01380091197982,"High"
"12075",14.14931249,0.696810834425513,53,20.73274583,1446.035503,-1255.85905617433,0.666739026183918,36.9179458350411,32.1816206126762,1,29.31736371,"Southern Coastal Plain","White / red / jack pine group",-0.313509600256954,-0.398666608192267,1.22418801606421,-0.173932123422177,0.524483943586074,-0.194539319865803,1.23013342143955,1.89887435541493,1.34551240044828,"High"
"12077",3.850563046,0.748441118831285,51,19.58285674,1546.404959,-1627.68233734191,0.622837715252787,65.8611308415921,28.1439048847296,0,30.2375643,"Southern Coastal Plain","White / red / jack pine group",0.000489136307177078,0.745059500483792,0.664437564135424,-1.00093697469363,0.172675484369013,-0.225725789116906,1.54165506459574,1.63180015312877,1.2128278050609,"High"
"12079",10.28657691,0.729597197898424,38,19.67035116,1371.932039,-1296.63932546513,0.581084962678419,47.852464373329,22.4913159466369,0,30.44395816,"Southeastern Plains","White / red / jack pine group",-0.114113512756891,0.0334245502345482,-0.119183529039989,-0.264635105854436,-0.161915242871512,-0.206236379304509,1.00013483632371,1.65212168033449,0.350377935042906,"High"
"12081",204.7294169,0.775374376039933,17,22.60480941,1298.593496,-1102.21415667349,0.699151998467472,43.3006817896868,46.1856882599651,2,27.47476987,"Southern Coastal Plain","White / red / jack pine group",0.16428851940968,-0.146444824222694,3.16557857512613,0.167803006398921,0.784229213052191,0.382571580673407,0.772510374335578,2.33368140907389,-1.04281031652462,"High"
"12083",87.55725097,0.848609355246523,57,20.89009179,1310.805085,-1314.44105114153,0.469581086061073,85.0334482168466,39.2503902881933,3,29.21043668,"Southern Coastal Plain","White / red / jack pine group",0.609680041223549,1.50267756984758,2.20413491848358,-0.304229489103265,-1.0554650298247,0.0277531466750898,0.810412086892715,1.93541965975376,1.61088159122304,"High"
"12085",113.8949178,0.447704081632653,18,23.13990629,1338.8125,-1112.87079320828,0.496824396846333,94.7234921771959,22.6744508040873,2,27.07735521,"Southern Coastal Plain","White / red / jack pine group",-1.82849652211491,1.88559176084494,-0.0937954566424537,0.144100644123935,-0.837147467363542,0.107508348139684,0.897340085599388,2.457963458199,-0.976468018830924,"High"
"12087",29.51100055,0.0727272727272727,15,24.57500917,1201.541958,-426.225437561776,0.325659499704907,83.4447498977237,28.4998630254395,4,25.20850802,"Southern Florida Coastal Plain","Oak / gum / cypress group",-4.10898452624405,1.43989817131286,0.713784210495649,1.67132895118289,-2.20879805041415,-0.148021360094741,0.471286717323866,2.79128165402132,-1.175494911912,"High"
"12089",51.04651359,0.858916136845292,38,20.0319468,1314.774194,-1465.88059321205,0.641730820213329,55.4800076914349,23.6494723402381,2,30.61011393,"Southern Coastal Plain","White / red / jack pine group",0.672362562486091,0.334836452069152,0.041372242688937,-0.641059489563084,0.324077663598271,-0.0828079457010186,0.82273120674075,1.73610618626902,0.350377935042906,"High"
"12091",86.09938604,0.863737486095662,45,19.09227307,1611.513514,-1019.62651842495,0.556906169947992,33.0267903818724,19.0520528554141,1,30.69128561,"Southeastern Plains","White / red / jack pine group",0.701684453515252,-0.552430476394711,-0.595970207282196,0.351493433937834,-0.355674919651192,0.0233384689456306,1.74373570591282,1.51785677940752,0.814774018898747,"High"
"12093",20.88773308,0.594965675057208,15,22.63781494,1206.728814,-1094.49293219139,0.788482262749936,-7.41652266796466,35.0326830955236,2,27.38570425,"Southern Coastal Plain","Oak / hickory group",-0.932899009687462,-2.15059850959452,1.61943216418622,0.184976460638798,1.50008807858737,-0.174134167990449,0.48738541874489,2.34134730109116,-1.175494911912,"High"
"12095",588.0344779,0.499126383226558,34,22.01940723,1244.880795,-1107.28915089722,0.644279266736658,19.1610565030728,24.2152631849058,6,28.51271493,"Southern Coastal Plain","White / red / jack pine group",-1.51576266992833,-1.10035227040418,0.119808096607008,0.156515265539822,0.344499947711289,1.54328838067606,0.605799608523741,2.19771540887462,0.0850087442681401,"High"
"12097",105.7682402,0.278894472361809,29,22.27175253,1220.362745,-1126.04617406369,0.627285500923367,25.125548818414,23.2321958675646,2,28.0629872,"Southern Coastal Plain","Oak / gum / cypress group",-2.85514211667227,-0.864657906272882,-0.0164749931978318,0.1147961211512,0.208318352212964,0.0828993038606542,0.52970172449231,2.25632533941858,-0.246702744200317,"High"
"12099",291.3128366,0.344943820224719,11,23.40994086,1404.702614,-878.699276939215,0.534220964239005,50.2189305876973,25.1532306878078,2,26.64673599,"Southern Florida Coastal Plain","Oak / gum / cypress group",-2.45345128698705,0.126938418665414,0.249838977684146,0.664942102399448,-0.537465556382303,0.644761778698136,1.1018464902274,2.52068191339578,-1.44086410268676,"High"
"12101",279.1930895,0.537407195888064,33,22.00871234,1311.046296,-1345.77087408701,0.644805067444519,26.0842684238322,19.4849322679767,2,28.30817499,"Southern Coastal Plain","Oak / gum / cypress group",-1.28295111468116,-0.826772903521173,-0.53595992841697,-0.373912902912177,0.348713515209945,0.608061000383201,0.811160745399615,2.19523140477359,0.0186664465744486,"High"
"12103",1369.720208,0.214285714285714,13,22.62805689,1285.758621,-1116.20141415505,0.565424702200439,67.1871653347225,35.8304266481817,3,27.93108516,"Southern Coastal Plain","Aspen / birch group",-3.24807174393195,0.797459409839137,1.73002373234268,0.136692717239755,-0.287410632253818,3.91037363877916,0.7326741382031,2.33908088823249,-1.30817950729938,"High"
"12105",151.5693188,0.521668295861844,37,22.32785131,1251.471042,-1033.3440604123,0.607223051508343,27.5412398530832,22.818190202182,3,27.9458752,"Southern Coastal Plain","Oak / gum / cypress group",-1.37867002810613,-0.769198857580746,-0.0738687955140842,0.320983042723398,0.0475454899198063,0.221593223660638,0.626254083979353,2.2693548890056,0.284035637349215,"High"
"12107",39.11255788,0.787849252761534,35,20.64627321,1281.666667,-1327.06175112111,0.568682864910161,52.8576761861878,27.462122118642,2,29.60774662,"Southern Coastal Plain","White / red / jack pine group",0.240156695896775,0.231211747066021,0.569921694978663,-0.332300297571146,-0.261300951734621,-0.11894611420562,0.719973738254737,1.87879015233228,0.151351041961832,"High"
"12109",164.180945,0.808146639511202,41,20.71123695,1261.386139,-1261.54006714541,0.564721793408326,73.7673627156321,27.3648585585997,1,29.90081827,"Southern Coastal Plain","White / red / jack pine group",0.363598855247669,1.05748412871803,0.556438001386007,-0.186567759411554,-0.29304347678348,0.259783500531764,0.657028060770591,1.89387868494721,0.549404828123981,"High"
"12111",216.74684,0.427631578947368,13,22.92693823,1318.802469,-912.66183650595,0.599505977721298,72.2140847306061,30.8588661021876,1,27.37772905,"Southern Coastal Plain","White / red / jack pine group",-1.9505710091219,0.996104408928935,1.04081392909911,0.589402987594459,-0.0142962132344262,0.418962503476563,0.83523396302833,2.40849931836884,-1.30817950729938,"High"
"12113",68.48959297,0.856638418079096,47,19.22457738,1631.251572,-1193.75591116549,0.659612224011623,44.3973539196887,25.395923086472,0,30.69304298,"Southeastern Plains","White / red / jack pine group",0.658510211621373,-0.103108455144562,0.28348354034905,-0.0358030583452179,0.467372453332101,-0.029987157926067,1.80499769243661,1.54858588916215,0.94745861428613,"High"
"12115",297.0516595,0.570135746606335,11,22.79107473,1303.658824,-1031.31474058036,0.737481177674811,-11.7587121537434,25.0144296723712,2,27.18544069,"Southern Coastal Plain","Aspen / birch group",-1.08390662570749,-2.32218555098543,0.23059692689264,0.325496631384457,1.0913847214866,0.662139968630958,0.788231883294291,2.37694354816643,-1.44086410268676,"High"
"12117",582.4318269,0.489082969432314,27,21.83021388,1250.826087,-1037.0299254553,0.755068759874914,0.750261552370617,34.1830396722359,4,28.71679375,"Southern Coastal Plain","Aspen / birch group",-1.57684347315223,-1.8278778299386,1.50164569227788,0.31278498621085,1.23232493634437,1.52632254379594,0.624252305257331,2.15377320308406,-0.3793873395877,"High"
"12119",90.04913851,0.564619615032081,29,21.47625326,1288.893333,-1646.65512692609,0.689614487827483,16.7951301300262,19.6922739915224,0,28.70206461,"Southern Coastal Plain","Oak / gum / cypress group",-1.11745395873058,-1.19384480633089,-0.507216046658503,-1.0431360241426,0.707799219235275,0.0352990312085457,0.742403498827127,2.07156201328382,-0.246702744200317,"High"
"12121",24.83416659,0.91715708465369,42,20.12504983,1376.659794,-1344.96474002209,0.583145060347752,50.9285314338019,26.2150946378558,0,30.19738957,"Southeastern Plains","White / red / jack pine group",1.02656522161555,0.154979182466798,0.397045682161218,-0.372119909261078,-0.145406401301344,-0.162183656136522,1.01480860327169,1.75773037392669,0.615747125817672,"High"
"12123",8.033752766,0.801700179826712,55,19.98063361,1471.948387,-1082.79267340168,0.596959541377783,46.001555159335,25.0361163822828,0,30.04869906,"Southern Coastal Plain","White / red / jack pine group",0.324393566732637,-0.0397164393405409,0.233603365803098,0.211000034928813,-0.0347023885286379,-0.213058336793331,1.31056052072158,1.72418814182005,1.47819699583566,"High"
"12125",24.22620484,0.845884413309983,20,20.11507081,1345.424242,-1339.75989812576,0.61662326470036,58.7430570077924,27.9889672539598,0,30.04416899,"Southern Coastal Plain","White / red / jack pine group",0.593107823287277,0.463779921703573,0.642958486684799,-0.36054336277682,0.12287523404939,-0.164024673876134,0.917861276149279,1.75541263839091,-0.843783423443541,"High"
"12127",191.456286,0.546302775833917,42,21.3169055,1295.477778,-1174.57488512404,0.614348146037262,45.5206788704446,30.8284149060981,3,29.05959404,"Southern Coastal Plain","White / red / jack pine group",-1.22885106669284,-0.0587188665621033,1.03659246530093,0.00685914811703388,0.104643295767271,0.34237814836111,0.762839966328472,2.03455176920186,0.615747125817672,"High"
"12129",20.9185476,0.796673286991063,50,19.72897428,1553.554348,-1578.34219356265,0.62061671269498,51.7517384915756,23.8617645876106,0,30.16844701,"Southern Coastal Plain","White / red / jack pine group",0.29382162591527,0.187509237628629,0.0708024179202599,-0.891195222806156,0.154877212034846,-0.174040856070813,1.56384497672242,1.66573753524231,1.1464855073672,"High"
"12131",26.42046277,0.853943292828211,54,19.09660854,1606.4875,-1145.98291463825,0.55837664332014,66.0117901189301,28.9266444727225,2,30.64175439,"Southeastern Plains","White / red / jack pine group",0.642119329149973,0.751012990017398,0.772949125533631,0.0704530635515588,-0.34389110362377,-0.157380065437505,1.72813621775971,1.5188637392977,1.41185469814197,"High"
"12133",16.57128767,0.788239292997961,50,19.11855493,1539.070588,-1125.77076323931,0.622054770310034,41.9461616380961,17.8128704231092,0,30.61284234,"Southeastern Plains","White / red / jack pine group",0.242528794808428,-0.19997037995374,-0.767758657297135,0.115408686580507,0.166401260476387,-0.187205142557313,1.51889101468959,1.52396102620413,1.1464855073672,"High"
"13001",13.99852233,0.851070431275209,40,18.99561979,1209.507042,-1443.35111148128,0.52245756147406,67.2709715673314,28.0442212651142,0,31.74841851,"Southern Coastal Plain","White / red / jack pine group",0.624647511817402,0.800771117803651,0.650618376533033,-0.590949688397672,-0.631733005670483,-0.194995939644134,0.496008342352472,1.49540800771394,0.483062530430289,"High"
"13003",9.363064086,0.871649484536082,20,18.99292147,1267.150943,-1282.84136423672,0.560955971415639,55.765077781445,22.5867644021891,0,31.29639679,"Southern Coastal Plain","White / red / jack pine group",0.749802676038766,0.346101352759017,-0.105951464246161,-0.233945847135298,-0.323221346301118,-0.209032942561561,0.674920567974709,1.49478129365275,-0.843783423443541,"High"
"13005",15.1405965,0.86130374479889,21,19.07839285,1236.714286,-1314.71598330424,0.628318856339506,64.6527632252043,26.6441551362995,0,31.55458023,"Southern Coastal Plain","White / red / jack pine group",0.686883223944164,0.697309344741479,0.456526543145652,-0.304840989899067,0.216599270688172,-0.191537533244517,0.580452810763575,1.51463294789516,-0.777441125749849,"High"
"13007",3.488902317,0.803550295857988,33,18.97875189,1339.276596,-1504.87215536117,0.563379294968545,28.5719892478571,21.4748084485716,0,31.32569618,"Southeastern Plains","White / red / jack pine group",0.335645375685538,-0.728467507729714,-0.260102447004632,-0.727784051173957,-0.303801750228698,-0.226820962979094,0.898780523300896,1.49149025514466,0.0186664465744486,"High"
"13009",67.26911046,0.929274292742927,43,17.43109648,1175.736842,-1361.20328594593,0.658887903728629,75.3280202942477,29.6231111617008,1,33.06883582,"Piedmont","White / red / jack pine group",1.10025817284554,1.11915546236572,0.869500633905224,-0.408237486983591,0.461568025233371,-0.0336829989091487,0.391194102911806,1.13203051451905,0.682089423511364,"High"
"13011",31.37065148,0.791744840525328,42,15.57004954,1411.351351,-1318.53164704799,0.535840618056371,45.3007426823575,24.5744080531279,2,34.3534503,"Piedmont","Oak / hickory group",0.263848404166142,-0.0674099197582517,0.169596520518035,-0.313327743114178,-0.524486264833438,-0.142390001951543,1.12248250398793,0.699782194885376,0.615747125817672,"High"
"13013",194.9108829,0.81767955801105,28,15.96720998,1311,-2385.95512330019,0.508480679606953,52.6800434948483,22.7909028071521,2,33.9914792,"Piedmont","Oak / pine group",0.421574990749771,0.224192369385458,-0.077651660066491,-2.68747814717063,-0.74373843717205,0.352839290326223,0.811017054215401,0.79202701102901,-0.313045041894009,"High"
"13015",89.56653798,0.825109916951636,43,15.44137383,1363.657143,-1156.41775049496,0.415339611036405,61.3103048603088,27.1365386479812,2,34.23729346,"Ridge and Valley","White / red / jack pine group",0.466764037186656,0.565227927363661,0.524785903575238,0.0472440276659569,-1.4901356432837,0.0338376298344032,0.974451632472663,0.669895866803199,0.682089423511364,"High"
"13017",26.07123287,0.798496240601504,25,18.71399991,1182.472222,-1451.77243197305,0.595485634859117,34.9450327465214,19.686876836928,0,31.76101922,"Southeastern Plains","White / red / jack pine group",0.30490824178581,-0.476628733265163,-0.507964256767113,-0.609680287726838,-0.0465137164904678,-0.158437596509324,0.412099034835332,1.42999873872181,-0.512071934975083,"High"
"13019",16.35611723,0.568211920529801,20,18.98986017,1211.612903,-1409.98544728157,0.478985740931174,48.3471955647264,21.6070098483275,0,31.27555133,"Southeastern Plains","White / red / jack pine group",-1.0956067153807,0.0529744712349338,-0.241775304074088,-0.516738181059007,-0.980099691771154,-0.187856717425436,0.502544407258299,1.49407027355302,-0.843783423443541,"High"
"13021",236.9197199,0.883472057074911,43,17.82477613,1183.942857,-1263.08202862221,0.420966876034269,61.6002686281026,29.2229508017072,3,32.8091045,"Southeastern Plains","Oak / hickory group",0.821703748884978,0.576686207843877,0.814026212860651,-0.189997371505189,-1.44504087534818,0.48004961916264,0.416663517397467,1.22346687946452,0.682089423511364,"High"
"13025",16.48471892,0.798327137546468,33,19.42588434,1309.548387,-1168.59131706078,0.581452147177877,50.7804771244982,22.5814394076782,0,31.19573449,"Southern Coastal Plain","White / red / jack pine group",0.303879811548758,0.149128631498951,-0.106689670768072,0.0201677279367002,-0.158972765522593,-0.187467288332842,0.806511611175171,1.59534161214814,0.0186664465744486,"High"
"13027",12.17215814,0.813523507659799,40,19.31855476,1301.068493,-1390.30764531036,0.56400318068438,29.168079446796,19.150159278192,0,30.83913555,"Southeastern Plains","White / red / jack pine group",0.396299233034908,-0.704912258938055,-0.582369667227591,-0.472971051573602,-0.298802166668203,-0.200526499540019,0.780192144895804,1.5704131540825,0.483062530430289,"High"
"13029",33.81421606,0.912050739957717,41,18.9830802,1238.292308,-1520.49785834779,0.63894913705199,49.3141072104386,23.4542767398029,0,32.00976026,"Southern Coastal Plain","White / red / jack pine group",0.995510080210645,0.0911831926915971,0.0143121837546546,-0.762538551037125,0.301786309507367,-0.134990448049234,0.585350595667148,1.49249555204724,0.549404828123981,"High"
"13031",44.39220694,0.858090862685043,45,18.62015637,1204.765306,-1314.07341947813,0.548015999871539,55.5347151551908,24.8111613788164,0,32.39548334,"Southeastern Plains","White / red / jack pine group",0.667343511233136,0.336998285834956,0.202417746671363,-0.303411807197608,-0.426917371651793,-0.102958385407904,0.481291181883525,1.40820255959187,0.814774018898747,"High"
"13033",10.53540271,0.884624017957351,51,17.63501098,1162.214876,-1261.39210901671,0.566400447348229,51.7992566459654,21.4037901520253,1,33.05921744,"Southeastern Plains","White / red / jack pine group",0.828709603410486,0.189386976854613,-0.269947747235122,-0.186238672728667,-0.279591380624384,-0.205482889941283,0.349225308470773,1.17939186692747,1.2128278050609,"High"
"13035",51.41934534,0.948348856900931,30,16.74062004,1247.48,-1433.65261113345,0.425112867234729,68.9268361270581,28.3355046339595,2,33.28269137,"Piedmont","White / red / jack pine group",1.21626351961165,0.866204674233676,0.690999128506728,-0.569378401057818,-1.41181647395275,-0.0816789439741163,0.613866889594785,0.97165987876462,-0.180360446506626,"High"
"13037",8.676774629,0.71797520661157,34,18.72226822,1329.95122,-1331.67609130618,0.658384071957484,43.1199193182845,23.9902326432605,0,31.53067551,"Southeastern Plains","White / red / jack pine group",-0.184794715125467,-0.153587879071869,0.0886120055816021,-0.342563457281014,0.457530508463332,-0.211111150713382,0.869836892734946,1.43191914332145,0.0850087442681401,"High"
"13039",33.05111857,0.762570517537405,42,19.8371229,1298.45098,-1495.1086986126,0.613820935854533,31.0383687898288,25.2736888059604,0,30.92948455,"Southern Coastal Plain","White / red / jack pine group",0.0864195818430644,-0.631005439356138,0.266538143900263,-0.706068288592088,0.10041843327147,-0.137301244766533,0.772068040379957,1.69085622422374,0.615747125817672,"High"
"13043",17.20991474,0.879282218597064,24,18.51993123,1202.735294,-1236.1581952331,0.615879862676025,19.7241192290129,15.9042461183219,0,32.40211045,"Southeastern Plains","Oak / gum / cypress group",0.796222502682417,-1.07810214346292,-1.03235215251833,-0.130113706454149,0.116917892111004,-0.185271264702553,0.474990533269202,1.38492418470572,-0.578414232668775,"High"
"13045",91.81337159,0.861027190332326,38,15.67708905,1398.917808,-1518.88334576292,0.495859230968124,60.2845037307196,25.5222115812997,2,33.58019849,"Piedmont","White / red / jack pine group",0.685201308880327,0.524692114392317,0.30099097445689,-0.758947571645158,-0.844881940738022,0.040641446906721,1.08389190182692,0.724643281050087,0.350377935042906,"High"
"13047",159.9551721,0.798534798534799,39,14.87837505,1452.208333,-1364.43695940757,0.558291042599749,34.3389123403685,15.8510010108804,2,34.89872002,"Ridge and Valley","White / red / jack pine group",0.305142738699365,-0.500580338223688,-1.03973354708929,-0.415429784442229,-0.344577075338735,0.246987098665246,1.2492923391139,0.539133299035398,0.416720232736598,"High"
"13049",6.450157923,0.738236750866766,23,19.69130422,1325.761468,-1320.72740210471,0.547036951576227,77.959226249051,24.1570311833177,0,30.78341541,"Southern Coastal Plain","White / red / jack pine group",-0.0615705382650636,1.2231308523282,0.111735366528451,-0.318211514992069,-0.434763093452974,-0.217853747357106,0.856832952298555,1.65698825558389,-0.644756530362466,"High"
"13051",258.2064737,0.733126454615981,32,19.21445936,1268.392405,-1599.96568373188,0.687055588189177,16.0705359233742,24.462601958374,2,32.00037278,"Southern Coastal Plain","White / red / jack pine group",-0.0926497117517683,-1.22247805150262,0.154096788421067,-0.939289928482518,0.687293167822465,0.544509745748812,0.678773754965739,1.54623586937006,-0.0476758511192429,"High"
"13053",16.2520649,0.820866141732283,42,17.71335868,1261.121212,-1492.95715669666,0.601162910524954,32.8965134021148,21.1427520272159,1,32.34340826,"Southeastern Plains","White / red / jack pine group",0.440954765119387,-0.557578533979752,-0.306135586641789,-0.701282855047936,-0.00101818202495148,-0.188171806631916,0.6562057937419,1.19758896929188,0.615747125817672,"High"
"13055",30.59226213,0.852858151023289,48,15.02388411,1430.913043,-1312.87943324494,0.499831764486517,59.7005158085159,26.0902099368334,2,34.47197644,"Ridge and Valley","White / red / jack pine group",0.635519846701638,0.501615102182891,0.37973285665633,-0.300756157438134,-0.813047563434657,-0.144747105176663,1.18319709463746,0.572929355074949,1.01380091197982,"High"
"13057",232.6981671,0.83670963781461,48,15.20974737,1422.359375,-1689.88609014453,0.505535876785087,45.4486939184803,23.7017821431148,3,34.24315676,"Blue Ridge","White / red / jack pine group",0.537309798020451,-0.0615634418558978,0.0486239755432039,-1.13928981041042,-0.767336970370385,0.467265996519426,1.15664865234668,0.616098111375442,1.01380091197982,"High"
"13059",411.1340577,0.874285714285714,22,16.4214375,1267.625,-1414.90953661742,0.296046482379203,69.8495191370785,26.6417843005177,4,33.95467036,"Piedmont","White / red / jack pine group",0.76583537506811,0.902665645904668,0.456197873053518,-0.527690281089039,-2.44610554254046,1.00760202913668,0.676391922124418,0.897526274927949,-0.711098828056158,"High"
"13061",5.791415456,0.887525562372188,41,18.47841144,1347.21875,-1262.44680243663,0.660715974070557,121.622446260251,26.922448378204,0,31.62217977,"Southeastern Plains","White / red / jack pine group",0.846355860657167,2.94853753111539,0.495106467642712,-0.188584509095176,0.476217487782291,-0.219848538258972,0.923430979354773,1.37528076353599,0.549404828123981,"High"
"13063",783.8004464,0.764397905759162,17,16.554606,1280.454545,-1275.58258421262,0.703204295813816,20.4183606542744,15.5169075022226,2,33.54619514,"Piedmont","Oak / gum / cypress group",0.0975331675892572,-1.05066832636172,-1.08604908910809,-0.217800956273724,0.816702787427751,2.13610301222286,0.716211615272366,0.928456102175153,-1.04281031652462,"High"
"13065",3.14947324,0.751918899348298,17,19.29991967,1317.589286,-1190.16088929556,0.549090733678253,55.9547359027652,24.0197591628419,0,30.91383712,"Southern Coastal Plain","White / red / jack pine group",0.021639875664084,0.353595930326319,0.0927052810356365,-0.0278070541210524,-0.418304862444456,-0.227848815392666,0.831468546967799,1.566084952485,-1.04281031652462,"High"
"13067",859.8067109,0.900990099009901,18,15.96422323,1327.08,-1873.05089937449,0.499823092230927,48.7379801346174,24.9803057334894,2,33.94151573,"Piedmont","White / red / jack pine group",0.928242829542248,0.0684168116460158,0.225866309014201,-1.54668276692386,-0.813117059602592,2.3662636781959,0.860925345259159,0.791333305974657,-0.976468018830924,"High"
"13069",28.07743502,0.857325929090132,33,18.92032125,1243.156627,-1428.40982308402,0.556885370718572,44.9939789314422,19.3352912123356,0,31.54895431,"Southeastern Plains","White / red / jack pine group",0.662691431835901,-0.0795320725564948,-0.556704739138156,-0.55771745519813,-0.355841596789071,-0.152362454862013,0.600448223054069,1.47791910580271,0.0186664465744486,"High"
"13071",32.12125705,0.784444444444444,33,19.02839954,1281.448718,-1522.53492109783,0.587630693084831,42.845002972817,19.6409883460883,0,31.18813284,"Southeastern Plains","White / red / jack pine group",0.219449749922838,-0.164451541863017,-0.514325800079355,-0.767069361403107,-0.109460241417397,-0.140117033019169,0.719297279167381,1.50302145987948,0.0186664465744486,"High"
"13073",205.2405807,0.942595673876872,38,16.99021149,1195.536585,-1470.22531811251,0.518326207974443,43.8168026780106,22.2459473444876,2,33.54537702,"Piedmont","White / red / jack pine group",1.18127451613107,-0.126049662630236,-0.153199095066985,-0.650722974213204,-0.664840106081706,0.384119476776488,0.45264754421999,1.02963019780312,0.350377935042906,"High"
"13075",29.09828255,0.723091976516634,26,19.14460748,1222.387097,-1261.45842584182,0.612117475696652,30.7282526918245,18.6295492921325,0,31.16064176,"Southeastern Plains","Oak / gum / cypress group",-0.153676170961494,-0.643260064337044,-0.654542077226263,-0.186386173810134,0.0867675494875691,-0.149271144574533,0.535984805884786,1.53001201326826,-0.445729637281392,"High"
"13077",127.6641107,0.92286282306163,45,16.25014646,1330.393939,-1598.59163723446,0.483258153835443,50.9516685826996,23.8001695935446,4,33.353038,"Piedmont","White / red / jack pine group",1.061265682244,0.155893475806271,0.062263474594864,-0.936233790858024,-0.945862194778231,0.149203945583171,0.871210981584611,0.857742074638887,0.814774018898747,"High"
"13079",14.5771236,0.901310043668122,52,17.49157611,1206.717391,-1042.21406540899,0.477050205665004,77.0898126483999,30.9393816394682,2,32.71392921,"Southeastern Plains","White / red / jack pine group",0.930188629756368,1.18877488790764,1.05197583633002,0.301254484737383,-0.995610337474189,-0.193243830729006,0.487349964615002,1.14607756399303,1.27917010275459,"High"
"13081",31.87174604,0.801169590643275,38,18.58806583,1184.418605,-1484.9782232668,0.581864352298993,41.4025390968288,22.8113022273347,1,31.92303732,"Southeastern Plains","White / red / jack pine group",0.321166694458906,-0.221452303714775,-0.0748236787434715,-0.683536207678934,-0.155669509982714,-0.140872597321756,0.418140119987485,1.40074918391767,0.350377935042906,"High"
"13083",35.91555754,0.751732101616628,39,14.2365893,1515.892857,-1503.63294361676,0.549468166875221,50.3688463608068,25.5379670232039,3,34.85483416,"Ridge and Valley","Oak / hickory group",0.0205038321111089,0.132862527700715,0.303175158862239,-0.725027811378639,-0.415280255919812,-0.128627207365651,1.44695314500788,0.390071603685392,0.416720232736598,"Moderate"
"13085",46.29128905,0.745502998001332,30,14.46523106,1528.677419,-1787.27124663336,0.521749248185819,34.5456050200068,20.3085163589449,3,34.44232785,"Piedmont","Oak / pine group",-0.0173795668986266,-0.492412618806456,-0.421786074143366,-1.35589269930213,-0.637409159782827,-0.0972076225457834,1.48663322219463,0.443176130193513,-0.180360446506626,"High"
"13087",17.19308472,0.865097588978186,52,19.22504403,1401.505747,-1433.12120146159,0.623090376561131,65.2147259874245,24.1554415126964,0,30.8796393,"Southeastern Plains","White / red / jack pine group",0.709956160549699,0.71951600524237,0.111514989734084,-0.568196446083776,0.174700216289473,-0.185322229036046,1.09192421605674,1.54869427368165,1.27917010275459,"High"
"13089",1089.182505,0.864150943396226,35,16.43461269,1305.297297,-1576.63929609159,0.572350092473995,30.7775920328122,17.8965237078507,5,33.76889766,"Piedmont","White / red / jack pine group",0.704198967457882,-0.641310358647787,-0.756161762643237,-0.887407658817795,-0.231913180584582,3.0608549184765,0.793317292955444,0.900586355582526,0.151351041961832,"High"
"13091",16.13420542,0.908045977011494,41,18.39829582,1178.394366,-1294.10019225225,0.630569576415098,78.291361143235,23.694732970515,0,32.17538742,"Southeastern Plains","White / red / jack pine group",0.971154403695869,1.23625557754399,0.0476467453927122,-0.258987596428769,0.234635687941522,-0.188528706376779,0.399442391546617,1.35667304259296,0.549404828123981,"High"
"13095",104.2031623,0.734146341463415,39,18.8079115,1302.734694,-1378.30880130346,0.586909529357008,27.1735783623128,19.3527167370939,1,31.53345784,"Southeastern Plains","Oak / gum / cypress group",-0.0864470889070871,-0.783727460637171,-0.554289030352358,-0.446283367649681,-0.115239374079895,0.0781599659372166,0.785363615321513,1.4518107232017,0.416720232736598,"High"
"13097",279.8526042,0.82830626450116,35,15.80777417,1347.387097,-1952.5712624384,0.498148205424796,66.5573302229252,30.4545471791211,2,33.70217506,"Piedmont","Oak / hickory group",0.486203192010644,0.772570688664864,0.984763004477698,-1.72355099804218,-0.826538967380068,0.610058129745755,0.923953486262258,0.754996316380365,0.151351041961832,"High"
"13099",7.696441008,0.879872712808274,37,18.82480456,1379.973333,-1341.45837217747,0.519860642763535,61.699231433424,27.4889666134182,0,31.32152864,"Southeastern Plains","White / red / jack pine group",0.799813698012877,0.58059684671131,0.573643160058232,-0.364321088249287,-0.652543727511909,-0.21407977758341,1.02509299809737,1.45573431945365,0.284035637349215,"High"
"13101",3.622171939,0.78494623655914,17,19.42416087,1315.280702,-1315.69479895074,0.427206675446138,76.5621598950795,30.9958607053535,0,30.7109395,"Southern Coastal Plain","White / red / jack pine group",0.222501487712893,1.16792403026531,1.0598055560983,-0.307018059838352,-1.39503748888082,-0.226417398547198,0.824303280663635,1.59494131756372,-1.04281031652462,"High"
"13103",50.18781444,0.855601396382101,43,18.61224878,1235.507042,-1480.0067568293,0.535357585380524,70.0083060376198,28.4197401962015,0,32.36631091,"Southern Coastal Plain","White / red / jack pine group",0.652203380148455,0.908940308621426,0.702676744567483,-0.67247873207161,-0.528357105540399,-0.0854082414731451,0.576705827870986,1.40636593612129,0.682089423511364,"High"
"13105",21.0743443,0.905186837702175,48,16.21264148,1232.641509,-1357.86736494258,0.513267317598876,81.4818618948651,28.5360726711092,1,34.11300749,"Piedmont","White / red / jack pine group",0.953766040623311,1.36233220002227,0.718803970898173,-0.400817771777578,-0.705380135311543,-0.173569075587134,0.567811931418281,0.849031136599412,1.01380091197982,"High"
"13107",12.7788409,0.843088418430884,38,18.18272447,1159.772277,-1441.04926837676,0.520241086452815,57.0027611561353,24.6952287862638,0,32.59212804,"Southeastern Plains","White / red / jack pine group",0.576103484272272,0.39500995730918,0.186345956221767,-0.585829956765145,-0.649494996043403,-0.198689354812613,0.341644093185003,1.30660426044893,0.350377935042906,"High"
"13109",22.52715807,0.676877470355731,29,18.83905956,1204.178571,-1432.4137636789,0.639548908078566,20.6719769053473,16.5408896065209,0,32.15327752,"Southeastern Plains","Oak / gum / cypress group",-0.434737891083193,-1.04064636340667,-0.944093962926028,-0.566622971511608,0.306592647091996,-0.169169693680423,0.479470103454075,1.45904519768242,-0.246702744200317,"High"
"13111",25.73016536,0.787948400777522,44,13.06651397,1581.05,-1796.16251031282,0.528281730221312,37.6952951435409,20.970963021065,4,34.86433264,"Blue Ridge","Oak / hickory group",0.240759682150122,-0.367948679274241,-0.329950778276953,-1.37566854059361,-0.585060325749713,-0.159470410393282,1.64918459130289,0.118308928404713,0.748431721205055,"Moderate"
"13113",225.3270497,0.940520446096654,24,16.344401,1294.65625,-1865.03209323106,0.473139504352781,66.4212719989247,29.0701326884097,3,33.41542371,"Piedmont","White / red / jack pine group",1.16865365013022,0.76719417799217,0.792840965125372,-1.5288474351469,-1.02694921492296,0.444944924685282,0.760290149256047,0.879633712972763,-0.578414232668775,"High"
"13115",74.07199306,0.802877138413686,52,15.45631777,1402.666667,-1252.70625031473,0.549837986374863,48.360599165615,23.8464754210852,2,34.26503161,"Ridge and Valley","White / red / jack pine group",0.331551449234187,0.0535041312665819,0.0686828734924602,-0.166919690707317,-0.412316662678563,-0.0130826444508345,1.09552742086013,0.673366758812891,1.27917010275459,"High"
"13117",406.7071607,0.775700934579439,30,15.37220473,1436.771429,-1541.29745657653,0.595448667963298,46.8570120436587,21.475331246555,2,34.2257062,"Piedmont","Oak / pine group",0.166274543116489,-0.00591199199909458,-0.260029971271522,-0.808800766210017,-0.0468099551763813,0.994196587250849,1.20138005692195,0.65383059375556,-0.180360446506626,"High"
"13119",34.00093084,0.842696629213483,34,15.79006015,1366.722222,-1859.96319713407,0.593981740401235,28.3823262413674,17.6389831870699,2,34.37522963,"Piedmont","White / red / jack pine group",0.573720748622464,-0.735962278340591,-0.791864727539763,-1.51757325766764,-0.0585653564262896,-0.134425042047577,0.983964869711725,0.750882043271833,0.0850087442681401,"High"
"13121",770.8558294,0.873965626989179,44,16.17495683,1322.666667,-1884.77346270716,0.54060750660484,53.5279115854067,27.8221635687468,4,33.790287,"Piedmont","White / red / jack pine group",0.763888707373772,0.257696936062052,0.619834412462553,-1.57275595070894,-0.486286227524138,2.09690437920116,0.847227465418548,0.840278468255387,0.748431721205055,"High"
"13123",28.06991147,0.744027303754266,49,13.61026616,1585.298507,-1845.79669397264,0.526211060025321,48.4562985448983,23.981993605015,3,34.69074009,"Blue Ridge","Oak / hickory group",-0.026354263328575,0.05728581177775,0.0874698237906804,-1.48606429243215,-0.601653891539606,-0.152385237527229,1.66237089253781,0.244601267073308,1.08014320967351,"Moderate"
"13125",8.015057887,0.850159404888417,31,17.17503975,1178,-1311.77744735071,0.454506041646687,47.4929606845783,19.4377946804896,1,33.22881228,"Southeastern Plains","White / red / jack pine group",0.619106943181734,0.0192183129149007,-0.542494634591581,-0.29830513372144,-1.17627071957674,-0.213114948255942,0.398218378293771,1.07255856413752,-0.114018148812934,"High"
"13127",78.21493648,0.899841855561413,35,19.6800251,1289.027778,-1448.43154864776,0.545376655271281,43.6467186235709,20.8497118593856,0,31.23280417,"Southern Coastal Plain","White / red / jack pine group",0.921259583250989,-0.132770746494646,-0.346759884494406,-0.602249535384298,-0.448068078486408,-0.000537065176433915,0.742820782420994,1.65436855773417,0.151351041961832,"High"
"13129",62.56183764,0.815592203898051,41,15.25301698,1389.102041,-1066.92294592701,0.498005961214468,34.2783545152828,24.2963544700485,2,34.50488402,"Ridge and Valley","White / red / jack pine group",0.408880376304255,-0.502973356325168,0.131049820037894,0.246297291111093,-0.827678858545199,-0.0479374693043879,1.05342622046786,0.626147947202637,0.549404828123981,"High"
"13131",20.97869278,0.918859649122807,34,19.10998492,1403.878788,-1631.17629031509,0.562502128481593,38.9268569033071,22.0379837136804,0,30.87446909,"Southeastern Plains","White / red / jack pine group",1.03691966955971,-0.319281977984358,-0.182029192124928,-1.00870818269831,-0.310831029849426,-0.173858725627027,1.09928954073875,1.52197054851003,0.0850087442681401,"High"
"13133",17.74298099,0.939623701207526,43,16.69175734,1214.070175,-1583.5902305624,0.536896115084978,42.0422032295069,22.1554133215617,1,33.57687498,"Piedmont","White / red / jack pine group",1.16319993695689,-0.196175176502894,-0.16574986972825,-0.902867843317751,-0.51602791187161,-0.183657044033837,0.510171163859647,0.960310987173651,0.682089423511364,"High"
"13135",830.37761,0.886284722222222,37,16.09609623,1350.515625,-1735.31086682952,0.484555556043492,29.4508756373147,19.2504626352586,3,33.96216673,"Piedmont","Oak / hickory group",0.838809471094304,-0.693737214226937,-0.568464565127558,-1.24032305009473,-0.935465305434436,2.2771470572609,0.933663653299729,0.821962239307769,0.284035637349215,"High"
"13137",63.03864123,0.750850340136054,41,14.34565837,1616.575,-1990.80152594686,0.530338737328957,35.3590442796566,20.0360614232942,3,34.63403225,"Piedmont","Oak / hickory group",0.0151412431957516,-0.460268550388518,-0.459556631467437,-1.80858228841109,-0.568576250769028,-0.0464936221092302,1.75944529026617,0.415404077154067,0.549404828123981,"Moderate"
"13139",197.9046496,0.80952380952381,34,15.25185558,1437.666667,-1539.34205061516,0.49968850037005,51.7427182296696,23.0071208164489,1,34.32141569,"Piedmont","Oak / hickory group",0.371974359062336,0.187152790712139,-0.0476772545922908,-0.804451575887183,-0.814195627740855,0.361904955399657,1.20415865136582,0.625878199466762,0.0850087442681401,"High"
"13141",6.966885226,0.945863409217102,47,17.01502617,1185.142857,-1240.56962370811,0.433312478871214,85.3801351241932,27.3988607612692,1,33.27212276,"Piedmont","White / red / jack pine group",1.20114782847222,1.51637733604051,0.561151742915431,-0.13992555238917,-1.34610789544275,-0.216289003964343,0.420388016729091,1.03539367614518,0.94745861428613,"High"
"13143",40.51425002,0.84797507788162,36,15.26097675,1430.418605,-1552.358418519,0.399578034428778,56.2333804937016,25.0118681481228,2,33.79226554,"Piedmont","White / red / jack pine group",0.605822570874451,0.36460691939415,0.23024182156768,-0.833402424173518,-1.61644294171175,-0.114701537807163,1.18166248297035,0.62799669004368,0.217693339655523,"High"
"13145",28.86682929,0.927459526774595,47,16.90953675,1324.632353,-1398.6790558537,0.501072498533828,40.5583927301132,21.4785810611283,1,32.73606437,"Piedmont","White / red / jack pine group",1.0892213515734,-0.254809801824887,-0.259579447931432,-0.491590641798258,-0.803104791243472,-0.149972026755939,0.8533284622462,1.01089261518101,0.94745861428613,"High"
"13147",43.15991419,0.868292682926829,28,15.97381135,1312.631579,-1724.92021198352,0.545706940922927,64.8168385273213,28.4239292746647,2,34.34624733,"Piedmont","Oak / hickory group",0.729387691377475,0.703792985252282,0.703257478507397,-1.21721228107955,-0.445421294512477,-0.106689989926025,0.816081066627894,0.793560250749326,-0.313045041894009,"High"
"13149",15.37373056,0.903881700554529,38,16.1437142,1387,-1473.13910541435,0.408704911684764,100.581326089986,32.1917397877903,2,33.29996432,"Piedmont","White / red / jack pine group",0.94582861745936,2.11707138497164,1.22559084212353,-0.657203784738645,-1.54330360812946,-0.190831561297815,1.0469020118849,0.833022028867331,0.350377935042906,"High"
"13151",278.6289583,0.851226993865031,37,16.53554765,1269.122449,-1478.18681330166,0.509265982056728,68.6285662603004,28.3568950907341,2,33.45345299,"Piedmont","White / red / jack pine group",0.625599674989911,0.854418167877693,0.693964497703889,-0.66843083565783,-0.737445321112073,0.60635270944768,0.681039628624119,0.924029593855868,0.284035637349215,"High"
"13153",159.470548,0.813364055299539,49,18.10186928,1167.54902,-1581.27455828324,0.616235382874059,62.8730558922984,27.191207599479,2,32.4594041,"Southeastern Plains","White / red / jack pine group",0.395329495210683,0.626981986436372,0.532364686324991,-0.897717353002011,0.119766896171204,0.245519569556477,0.36578115493976,1.28782476635882,1.08014320967351,"High"
"13155",10.21905499,0.780584056827151,31,18.79541665,1196.230769,-1138.3082636663,0.573465062936042,34.9156173953305,18.3554271149482,0,31.60188962,"Southeastern Plains","White / red / jack pine group",0.19597211759079,-0.4777911176104,-0.69254376503717,0.0875229295526528,-0.222978230078419,-0.206440847846375,0.454802117423343,1.44890865888485,-0.114018148812934,"High"
"13157",80.10244137,0.875985663082437,38,15.87360664,1334.14,-1650.63770462831,0.498507427000461,64.3366628873604,25.0636378698871,2,34.13533028,"Piedmont","Oak / hickory group",0.776173915336447,0.684818245048354,0.237418682720442,-1.05199402536823,-0.823660301883029,0.00517863977719868,0.882837816326879,0.770286620952067,0.350377935042906,"High"
"13159",14.75002868,0.912663755458515,45,16.82829403,1220.4,-1512.38762501441,0.502068113446044,65.4224131990616,24.5538628021454,1,33.31532453,"Piedmont","White / red / jack pine group",0.999238242760206,0.727723024833812,0.16674832260186,-0.744499868008491,-0.795126310856184,-0.192720242987591,0.52981735467781,0.992023113048802,0.814774018898747,"High"
"13161",17.57487305,0.907377490576198,31,18.81595005,1192.64,-1641.1861873704,0.499775813113107,57.9865223887194,29.2227779844578,0,31.80563048,"Southern Coastal Plain","White / red / jack pine group",0.967088884814673,0.433884511238027,0.814002255123165,-1.03097207483404,-0.813495936525413,-0.184166105170841,0.443657270139581,1.45367776355147,-0.114018148812934,"High"
"13163",11.35747567,0.877342419080068,47,17.57977994,1160.133333,-1458.23656293921,0.52675112678451,93.0747853921744,32.7839116716769,1,33.0585258,"Southeastern Plains","White / red / jack pine group",0.784425267696503,1.82044105282322,1.30768391205681,-0.624057729751128,-0.597326001315037,-0.202993504872872,0.342764720543902,1.16656385935899,0.94745861428613,"High"
"13165",9.768009909,0.866950505588079,48,18.00187988,1174.84,-1126.52138452701,0.559618328519868,85.1346547157217,29.0088116345806,0,32.7927108,"Southeastern Plains","White / red / jack pine group",0.721225001718431,1.50667687106841,0.784339998265319,0.113739163778045,-0.333940709257775,-0.207806693634347,0.388410530053829,1.26460114464233,1.01380091197982,"High"
"13167",12.3812582,0.903523974581167,38,17.93424085,1153.155556,-1163.7530577922,0.467564399023592,84.6468835455682,32.341969066383,1,32.70214642,"Southeastern Plains","White / red / jack pine group",0.9436530434728,1.48740198400129,1.24641719847229,0.0309289257677241,-1.07162599505173,-0.199893306876477,0.321107449066635,1.24889124693327,0.350377935042906,"High"
"13169",28.05241941,0.934266585514303,52,17.25904853,1203.472727,-1344.0475000641,0.48320353503788,57.9786073005344,28.2370033499439,2,33.02510509,"Piedmont","White / red / jack pine group",1.13061968723214,0.433571736641603,0.677343848650922,-0.370079795224497,-0.946299889111439,-0.152438206637149,0.477279340532216,1.09207051368,1.27917010275459,"High"
"13171",39.62846753,0.908525754884547,30,16.77904941,1273.703704,-1189.12742039404,0.408044264893543,97.9486767504667,35.3685842454354,1,33.07838871,"Piedmont","White / red / jack pine group",0.974072257968879,2.01303895785916,1.66599830037187,-0.0255084250720282,-1.54859778100896,-0.117383846813491,0.695258696278701,0.980585516399037,-0.180360446506626,"High"
"13173",20.69423001,0.795432921027593,21,19.1653834,1238.6,-1353.93076263689,0.484621210177734,84.4284455847566,27.5694917309985,0,31.03731071,"Southern Coastal Plain","White / red / jack pine group",0.286278120201728,1.47877013512737,0.584806395410641,-0.392062028473638,-0.934939178097484,-0.174720130157541,0.586305594540769,1.53483744583303,-0.777441125749849,"High"
"13175",22.67060055,0.922285464098074,64,18.17636922,1159.456897,-1262.17094383398,0.557064319430876,95.4278792181983,30.6908616261439,0,32.46317163,"Southeastern Plains","White / red / jack pine group",1.05775437125304,1.91342649462511,1.01752338867284,-0.187970947722849,-0.354407569662791,-0.168735324001255,0.340665232685663,1.30512818476577,2.07527767507889,"High"
"13177",32.25995101,0.850803366488141,47,18.58496079,1247.54902,-1201.58582895439,0.578449035907022,38.4478051752609,21.0321316378001,0,31.77937288,"Southeastern Plains","White / red / jack pine group",0.623023309923393,-0.33821230540509,-0.321470943843749,-0.0532182669253351,-0.183038560521614,-0.139697042714291,0.614081110381342,1.40002800472893,0.94745861428613,"High"
"13179",46.37895545,0.821081291326332,35,19.21341045,1251.425,-1405.03903281105,0.592617756890188,39.1154469830881,23.8444488693878,0,31.8258661,"Southern Coastal Plain","White / red / jack pine group",0.442263235554544,-0.311829605412576,0.0684019316667085,-0.505736425734075,-0.0694958030858818,-0.0969421528882468,0.626111181147498,1.54599224865572,0.151351041961832,"High"
"13181",14.5517004,0.92967032967033,35,16.69622502,1197.4,-1366.67479723678,0.48097823352204,83.3372858583151,27.1424968330098,1,33.79199312,"Piedmont","White / red / jack pine group",1.10266674169749,1.43565159556151,0.525611889599799,-0.420407156314437,-0.964132611665195,-0.193320816760113,0.458431117488355,0.961348654269066,0.151351041961832,"High"
"13183",18.54954502,0.732763880414887,40,19.15710926,1246.293103,-1346.00286427151,0.510551065786933,61.36968057003,26.5224616895511,0,31.75215055,"Southern Coastal Plain","White / red / jack pine group",-0.094854771095612,0.567574232699924,0.439656122738708,-0.374428892678676,-0.727147147378775,-0.181214622800326,0.610183058692113,1.53291568715272,0.483062530430289,"High"
"13185",90.41170933,0.826044703595724,39,19.36629659,1251.181818,-1318.46799019101,0.485197321067321,63.2769302717411,25.8313728004674,0,30.83439387,"Southeastern Plains","White / red / jack pine group",0.4724491080434,0.642941587022466,0.343850141324485,-0.313186158301699,-0.930322443879188,0.0363969609902887,0.625356405150446,1.58150171146931,0.416720232736598,"High"
"13187",45.04376608,0.752672318466642,35,13.99771704,1579.27907,-1920.61873383779,0.549705780123632,30.9963001603333,19.7135028681384,5,34.57208608,"Piedmont","Oak / hickory group",0.0262219277287982,-0.632667833798883,-0.504273077395585,-1.65248256983587,-0.413376113445704,-0.100985346914699,1.64368806830176,0.33459093268625,0.151351041961832,"Moderate"
"13189",32.10969194,0.841880341880342,40,16.89402504,1197.275,-1571.44465111444,0.519050914205251,47.3471850974332,24.6871261558263,1,33.47845164,"Piedmont","White / red / jack pine group",0.568756352353306,0.0134578084995194,0.185222684710152,-0.875853792198024,-0.659032585143538,-0.140152054256394,0.458043148807978,1.007289852436,0.483062530430289,"High"
"13191",12.72554129,0.831029870708872,38,19.4440287,1292.657534,-1221.67150338968,0.578665156077011,47.3125814190961,22.0746997500969,0,31.4968198,"Southern Coastal Plain","White / red / jack pine group",0.502767286475021,0.0120904009263235,-0.176939230532307,-0.0978925814192608,-0.181306655428192,-0.198850755636801,0.754086635584292,1.59955583638519,0.350377935042906,"High"
"13193",12.63069711,0.74749373433584,50,17.99077403,1181.016949,-1275.53240608534,0.605494782322032,72.1086090995781,26.873894625573,2,32.35206209,"Southeastern Plains","White / red / jack pine group",-0.00527255061812111,0.991936407618488,0.488375437820595,-0.217689350689055,0.0336957959892037,-0.199137960905683,0.407582232072141,1.26202169062781,1.1464855073672,"High"
"13195",40.51341692,0.906886517943744,31,16.07472357,1283.926829,-1525.09966526016,0.44524999525564,35.4789930554985,24.9379058482551,2,34.12919217,"Piedmont","Oak / hickory group",0.964102947625822,-0.45552862468224,0.219988392756412,-0.772773834393224,-1.25044516562879,-0.114704060584096,0.726988714803372,0.816998207411238,-0.114018148812934,"High"
"13197",8.920939444,0.889908256880734,45,17.58550894,1249.563636,-1030.72293178883,0.491051266303695,63.2962986482902,33.5655543207013,1,32.34827219,"Southeastern Plains","White / red / jack pine group",0.860846640127251,0.643706952614983,1.41604340428405,0.326812925350998,-0.883411146465302,-0.210371775652691,0.620333973669241,1.16789448169309,0.814774018898747,"High"
"13199",16.24860544,0.885891472868217,51,16.51686337,1324.888889,-1542.49649136279,0.508795536722476,38.8981218644204,19.4089916585689,2,33.04158908,"Piedmont","White / red / jack pine group",0.836417855364633,-0.320417478939111,-0.546487611220777,-0.811467644900255,-0.741215291636386,-0.188182282500225,0.854124685713315,0.919689967347809,1.2128278050609,"High"
"13201",7.826686339,0.741355463347165,32,19.091338,1365.416667,-1107.86604689059,0.583401464527846,26.8148938216995,15.482117254083,0,31.16573173,"Southeastern Plains","White / red / jack pine group",-0.0426035348905367,-0.797901328294966,-1.09087207775587,0.155232140438839,-0.14335167542591,-0.213685371249668,0.979912754107643,1.51763959926684,-0.0476758511192429,"High"
"13205",16.63948847,0.889212827988338,35,19.00693281,1336.638889,-1547.07339481877,0.612799432593451,38.9176639995222,20.4808602912349,0,31.22481697,"Southeastern Plains","White / red / jack pine group",0.85661726591218,-0.319645247060341,-0.397893952833585,-0.821647538289423,0.0922324934727656,-0.186998618244466,0.890593741668797,1.49803557920603,0.151351041961832,"High"
"13207",26.76258638,0.938423645320197,42,17.10061665,1238.166667,-1531.26361531255,0.412658003607849,64.847348755971,27.4418468685413,1,33.01430148,"Piedmont","White / red / jack pine group",1.15590158412454,0.704998635047922,0.56711092741316,-0.786483617654547,-1.51162502839899,-0.156344053492427,0.584960637483377,1.05527299265326,0.615747125817672,"High"
"13209",14.52055142,0.88622754491018,45,18.58725236,1136.484848,-1386.50654682617,0.593018968930378,55.6846294383634,20.8436651651839,0,32.17193772,"Southeastern Plains","White / red / jack pine group",0.838461737124833,0.342922335993539,-0.347598140587734,-0.464516694232893,-0.0662806419281664,-0.193415141484902,0.26936574839689,1.40056024669475,0.814774018898747,"High"
"13211",20.92930246,0.914366883116883,46,16.6426571,1219.307692,-1532.35278557969,0.524880848840635,74.4398262226276,23.9133126261323,1,33.59221728,"Piedmont","White / red / jack pine group",1.00959611583974,1.084057364176,0.0779485470196548,-0.788906137008249,-0.612313699581598,-0.174008288416603,0.526427104331204,0.948906924343506,0.881116316592438,"High"
"13213",44.59474638,0.851752822341058,52,14.62316022,1463.365385,-1652.34888077141,0.530246208691272,56.9024815584275,27.4930539888055,3,34.78886478,"Ridge and Valley","White / red / jack pine group",0.628797594176725,0.391047283745784,0.574209794852358,-1.05580000267896,-0.569317740186245,-0.102345059484009,1.28392103304464,0.479856889052372,1.27917010275459,"High"
"13215",348.5133967,0.897402597402597,35,17.7314375,1282.40625,-1494.45653883265,0.608112569052081,43.4242423791521,25.0522034204906,1,32.5078613,"Southeastern Plains","White / red / jack pine group",0.906424801904397,-0.141562173189544,0.235833519561741,-0.704617762685994,0.0546737462263191,0.817975382777398,0.722269218579054,1.20178797115369,0.151351041961832,"High"
"13217",154.8829506,0.94833524684271,35,16.53068807,1244.897436,-1349.23319126745,0.582951519370138,46.8361343215009,21.2196489720712,2,33.55622642,"Piedmont","White / red / jack pine group",1.21618074762743,-0.00673700126867409,-0.295475326600009,-0.381613746968721,-0.146957365308696,0.231627497899671,0.605851258018222,0.922900903738505,0.151351041961832,"High"
"13219",82.09145966,0.863945578231292,35,16.39069653,1251.214286,-1825.59699006934,0.544322763626889,53.5619128369803,24.9651959256473,3,33.83741326,"Piedmont","White / red / jack pine group",0.702950002764665,0.259040537989192,0.223771629165981,-1.44113635497267,-0.456513566507868,0.0112017455997319,0.625457177687361,0.890386351511289,0.151351041961832,"High"
"13221",13.22586922,0.92952806122449,45,16.34048251,1230.179104,-1420.73061522513,0.390609004578452,59.3546187671653,25.6270807435128,2,33.87769309,"Piedmont","White / red / jack pine group",1.10180151089815,0.48794654853142,0.315529036296134,-0.54063745382414,-1.68831734603797,-0.197335672500808,0.560169243271042,0.878723601206317,0.814774018898747,"High"
"13223",203.2673405,0.864940517844647,45,15.43522831,1380.23913,-1583.67240541597,0.552255400294572,59.7079280094922,27.6170736105161,2,33.91949481,"Piedmont","White / red / jack pine group",0.709000904578333,0.501908004563103,0.591402694000771,-0.903050615634593,-0.392944424165758,0.37814414985384,1.02591796538807,0.668468503185345,0.814774018898747,"High"
"13225",70.65658691,0.79874213836478,25,17.85471734,1181.826087,-1071.20575974147,0.645906476888006,71.9017989984765,24.9814361524411,2,32.56582676,"Southeastern Plains","Oak / pine group",0.306403712668476,0.983764048145462,0.226023019531166,0.236771508350722,0.35753979285546,-0.0234251097623932,0.410093593688966,1.23042104995433,-0.512071934975083,"High"
"13227",53.24517008,0.772301933873986,39,14.47460651,1515.888889,-1451.70054875224,0.410317589074639,56.531041141747,25.2160432980958,4,34.46226306,"Blue Ridge","White / red / jack pine group",0.145602917163301,0.376369351711736,0.258546719725564,-0.609520405935283,-1.53038022302517,-0.0761500176300457,1.44694082933009,0.445353680056016,0.416720232736598,"High"
"13229",21.92844097,0.753277711561383,23,19.31104088,1275.632653,-1648.48125994962,0.567241585952515,31.3282608463393,19.6972328180311,0,31.35925308,"Southern Coastal Plain","White / red / jack pine group",0.0299037332633052,-0.619549992636857,-0.506528602180906,-1.04719768715839,-0.272850814794219,-0.17098271695386,0.701245670663064,1.56866797402598,-0.644756530362466,"High"
"13231",33.17189618,0.887709991158267,36,16.60478783,1298.606061,-1411.0247155368,0.606838517787002,53.5872462495507,27.0540615481837,2,33.09316185,"Piedmont","White / red / jack pine group",0.847477497047153,0.260041619431061,0.513352063999587,-0.519049708960511,0.0444639824852292,-0.136935508398154,0.77254937294733,0.940111376003787,0.217693339655523,"High"
"13233",52.56622262,0.852468768590125,40,15.48744045,1404,-1337.13568716511,0.476729948890018,61.6286623865257,27.4063657154757,1,34.00370946,"Ridge and Valley","White / red / jack pine group",0.633151748337258,0.577808222674815,0.562192158286854,-0.354706624452092,-0.998176753833336,-0.078205992891852,1.09966575241624,0.680595338513571,0.483062530430289,"High"
"13237",24.53844153,0.951905290418054,40,17.01173261,1191.943396,-1509.73227206609,0.421321119070853,52.6719928525429,24.7733708194823,1,33.32055184,"Piedmont","White / red / jack pine group",1.23789260114594,0.223874238198645,0.197178823455571,-0.738593864050904,-1.44220210597556,-0.16307916491073,0.441495185862575,1.03462871114349,0.483062530430289,"High"
"13239",5.846265042,0.850118953211737,41,18.09705839,1306.85,-1219.77858917089,0.568138433933677,36.2697566618601,21.2361257334718,0,31.86228583,"Southeastern Plains","White / red / jack pine group",0.618860929131732,-0.424280613028309,-0.293191145329774,-0.0936823844755289,-0.26566381514176,-0.219682443828136,0.798136494026869,1.2867073850216,0.549404828123981,"High"
"13241",17.58630127,0.77404657441782,45,13.02461213,1797.054545,-1844.52196393874,0.546752157562,29.3188225111227,18.8408401653245,5,34.8839272,"Blue Ridge","Oak / hickory group",0.156213258222379,-0.698955458456931,-0.625250722973892,-1.48322905328633,-0.437045324694237,-0.184131498461204,2.31960857753638,0.108576771982286,0.814774018898747,"Moderate"
"13243",6.210294043,0.878224974200206,46,18.2735741,1303.507937,-1179.36768937137,0.587293335614521,59.3843224903339,26.7601911398331,0,31.76615178,"Southeastern Plains","White / red / jack pine group",0.789792683271702,0.489120328255563,0.472612669508731,-0.00380094920470937,-0.112163696264594,-0.218580098411547,0.787763567852082,1.32770507153693,0.881116316592438,"High"
"13245",240.6776048,0.795807978363759,41,17.46214956,1165.734694,-1373.34029721661,0.508644287494111,77.9639760757853,27.6343141927558,1,33.35781854,"Southeastern Plains","White / red / jack pine group",0.288559097946683,1.22331854766465,0.593792764117246,-0.435232480866895,-0.742427345601525,0.491429171847196,0.360149941627804,1.13924292886549,0.549404828123981,"High"
"13247",268.1373639,0.887820512820513,24,16.38830697,1271.368421,-1523.26376564787,0.490229597532702,41.7812914262395,27.2483965284795,2,33.65357168,"Piedmont","White / red / jack pine group",0.848149654148506,-0.206485432315831,0.540292814754585,-0.768690448648675,-0.889995688434067,0.574582270917275,0.688010562968157,0.889831350306072,-0.578414232668775,"High"
"13249",12.06362742,0.885521885521885,31,17.78074296,1219.458333,-1229.7289473307,0.4461844364504,69.9677271252204,27.6925697287532,1,32.26539364,"Southeastern Plains","White / red / jack pine group",0.83417014433352,0.907336782210551,0.601868756782158,-0.115813850918973,-1.24295690821723,-0.200855150118468,0.52689465625105,1.21323969855276,-0.114018148812934,"High"
"13251",8.356667905,0.801733972165184,53,18.17868618,1200.265957,-1412.34705675113,0.60708882389496,56.6174266472384,21.9383756246832,1,32.74972416,"Southeastern Plains","White / red / jack pine group",0.324599080835607,0.37978298286599,-0.195837908881791,-0.521990844318827,0.0464698407228442,-0.212080491559995,0.467326329930824,1.30566632383424,1.34551240044828,"High"
"13253",13.35752946,0.783393501805054,19,19.29683329,1393.894737,-1574.78787351031,0.441643463234144,43.8021192128308,24.7422491948498,0,30.93459298,"Southeastern Plains","Oak / hickory group",0.213058255768432,-0.126629898098038,0.192864417829582,-0.883289747073097,-1.27934654571719,-0.196936981567634,1.06830154800842,1.56536810728348,-0.910125721137233,"High"
"13255",130.1182995,0.892988929889299,43,16.52356667,1287,-1312.8090974654,0.632813347762453,37.2542413361888,28.5557190603844,3,33.26339939,"Piedmont","Oak / pine group",0.8795822997036,-0.385377471395267,0.721527559188316,-0.300599717446763,0.252616420721613,0.156635671538228,0.736527067582927,0.921246881415221,0.682089423511364,"High"
"13257",55.98219789,0.790945406125166,36,15.43777212,1475.766667,-1329.34161128585,0.473478121126201,40.7462622094888,24.0079133097257,3,34.55171829,"Piedmont","Oak / hickory group",0.2589865019995,-0.247385904678232,0.0910630847835871,-0.337371135014514,-1.02423566849815,-0.0678618041823723,1.32241150514488,0.66905933062464,0.217693339655523,"High"
"13259",5.425226976,0.935238095238095,52,17.78696384,1264.115942,-1156.75674872336,0.459583950825258,57.6455441622336,23.087739878459,0,32.0782761,"Southeastern Plains","White / red / jack pine group",1.13652809601473,0.420410330700066,-0.0365009956788931,0.0464900319006061,-1.13557828087121,-0.220957422967133,0.665500685311394,1.21468456534728,1.27917010275459,"High"
"13261",23.75891596,0.816675574559059,48,18.22740101,1216.086957,-1130.93622421244,0.575885150488197,80.49681902828,27.0650806481553,2,32.03640978,"Southeastern Plains","White / red / jack pine group",0.415469087226582,1.32340700072497,0.51487964706995,0.103919730670007,-0.203584566088985,-0.165439708814769,0.516430749868839,1.31698087101527,1.01380091197982,"High"
"13263",6.160826002,0.890723010894685,46,17.14019821,1270.37931,-1208.47084051552,0.464407701160081,29.4023106457248,24.5804247079026,1,32.69641306,"Piedmont","White / red / jack pine group",0.865801711243662,-0.695656320532495,0.17043061223131,-0.0685318264857657,-1.09692257476703,-0.218729896554316,0.684940610252822,1.06446623890124,0.881116316592438,"High"
"13265",3.16648357,0.940010712372791,37,16.61595242,1205.285714,-1148.68060751146,0.376544733103054,55.4389122075569,27.6050094995218,1,33.56535237,"Piedmont","White / red / jack pine group",1.16555361403475,0.333212512691047,0.589730240555264,0.0644528876443926,-1.80102308472381,-0.227797305047999,0.482906397923668,0.942704473019867,0.284035637349215,"High"
"13267",20.38912929,0.88509184109355,32,18.87707346,1199.235294,-1394.87049102629,0.55105412883504,51.4005359048852,23.8150567912155,0,32.04767359,"Southeastern Plains","White / red / jack pine group",0.831554752829914,0.173631028725861,0.0643272938891654,-0.483119677907134,-0.402570958141984,-0.175644030119814,0.464127410218633,1.46787433790697,-0.0476758511192429,"High"
"13269",8.329121537,0.835803876852908,47,17.5896917,1216.716981,-1006.18876942225,0.425956695740874,96.7910673288356,33.5025664095631,1,32.55789315,"Southeastern Plains","White / red / jack pine group",0.531801252001833,1.96729457558509,1.40731136020239,0.381381512975016,-1.40505435226905,-0.212163906926422,0.518386186507929,1.16886597303088,0.94745861428613,"High"
"13271",14.01262973,0.881674757281553,50,18.65309018,1169.229508,-1298.68243290752,0.515754508230229,66.2910359860934,28.4300595801468,0,31.9327569,"Southeastern Plains","White / red / jack pine group",0.810773151255376,0.762047739266393,0.704107325672297,-0.269179360752138,-0.685448732689694,-0.194953219894643,0.370996968633762,1.41585179386193,1.1464855073672,"High"
"13273",9.950605821,0.814070351758794,36,18.43532202,1274.333333,-1288.11613907398,0.592049026854586,54.7703792470594,22.7658782405012,0,31.77531262,"Southeastern Plains","Oak / gum / cypress group",0.39962496246209,0.306794597687621,-0.0811208276443899,-0.245677937622157,-0.0740533899390278,-0.207253760307254,0.69721290693676,1.36527277878898,0.217693339655523,"High"
"13275",31.57892634,0.916295636687444,34,19.16907365,1357.337662,-1884.67435264257,0.631309038754391,43.2034951732824,23.677447938722,1,30.86385612,"Southeastern Plains","White / red / jack pine group",1.02132617294227,-0.150285274766421,0.0452505132135205,-1.57253551130028,0.240561458737839,-0.14175930814231,0.954837546838739,1.53569454638608,0.0850087442681401,"High"
"13277",60.0708519,0.619678334910123,19,18.88515844,1213.25,-1334.73088822977,0.663087258028478,34.0118195866686,16.3322289882853,3,31.45741936,"Southeastern Plains","Oak / gum / cypress group",-0.782604583455579,-0.513505816960069,-0.973020683682696,-0.349357899704105,0.495220058272976,-0.0554806230249307,0.507625546160218,1.46975216212739,-0.910125721137233,"High"
"13279",28.58222126,0.790909090909091,32,18.76956187,1168.685185,-1165.55421670248,0.583026584697037,32.0512220177376,16.3522161922515,0,32.12052468,"Southeastern Plains","Oak / gum / cypress group",0.258765644568695,-0.590981278893013,-0.970249848089829,0.0269228098730041,-0.146355820242345,-0.15083387115991,0.369307526425689,1.44290360604642,-0.0476758511192429,"High"
"13281",27.40194071,0.726275631855031,43,12.61038695,1707.25,-1868.61238207892,0.552649466360951,40.4281885516833,21.2069752357788,4,34.91385818,"Blue Ridge","Oak / hickory group",-0.134314206071746,-0.259954982574528,-0.297232292690563,-1.53681067036131,-0.389786528132539,-0.154407973363328,2.04087777101199,0.0123684850462468,0.682089423511364,"Moderate"
"13283",13.13975488,0.913012729844413,22,18.33093898,1138.433333,-1373.72811274858,0.561007288700911,61.3733151206701,24.8489329034428,0,32.40424729,"Southeastern Plains","White / red / jack pine group",1.00136059241461,0.567717856508411,0.207654031096572,-0.436095055489255,-0.322810109035537,-0.197596442240969,0.275413357630372,1.34102868656944,-0.711098828056158,"High"
"13285",65.3701613,0.933981931897151,45,16.65868306,1360.42623,-1534.19902709397,0.388775902342603,64.9962100936722,27.0077884175595,2,33.03672114,"Piedmont","White / red / jack pine group",1.12888851574678,0.710881076750962,0.506937197891063,-0.7930125250863,-1.70300713227676,-0.0394333591747099,0.964423688048468,0.952629127223846,0.814774018898747,"High"
"13289",8.807300313,0.900353079639074,48,17.73133667,1176.960784,-1191.52561498618,0.474036184638021,66.1713848162284,26.8161705206341,1,32.67526406,"Southeastern Plains","White / red / jack pine group",0.924368683197545,0.757319573832034,0.4803731176961,-0.0308424605196335,-1.01976355912204,-0.210715895420235,0.394992912212594,1.20176455229351,1.01380091197982,"High"
"13291",28.76897289,0.752378503471329,40,12.80244795,1618.395833,-1904.25545964835,0.54556725736399,46.3694620799023,23.5757857241251,4,34.82986085,"Blue Ridge","Oak / hickory group",0.0244350396964409,-0.0251781378191226,0.031157032047714,-1.61608757301141,-0.446540665588313,-0.150268353569812,1.76509669967575,0.0569767336254919,0.483062530430289,"Moderate"
"13293",31.42729718,0.870581186339125,49,17.0341257,1271.734694,-1539.0441388827,0.450993682327745,62.9937934158168,27.2960611375143,2,32.8792535,"Piedmont","White / red / jack pine group",0.743305630981219,0.631753080492318,0.546900582177035,-0.80378896420988,-1.20441743533545,-0.142218468563838,0.6891473825879,1.03982974896573,1.08014320967351,"High"
"13295",60.02533235,0.804065040650407,52,14.59578332,1478.442857,-1374.48825473477,0.489707830457552,54.2591701440746,26.7586157617175,3,34.73370263,"Ridge and Valley","Oak / hickory group",0.338775887483657,0.28659353142818,0.472394274091228,-0.437785754114311,-0.894176931929658,-0.0556184644253957,1.33071772836679,0.473498307349012,1.27917010275459,"High"
"13297",110.2046744,0.880334728033473,42,16.21309522,1272.346939,-1714.41142433728,0.505146457250076,20.6026957934757,19.1878491837678,2,33.78123038,"Piedmont","Oak / hickory group",0.802623525590927,-1.04338409308182,-0.57714469769019,-1.19383876251683,-0.770457630863101,0.0963336261067838,0.691047637665642,0.849136522631508,0.615747125817672,"High"
"13299",15.34761448,0.825549450549451,25,19.35205378,1304.834646,-1280.44694445449,0.490181198362965,71.5223285595648,28.2649703136145,0,31.05394831,"Southern Coastal Plain","White / red / jack pine group",0.469437138758336,0.96876879975259,0.681220922127231,-0.228620207574305,-0.890383541028247,-0.190910645494426,0.791881340171881,1.57819366450013,-0.512071934975083,"High"
"13301",7.140688459,0.934891485809683,42,16.84876023,1193.97561,-1345.21850235829,0.509659528894727,65.8225211546895,30.1015509217165,1,33.4114594,"Piedmont","White / red / jack pine group",1.13442012926894,0.743533790478196,0.935826965408924,-0.372684324384435,-0.73429158597821,-0.215762696453789,0.447802668933172,0.996776609787195,0.615747125817672,"High"
"13303",11.56043078,0.922662292008437,57,17.53100502,1168.989796,-1369.71625542277,0.518609947447288,76.5105818329313,32.4042894774797,1,32.96709075,"Southeastern Plains","White / red / jack pine group",1.06004611705917,1.16588585871299,1.2550567067057,-0.427171930878457,-0.662566325535214,-0.20237892022531,0.370252962647277,1.15523535562427,1.61088159122304,"High"
"13305",18.02275945,0.818998109640832,42,19.21957408,1269.722222,-1381.67841023795,0.534759001323256,77.3614360891709,31.5568626033695,0,31.5520708,"Southern Coastal Plain","White / red / jack pine group",0.429593996467272,1.19950842745652,1.13757751606416,-0.453778011145269,-0.53315393120307,-0.182809824438161,0.682901173738808,1.54742381851733,0.615747125817672,"High"
"13307",4.764184041,0.895575221238938,27,17.90263087,1250.178571,-1339.00312091122,0.534851071371017,110.133273611474,35.4295062187994,0,32.04063587,"Southeastern Plains","White / red / jack pine group",0.895311289491666,2.49452852269013,1.67444394251722,-0.358860148036229,-0.532416116751615,-0.22295918010067,0.622242577832984,1.24154948652682,-0.3793873395877,"High"
"13309",10.31863529,0.877171215880893,43,18.57662968,1129.155556,-1427.59085155878,0.590640618895719,73.1841467900349,23.7478925289672,0,32.12006711,"Southeastern Plains","White / red / jack pine group",0.783384065060193,1.03443762291881,0.0550162802666017,-0.555895908622833,-0.0853398372785017,-0.206139300752638,0.246617462434161,1.39809301414875,0.682089423511364,"High"
"13311",48.05263243,0.76502311248074,37,13.98854823,1603.605263,-1670.72389478755,0.531369306744336,25.7125258974434,19.0318384697519,3,34.64560044,"Piedmont","Oak / hickory group",0.101335473211361,-0.841462773797711,-0.59877253718164,-1.09666948692914,-0.560317658247509,-0.0918739573799602,1.7191904762763,0.332461377203066,0.284035637349215,"Moderate"
"13313",138.4143371,0.88441461595824,42,14.87190697,1441.232558,-1481.32342694584,0.543858146127968,81.9465103861418,29.5858240141669,2,34.80971904,"Ridge and Valley","White / red / jack pine group",0.827436087993874,1.38069336555086,0.864331498906746,-0.675407253842715,-0.460236834969649,0.181757568417575,1.21522628357094,0.53763101736202,0.615747125817672,"High"
"13317",8.056733999,0.968994202167885,42,16.50346206,1205.085714,-1577.13560040048,0.427872672249871,66.451776376294,26.0532028318026,1,33.78282174,"Piedmont","White / red / jack pine group",1.34182185043171,0.768399596567157,0.37460254408326,-0.888511532867505,-1.38970044302967,-0.212988745478366,0.482285648035064,0.916577367872811,0.615747125817672,"High"
"13319",7.688275449,0.857752056046299,55,17.74143741,1177.578125,-1213.85324022816,0.47225991726331,96.1600723154038,32.9412847841459,1,32.80291675,"Southeastern Plains","White / red / jack pine group",0.66528299853735,1.94236001944889,1.32950062149385,-0.0805032949206033,-1.03399789233443,-0.214104504367575,0.396908983997497,1.20411055861835,1.47819699583566,"High"
"13321",13.76461754,0.863313609467456,30,18.68890836,1251.65,-1419.24518749619,0.540201233135072,59.1230428072425,21.6965744716632,0,31.55146793,"Southeastern Plains","White / red / jack pine group",0.699106572582624,0.478795535211861,-0.229358917739113,-0.537333583409708,-0.48954194905929,-0.195704245500169,0.626809524772178,1.42417095432187,-0.180360446506626,"High"
"16003",1.18992004,0.761830876648565,11,5.584165947,600.387931,-1229.0576464829,0.782676519583203,33.2824738149692,25.7468840735317,3,44.89273486,"Blue Mountains","Douglas-fir group",0.0819213245260665,-0.542326826159861,0.332137428921822,-0.114320751680942,1.45356305428223,-0.233782695612784,-1.39454475914648,-1.6195474847474,-1.44086410268676,"Low"
"16005",30.10474928,0.805860805860806,7,6.186437506,393.71875,-231.410006358104,0.830194890219305,26.4801205746037,28.8337621203901,4,42.66961169,"Northern Basin and Range","Aspen / birch group",0.349697152274677,-0.811130311321646,0.760072800849746,2.10463508037969,1.83435725845115,-0.146223381941014,-2.03599411456458,-1.47966338846507,-1.70623329346153,"Low"
"16007",2.395609406,0.79448275862069,7,3.64536094,384.3313609,-667.57524455037,0.812068810213496,27.4348860965623,13.9968661036102,4,42.28124084,"Wyoming Basin","Douglas-fir group",0.280499538914949,-0.773401559116917,-1.29677315121448,1.13452162538492,1.68910172636709,-0.230131650935602,-2.06513021825511,-2.06985595809151,-1.70623329346153,"Low"
"16009",4.587418316,0.654455986878075,14,7.083358876,767.6788321,-1442.55525096089,0.735026229889373,41.5762227984714,22.5436485894813,3,47.21646611,"Northern Rockies","Douglas-fir group",-0.571098121612747,-0.214588975294797,-0.111928629870137,-0.589179545040239,1.07171170080601,-0.22349445857087,-0.875315718035076,-1.27134368051292,-1.24183720960569,"Low"
"16011",8.528157947,0.989189189189189,6,6.373539262,315.3678161,-263.965642764093,0.685723103648614,-20.1512050897461,11.9371285621102,4,43.2171246,"Snake River Plain","Douglas-fir group",1.46464124766342,-2.65382539247534,-1.58231554631907,2.0322252270767,0.67661514196849,-0.211561188808648,-2.27917578201678,-1.43620697804723,-1.77257559115522,"Low"
"16013",3.326985656,0.610473457675753,8,4.925571322,388.7046512,-853.320242130049,0.754582105223102,43.8914491244921,23.2063784650438,4,43.40815958,"Idaho Batholith","Douglas-fir group",-0.83858567778976,-0.123099915056102,-0.0200540719894913,0.721389845106307,1.22842507049542,-0.227311275807557,-2.05155662092233,-1.7725132234708,-1.63989099576784,"Low"
"16015",1.54985142,0.67741935483871,10,5.088593209,554.8145897,-974.652591892237,0.815506262308977,32.6516760445646,26.0001519009255,3,43.989383,"Idaho Batholith","Douglas-fir group",-0.431442324440913,-0.567253587991467,0.367248068301776,0.451523898158595,1.71664816404047,-0.232692758531013,-1.5359929918229,-1.73464962357726,-1.50720640038046,"Low"
"16017",9.954956211,0.66507673164662,15,6.307541324,813.2678063,-1190.32475350217,0.695218780520648,53.8793378697367,28.4515321688039,7,48.29958977,"Northern Rockies","Douglas-fir group",-0.506506177619496,0.271583984656471,0.707084080851396,-0.0281715189103219,0.752709895831625,-0.207240586542352,-0.733818964753984,-1.45153571435507,-1.175494911912,"Low"
"16019",24.20299977,0.733449477351916,9,4.453564345,450.1107595,-1046.31625402396,0.77691578206004,32.8063597993406,20.4163689654742,6,43.3876642,"Middle Rockies","Aspen / birch group",-0.0906851916618163,-0.561141066204894,-0.406834415999474,0.292130446364214,1.40739868813933,-0.164094943009873,-1.86096744648819,-1.88214195893065,-1.57354869807415,"Low"
"16021",3.69948477,0.773700305810398,16,4.738688192,825.3333333,-1278.833168847,0.721031354630197,55.0735755203537,24.8576879181314,3,48.7669191,"Northern Rockies","Douglas-fir group",0.154107364239928,0.318775777151508,0.208867742947227,-0.225030867358526,0.959562077083166,-0.226183281362407,-0.696370592047993,-1.81591885563094,-1.10915261421831,"Low"
"16023",0.449376207,0.461988304093567,8,5.002240887,292.5300546,-238.066541189466,0.684299714495279,39.7753149289005,30.026654930009,2,43.72516622,"Middle Rockies","Douglas-fir group",-1.7416244884403,-0.285754099287965,0.925444098453789,2.08982969600218,0.665208641017149,-0.236025195792299,-2.35005847155223,-1.75470588614577,-1.63989099576784,"Low"
"16025",0.384220867,0.620418848167539,7,4.027347381,446.7752809,-830.275650405131,0.844625389100323,53.5155814498883,24.7437939781338,1,43.46634383,"Idaho Batholith","Douglas-fir group",-0.778101020674282,0.25720969535538,0.193078571871028,0.772645347699453,1.94999780469881,-0.236222497903444,-1.87131993633514,-1.98113546765342,-1.70623329346153,"Low"
"16029",1.53811111,0.707723035952064,10,3.965630952,452.4727891,-595.636373748589,0.788320973749866,22.7030640143563,27.2364157646478,3,42.77055885,"Northern Basin and Range","Douglas-fir group",-0.247145110270004,-0.96038541924855,0.538631915765875,1.29452719297941,1.49879556969868,-0.232728310305411,-1.85363629843279,-1.9954697770981,-1.50720640038046,"Low"
"16031",3.588768472,0.87995337995338,9,7.331820526,323.4532374,-259.126211702124,0.733475816150144,52.3971798213555,38.2278780006625,4,42.28354231,"Northern Basin and Range","White / red / jack pine group",0.800304289570469,0.213014658000325,2.06238355369912,2.04298903119643,1.05928727298874,-0.226518550264903,-2.25408066016033,-1.21363576976785,-1.57354869807415,"Low"
"16033",0.193801655,0.497716894977169,9,3.615080091,316.2694805,-733.173248534119,0.767549483425093,46.6113365551823,30.278768922567,1,44.28518273,"Snake River Plain","Douglas-fir group",-1.52433472283495,-0.0156201658012731,0.960394781161628,0.988619337185185,1.33234072241032,-0.236799121592771,-2.27637724163749,-2.07688901341967,-1.57354869807415,"Low"
"16035",1.372475386,0.652093492517236,15,5.800874805,768.7132701,-1415.54156431516,0.73382015937585,56.9335692076777,25.412213146749,4,46.67530336,"Northern Rockies","Douglas-fir group",-0.585466050299973,0.392275751037713,0.285741839153715,-0.529096029461028,1.06204670903081,-0.233229885126849,-0.872105081668738,-1.56921450404342,-1.175494911912,"Low"
"16037",0.328904567,0.70831079862989,9,2.101478472,399.5741627,-825.78722353076,0.744372433686533,50.3194680577433,30.333270993206,2,44.24168023,"Middle Rockies","Douglas-fir group",-0.243570527244537,0.130911282376364,0.967950429138547,0.782628452544384,1.14660863412459,-0.236390005628378,-2.0178203806583,-2.42843939205094,-1.57354869807415,"Low"
"16039",3.395477501,0.59504132231405,9,7.42301266,405.9883041,-599.972429197404,0.826971404180266,21.193865871457,20.7460436705596,2,43.35137456,"Idaho Batholith","Douglas-fir group",-0.932438947471142,-1.02002326901556,-0.361131454821747,1.28488299081893,1.80852546362204,-0.227103870158001,-1.9979124928606,-1.1924554084142,-1.57354869807415,"Low"
"16041",7.999016265,0.79672131147541,10,5.862008934,421.9553571,-428.67291111803,0.731200988764196,54.2371083192073,46.7821011011394,3,42.18322854,"Central Basin and Range","Aspen / birch group",0.294113695338917,0.285721730860963,3.24825957098544,1.66588531005847,1.04105766889126,-0.213163525178214,-1.94835476100519,-1.55501544008401,-1.50720640038046,"Low"
"16043",2.715823611,0.910774410774411,8,3.487985547,565.0278638,-636.349263847008,0.85508193601652,37.6204177640098,19.8619725169526,2,44.23111145,"Middle Rockies","Douglas-fir group",0.987747857793888,-0.37090755245629,-0.483690659359999,1.20397407453307,2.03379260675128,-0.229161984617153,-1.50429354802362,-2.10640809856355,-1.63989099576784,"Low"
"16045",12.25758469,0.846938775510204,3,8.910710057,452.6145833,-1930.3482732823,0.925887353560947,5.84896961158945,23.4639253533726,6,44.06397764,"Snake River Plain","Douglas-fir group",0.599520114107688,-1.62639601214537,0.0156497756432424,-1.67412289395968,2.60120037481548,-0.200267812551925,-1.85319620476352,-0.846921566061651,-1.9716024842363,"Low"
"16049",0.751982772,0.792156204542911,18,4.525992586,600.8603696,-1396.92659387683,0.772657668135822,42.0230630638802,26.5669324862861,5,45.84725089,"Idaho Batholith","Douglas-fir group",0.266350187436865,-0.196931524055753,0.44582113044288,-0.487692837034691,1.37327577775062,-0.235108848580837,-1.39307842810487,-1.86531971506706,-0.976468018830924,"Low"
"16055",50.43180875,0.686516376010208,16,7.185668867,737.6504425,-1255.45935262503,0.716092349074217,38.6517054750695,27.5398099047417,8,47.67254678,"Northern Rockies","Douglas-fir group",-0.376117175892473,-0.330154930364811,0.580691589718323,-0.17304310761525,0.919982759339339,-0.0846693827323207,-0.968516315530857,-1.24758107638888,-1.10915261421831,"Low"
"16057",14.37367446,0.632693580410324,10,7.544851474,724.626943,-1401.11528674018,0.682612811805249,40.6719498324643,24.909940630951,11,46.81393624,"Northern Rockies","Douglas-fir group",-0.703450058351351,-0.250322451080484,0.216111561379722,-0.49700927711235,0.651690442502313,-0.193859911388437,-1.00893799485015,-1.16415702351819,-1.50720640038046,"Low"
"16059",0.670817031,0.639020771513353,13,2.770954819,343.2204929,-923.264915192905,0.725027017541421,48.0454980107664,25.0611045729399,2,44.94298743,"Middle Rockies","Douglas-fir group",-0.664970122879045,0.0410525155376029,0.237067490559674,0.565819748037782,0.991581804570431,-0.23535463307144,-2.19272805191217,-2.27294625546985,-1.30817950729938,"Low"
"16061",3.104483296,0.441176470588235,5,7.338356358,663.137931,-1276.81240780109,0.668742882065267,13.497746299953,17.1238989458957,3,46.23485631,"Columbia Plateau","Douglas-fir group",-1.8681953470259,-1.32414504716228,-0.863271100896632,-0.220536315045986,0.540542084793209,-0.227985053050723,-1.19978448159699,-1.21211775195826,-1.83891788884891,"Low"
"16065",32.68481165,0.922619047619048,7,5.131790541,422.5135135,-474.35600598861,0.751757763593335,48.9668778719366,39.6176146782971,3,43.78681858,"Snake River Plain","Aspen / birch group",1.05978311863125,0.077461991654007,2.25504341035614,1.56427752218562,1.20579186761385,-0.138410488132357,-1.94662238338957,-1.72461657509883,-1.70623329346153,"Low"
"16069",18.41849087,0.702194357366771,7,9.059706321,538.5714286,-923.447127732116,0.779443138130986,29.3178767944139,18.8074410841234,5,46.32592883,"Columbia Plateau","Douglas-fir group",-0.280768750167232,-0.698992829633981,-0.629880853487273,0.565414473108744,1.42765196136407,-0.181611478383756,-1.58640769403991,-0.81231556910292,-1.70623329346153,"Low"
"16071",1.426285339,0.731517509727626,6,6.863058427,395.2989691,-112.275298684027,0.777442614201994,23.0511927815422,16.766535795032,4,42.19503586,"Northern Basin and Range","Aspen / birch group",-0.102434795602446,-0.946628676163033,-0.91281252448278,2.36961305833708,1.41162052115971,-0.233066938892089,-2.03108951041311,-1.32251084714806,-1.77257559115522,"Low"
"16073",0.590315739,0.80811232449298,6,8.241968173,298.3470681,-302.955031572408,0.651591534669453,52.1621777220915,44.931147526724,5,42.57988209,"Northern Basin and Range","Hemlock / Sitka spruce group",0.363390162375048,0.203728256505083,2.99166099654714,1.9455054993842,0.403097690244637,-0.23559840549073,-2.33200391914156,-1.00224411565175,-1.77257559115522,"Low"
"16077",2.099897125,0.614785992217899,6,7.277180407,332.7078189,-379.419841673948,0.812404617790663,52.3527802005676,25.1267812627298,2,42.69223978,"Northern Basin and Range","Douglas-fir group",-0.812358233699376,0.211260151525003,0.246172281304756,1.77543339226129,1.69179276095834,-0.231027121012695,-2.22535675798432,-1.22632652953038,-1.77257559115522,"Low"
"16079",1.859199029,0.754104925911093,16,5.185564738,888.8987603,-1418.06840854418,0.752474078859122,43.7634066413637,24.7382574189311,3,47.35248146,"Northern Rockies","Douglas-fir group",0.0349345841227598,-0.128159673715714,0.19231103603526,-0.534716205877214,1.21153214654004,-0.231755998223518,-0.499079433401429,-1.71212693510463,-1.10915261421831,"Low"
"16081",10.12431891,0.762589928057554,7,3.602075943,593.721519,-591.987507294174,0.769157087778247,33.2968132706378,22.0410507250029,2,43.75289584,"Snake River Plain","Aspen / birch group",0.086537630365806,-0.541760184657599,-0.181604010886447,1.30264295767808,1.34522345412193,-0.206727725768976,-1.41523563167842,-2.0799093677162,-1.70623329346153,"Low"
"16085",1.167750087,0.788248981966259,10,2.695363894,582.854232,-972.804409040468,0.805385739135629,39.7689954143182,28.1294272545197,3,44.76737091,"Idaho Batholith","Douglas-fir group",0.242587719988469,-0.286003822800436,0.662430523373055,0.455634604136042,1.63554612884904,-0.233849830225709,-1.4489649676518,-2.29050306696586,-1.50720640038046,"Low"
"16087",2.691562293,0.697777777777778,8,8.03212879,488.7355372,-1036.0118309723,0.856979277339413,20.9596038543542,15.6339959304496,5,44.45248159,"Snake River Plain","Douglas-fir group",-0.307628962673125,-1.02928042523976,-1.06981706460918,0.315049419663886,2.04899718067535,-0.229235452260182,-1.74108581421505,-1.05098158634377,-1.63989099576784,"Low"
"17001",29.65018219,0.59811320754717,32,11.28836599,979.3706294,-1138.66056377502,0.663521991313386,48.7619890627726,21.3016607845632,4,39.98811437,"Interior River Valleys and Hills","Oak / hickory group",-0.913756732310579,0.0693655544317947,-0.284105990024835,0.0867393479057482,0.49870384597521,-0.147599893006938,-0.218277420073347,-0.294685209408393,-0.0476758511192429,"Moderate"
"17003",9.859468296,0.774863387978142,47,13.87024356,1203.410256,-1539.37101549965,0.609276090007785,30.8232206968627,21.6022588243129,2,37.18034787,"Mississippi Alluvial Plain","Oak / hickory group",0.161180854835519,-0.639507284992736,-0.242433940793085,-0.804515999233442,0.0639977619791775,-0.207529741156821,0.477085446200761,0.304983835549917,0.94745861428613,"Moderate"
"17005",16.77046529,0.448571428571429,26,12.17897186,988.779661,-899.523325996141,0.684948795492434,13.9356756254534,15.9761776131176,3,38.88774185,"Interior River Valleys and Hills","Elm / ash / cottonwood group",-1.8232215977934,-1.30683972284444,-1.02238025518015,0.618625503989811,0.670410130008546,-0.186601996830211,-0.189074143485491,-0.0878323447711418,-0.445729637281392,"Moderate"
"17009",8.333874002,0.625272331154684,34,11.18887423,961.6603774,-1140.31296767443,0.66669387133828,20.9801582187672,14.1664217211884,1,39.96199555,"Interior River Valleys and Hills","Oak / hickory group",-0.748583702622696,-1.02846819385537,-1.27326757529948,0.0830640911096142,0.524122089775033,-0.212149515605962,-0.273245604854086,-0.317793248842045,0.0850087442681401,"Moderate"
"17011",14.60670206,0.598958333333333,26,9.488113569,927.7246377,-1128.54916700235,0.634691405342419,14.4243389538372,12.4468754385096,4,41.40457686,"Central Corn Belt Plains","Oak / hickory group",-0.908616949871897,-1.28752958103045,-1.51164909437968,0.109228994486968,0.26766646204191,-0.1931542618218,-0.378573638046425,-0.712813343185454,-0.445729637281392,"Low"
"17013",7.273942124,0.54746835443038,34,12.02257417,942,-1357.13829261092,0.641422680923589,67.5208513849342,25.0780763583504,0,39.16840694,"Interior River Valleys and Hills","Oak / hickory group",-1.221762393623,0.810645430922917,0.239420297243862,-0.399196177902882,0.321608352171154,-0.215359180342564,-0.334266490258895,-0.124157403126247,0.0850087442681401,"Moderate"
"17015",12.48095738,0.742465753424657,26,8.578369711,933.6321839,-1024.8508889965,0.677976458766268,18.6737898897786,16.4247921638231,4,42.06840682,"Central Corn Belt Plains","Unknown",-0.0358511087599297,-1.11960721927675,-0.960188606629665,0.339873452010009,0.614536467269341,-0.199591399792676,-0.360238094818562,-0.924111212930512,-0.445729637281392,"Low"
"17017",12.66340191,0.482142857142857,29,11.31905847,950.4736842,-1115.07052111779,0.607479080451623,30.7522810916724,18.5742546586961,1,39.97069252,"Interior River Valleys and Hills","Oak / hickory group",-1.61905099758452,-0.642310552103006,-0.662207598560773,0.139208035874851,0.0495972087896965,-0.19903892487756,-0.30796629764282,-0.28755654831971,-0.246702744200317,"Moderate"
"17019",81.40093106,0.304347826086957,12,10.79539544,991.2360248,-965.169164958682,0.72654962358679,42.3837106527123,19.3176622855913,15,40.13960682,"Central Corn Belt Plains","Oak / hickory group",-2.70034302921803,-0.182680084095535,-0.559148645638022,0.472616821807971,1.00378339207328,0.00911070055897179,-0.181450205709387,-0.409182961875824,-1.37452180499307,"Moderate"
"17021",17.79796447,0.433962264150943,17,11.5885589,985.6034483,-1157.60069079327,0.745890417653794,31.1175875450681,12.7867301543826,2,39.54417384,"Central Corn Belt Plains","Elm / ash / cottonwood group",-1.91206982365708,-0.627875011290136,-1.46453487346428,0.044612946141436,1.15877318204609,-0.18349054414784,-0.198932311884029,-0.224962152926301,-1.04281031652462,"Moderate"
"17023",12.01489437,0.545824847250509,40,11.64277129,1053.333333,-1576.67567584216,0.645685688323894,11.3444679669026,18.4900652654109,6,39.33424812,"Interior River Valleys and Hills","Oak / hickory group",-1.23175767418271,-1.40923453016834,-0.673878814197087,-0.887488574219636,0.355770477021707,-0.201002722576037,0.01128428002939,-0.212370737859239,0.483062530430289,"Moderate"
"17025",10.89592014,0.534188034188034,30,12.39186985,1058.328767,-1555.57750967645,0.614593505730069,50.3814532670202,18.2229087527994,3,38.75411257,"Interior River Valleys and Hills","Oak / hickory group",-1.3025290178099,0.133360705347115,-0.710914848615007,-0.840562287847295,0.106609515309458,-0.204391178194501,0.0267888555245318,-0.0383844794578211,-0.180360446506626,"Moderate"
"17027",30.58976272,0.707182320441989,21,12.57977258,995.2117647,-1716.87185078429,0.667725493445329,55.4458857289085,20.3383171602284,1,38.60713247,"Interior River Valleys and Hills","Elm / ash / cottonwood group",-0.250433567596131,0.333488080097931,-0.417654774886506,-1.19931121330443,0.532389118168435,-0.144754673840561,-0.169110505209171,0.0052579658515274,-0.777441125749849,"Moderate"
"17029",38.79086955,0.5,25,11.4552078,1035.728395,-2017.99900588222,0.69839672490275,55.8291183716832,15.6224934391595,4,39.52219671,"Central Corn Belt Plains","Oak / hickory group",-1.5104496144947,0.348631996675845,-1.07141166044795,-1.86907459480533,0.778176737090618,-0.119920244440221,-0.0433570364825075,-0.255934391002307,-0.512071934975083,"Moderate"
"17031",2112.291102,0.684905660377358,30,9.714702447,933.5127273,-1461.00267378696,0.473321732773849,49.9603700960552,26.7650285408726,16,41.83998166,"Central Corn Belt Plains","Oak / hickory group",-0.38591302884002,0.116721077868392,0.473283280715776,-0.630210080090947,-1.02548890545426,6.15901212429811,-0.360608858174277,-0.660185620768533,-0.180360446506626,"Low"
"17033",16.39032865,0.484455958549223,34,12.16301129,1076.986486,-1491.08441140982,0.650807226429247,40.6581827809654,22.8835687886624,3,39.00272513,"Interior River Valleys and Hills","Unknown",-1.60498346091486,-0.250866473316987,-0.0648053309725915,-0.697117517599056,0.396812541403161,-0.187753119080446,0.0846977404788014,-0.0915393601153631,0.0850087442681401,"Moderate"
"17035",12.0391972,0.577981651376147,13,11.68303625,1037.418182,-943.656083797664,0.634943794366744,32.0160651902555,20.4951306215727,2,39.27445975,"Interior River Valleys and Hills","Oak / hickory group",-1.0361903635703,-0.592370544845616,-0.395915650151088,0.520465957101734,0.269689011981486,-0.200929129227191,-0.0381123610224361,-0.203018764555375,-1.30817950729938,"Moderate"
"17037",63.96216332,0.266666666666667,12,8.909995756,925.5042735,-738.957671142853,0.589476723562055,-19.157814693014,10.0702279583894,5,41.89330697,"Central Corn Belt Plains","Oak / hickory group",-2.92950768686845,-2.61457033009732,-1.84112486501528,0.975753694280293,-0.094666853154373,-0.0436970307930604,-0.385465092195477,-0.847087470209648,-1.37452180499307,"Low"
"17039",15.30963569,0.75,15,10.82403338,981.2428571,-694.583504693217,0.653069119053729,38.5021104469862,13.0656771957068,6,40.175236,"Central Corn Belt Plains","Oak / hickory group",0.0099697487629051,-0.336066364759756,-1.42586431244269,1.07445017936789,0.414938491226886,-0.191025652114693,-0.212466494392265,-0.402531489966808,-1.175494911912,"Moderate"
"17041",18.11770438,0.621052631578947,15,11.28480376,1021.193548,-1353.77842273268,0.722494799083102,-3.91287496811996,7.75568571447541,4,39.76991733,"Central Corn Belt Plains","Elm / ash / cottonwood group",-0.774246554391017,-2.01214749430342,-2.16199095721489,-0.391723195898582,0.971289566017015,-0.182522314080123,-0.0884695597631355,-0.295512575929115,-1.175494911912,"Moderate"
"17043",1090.707163,0.558823529411765,8,9.680798843,936.4137931,-2120.79050099717,0.573936617502217,-4.42045001216816,4.26347476537926,13,41.85142535,"Central Corn Belt Plains","Oak / hickory group",-1.15270388196349,-2.03220495618465,-2.64611782217905,-2.09770219677412,-0.219199370590077,3.06547185765867,-0.351604676813363,-0.668060100204568,-1.63989099576784,"Low"
"17045",10.69870712,0.683333333333333,16,11.24921193,1044.130435,-1732.41935812516,0.70802777465598,4.02637282248687,26.5166122362673,4,39.68084483,"Central Corn Belt Plains","Unknown",-0.395475414772457,-1.69841820088562,0.438845210247647,-1.23389179135673,0.855356317892703,-0.204988374758763,-0.0172792095122778,-0.303779164148641,-1.10915261421831,"Moderate"
"17047",11.16468885,0.635714285714286,22,12.85888046,1123.666667,-1014.86793564468,0.692415767421923,64.6329822375461,17.6131834329845,2,38.41608107,"Interior River Valleys and Hills","Oak / hickory group",-0.685079103011996,0.696527674305591,-0.795441359720429,0.362077416285853,0.730247611710437,-0.203577298105889,0.229581326257613,0.0700837956215805,-0.711098828056158,"Moderate"
"17049",27.54099946,0.645299145299145,34,11.92766666,1019.617647,-1162.88254809727,0.647763832957615,6.51878641414908,14.723530218461,4,39.05974652,"Interior River Valleys and Hills","Oak / hickory group",-0.626787078584297,-1.59992736451921,-1.1960353593306,0.0328651029175929,0.372423940121396,-0.15398687840859,-0.0933607616141396,-0.146200700818736,0.0850087442681401,"Moderate"
"17051",11.54246182,0.55968992248062,35,12.06537927,1010.073394,-1353.74475797606,0.673001845199693,49.9788206036443,19.8154042496388,2,39.0004197,"Interior River Valleys and Hills","Elm / ash / cottonwood group",-1.14743475877118,0.117450172722438,-0.490146440408185,-0.391648319153495,0.57467180043052,-0.202433333474371,-0.122983731546929,-0.11421545478036,0.151351041961832,"Moderate"
"17055",36.52881264,0.613861386138614,36,13.17416135,1104.15873,-1318.41487509272,0.618422393980727,26.9198975064143,20.8995255698887,3,37.99205898,"Interior River Valleys and Hills","Oak / hickory group",-0.817981389644698,-0.793751976532596,-0.339854186113173,-0.313068020341581,0.137292773904888,-0.126770160408326,0.169033577659399,0.143311198964298,0.217693339655523,"Moderate"
"17057",15.45597918,0.585081585081585,45,10.70622929,947.4113475,-1193.68504949488,0.675312443594898,44.800600227994,24.4576204122631,4,40.47281059,"Interior River Valleys and Hills","Oak / hickory group",-0.993010856835932,-0.0871736735739906,0.153406194314211,-0.0356454486732802,0.593188059832469,-0.190582497654455,-0.317471023469783,-0.429892766490266,0.814774018898747,"Moderate"
"17059",5.95757854,0.560975609756098,43,13.52503462,1153,-1843.85519093205,0.685471181146175,40.4681411035973,15.6434893278494,1,37.76434309,"Interior River Valleys and Hills","Oak / hickory group",-1.13961562345625,-0.258376207580624,-1.06850099041205,-1.48174602481781,0.674596330558412,-0.219345366496419,0.320624642218277,0.224805318270001,0.682089423511364,"Moderate"
"17061",9.234499856,0.638036809815951,27,11.77918849,941.1547619,-1324.9152433996,0.624683517463559,76.2082733023564,24.0480483480585,0,39.35908662,"Interior River Valleys and Hills","Oak / hickory group",-0.67095426054878,1.15393975951155,0.0966270242381333,-0.327526061021444,0.187467043391244,-0.209422258218524,-0.336889897540989,-0.180686364831479,-0.3793873395877,"Moderate"
"17063",46.907469,0.272727272727273,8,9.95795837,917.34375,-393.799235005544,0.756412112570119,6.82287445445692,10.8862796083363,6,41.28566458,"Central Corn Belt Plains","Elm / ash / cottonwood group",-2.89264903563797,-1.58791094576787,-1.72799523662331,1.7434509192805,1.24309005546864,-0.0953417186155721,-0.410793312463351,-0.603686796532703,-1.63989099576784,"Low"
"17065",7.240624816,0.6125,36,13.07070044,1113.140625,-1352.70365397039,0.560300718270027,38.515411840466,19.7686603194802,2,38.08160149,"Interior River Valleys and Hills","Oak / hickory group",-0.826260901028775,-0.335540743581535,-0.496626573680101,-0.389332708198033,-0.328472296549882,-0.215460071155291,0.196911129262911,0.119281281430208,0.217693339655523,"Moderate"
"17067",8.668163913,0.614173228346457,31,10.9031873,958.6942149,-963.857937929676,0.666839635387242,29.7397550064705,20.8006544079482,4,40.40411996,"Interior River Valleys and Hills","Oak / hickory group",-0.816084865920356,-0.682321785113432,-0.353560742321642,0.475533237129521,0.525290187592318,-0.211137225513165,-0.282451830061368,-0.384147134270536,-0.114018148812934,"Moderate"
"17069",8.466919595,0.687763713080169,49,13.60753998,1205.2,-1472.2255044903,0.631277288570184,39.6277295567818,23.3347334669228,2,37.51817985,"Interior Plateau","Oak / hickory group",-0.368531274157762,-0.291586119617193,-0.00226015702618412,-0.655171764597403,0.2403070248007,-0.21174662957425,0.482640363143909,0.243968082225204,1.08014320967351,"Moderate"
"17071",6.867000596,0.47808764940239,27,10.5155783,928.8787879,-1230.62695527471,0.730202747352165,55.6909874175678,14.9766937447844,3,40.81894125,"Interior River Valleys and Hills","Oak / hickory group",-1.64371346306708,0.343173579483599,-1.16093917925764,-0.117811189342335,1.03305814073037,-0.216591472624164,-0.374991445006014,-0.474173524966995,-0.3793873395877,"Low"
"17073",23.00115333,0.410377358490566,16,9.703112539,951.8166667,-742.765207577363,0.668417270028434,33.0578206314766,18.8413360987228,5,41.35279018,"Central Corn Belt Plains","Elm / ash / cottonwood group",-2.05550561264365,-0.551204277321491,-0.625181971490993,0.967285017728236,0.537932753396239,-0.167734350614594,-0.303798016456459,-0.662877502499205,-1.10915261421831,"Low"
"17075",9.480519605,0.52027027027027,17,10.22114286,953.172619,-1800.93716401929,0.837028038065329,38.2965284384931,24.4333987975187,5,40.74707768,"Central Corn Belt Plains","Elm / ash / cottonwood group",-1.38717236882516,-0.344190194619338,0.150048340341039,-1.38628826770159,1.88911551428281,-0.208677266083404,-0.299589480260573,-0.542559346648958,-1.04281031652462,"Low"
"17077",38.05444837,0.751614797416324,57,13.37686051,1136.032609,-1410.78893593527,0.654132048526231,47.764603537872,22.1433032729283,3,37.78594082,"Interior River Valleys and Hills","Oak / hickory group",0.0197904258009744,0.0299526195738584,-0.167428691530515,-0.51852529081842,0.423456404975839,-0.12215026048351,0.267962111852529,0.1903902754873,1.61088159122304,"Moderate"
"17079",7.452517323,0.477678571428571,32,12.07128123,1055.0375,-1022.68335321415,0.581149857166081,36.0914426465319,20.7597248713691,1,39.01056535,"Interior River Valleys and Hills","Oak / hickory group",-1.64620134335698,-0.431326914077332,-0.359234823445981,0.344694458918665,-0.161395203054207,-0.214818422459007,0.0165735874064523,-0.112844660611919,-0.0476758511192429,"Moderate"
"17081",25.53176256,0.567028985507246,40,12.79420394,1069.129412,-1455.27561322128,0.640846537191301,71.7093315773814,18.8788942336541,4,38.29978663,"Interior River Valleys and Hills","Oak / hickory group",-1.10280094463578,0.976158457588438,-0.619975269380715,-0.617472021149425,0.316991354763907,-0.160071209825794,0.0603113514275362,0.0550619729641926,0.483062530430289,"Moderate"
"17083",22.74457272,0.706231454005935,31,11.97832075,960.0754717,-1414.99098455473,0.569349624654024,23.8114592014775,15.5238406281779,1,39.08864321,"Interior River Valleys and Hills","Oak / hickory group",-0.256216430561124,-0.916585798924993,-1.08508794655913,-0.527871436607515,-0.255957791970568,-0.168511322939992,-0.2781647550377,-0.134435739487308,-0.114018148812934,"Moderate"
"17085",13.76844113,0.746543778801843,28,8.354118024,883.1770833,-1521.50252957736,0.675518128035085,38.7006674728471,22.4628802527139,5,42.36548674,"Driftless Area","Unknown",-0.0110498737706122,-0.328220135863842,-0.123125582814142,-0.764773128652003,0.5948363369443,-0.195692666980601,-0.516838085203318,-0.976196097409981,-0.313045041894009,"Low"
"17087",13.91825751,0.691025641025641,53,13.51692807,1201.784314,-1324.18990987013,0.627006433594952,28.0445434828222,16.9810789485298,3,37.45929111,"Interior Plateau","Oak / hickory group",-0.348693280518375,-0.749310185971397,-0.88307030506465,-0.325912782945424,0.206082012460342,-0.195238995983594,0.472038929623879,0.222922484183331,1.34551240044828,"Moderate"
"17089",395.3135664,0.693121693121693,26,9.092174292,934.5568182,-1071.37988791484,0.526192854309443,74.2101736301931,25.0134605975837,8,41.9382986,"Central Corn Belt Plains","Oak / hickory group",-0.335945767745438,1.07498235512523,0.230462583593903,0.236384214570548,-0.601799785243374,0.959694730474101,-0.35736826162494,-0.804774530988822,-0.445729637281392,"Low"
"17091",62.73837976,0.553719008264463,12,9.920730546,957.3271028,-1110.31033075792,0.66480237750239,32.3657555065894,21.9416644769312,8,41.13782478,"Central Corn Belt Plains","Oak / hickory group",-1.18374793313356,-0.578552095194973,-0.195381973730288,0.149795593782,0.508964375394547,-0.0474028679504233,-0.286695003480288,-0.61233336208769,-1.37452180499307,"Low"
"17093",153.8232876,0.327272727272727,10,9.556458255,935.2916667,-1632.95321683204,0.556938011810553,0.96539744121683,8.28014519863745,7,41.59098437,"Central Corn Belt Plains","Elm / ash / cottonwood group",-2.56092117456358,-1.81937646656305,-2.08928488946323,-1.01266040119645,-0.355419751038488,0.228418647374107,-0.355087476002361,-0.696939549223335,-1.50720640038046,"Low"
"17095",26.97599031,0.49290780141844,23,10.06469421,948.5454545,-1373.06668601284,0.640077717906286,33.4816586807098,19.8522224910739,7,40.93152864,"Interior River Valleys and Hills","Oak / hickory group",-1.55358207870058,-0.534455787386862,-0.485042310085221,-0.434623918132013,0.310830328536198,-0.155697827934927,-0.313951039500209,-0.578896241016307,-0.644756530362466,"Low"
"17097",608.9726813,0.808612440191388,25,9.081272732,900.4227273,-1077.38431457119,0.455810398359303,78.7321184332596,25.1733407743971,14,42.32247984,"Southeastern Wisconsin Till Plains","White / red / jack pine group",0.366431704741962,1.25367265241243,0.252626848553504,0.223029241320051,-1.16581809947036,1.60669303383886,-0.463311927243801,-0.807306536436995,-0.512071934975083,"Low"
"17099",37.0733944,0.597402597402597,24,9.715645832,916.7880435,-1151.44310082812,0.67640726356056,62.6359169043292,23.9607874864018,7,41.34382155,"Central Corn Belt Plains","Oak / hickory group",-0.918078434004723,0.617611143114741,0.0845300094805157,0.0583085833735338,0.601961531901307,-0.125121068700124,-0.412518086203209,-0.659966509378996,-0.578414232668775,"Low"
"17101",16.42221588,0.507462686567164,33,12.53110258,1113.903846,-1462.66153560418,0.623421878170777,37.1807559841228,17.4914870184919,1,38.71938596,"Interior River Valleys and Hills","Oak / hickory group",-1.46506396186014,-0.388281336873241,-0.812312191547163,-0.633899700509878,0.177356744489746,-0.187656558801617,0.199279976016562,-0.00604616907618749,0.0186664465744486,"Moderate"
"17103",18.22086041,0.586666666666667,18,8.977461646,933.0353982,-819.709434771314,0.541115098384796,60.2659116107083,26.702561022113,4,41.74409725,"Central Corn Belt Plains","Elm / ash / cottonwood group",-0.983370901898725,0.523957423546519,0.464623378877085,0.796146596898555,-0.482218579469216,-0.182209939031565,-0.362090368102539,-0.831417786141878,-0.976468018830924,"Low"
"17105",13.22871375,0.673913043478261,7,10.17414088,916.7678571,-938.651518276955,0.201127033997126,98.9935954918753,21.4174505457103,5,40.89167304,"Central Corn Belt Plains","Oak / hickory group",-0.452766579185059,2.0543302271415,-0.268054000360923,0.531597051290177,-3.20675401013216,-0.197327058751356,-0.412580739730965,-0.553476065855652,-1.70623329346153,"Low"
"17107",18.00283076,0.333333333333333,12,11.04713362,956.6138614,-615.614936196359,0.699592931447005,3.40988453931253,16.9503242358781,3,40.12411008,"Central Corn Belt Plains","Oak / hickory group",-2.5240625233331,-1.72277950545524,-0.887333845508218,1.25009111567448,0.787762682756338,-0.182870172102825,-0.288908726078277,-0.350714041531106,-1.37452180499307,"Moderate"
"17109",19.72496811,0.625,27,10.69621972,944.8977273,-1013.61083193907,0.691142415357812,38.8323566708186,16.8578088491725,5,40.45671459,"Interior River Valleys and Hills","Oak / hickory group",-0.750239932865895,-0.323016272712067,-0.90015929757271,0.364873451165181,0.720043451100779,-0.177655229861149,-0.325272670765497,-0.432217597594609,-0.3793873395877,"Moderate"
"17111",196.630207,0.675141242937853,28,8.530088524,914.3125,-1490.52076498638,0.614597102147811,40.8064603081677,22.6833139021883,10,42.32443657,"Central Corn Belt Plains","White / red / jack pine group",-0.445297066223834,-0.245007101615054,-0.0925667611369268,-0.69586386203149,0.106638335637546,0.358045713539924,-0.420201552962505,-0.935325041825484,-0.313045041894009,"Low"
"17113",56.1783438,0.557894736842105,20,10.4348102,949.5111111,-1313.26806203014,0.645262603539081,17.9091326973192,15.3408155511608,9,40.48982909,"Central Corn Belt Plains","Oak / hickory group",-1.15835249879294,-1.14982360337563,-1.11046080004298,-0.301620540888506,0.352380035982333,-0.0672678390194944,-0.31095388336581,-0.492932791460835,-0.843783423443541,"Low"
"17115",69.62100561,0.533333333333333,19,11.28119242,994.702381,-1140.76607698849,0.730966621588669,35.2646056952428,19.7766267279433,4,39.86060259,"Central Corn Belt Plains","Oak / hickory group",-1.30772703272702,-0.46400040901555,-0.495522186685592,0.0820562908457164,1.03917953921439,-0.026561036560601,-0.170691504584329,-0.296351348779533,-0.910125721137233,"Moderate"
"17117",20.24212338,0.605797101449275,39,11.74507687,970.6879433,-1182.2445385968,0.583727498634613,39.9889033463377,17.6595804201199,1,39.26067546,"Interior River Valleys and Hills","Oak / hickory group",-0.867025768014669,-0.277313886178093,-0.789009323324845,-0.0101996025067196,-0.14073896172053,-0.176089190507187,-0.245226302220137,-0.188609158237745,0.416720232736598,"Moderate"
"17119",142.6785434,0.413357400722022,38,12.38144829,973.3362069,-1457.00131592409,0.653718584272636,45.4737671891818,21.1644947968233,7,38.83091187,"Interior River Valleys and Hills","Elm / ash / cottonwood group",-2.03738195699552,-0.0605726402449239,-0.303121376149038,-0.621310308258813,0.420143059225713,0.194670353545364,-0.237006755546668,-0.0408049997043239,0.350377935042906,"Moderate"
"17121",25.30505772,0.558983666061706,36,12.41499817,1039.522222,-1030.68247627655,0.613748138407251,74.3941716176527,21.7768423340169,2,38.64969187,"Interior River Valleys and Hills","Oak / hickory group",-1.15172998251014,1.08225326543291,-0.218231345801132,0.326902906012809,0.0998350621324304,-0.160757712935727,-0.0315819480443442,-0.0330126765005299,0.217693339655523,"Moderate"
"17123",11.54072783,0.804054054054054,21,10.03227365,929,-1365.61594930747,0.701099137626993,15.0986736258865,13.7553461003672,4,41.03245462,"Interior River Valleys and Hills","Oak / hickory group",0.338709070548331,-1.26088240414809,-1.33025518414449,-0.418052079538318,0.799832847956554,-0.202438584308573,-0.374615233018152,-0.58642626741187,-0.777441125749849,"Low"
"17125",9.65413176,0.586206896551724,21,11.14877603,931.7526882,-2236.25373379511,0.714933155417318,56.2364702863684,26.9696547284033,8,40.23973635,"Central Corn Belt Plains","White / red / jack pine group",-0.986167075440351,0.364729016410861,0.501650706424823,-2.3545141246543,0.91069342091827,-0.208151537191467,-0.366071578550595,-0.327106490328761,-0.777441125749849,"Moderate"
"17127",22.85996259,0.723502304147465,44,13.98772387,1232.685714,-1151.84060744304,0.533188364064764,83.9560740369634,30.8014811166062,0,37.22069643,"Interior River Valleys and Hills","Oak / hickory group",-0.151180690660714,1.4601037833736,1.03285862125245,0.0574244539615209,-0.545740422635315,-0.168161901619257,0.56794913266241,0.332269910659631,0.748431721205055,"Moderate"
"17129",15.05767105,0.447619047619048,20,11.20314631,926.0816327,-835.707633604523,0.682755109593939,36.1373524651683,17.8833360461642,3,40.02744783,"Central Corn Belt Plains","Oak / hickory group",-1.82901367155819,-0.429512730247627,-0.757989974455627,0.760563596272227,0.652830763024121,-0.191788646451088,-0.383673113900054,-0.314478403598175,-0.843783423443541,"Moderate"
"17131",10.66521269,0.528735632183908,17,10.01099624,924.2045455,-1019.73474952422,0.755649581802351,31.7316562596005,18.3993438487129,4,41.20585242,"Interior River Valleys and Hills","Oak / hickory group",-1.33568876814325,-0.603609318997706,-0.686455567346113,0.351252707634001,1.23697942303366,-0.205089801928824,-0.389499122251554,-0.591368176463695,-1.04281031652462,"Low"
"17133",34.51335905,0.529680365296804,37,12.91504646,1008.606557,-895.745737121671,0.785107354530728,30.7197287943966,18.8417375368255,2,38.27798806,"Interior River Valleys and Hills","Oak / hickory group",-1.32994320607142,-0.64359689679117,-0.625126319935868,0.627027571540518,1.47304284382294,-0.132873317083157,-0.12753642606868,0.0831289577820496,0.284035637349215,"Moderate"
"17135",15.68956237,0.557755775577558,28,11.79404888,992.1926606,-980.186557520235,0.682163551619484,47.0811688431627,16.4454065451584,1,39.23195655,"Interior River Valleys and Hills","Oak / hickory group",-1.15919761638238,0.00294584392918918,-0.957330825139799,0.439215318645358,0.648090241724949,-0.189875165661175,-0.178481047877965,-0.177234878214704,-0.313045041894009,"Moderate"
"17137",23.08139457,0.546610169491525,29,11.39014813,957.6888889,-1891.10172797729,0.639549398550074,14.9469859674382,15.2234570434527,1,39.71665349,"Interior River Valleys and Hills","Unknown",-1.22698159761616,-1.26687653144583,-1.12673026578882,-1.58683120189304,0.306596577544683,-0.167491365679623,-0.285572110073921,-0.27104520439932,-0.246702744200317,"Moderate"
"17139",16.72973466,0.795918367346939,10,11.41660256,1006.423077,-1049.47450435514,0.622743885484778,22.8293528837746,31.1201967801963,2,39.64182799,"Central Corn Belt Plains","Oak / hickory group",0.289230448136751,-0.955394956825144,1.07704232529495,0.285105904121421,0.171923568186744,-0.186725336517906,-0.134313400902525,-0.264900876350095,-1.50720640038046,"Moderate"
"17141",25.8501218,0.671171171171171,22,8.602706627,920.304,-1544.67700358461,0.587706011439466,76.3829439751564,25.9737794915218,7,42.04019098,"Central Corn Belt Plains","Oak / hickory group",-0.469441762174177,1.16084208932964,0.363592048641948,-0.816317513848857,-0.108856668682713,-0.159107160675647,-0.401605438174652,-0.918458700454892,-0.711098828056158,"Low"
"17143",113.0177969,0.605633802816901,36,10.28514479,940.010101,-1197.47660871942,0.642449106290769,11.8853777479987,20.6746172058949,6,40.78779402,"Interior River Valleys and Hills","Oak / hickory group",-0.868018897625289,-1.387859804514,-0.371033339592638,-0.0440785889078862,0.329833735861755,0.104852267988779,-0.340442638171811,-0.527694204829477,0.217693339655523,"Low"
"17145",18.42760296,0.703030303030303,32,13.11863494,1077.666667,-1430.02367777897,0.555800959800177,35.2883517398695,19.4974116754142,2,38.08491903,"Interior River Valleys and Hills","Oak / hickory group",-0.275684798273371,-0.46306205440077,-0.534229902228005,-0.561306971319283,-0.364531654700035,-0.181583885333149,0.0868088518787039,0.130414588512446,-0.0476758511192429,"Moderate"
"17147",14.42823221,0.217391304347826,3,11.00187038,993.7222222,-1536.54705512139,0.886780451781791,2.93593872726657,27.9701986823427,5,40.01344055,"Central Corn Belt Plains","Elm / ash / cottonwood group",-3.22918454687285,-1.74150806622739,0.640356590674138,-0.798234980666542,2.2878124925889,-0.1936947006896,-0.1737336719139,-0.361226919530399,-1.9716024842363,"Moderate"
"17149",7.23159348,0.610634648370497,41,11.55767062,951.2755906,-1351.45479966978,0.628316459800607,27.4159313118966,18.2093360932387,0,39.62275461,"Interior River Valleys and Hills","Oak / hickory group",-0.837605367975897,-0.774150581109541,-0.712796432865823,-0.386555021545674,0.21658006573416,-0.215487419668233,-0.305477381100466,-0.232136290686832,0.549404828123981,"Moderate"
"17151",4.372164518,0.735687350017141,56,13.60264152,1225.54717,-1705.17227126856,0.628554418561165,37.5263375130994,19.3474571232976,2,37.4135802,"Interior Plateau","Oak / hickory group",-0.0770751719309642,-0.374625251087338,-0.555018173114706,-1.1732891498474,0.218486977011603,-0.224146285862039,0.545792880698438,0.242830361806506,1.54453929352935,"Moderate"
"17153",10.49020257,0.706172839506173,33,13.91898435,1207.25,-1191.76321675568,0.631787585745228,34.6806340035194,18.5120066053339,3,37.2263248,"Interior River Valleys and Hills","Elm / ash / cottonwood group",-0.256572905042747,-0.487076779857274,-0.670837075807032,-0.0313709315057165,0.244396352866021,-0.205619764110707,0.4890030495021,0.31630441222227,0.0186664465744486,"Moderate"
"17155",13.79478946,0.818181818181818,15,9.917586162,905.6206897,-646.976454915658,0.659832409881265,93.2545032524473,25.0778916837013,6,41.20209083,"Interior River Valleys and Hills","Elm / ash / cottonwood group",0.424629575105886,1.82754282855878,0.239394695709416,1.18033720450825,0.469136939400903,-0.195612879489136,-0.447178754339964,-0.613063679346794,-1.175494911912,"Low"
"17157",21.4555943,0.541533546325879,41,13.11562963,1059.8,-1175.72779233677,0.677460037677722,38.0465069719355,17.2225344954211,2,38.05088581,"Interior River Valleys and Hills","Oak / hickory group",-1.2578559822602,-0.354070105173988,-0.849597207749339,0.00429486581873456,0.610398064483293,-0.172414581882182,0.0313551941288341,0.129716572696963,0.549404828123981,"Moderate"
"17159",16.81208294,0.497041420118343,30,12.48953595,1105.372549,-1495.50700919982,0.653471591246062,32.268087155364,16.5222105904148,1,38.71253489,"Interior River Valleys and Hills","Oak / hickory group",-1.52844274305396,-0.58241158209189,-0.946683443813602,-0.706954206189581,0.418163750766049,-0.186475971086107,0.172800967704575,-0.0157004693435063,-0.180360446506626,"Moderate"
"17161",128.9737516,0.528688524590164,27,9.832037012,925.8472222,-1155.22527955813,0.706942145111908,85.2038061941741,24.3564325403628,5,41.46603918,"Interior River Valleys and Hills","Oak / hickory group",-1.33597526133399,1.50940947811707,0.139378471502058,0.0498963071215678,0.846656494377646,0.153169774238381,-0.384400665358867,-0.63293339651448,-0.3793873395877,"Low"
"17163",153.3266627,0.482191780821918,35,12.84598013,984.0550459,-1090.88914175305,0.621699483467859,74.379101648557,21.8856072570342,6,38.47113798,"Interior River Valleys and Hills","Oak / hickory group",-1.61875345954866,1.08165775678009,-0.20315321278856,0.192991967806919,0.163554126441557,0.226914777680276,-0.203738164970599,0.0670875541806095,0.151351041961832,"Moderate"
"17165",24.11676149,0.700787401574803,45,13.44831249,1162.84375,-1173.0809230207,0.552941009938496,20.8276367136732,16.6936984207616,2,37.75321689,"Interior River Valleys and Hills","Oak / hickory group",-0.289325401484655,-1.03449527164488,-0.922910004323417,0.0101820005839321,-0.387450208450158,-0.164356088062689,0.351177175798003,0.206985772154084,0.814774018898747,"Moderate"
"17167",87.14215519,0.435344827586207,25,11.46643661,943.5373134,-1071.57046888185,0.813332247287584,48.1595426407657,19.6893127929589,5,39.75743522,"Central Corn Belt Plains","Elm / ash / cottonwood group",-1.90366151878545,0.0455591315459993,-0.507626559023872,0.235960326685469,1.69922643200629,0.0264961618489588,-0.329495054649898,-0.253326378195287,-0.512071934975083,"Moderate"
"17169",6.089513012,0.674324324324324,37,11.03003566,954.7714286,-1028.61938566858,0.541384467708186,60.5442336663329,22.4768494371717,2,40.15726098,"Interior River Valleys and Hills","Oak / hickory group",-0.450265301736695,0.534955667228622,-0.121189028128231,0.331491607226047,-0.480059955851555,-0.218945845139329,-0.294627175855078,-0.354685228028511,0.284035637349215,"Moderate"
"17171",7.670019373,0.476190476190476,11,11.57049147,945.6410256,-575.182796195735,0.646951900742559,66.4410118342128,13.2373916361685,0,39.64290875,"Interior River Valleys and Hills","Unknown",-1.65525145861447,0.767974222240751,-1.40205945788448,1.34001979314407,0.365917423219985,-0.214159787055625,-0.322965659080874,-0.229158509337171,-1.44086410268676,"Moderate"
"17173",11.00668871,0.624624624624625,31,11.62244155,1007.022901,-1301.59071810361,0.658571576521848,20.8836935861188,16.2422662588845,4,39.39113599,"Central Corn Belt Plains","Oak / hickory group",-0.752522844822736,-1.03228011430915,-0.985492259650838,-0.275647933560421,0.459033098943797,-0.204055751002969,-0.132451697496615,-0.217092540283841,-0.114018148812934,"Moderate"
"17175",7.227709032,0.740740740740741,6,9.786698776,941.1052632,-1008.23500116213,0.463008979071311,2.41392569707452,23.3789314997339,5,41.09267824,"Central Corn Belt Plains","Oak / hickory group",-0.0463420795058931,-1.76213606316569,0.00386703728547634,0.376830309052571,-1.10813140321626,-0.215499182476792,-0.337043529103544,-0.64346369314749,-1.77257559115522,"Low"
"17177",30.57564167,0.447852760736196,17,8.154511912,874.7857143,-1309.43403706013,0.671841412758426,17.7364634004458,16.391515670906,4,42.35138962,"Central Corn Belt Plains","Oak / hickory group",-1.82759230376315,-1.15664684632405,-0.964801742670925,-0.293092948855706,0.565372534861251,-0.144797434924712,-0.542882792063242,-1.0225567800162,-1.04281031652462,"Low"
"17179",79.14964437,0.5,27,10.660728,949.3301887,-1346.12560630728,0.6021295094099,27.5598092262215,23.9031765679923,6,40.50752548,"Central Corn Belt Plains","Unknown",-1.5104496144947,-0.768465065606047,0.0765433804584302,-0.374701894032217,0.00672777492214821,0.00229339875792575,-0.31151542116404,-0.440460934181761,-0.3793873395877,"Moderate"
"17181",15.71731412,0.724756918474196,45,13.49567204,1193.790323,-1803.67697155141,0.608993808794907,36.2018763177785,22.8289704948765,2,37.47108591,"Interior Plateau","Oak / hickory group",-0.143550530997585,-0.426962989614523,-0.0723743184101349,-1.39238211452446,0.0617356673751162,-0.18979112836104,0.447227584510123,0.217985540868197,0.814774018898747,"Moderate"
"17183",32.96778484,0.580555555555556,35,10.7260641,1003.622378,-1356.72003383519,0.702013189360894,25.6615089158306,17.8967264281685,4,40.18338069,"Interior River Valleys and Hills","Oak / hickory group",-1.02053670855613,-0.843478773551822,-0.756133659429155,-0.398265891785431,0.80715771196011,-0.13755359431852,-0.143006068863841,-0.425285916921628,0.151351041961832,"Moderate"
"17185",19.69211848,0.333333333333333,5,12.83858331,1131.888889,-2027.00444236077,0.665767161499852,7.57915917059886,9.04921563946078,2,38.44123352,"Interior River Valleys and Hills","Oak / hickory group",-2.5240625233331,-1.5580254105288,-1.98266828843895,-1.88910437785763,0.516695788521523,-0.177754704460611,0.255101043210499,0.0653695625776507,-1.83891788884891,"Moderate"
"17187",12.08811445,0.71523178807947,24,10.2719451,946.5340909,-1266.38488735438,0.650568012420014,41.6154965404157,16.3760998650414,3,40.84918762,"Interior River Valleys and Hills","Oak / hickory group",-0.201479301756365,-0.213037024324752,-0.966938843170554,-0.197343550006954,0.394895571038804,-0.200780998978828,-0.320193808153419,-0.530759975874556,-0.578414232668775,"Low"
"17189",9.585520475,0.517391304347826,28,12.78396213,1025.159091,-1392.93411761862,0.619184168333517,31.8894759729828,19.1314197425702,4,38.35334878,"Interior River Valleys and Hills","Oak / hickory group",-1.40468131096373,-0.597372875889656,-0.584967537964413,-0.478812819560374,0.143397344717057,-0.208359304526867,-0.0761615078856144,0.0526832016031077,-0.313045041894009,"Moderate"
"17191",8.821348136,0.668863261943987,38,12.77203483,1095.772727,-1202.11149501024,0.730221338912913,30.5141386950112,18.3982713405699,3,38.42952448,"Interior River Valleys and Hills","Elm / ash / cottonwood group",-0.483477721684783,-0.651721046372467,-0.686604249660122,-0.0543874470180168,1.03320712644862,-0.210673356080636,0.143005525518987,0.0499129569241816,0.350377935042906,"Moderate"
"17193",10.69579436,0.498181818181818,30,13.21864294,1120.025974,-1610.73169452495,0.632934614571091,24.2566995181835,15.5543188265358,1,38.08701082,"Interior River Valleys and Hills","Maple / beech / birch group",-1.52150720986384,-0.898991571657449,-1.08086273942363,-0.9632355596618,0.253588206943852,-0.20499719512095,0.218281527386657,0.153642530280495,-0.180360446506626,"Moderate"
"17195",31.37076429,0.669642857142857,19,9.246379205,945.9541284,-1654.42954973999,0.67042394095379,52.657158300585,19.520890790237,4,41.75514364,"Central Corn Belt Plains","Oak / hickory group",-0.478736475141324,0.223288032348082,-0.530974981372139,-1.06042780146956,0.554013453298632,-0.142389660342533,-0.321993866439767,-0.768958768854683,-0.910125721137233,"Low"
"17197",318.5834433,0.878612716763006,20,9.762147143,949.703125,-621.936766076554,0.672005954801399,48.2464779712671,19.3574259434151,11,41.44490291,"Central Corn Belt Plains","Oak / hickory group",0.792150808473464,0.0489944897223135,-0.553636190840088,1.23603017800695,0.566691112402263,0.727342090213915,-0.310357920330633,-0.649166075973209,-0.843783423443541,"Low"
"17199",61.49646879,0.761806981519507,41,13.39317317,1153.545455,-1470.5311313681,0.702239101004808,51.007987874977,22.9845873263658,2,37.73044344,"Interior River Valleys and Hills","Elm / ash / cottonwood group",0.0817760020584374,0.158119002989449,-0.0508010830406996,-0.651403160362823,0.808968082212818,-0.0511635981720015,0.322317597870719,0.194179067549555,0.549404828123981,"Moderate"
"17201",213.4531825,0.508474576271186,18,8.483126082,886.597561,-903.901724969428,0.683527955806214,52.1776993797519,15.8489276970184,5,42.33644333,"Central Corn Belt Plains","Oak / hickory group",-1.45890997506224,0.204341614195749,-1.04002097157617,0.608887121873608,0.659024059519952,0.408988715017493,-0.506221779447082,-0.946232577903211,-0.976468018830924,"Low"
"17203",28.17972324,0.83743842364532,26,10.2074048,946.0238095,-1183.15797709963,0.57614257456326,37.6758428662262,22.8113847211517,4,40.78532646,"Central Corn Belt Plains","Maple / beech / birch group",0.541742038375168,-0.368717360310312,-0.074812242586382,-0.012231261392646,-0.201521667161995,-0.152052707698522,-0.321777593764452,-0.545750159960753,-0.445729637281392,"Low"
"18001",40.49142464,0.435643564356436,16,9.953470196,917.9464286,-982.10450451289,0.619965948872805,-10.3814214760171,11.006638282466,4,40.74568988,"Eastern Corn Belt Plains","Oak / hickory group",-1.90184469810556,-2.26776018947131,-1.71130985637939,0.43494944410833,0.149662237521836,-0.114770657171158,-0.408922749094281,-0.604729223581708,-1.10915261421831,"Low"
"18003",220.582668,0.714285714285714,36,9.740941179,891.9019608,-1625.72223220295,0.680090256092456,47.1447175609275,22.5923687820645,9,41.09188698,"Eastern Corn Belt Plains","Oak / hickory group",-0.207233017416754,0.00545705089082939,-0.105174526398277,-0.996577332516755,0.631475637527603,0.430578081914022,-0.489758251522278,-0.654091390917287,0.217693339655523,"Low"
"18005",79.01561812,0.710227272727273,32,11.55782014,1080.857143,-2285.47381964822,0.641404363872083,19.7683860877112,21.9840712432214,6,39.20735008,"Eastern Corn Belt Plains","Oak / hickory group",-0.231915149937166,-1.0763528832474,-0.189503103548447,-2.46398884515244,0.321461566265881,0.00188754312009382,0.0967112899866718,-0.232101563046512,-0.0476758511192429,"Moderate"
"18009",27.89319995,0.770114942528736,16,9.960405572,951.5,-1480.76129849348,0.487693094927189,109.376418636253,30.065043147361,4,40.47461826,"Eastern Corn Belt Plains","Oak / hickory group",0.132302341208921,2.46462045295124,0.930765875284881,-0.67415697452809,-0.910322258518624,-0.152920351854922,-0.304780870550207,-0.603118407348331,-1.10915261421831,"Low"
"18011",61.0585611,0.780487804878049,22,10.36243943,1025.924242,-1109.376369948,0.756581604725837,25.9044346240674,12.4058367766841,4,40.05177794,"Eastern Corn Belt Plains","Elm / ash / cottonwood group",0.195386744282126,-0.833879260750582,-1.51733830358883,0.151872898135498,1.2444483013362,-0.0524896615725402,-0.0737866708955382,-0.509741687061875,-0.711098828056158,"Low"
"18013",18.67844179,0.776724137931034,37,11.37454426,1105.142857,-2256.18886818837,0.663712729536978,32.3285918370032,21.8542284791588,5,39.19608266,"Interior Plateau","Oak / hickory group",0.172497335869749,-0.580020664020081,-0.20750326769093,-2.3988536098049,0.500232349774584,-0.180824300152316,0.17208806128751,-0.27466937230305,0.284035637349215,"Moderate"
"18015",20.88776014,0.46448087431694,28,10.23654175,955.6323529,-1680.9171943456,0.688794549064088,7.59554294655177,17.6301587242624,5,40.58077457,"Eastern Corn Belt Plains","Oak / hickory group",-1.72646548031271,-1.55737798515692,-0.793088067016175,-1.11934130069642,0.701228540891413,-0.174134086047892,-0.291955082538471,-0.538982787571558,-0.313045041894009,"Low"
"18017",35.34316068,0.630434782608696,25,10.04296134,952.7246377,-1601.7389722836,0.565629562247837,70.3800095298383,28.4668769990225,4,40.76128149,"Eastern Corn Belt Plains","Oak / hickory group",-0.717187338012467,0.923628636413967,0.70921134196346,-0.943234055462333,-0.285768961513204,-0.130360528209204,-0.300979901970931,-0.583943935588867,-0.512071934975083,"Low"
"18019",121.5895824,0.813747228381375,35,12.54097414,1157.172414,-1560.78915878083,0.667968477043686,71.6604532062603,31.372461114709,3,38.48000543,"Eastern Corn Belt Plains","Oak / hickory group",0.397659830303093,0.97422696769926,1.11201384997948,-0.852153974841483,0.534336296590671,0.130809179201776,0.333574769846825,-0.0037533922899327,0.151351041961832,"Moderate"
"18021",28.32168956,0.736111111111111,38,11.47111828,1081.016129,-1947.94675974934,0.677745337084729,30.9111257754073,21.2729857667159,4,39.39546604,"Interior River Valleys and Hills","Oak / hickory group",-0.0744979936402953,-0.636033606011176,-0.28808122138845,-1.71326523501368,0.612684345750659,-0.151622808097852,0.0972047426956201,-0.252239009603402,0.350377935042906,"Moderate"
"18025",13.36896389,0.804428044280443,42,12.46725752,1177.045455,-1712.96578983167,0.692080382823453,33.259235969504,19.3990759110714,4,38.29008153,"Interior Plateau","Oak / hickory group",0.340983558475816,-0.54324509864998,-0.54786223601284,-1.19062339970913,0.727559966710086,-0.196902356052999,0.395255709781684,-0.0208748761381982,0.615747125817672,"Moderate"
"18027",29.91469009,0.753623188405797,32,12.4082911,1151.492958,-1977.97979870732,0.66643339254792,61.2602818041803,28.5099392114097,3,38.70177884,"Interior River Valleys and Hills","Oak / hickory group",0.0320048119985219,0.563251203816581,0.715181076949496,-1.78006435753952,0.522034711517946,-0.146798915418846,0.31594716145017,-0.0345704661912971,-0.0476758511192429,"Moderate"
"18029",62.78638902,0.60981308411215,38,11.54139012,1100.681818,-1193.04691208602,0.618718993841733,36.8160363775723,21.8018780767763,4,39.14635634,"Interior Plateau","Oak / hickory group",-0.842601856802102,-0.402693687699988,-0.214760628873996,-0.0342261111556082,0.139669612725675,-0.0472574872594083,0.15824211397597,-0.235917613240575,0.350377935042906,"Moderate"
"18031",27.55283338,0.634146341463415,31,11.10591519,1083.842105,-2305.76706857047,0.665026890135396,74.1963802633621,26.1634417194488,4,39.3071195,"Eastern Corn Belt Plains","Elm / ash / cottonwood group",-0.694614834210127,1.07443729300551,0.389885013513437,-2.50912484431327,0.510763534504317,-0.153951043166243,0.105975864131607,-0.337061384893693,-0.114018148812934,"Moderate"
"18033",45.96310623,0.817307692307692,16,9.19320003,898.7285714,-1308.93970463297,0.592602375664009,34.9786127043036,16.1138775651014,5,41.39804187,"Eastern Corn Belt Plains","Elm / ash / cottonwood group",0.419313423486103,-0.475301779288431,-1.00329084533884,-0.291993460641524,-0.0696190624001973,-0.0982014192664749,-0.468570162674815,-0.781310208541237,-1.10915261421831,"Low"
"18035",112.7099073,0.579545454545455,15,10.12716929,966.4603175,-717.092327218512,0.720807061674769,34.2020353990495,15.2954387055323,5,40.22787045,"Eastern Corn Belt Plains","Oak / hickory group",-1.02667981709455,-0.505989201533888,-1.11675141373622,1.02438632815778,0.957764678386209,0.103919922795283,-0.258347793442183,-0.564385726655514,-1.175494911912,"Low"
"18037",38.43624167,0.736051502145923,38,12.63895072,1166.633803,-1677.05518901974,0.720956426279592,43.5577387777468,16.8400888517533,3,38.36589964,"Interior Plateau","Oak / hickory group",-0.0748605161398781,-0.136286896247756,-0.902615829243556,-1.11075147509407,0.958961629692897,-0.12099412156825,0.362940550685768,0.0190027301689963,0.350377935042906,"Moderate"
"18039",171.0464999,0.451612903225806,33,9.516393476,943.1111111,-1443.65303839792,0.724061009908193,31.6374382835017,16.4304036289916,7,41.59737491,"Southern Michigan/Northern Indiana Drift Plains","Oak / hickory group",-1.80472432996391,-0.607332460011606,-0.959410686544229,-0.591621230599136,0.983840585690407,0.280573638008635,-0.330817879801137,-0.706245028320625,0.0186664465744486,"Low"
"18041",41.42204108,0.515527950310559,25,10.59662218,1067.366667,-1779.29600996005,0.591962648632998,35.7912275786195,23.2878576825768,4,39.63684051,"Eastern Corn Belt Plains","Oak / hickory group",-1.41601362919919,-0.443190287486708,-0.0087585693068163,-1.3381542742144,-0.0747455922537715,-0.111952582884718,0.0548402326156003,-0.455350205579579,-0.512071934975083,"Moderate"
"18043",202.5122076,0.758389261744966,30,12.64605768,1162.615385,-1568.8412393869,0.583063563490943,42.7538155413947,20.1864237624185,3,38.32097956,"Interior Plateau","Oak / hickory group",0.0609905327648354,-0.168054927118551,-0.438711828873893,-0.870063315276375,-0.146059486209674,0.375857471350358,0.350468388056448,0.0206533986457966,-0.180360446506626,"Moderate"
"18045",16.05816945,0.58187134502924,31,10.73452082,1009.53125,-1874.97686967793,0.637572847510058,34.8053887832994,23.5570332224202,4,40.1235687,"Eastern Corn Belt Plains","Oak / hickory group",-1.01253450138109,-0.482146938902167,0.0285573638166241,-1.55096648681183,0.290757246982488,-0.18875895699636,-0.124666410684966,-0.42332175205773,-0.114018148812934,"Moderate"
"18047",22.84920483,0.611528822055138,38,10.98599747,1085.742424,-1289.24564857378,0.654353503372523,22.2076452215598,20.9840825462431,4,39.41430627,"Interior Plateau","Oak / hickory group",-0.832167292038922,-0.979962511677109,-0.328132012261133,-0.248190179009943,0.425231060142341,-0.16819447805519,0.111873978169417,-0.364913574889665,0.350377935042906,"Moderate"
"18049",21.03374762,0.440944881889764,17,9.79491813,968.7090909,-1834.47037884715,0.622838315495382,14.2612601287938,18.1587617841449,4,41.04706452,"Southern Michigan/Northern Indiana Drift Plains","Oak / hickory group",-1.86960379479176,-1.29397384450498,-0.719807573391468,-1.46087243912379,0.172680294485569,-0.173692009650091,-0.251368164254456,-0.641554659109384,-1.04281031652462,"Low"
"18051",26.70565169,0.498181818181818,34,12.98543924,1150.797297,-1249.66616334909,0.641727985146748,56.4005970637955,22.7940775923803,3,38.30840699,"Interior River Valleys and Hills","Oak / hickory group",-1.52150720986384,0.37121469103284,-0.0772115380802001,-0.160157965995038,0.324054944449698,-0.156516461993932,0.313788004008889,0.0994784437704811,0.0850087442681401,"Moderate"
"18053",61.59063538,0.618090452261307,23,9.983073875,975.4857143,-1106.00278924214,0.756061642116655,18.210266390921,16.8458877924801,4,40.51587911,"Eastern Corn Belt Plains","Oak / hickory group",-0.792261573558941,-1.13792392932468,-0.901811919332299,0.159376375596998,1.24028151814665,-0.0508784447677474,-0.230335223151151,-0.597853448324408,-0.644756530362466,"Low"
"18055",22.89990652,0.679864253393665,44,11.83319244,1119.940476,-2066.88012165602,0.62357625608698,45.8693862926329,21.1748037462394,4,39.03638045,"Interior River Valleys and Hills","Oak / hickory group",-0.416573240024296,-0.0449392572013637,-0.30169224158797,-1.97779538214698,0.178593870572877,-0.168040944200933,0.218016163016778,-0.168143362213243,0.748431721205055,"Moderate"
"18057",323.5215219,0.760869565217391,17,10.52691526,995.1428571,-1476.80770773922,0.754088271138821,51.1503218140575,17.845292661239,5,40.07302367,"Eastern Corn Belt Plains","Oak / hickory group",0.0760749384697555,0.16374350638257,-0.76326394700337,-0.665363445722019,1.22446767139696,0.742295482104438,-0.169324377134291,-0.471540393150474,-1.04281031652462,"Moderate"
"18059",96.6829472,0.691588785046729,17,10.57539997,1037.62,-1111.90274193423,0.658641406358147,32.7244041287329,20.1737173633166,4,39.82319761,"Eastern Corn Belt Plains","Oak / hickory group",-0.345268420222515,-0.564379646900379,-0.440473323025263,0.146253772076022,0.459592688773684,0.0553873993986192,-0.0374859685173447,-0.460279293833212,-1.04281031652462,"Moderate"
"18061",32.03322891,0.774896265560166,40,12.67111327,1163.551282,-1258.05936712984,0.575701314498241,67.1627107278161,29.5840382033827,4,38.19449381,"Interior Plateau","Oak / hickory group",0.161380805684824,0.796493055500805,0.864083931108301,-0.178826028475133,-0.205057758005202,-0.140383598090615,0.353373177848921,0.0264728309460533,0.483062530430289,"Moderate"
"18063",158.282579,0.574468085106383,27,10.74109141,1054.048387,-1541.65520404962,0.718203115425686,32.8313864212952,12.663288826273,7,39.76694091,"Eastern Corn Belt Plains","Oak / hickory group",-1.05755874033286,-0.560152107977423,-1.48164760349572,-0.809596463818963,0.936897640515494,0.241922185340926,0.0135036284836191,-0.421795661325972,-0.3793873395877,"Moderate"
"18065",47.44827197,0.36,18,10.17448677,1028.190476,-883.173813423095,0.718013783233711,62.8371079495035,20.4742530078957,4,39.93031075,"Eastern Corn Belt Plains","Elm / ash / cottonwood group",-2.36188445791895,0.625561458573996,-0.398809923665692,0.654989892393287,0.935380404120358,-0.0937040697644646,-0.0667528483802859,-0.553395729154806,-0.976468018830924,"Low"
"18067",108.6688183,0.666666666666667,15,10.10143945,974.1136364,-1584.23753816361,0.648252525359164,62.0360790808249,26.7768390725105,4,40.48364181,"Eastern Corn Belt Plains","Maple / beech / birch group",-0.496836705656293,0.593907802257195,0.474920580334488,-0.904307577066495,0.376340135724069,0.0916827770597983,-0.234593809169055,-0.570361760824992,-1.175494911912,"Low"
"18069",36.67903095,0.619047619047619,34,9.795312473,948.7857143,-1157.79103548817,0.65594462071423,55.1356031664291,29.2751682375205,4,40.82899629,"Eastern Corn Belt Plains","Oak / hickory group",-0.786440393895838,0.321226877065359,0.821265140824983,0.04418958376993,0.437981671195792,-0.126315272294847,-0.313205333279779,-0.641463068674212,0.0850087442681401,"Low"
"18071",33.37052007,0.786301369863014,52,11.96041463,1139.243902,-1696.13611956893,0.59062852532337,44.0865383195931,23.8629622928331,5,38.91035318,"Eastern Corn Belt Plains","Oak / hickory group",0.230742971372915,-0.115390721824358,0.0709684563649505,-1.15319105037135,-0.085436750581642,-0.13633403946528,0.277929160712651,-0.138594629902591,1.27917010275459,"Moderate"
"18073",23.06418048,0.251082251082251,13,9.900460181,959.576087,-1485.07002778842,0.615246102690814,37.4536849131273,20.4060758895467,5,41.0205496,"Central Corn Belt Plains","Oak / hickory group",-3.02428707574685,-0.377496209326125,-0.408261350011267,-0.683740398187151,0.111839179899875,-0.16754349304629,-0.279714720022178,-0.617041374025106,-1.30817950729938,"Low"
"18075",20.81543736,0.704641350210971,19,9.999030917,941.0857143,-1240.80410136571,0.828323601275285,17.233648691917,12.6652146802861,4,40.43770299,"Eastern Corn Belt Plains","Oak / hickory group",-0.265886928958935,-1.17651619760107,-1.48138062143784,-0.140447074763296,1.81936145841278,-0.174353092459,-0.337104203991031,-0.594147252396419,-0.910125721137233,"Low"
"18077",34.43805825,0.742469879518072,37,11.99992288,1157.481481,-1552.82674426572,0.643814274681624,23.2921477092169,15.9780580530705,3,38.7857667,"Eastern Corn Belt Plains","Oak / hickory group",-0.035826015190639,-0.93710704121742,-1.02211956889504,-0.834444068643161,0.340773677698844,-0.133101341475492,0.334534036375931,-0.129418410696553,0.284035637349215,"Moderate"
"18079",28.33658076,0.758101851851852,44,11.77911114,1120.555556,-1902.04868807117,0.63813774301925,29.9065208309081,22.1629151656218,5,38.99578434,"Eastern Corn Belt Plains","Oak / hickory group",0.0592425984981058,-0.67573182525238,-0.164709885517901,-1.61117929832177,0.295284105394967,-0.151577714860714,0.219925217224191,-0.180704330207207,0.748431721205055,"Moderate"
"18081",188.1594246,0.551867219917012,30,11.12320744,1049.857143,-1056.43959595408,0.708271856849914,21.616027265594,17.5801993331293,5,39.48991395,"Eastern Corn Belt Plains","Oak / hickory group",-1.19500991257403,-1.00334103420138,-0.800013961172439,0.269614231508061,0.857312300043326,0.332394657915467,0.000495057253058817,-0.333045072438304,-0.180360446506626,"Moderate"
"18083",27.56992474,0.663594470046083,25,12.54605294,1130.694118,-1525.17660444895,0.675048105143965,36.4328313587646,20.7390480284631,4,38.69111096,"Interior River Valleys and Hills","Elm / ash / cottonwood group",-0.515520814574975,-0.417836512682342,-0.362101264013103,-0.772944961607696,0.591069751719064,-0.153899287448134,0.251392773384712,-0.00257378595192416,-0.512071934975083,"Moderate"
"18085",57.5079939,0.72979797979798,35,9.571908555,958.6707317,-1740.55993075061,0.653491356491721,86.2605463437225,26.0677260296375,5,41.24485305,"Southern Michigan/Northern Indiana Drift Plains","Oak / hickory group",-0.112892422005385,1.55116788510825,0.376615901907158,-1.25199795467236,0.418322141950135,-0.0632414189008328,-0.282524716030288,-0.693351049616315,0.151351041961832,"Low"
"18087",40.21108663,0.71191135734072,31,9.146206058,921.6181818,-1539.51773902881,0.590878979217373,35.8709376641945,16.5038711655606,6,41.64244321,"Southern Michigan/Northern Indiana Drift Plains","Oak / hickory group",-0.22167309051457,-0.440040443888766,-0.949225847004397,-0.804842339934944,-0.0834297080426997,-0.11561957118507,-0.397526547144875,-0.792225067803149,-0.114018148812934,"Low"
"18089",376.2344017,0.436708860759494,16,9.784141973,970.2314815,-1140.3731611235,0.519237333445169,19.1111108742213,19.4746094971302,6,41.41849586,"Central Corn Belt Plains","Unknown",-1.89536590899029,-1.10232593431569,-0.537390979049508,0.0829302095671798,-0.657538692041647,0.901919581511725,-0.246643045277647,-0.644057538351837,-1.10915261421831,"Low"
"18091",71.00489023,0.529411764705882,24,9.63463946,992.5326087,-2186.76361534905,0.660180808841924,25.4851759908867,19.7000816826962,10,41.54541779,"Southern Michigan/Northern Indiana Drift Plains","Oak / hickory group",-1.3315767482291,-0.850446789339715,-0.506133662717304,-2.24443880092425,0.471928876565024,-0.0223703845417922,-0.177425934151934,-0.678781117126945,-0.578414232668775,"Low"
"18093",39.15815796,0.77027027027027,43,11.88809946,1160.522388,-2125.03088303564,0.623690639198546,70.3614823531053,29.0265734461168,4,38.84116701,"Interior Plateau","Oak / hickory group",0.133246994432438,0.922896511882932,0.786802326647094,-2.1071336032908,0.179510493456954,-0.118808028945803,0.343972249783456,-0.155390611801105,0.682089423511364,"Moderate"
"18095",110.6273354,0.576271186440678,22,10.26125477,994.6428571,-1237.85457037231,0.682345708726993,28.0573160226009,15.9544082992433,9,40.16129302,"Eastern Corn Belt Plains","Elm / ash / cottonwood group",-1.04659285960255,-0.748805463107769,-1.02539814551725,-0.133886763550782,0.649549979713837,0.0976135197824009,-0.1708762518558,-0.533242920866169,-0.711098828056158,"Low"
"18097",931.967694,0.747663551401869,25,11.1953597,1023.396825,-1247.98204123942,0.702196182241514,62.698388850028,29.5377883941757,8,39.78152521,"Eastern Corn Belt Plains","Elm / ash / cottonwood group",-0.00423977799651257,0.620079800083189,0.857672298058937,-0.156412161938721,0.808624147517801,2.58478013913268,-0.081631140001567,-0.316286928152716,-0.512071934975083,"Moderate"
"18099",40.32829435,0.566371681415929,30,9.667730036,979.5915493,-1632.28824271066,0.672682127831081,28.6289145856148,24.9452670334358,7,41.32472634,"Southern Michigan/Northern Indiana Drift Plains","Oak / hickory group",-1.10679845610772,-0.726218031902367,0.221008877359404,-1.01118137378691,0.572109706669521,-0.115264645086941,-0.21759174005677,-0.671095472254543,-0.180360446506626,"Low"
"18101",11.69367084,0.7,40,12.14229766,1174.839286,-2337.41059504471,0.653216357611923,42.5453443061879,25.1951076859738,5,38.70978372,"Interior Plateau","Oak / hickory group",-0.294114123888615,-0.176292928380679,0.255644405858943,-2.57950599372209,0.416118405202048,-0.201975445312477,0.388408313976726,-0.096350325152609,0.483062530430289,"Moderate"
"18103",36.85423423,0.648535564853556,18,9.956228327,956.1666667,-1615.23281424574,0.677005791172309,43.5677526495998,24.4831301770963,4,40.7692331,"Eastern Corn Belt Plains","Oak / hickory group",-0.607104218751689,-0.135891185593085,0.156942625146909,-0.973246895782438,0.606757905230992,-0.125784725189675,-0.290296706379323,-0.604088617767606,-0.976468018830924,"Low"
"18105",144.1740054,0.740740740740741,41,11.5025381,1119.368421,-2111.54715097148,0.651986912356483,30.6114741308113,22.641399973944,8,39.16125651,"Interior Plateau","Oak / hickory group",-0.0463420795058931,-0.647874715044428,-0.0983773089460437,-2.07714324928368,0.406266097108411,0.19919888197814,0.216240647629151,-0.244941415917671,0.549404828123981,"Moderate"
"18107",29.29924526,0.611275964391691,40,10.5748264,1026.486111,-1810.04091370964,0.714573034155013,51.1709479235307,17.4354301614038,5,40.04035801,"Eastern Corn Belt Plains","Oak / hickory group",-0.833705090789534,0.164558572862626,-0.820083380309065,-1.40653671781218,0.907807545673644,-0.148662593273221,-0.0720427702997385,-0.460412511681383,0.483062530430289,"Moderate"
"18109",67.06125037,0.717829457364341,38,11.17530954,1063.84127,-2113.76248141487,0.706750848014098,34.2416559413604,22.8046581883972,4,39.47893838,"Interior Plateau","Oak / hickory group",-0.185681115036135,-0.504423546314166,-0.0757447450216536,-2.08207056050018,0.845123511972205,-0.0343124367200756,0.0438982836404264,-0.320943795092561,0.350377935042906,"Moderate"
"18111",13.43629493,0.345070422535211,18,9.965441,971.5692308,-1240.32182827345,0.509205754737815,5.5748906719046,20.5842310109699,4,40.95591435,"Central Corn Belt Plains","Oak / hickory group",-2.45268133256983,-1.63722658380101,-0.383563620787823,-0.139374408776152,-0.737927960008729,-0.196698465530172,-0.242491006632872,-0.601948874627337,-0.976468018830924,"Low"
"18113",44.77091779,0.567114093959732,31,9.23484462,931.027027,-1858.69506548708,0.686136108617128,22.8186206867845,16.7173403600295,7,41.39681879,"Eastern Corn Belt Plains","Oak / hickory group",-1.10228334247923,-0.955819052994873,-0.919632511037278,-1.51475269457429,0.679924807182129,-0.10181158070673,-0.368323849095916,-0.77163780121908,-0.114018148812934,"Low"
"18115",26.39754331,0.627906976744186,22,11.88272745,1113,-1611.19182648721,0.539623776215733,18.01876687165,22.0811443649807,3,38.95179817,"Interior Plateau","Maple / beech / birch group",-0.732560637944295,-1.14549127203211,-0.176045810505546,-0.964258979615008,-0.494169469849627,-0.157449469692694,0.196474664497486,-0.156638319339075,-0.711098828056158,"Moderate"
"18117",18.94948669,0.794183445190157,37,12.17099738,1177.78125,-2061.49799674576,0.60622026449505,32.3396791393105,20.781779917783,3,38.54103406,"Interior Plateau","Oak / hickory group",0.278679211173088,-0.579582535420178,-0.356177321871008,-1.96582452492428,0.0395095350340187,-0.180003527350192,0.397539433103111,-0.089684504169095,0.284035637349215,"Moderate"
"18119",20.89769553,0.764044943820225,39,11.38083612,1101.55,-2104.65217502858,0.555268978528937,75.7107409112354,24.4066837581493,4,39.31257535,"Interior Plateau","Oak / hickory group",0.0953865669234463,1.13427914560508,0.146344821726091,-2.06180752706567,-0.368794750890052,-0.174103999896518,0.16093673337491,-0.273208019634336,0.416720232736598,"Moderate"
"18121",14.68282075,0.566265060240964,39,11.07653871,1068.231884,-1763.16758284484,0.693524835596262,59.6204279995875,24.8960214956177,5,39.77195232,"Interior River Valleys and Hills","Unknown",-1.10744689170352,0.498450332374823,0.214181945027747,-1.30228162141608,0.739135263520948,-0.192923760711153,0.0575256493974417,-0.343884390721129,0.416720232736598,"Moderate"
"18123",19.30914761,0.772300469483568,48,12.87496266,1185,-1524.73686873704,0.638540103518414,31.6366645450192,22.1281826996281,4,38.07867149,"Interior Plateau","Oak / hickory group",0.145594011213113,-0.607363035254225,-0.169524863799313,-0.771966906748181,0.298508469867425,-0.178914409270042,0.41994462439491,0.0738190608513831,1.01380091197982,"Moderate"
"18125",14.27974742,0.742496050552923,41,12.76183966,1160.346154,-1805.1059536378,0.640835920911372,51.92932056875,22.3200774720023,3,38.40111234,"Interior River Valleys and Hills","Elm / ash / cottonwood group",-0.035666851398063,0.194526615227235,-0.142922400229185,-1.39556043922245,0.316906279922057,-0.194144339392121,0.343425263604115,0.047545018208525,0.549404828123981,"Moderate"
"18127",156.5096076,0.691460055096419,28,9.632425699,968.2048193,-1802.5855367303,0.579268799005206,18.7670976825318,13.9887910203479,9,41.45980948,"Southern Michigan/Northern Indiana Drift Plains","Oak / hickory group",-0.346051314258846,-1.11592004529467,-1.2978926038481,-1.38995455837717,-0.176469289892144,0.23655330843506,-0.252933296952086,-0.67929528710931,-0.313045041894009,"Low"
"18129",24.03088598,0.636363636363636,32,13.31987361,1144.129032,-1716.74156505591,0.6693101041334,29.3314975709992,20.859386917316,5,38.02617219,"Interior River Valleys and Hills","Oak / hickory group",-0.681129961808733,-0.698454587633402,-0.345418626611516,-1.1990214333609,0.545087587366852,-0.16461613458257,0.293091380229231,0.17715445040589,-0.0476758511192429,"Moderate"
"18131",11.112765,0.666666666666667,16,9.909553022,954.1060606,-2487.31712329797,0.455925027161228,67.7507022490932,25.7823438144722,6,41.04176373,"Southern Michigan/Northern Indiana Drift Plains","Oak / hickory group",-0.496836705656293,0.81972827492854,0.337053229675041,-2.91292628336456,-1.16489950771691,-0.203734532880871,-0.296692311414481,-0.614929463165434,-1.10915261421831,"Low"
"18133",30.06542207,0.702662721893491,32,10.89583118,1085.860759,-1888.80129150371,0.669953876321292,33.4571999526914,19.5539101035115,4,39.66429469,"Eastern Corn Belt Plains","Oak / hickory group",-0.27792030818528,-0.535422304576084,-0.526397498267062,-1.58171459887206,0.55024653357382,-0.146342471820039,0.112241260359756,-0.385855672857437,-0.0476758511192429,"Moderate"
"18135",21.07613812,0.801724137931034,15,9.974423817,973.3285714,-1618.49541016669,0.639762098197665,63.3847175104231,16.7600922886693,5,40.15741111,"Eastern Corn Belt Plains","Oak / hickory group",0.324539272195509,0.647200934396806,-0.913705790834733,-0.980503522225762,0.308301071868609,-0.173563643576911,-0.23703045422554,-0.599862518033974,-1.175494911912,"Low"
"18137",24.61186168,0.64424778761062,37,11.37590142,1124.661972,-1814.38802338076,0.629547575590596,36.6141069754739,24.2164462123278,5,39.10225551,"Eastern Corn Belt Plains","Oak / hickory group",-0.63318109693367,-0.410673180255387,0.119972100261234,-1.4162055066404,0.226445760858237,-0.162856835465506,0.232670503596999,-0.27435415718576,0.284035637349215,"Moderate"
"18139",15.73406732,0.552238805970149,18,10.57968229,1064.671875,-1540.74391167322,0.713660758391766,35.2461327112666,18.1152414659754,4,39.61999554,"Eastern Corn Belt Plains","Elm / ash / cottonwood group",-1.19275004605281,-0.464730392052108,-0.725840815800004,-0.807569578321522,0.900496913625492,-0.189740396652351,0.0464762734465462,-0.459284678606509,-0.976468018830924,"Moderate"
"18141",228.4688932,0.630026809651475,29,9.706390922,983.9259259,-1625.77939344981,0.770774857409756,5.31942679298325,14.1001718489395,10,41.617606,"Southern Michigan/Northern Indiana Drift Plains","Oak / hickory group",-0.719668497947844,-1.64732155807837,-1.28245182660149,-0.996704469871656,1.35818764651979,0.454458992993994,-0.204138921098682,-0.66211606252023,-0.246702744200317,"Low"
"18143",48.2317155,0.673640167364017,32,12.28417961,1144.307692,-1217.84929801937,0.695700078326973,19.650310171147,21.0499445912881,3,38.6881803,"Eastern Corn Belt Plains","Oak / pine group",-0.454426123696528,-1.08101880057992,-0.31900152562887,-0.0893912783973623,0.756566833952069,-0.0913316615714917,0.293645896104721,-0.0633967047168721,-0.0476758511192429,"Moderate"
"18145",41.84557597,0.647619047619048,14,11.02437961,1043.277778,-871.507359999207,0.69519709365929,45.1929364983587,24.5568937411361,6,39.52300496,"Eastern Corn Belt Plains","Elm / ash / cottonwood group",-0.61267818095211,-0.0716700157804504,0.167168503115825,0.680938277196925,0.752536105547969,-0.110670042912697,-0.0199256432011151,-0.35599890693457,-1.24183720960569,"Moderate"
"18147",19.8109063,0.659420289855073,40,13.15421042,1182.819672,-1192.95157336294,0.718889440963613,30.1603740103335,21.0612280919696,3,38.01514285,"Interior River Valleys and Hills","Oak / hickory group",-0.540906832127527,-0.665700499777539,-0.31743728856233,-0.0340140599191886,0.942397593134179,-0.177394993534933,0.41317743257931,0.13867737926729,0.483062530430289,"Moderate"
"18149",28.72059421,0.265822784810127,15,9.821386642,971.74,-1663.53147016342,0.507054012920379,19.2533295395953,12.6330999737747,5,41.28180837,"Central Corn Belt Plains","Oak / hickory group",-2.93463990412839,-1.09670598610707,-1.48583269847707,-1.08067218294677,-0.755171203031987,-0.15041485293116,-0.241960981823487,-0.635407060363054,-1.175494911912,"Low"
"18151",43.25339111,0.68561872909699,23,8.85003006,922.72,-1946.16317852088,0.673526345673085,18.7233833341857,13.1097111626739,6,41.6443262,"Southern Michigan/Northern Indiana Drift Plains","Oak / hickory group",-0.381576374885373,-1.11764747237348,-1.41975986265702,-1.70929821518657,0.578874948343167,-0.106406924966816,-0.394106779520316,-0.861015152942714,-0.644756530362466,"Low"
"18153",17.82724872,0.541108986615679,42,12.03762308,1082.769231,-1295.70126332543,0.686063516614242,36.9871733685988,19.2976861314705,3,39.08949183,"Interior River Valleys and Hills","Oak / hickory group",-1.26043801747719,-0.39593099573112,-0.561917949385565,-0.262548679372776,0.679343082396578,-0.183401866161534,0.102645932051677,-0.120662130696515,0.615747125817672,"Moderate"
"18155",18.76904183,0.567901234567901,30,11.98450928,1137.944444,-944.722244255427,0.664815885541227,27.699464221647,21.9072074972582,4,38.82545439,"Eastern Corn Belt Plains","Oak / hickory group",-1.09749620719016,-0.762946424017741,-0.200158761212024,0.518094615888147,0.509072623695782,-0.180549946904189,0.273895968668924,-0.132998386330862,-0.180360446506626,"Moderate"
"18157",149.5956257,0.558659217877095,27,10.50788512,954.9459459,-1098.40007670903,0.705388365477702,21.7047648432464,18.23299803169,10,40.38872204,"Eastern Corn Belt Plains","Oak / hickory group",-1.15370317171917,-0.999834457977689,-0.709516167083377,0.176286236991263,0.834205093554323,0.215616525275173,-0.294085517882406,-0.475960349391553,-0.3793873395877,"Low"
"18159",22.45710424,0.647058823529412,7,10.10995551,991.6444444,-1019.80920490077,0.601518197698715,-47.3420306968102,-0.0251093237805637,5,40.31113761,"Eastern Corn Belt Plains","Elm / ash / cottonwood group",-0.616085283166693,-3.72830483059584,-3.24064627434986,0.351087104884714,0.00182895466708299,-0.169381829302044,-0.180182573603369,-0.568383813603038,-1.70623329346153,"Low"
"18161",17.10259644,0.650943396226415,22,10.60479373,1057.571429,-1621.90236413569,0.773255406651214,58.7339890544336,25.7094636595099,4,39.62552832,"Eastern Corn Belt Plains","Oak / hickory group",-0.592460564980673,0.463421590199754,0.326949819126737,-0.988081228096072,1.37806582756131,-0.185596243854753,0.0244382681288544,-0.453452274538515,-0.711098828056158,"Moderate"
"18163",300.3243822,0.758064516129032,17,13.41738456,1150.923077,-1571.65003572867,0.74013792989619,33.4840622524667,28.6481168809626,3,38.02654262,"Interior River Valleys and Hills","Oak / hickory group",0.0590155346744392,-0.534360807246569,0.734336713004646,-0.876310606176458,1.11267492639622,0.672050362742973,0.314178393613832,0.199802425251374,-1.04281031652462,"Moderate"
"18165",23.27607683,0.580459770114943,26,11.14499617,1039.386364,-2487.95694723471,0.618333488833243,11.3668787454592,19.1755274014252,4,39.85213377,"Interior River Valleys and Hills","Oak / hickory group",-1.02111924471064,-1.40834894026021,-0.578852872237274,-2.91434937203717,0.13658032176418,-0.166901832712709,-0.0320036172361743,-0.327984403775399,-0.445729637281392,"Moderate"
"18167",102.6503225,0.583769633507853,39,11.63757008,1051.942029,-1557.5860789035,0.678010652237514,43.9917024879139,19.0126167049182,5,39.42938888,"Interior River Valleys and Hills","Oak / hickory group",-1.00098972314137,-0.119138278173287,-0.601437259583482,-0.845029723263573,0.614810480782359,0.0734576871860035,0.00696602101431884,-0.213578775246282,0.416720232736598,"Moderate"
"18169",29.1988132,0.638051044083527,28,9.80813377,963.5774648,-1471.21728832981,0.603529577817803,29.5929032253915,18.0858253396601,4,40.84596676,"Eastern Corn Belt Plains","Oak / hickory group",-0.670867692324603,-0.688124816676393,-0.72991878738305,-0.652929302389987,0.0179473922624037,-0.148966719649734,-0.267295445904116,-0.638485183503957,-0.313045041894009,"Low"
"18171",8.701553913,0.706666666666667,18,10.52290606,979.8363636,-1550.48048765467,0.775554782339936,50.3127681244241,23.2577953046948,5,40.34698535,"Eastern Corn Belt Plains","Oak / hickory group",-0.253569607535077,0.130646526142321,-0.0129261310519473,-0.829225553025815,1.39649215244896,-0.211036114575963,-0.216831897809501,-0.472471573297427,-0.976468018830924,"Moderate"
"18173",62.81282767,0.675294117647059,41,13.13019836,1168.190476,-1696.73521851822,0.674332441831133,32.4433260596322,27.8236310488418,3,38.08921058,"Interior River Valleys and Hills","Oak / hickory group",-0.444367331551718,-0.575486797897547,0.620037849926139,-1.15452355901873,0.585334697296644,-0.0471774262627069,0.367772073642482,0.133100318118073,0.549404828123981,"Moderate"
"18175",21.00202579,0.712530712530713,36,12.1236495,1166.615385,-1608.84863681912,0.599135570154384,54.4221191689238,25.5750090628404,3,38.60195984,"Interior Plateau","Oak / hickory group",-0.217906372020172,0.293032665685904,0.308310314436314,-0.959047285455152,-0.0172645190238085,-0.173788069067912,0.362883385828527,-0.100681562399242,0.217693339655523,"Moderate"
"18177",63.59779194,0.483516483516484,20,10.28203758,1028.387097,-1538.11250774398,0.663895918651556,22.9240620128215,20.7840156467489,5,39.86338487,"Eastern Corn Belt Plains","Oak / hickory group",-1.61069704503915,-0.951652407288996,-0.355867381701027,-0.801716841482928,0.501700357876804,-0.0448004129949618,-0.0661425860610498,-0.528415888024232,-0.843783423443541,"Low"
"18179",29.38087413,0.740540540540541,24,9.877873403,937.0740741,-1294.39233721971,0.637477812327652,47.5321843960066,20.2998389480998,4,40.72927894,"Eastern Corn Belt Plains","Oak / hickory group",-0.047559632549542,0.0207682868666122,-0.422989027736285,-0.259637381737008,0.289995671066312,-0.148415406344546,-0.349555330027377,-0.622287397984308,-0.578414232668775,"Low"
"18181",18.46895059,0.567901234567901,23,10.14712868,948.2658228,-2204.5090466621,0.56723593959024,58.3071075412714,29.412801066857,5,40.74911893,"Central Corn Belt Plains","Oak / hickory group",-1.09749620719016,0.446552833986357,0.840345245421778,-2.28390797493002,-0.272896062600492,-0.181458677258265,-0.314818946233334,-0.559749942031826,-0.644756530362466,"Low"
"18183",39.00391043,0.650655021834061,24,9.48998104,945.4528302,-1272.95102267027,0.65640937290968,-16.6395469439018,12.5598675114922,5,41.13576607,"Eastern Corn Belt Plains","Maple / beech / birch group",-0.594214365020684,-2.51505783440466,-1.49598494955675,-0.211947868873955,0.441706019064482,-0.119275118263546,-0.323549770448803,-0.712379602808269,-0.578414232668775,"Low"
"19001",4.780235973,0.705882352941177,13,9.506964001,871.8068182,-800.610538347277,0.68661889076791,35.6935422511801,13.4391812605961,2,41.33077356,"Western Corn Belt Plains","Oak / hickory group",-0.258339550635492,-0.447050445219927,-1.37408526626765,0.838626131657678,0.683793640276215,-0.222910571957859,-0.552128539174431,-0.708435126074837,-1.30817950729938,"Low"
"19003",3.312706811,0.590909090909091,5,9.808979742,886.7878788,-1223.28876441752,0.686280907628613,12.8282975686619,8.6850301759223,2,41.02912107,"Western Corn Belt Plains","Elm / ash / cottonwood group",-0.957569846037385,-1.35059914999251,-2.03315549247628,-0.101489673864887,0.681085171554997,-0.227354514723403,-0.505631080681335,-0.638288697339316,-1.83891788884891,"Low"
"19005",8.314222695,0.74852652259332,30,7.689877995,823.1517857,-1179.49779499595,0.730363588486126,40.0072320568823,15.6974921769109,5,43.2837703,"Driftless Area","Oak / hickory group",0.00100853444114949,-0.276589604286398,-1.06101454975988,-0.00409032856354746,1.03434706058988,-0.212209023304914,-0.703141569196415,-1.13047304239057,-0.180360446506626,"Low"
"19007",9.675666736,0.657200811359026,26,10.30561551,927.4204545,-1129.6602826739,0.587562112880546,23.1125977812676,18.8820825120578,2,40.74328709,"Central Irregular Plains","Oak / hickory group",-0.554404984454421,-0.944202180897454,-0.619533276829087,0.106757664429824,-0.11000981717016,-0.208086325403328,-0.379517746484001,-0.522939658272101,-0.445729637281392,"Low"
"19009",4.818417765,0.307692307692308,8,9.103243086,838.4305556,-916.423154544396,0.513528918910906,24.1155072898663,25.3911455410806,3,41.68442743,"Western Corn Belt Plains","Oak / hickory group",-2.68000297084669,-0.904570958923639,0.282821226958973,0.581037109440725,-0.703283761591432,-0.222794950610954,-0.655720095629262,-0.802203683631865,-1.63989099576784,"Low"
"19011",13.78015375,0.776859504132231,28,8.902637924,880.3909091,-826.023855208323,0.605302951561938,47.8170407117947,25.2173644793656,4,42.08004602,"Western Corn Belt Plains","Oak / hickory group",0.173320589443471,0.0320247400010678,0.258729875713424,0.782102139225071,0.0321585370165736,-0.195657199056513,-0.525485671824724,-0.848796406427101,-0.313045041894009,"Low"
"19013",89.95612618,0.610294117647059,18,8.384113637,876.9318182,-938.448174940513,0.717757698350186,6.25154016776388,17.0542532911732,4,42.47048206,"Western Corn Belt Plains","Elm / ash / cottonwood group",-0.839676365998694,-1.61048793376434,-0.872926111138183,0.532049325083209,0.933328236966556,0.0350173731115805,-0.536221823278954,-0.969229291233865,-0.976468018830924,"Low"
"19015",17.85448649,0.7,20,8.863488598,841.75,-1068.55383465679,0.674814422330205,47.6546699810554,18.264823843143,3,42.03652792,"Western Corn Belt Plains","Oak / hickory group",-0.294114123888615,0.0256084577574477,-0.705104139703511,0.2426698880954,0.589197106257899,-0.183319385285463,-0.645417371921627,-0.857889261644547,-0.843783423443541,"Low"
"19017",22.19374065,0.7109375,16,7.91856928,891.0779221,-849.507635977851,0.747807838124979,41.8600196987403,11.3201158922084,4,42.77476359,"Western Corn Belt Plains","Elm / ash / cottonwood group",-0.227595776746095,-0.203374386287905,-1.66785230623331,0.729869797663215,1.17413866265092,-0.170179341713241,-0.492315861178429,-1.07735701316451,-1.10915261421831,"Low"
"19019",14.29327964,0.588235294117647,6,8.298664839,883.3695652,-1121.20897414049,0.496795457969305,-34.4017412782162,8.56430857977745,4,42.47094041,"Western Corn Belt Plains","Oak / hickory group",-0.973831015697896,-3.21695313041079,-2.04989118477178,0.125554962799024,-0.837379372550944,-0.194103361391324,-0.516240669613402,-0.989075700562057,-1.77257559115522,"Low"
"19021",13.39841703,0.75,7,8.063011752,784.3737374,-1059.30672432139,0.769036356806263,-18.185147045651,-5.96934309360555,2,42.73553951,"Western Corn Belt Plains","Oak / hickory group",0.0099697487629051,-2.57613415304557,-4.06469822927092,0.263237199221278,1.34425596189146,-0.196813166637337,-0.823498915008933,-1.04380868374637,-1.70623329346153,"Low"
"19023",9.655580177,0.830769230769231,13,8.12193833,851.1388889,-714.666295236557,0.491132362589756,27.0234625248198,17.209380848192,3,42.73180484,"Western Corn Belt Plains","Oak / hickory group",0.501182158430747,-0.789659475466488,-0.85142070412132,1.0297822791916,-0.882761271579058,-0.208147151123773,-0.616276613227678,-1.03012234742953,-1.30817950729938,"Low"
"19029",8.888600239,0.225,8,9.527079485,841.4772727,-491.609471911976,0.713909213580983,90.2579110665579,22.6900005668581,2,41.33146706,"Western Corn Belt Plains","Elm / ash / cottonwood group",-3.18291091407806,1.70912874526834,-0.0916397856332005,1.52590257165787,0.902487939302152,-0.21046970459327,-0.646263849127099,-0.703763086928088,-1.63989099576784,"Low"
"19031",12.31011169,0.479452054794521,17,9.314104398,928.4040404,-836.580683771377,0.794764727536485,51.8133670648839,19.1205602970594,4,41.77242387,"Western Corn Belt Plains","Elm / ash / cottonwood group",-1.63541558955696,0.189944567683604,-0.586472988060935,0.758621768635387,1.55043336918947,-0.200108751330049,-0.376464942294714,-0.753228858855145,-1.04281031652462,"Low"
"19033",28.99129791,0.648648648648649,10,7.633145825,838.1136364,-1059.43278725506,0.549678668487081,25.4784835656972,14.1920986408313,3,43.08185544,"Western Corn Belt Plains","Oak / hickory group",-0.606416479584768,-0.850711248880635,-1.269707971716,0.262956811566736,-0.41359337582078,-0.149595113344124,-0.656703733419745,-1.14364970366902,-1.50720640038046,"Low"
"19039",8.403386903,0.459649122807018,22,9.913876273,889.3333333,-686.226493279414,0.653272879420531,20.0522734104368,22.355023921921,2,41.02911079,"Central Irregular Plains","Oak / hickory group",-1.75585063452925,-1.06513472108419,-0.138077757254469,1.09303774322253,0.416571349544183,-0.211939018014834,-0.497730627694728,-0.613925341270419,-0.711098828056158,"Low"
"19041",10.98466169,0.953488372093023,7,7.671467781,738.8295455,-905.370026034146,0.611859316745944,-29.813759342629,0.621284410668975,1,43.08255447,"Western Corn Belt Plains","Oak / hickory group",1.2475203932749,-3.03565329334457,-3.15103640348209,0.605621344378891,0.0846987615458114,-0.204122452789012,-0.964856675251344,-1.13474901410013,-1.70623329346153,"Low"
"19043",8.692672172,0.720329024676851,35,8.007908085,853.1764706,-1173.8337521301,0.611380475343255,32.7269446746869,17.4014344194128,4,42.84442205,"Driftless Area","Oak / hickory group",-0.170479552869312,-0.564279254053592,-0.824796226191554,0.00850756717110999,0.0808615081126827,-0.211063010088287,-0.609952470161195,-1.05660710755529,0.151351041961832,"Low"
"19045",25.96427532,0.692982456140351,21,9.094896373,905.697479,-1637.64394356638,0.751580791688399,61.1025816743687,10.1116713525881,4,41.90012186,"Western Corn Belt Plains","Elm / ash / cottonwood group",-0.336792562155494,0.557019486202701,-1.83537954756472,-1.02309345894664,1.20437368187225,-0.158761483245514,-0.446940419592858,-0.804142298177888,-0.777441125749849,"Low"
"19047",9.189273328,0.742857142857143,11,8.95979315,779.8214286,-646.332615294936,0.747974321739978,7.34237318711024,19.3347941109222,2,42.03724306,"Western Corn Belt Plains","Elm / ash / cottonwood group",-0.0334708044730255,-1.56738230443744,-0.556773652543545,1.18176922481667,1.17547279921394,-0.209559212295568,-0.837628140911387,-0.835521485808075,-1.44086410268676,"Low"
"19049",59.3416198,0.753424657534247,25,9.412405727,842.7676768,-851.140405610512,0.558120123152108,31.7133167855375,11.2216618772371,4,41.68425934,"Western Corn Belt Plains","Oak / hickory group",0.030797411273286,-0.604334026223275,-1.68150103315902,0.726238211166051,-0.345946758982559,-0.0576888692384374,-0.642258758120453,-0.730397309921722,-0.512071934975083,"Low"
"19051",6.901870364,0.686274509803922,29,10.51898115,927.9204545,-940.450081838003,0.553048402900698,34.7833987985132,17.7212150903182,3,40.74778168,"Central Irregular Plains","Oak / hickory group",-0.377588128145892,-0.483015900618843,-0.780464879678357,0.527596707939873,-0.386589601972545,-0.216485880682789,-0.377965871762492,-0.473383176178444,-0.246702744200317,"Low"
"19053",5.740545597,0.562138728323699,29,10.19855494,909.1590909,-789.326352580642,0.601308795587451,29.394563014098,14.47991128843,4,40.73745879,"Central Irregular Plains","Oak / hickory group",-1.13254191148847,-0.695962477873851,-1.22980836747959,0.863724281354898,0.000150885548916048,-0.220002581359267,-0.436196443586283,-0.547805635850036,-0.246702744200317,"Low"
"19055",11.4336823,0.496124031007752,20,8.291471358,880.3870968,-1188.70695775711,0.673236576949133,23.5127596006567,12.0908437992606,3,42.47106585,"Western Corn Belt Plains","Oak / hickory group",-1.53402200772349,-0.928389286759264,-1.56100592987734,-0.0245732371531128,0.576552851664487,-0.202762737464057,-0.525497504248726,-0.990746464478719,-0.843783423443541,"Low"
"19057",36.39650306,0.758807588075881,24,10.43927313,908.1805556,-1381.6582827633,0.651691309829207,16.6885329070179,15.8015421131785,4,40.92012008,"Western Corn Belt Plains","Oak / hickory group",0.06353465857957,-1.19805712874943,-1.04659005760313,-0.453733243859242,0.403897250541966,-0.127170817660037,-0.439233571978633,-0.491896227604395,-0.578414232668775,"Low"
"19061",61.69072788,0.809230769230769,25,8.342985389,865.8834951,-980.166513357793,0.631929676596392,18.3037774969217,16.5209177386171,4,42.46812062,"Driftless Area","Oak / hickory group",0.37019218251932,-1.13422872116566,-0.94686267247327,0.439259900629378,0.245535015068962,-0.0505753466401069,-0.570513049946882,-0.97878177253102,-0.512071934975083,"Low"
"19063",9.091535707,0.831325301204819,5,7.397007559,744.5909091,-509.62436933084,0.714721471667616,15.0457239249207,26.4349611206184,1,43.37796143,"Western Corn Belt Plains","Elm / ash / cottonwood group",0.504563999461159,-1.26297477772161,0.4275258772474,1.48583405439404,0.908997067614817,-0.209855179425224,-0.94697484618681,-1.19849537493388,-1.83891788884891,"Low"
"19065",10.357106,0.751173708920188,21,7.685001369,887.5702479,-800.25829830723,0.588946042073317,23.4022683706786,13.079407454911,5,42.86270331,"Western Corn Belt Plains","Oak / hickory group",0.017107867839233,-0.932755485727245,-1.42396088007833,0.839409579700566,-0.0989195333802738,-0.206022804509962,-0.503202803022974,-1.13160569162616,-0.777441125749849,"Low"
"19067",12.11981511,0.832460732984293,16,7.734789689,860.4880952,-785.742346631856,0.686591905145238,30.2207287411792,12.0688615769935,3,43.06011921,"Western Corn Belt Plains","Elm / ash / cottonwood group",0.51146932931384,-0.663315507198639,-1.5640533358062,0.8716957841003,0.683577387728583,-0.200685003667581,-0.587259019381376,-1.12004181475942,-1.10915261421831,"Low"
"19069",6.694788631,0.938775510204082,6,7.939880501,860.3737374,-817.19647563074,0.730787298689618,117.009257403844,37.2852786765459,3,42.73278178,"Western Corn Belt Plains","Elm / ash / cottonwood group",1.15804151285538,2.76624161108683,1.93171056104385,0.801735890268716,1.0377425134974,-0.217112961488452,-0.587613957339431,-1.07240725114153,-1.77257559115522,"Low"
"19071",5.208025633,0.742424242424242,21,10.67261765,854.1882353,-710.971232376051,0.566470379650544,15.832788657956,13.7376759510834,4,40.74543675,"Western Corn Belt Plains","Oak / hickory group",-0.0361035652752067,-1.23187293166746,-1.33270480534461,1.03800079337876,-0.279030969670699,-0.221615147775528,-0.606812206037103,-0.437699434123341,-0.777441125749849,"Moderate"
"19073",6.048857064,0.593301435406699,16,9.039698872,823.3863636,-854.425195541616,0.69428122918296,17.9525498367708,15.9987543521138,3,42.03613762,"Western Corn Belt Plains","Oak / hickory group",-0.943020378446401,-1.14810792087754,-1.01925043111435,0.718932221073391,0.745196714913944,-0.21906895867647,-0.702413498169945,-0.816962515950164,-1.10915261421831,"Low"
"19077",6.996341052,0.816901408450704,24,9.234265963,856.8080808,-1117.18967626985,0.6541653245974,50.786934432887,16.2601538373085,3,41.68513098,"Western Corn Belt Plains","Oak / hickory group",0.416842536113529,0.149383800105806,-0.983012496145585,0.134494636579768,0.423723066792501,-0.216199806414989,-0.59868086202568,-0.771772200578128,-0.578414232668775,"Low"
"19079",9.978438265,0.854166666666667,11,8.388098478,829.5113636,-478.532431336499,0.523550984790055,-11.2950497910348,3.21397162228815,4,42.38384403,"Western Corn Belt Plains","Elm / ash / cottonwood group",0.643477816786907,-2.30386335355898,-2.79161094210819,1.55498836736769,-0.622970725822492,-0.207169478651146,-0.683403032831449,-0.968303768728637,-1.44086410268676,"Low"
"19083",11.47780437,0.922222222222222,16,8.274092761,863.4431818,-843.260795016444,0.586636553675886,5.44595543884303,22.107384646858,3,42.38355617,"Western Corn Belt Plains","Oak / hickory group",1.05736975456258,-1.64232162058937,-0.172408107747549,0.743763945883257,-0.117426897680955,-0.202629127884872,-0.57808717099255,-0.994782831960584,-1.10915261421831,"Low"
"19085",7.780502528,0.884758364312268,16,9.686451809,789.677686,-723.330367141092,0.590482885276026,11.7091526985712,14.0057669066337,3,41.68339134,"Western Corn Belt Plains","Oak / hickory group",0.829526654608082,-1.39482355746612,-1.29553922865761,1.010511755102,-0.0866038546969783,-0.213825224152148,-0.807036787495878,-0.66674713759093,-1.10915261421831,"Low"
"19087",17.68225157,0.748051948051948,32,10.37045057,933.25,-1231.18028146753,0.686003670573348,40.8344180045856,22.4332387943464,4,40.98761406,"Western Corn Belt Plains","Oak / hickory group",-0.00187767484689489,-0.243902318318939,-0.127234792286765,-0.119041890777599,0.678863498917392,-0.183840943661628,-0.361424297885318,-0.507881012981645,-0.0476758511192429,"Low"
"19089",7.506713448,0.816091954022989,13,7.083259725,877.8571429,-829.253112858404,0.738503142633928,13.1840453259082,14.4107242932453,3,43.35677628,"Western Corn Belt Plains","Elm / ash / cottonwood group",0.411919695371239,-1.33654133299782,-1.23939979353125,0.77491966336117,1.09957436115829,-0.214654306825839,-0.533349847256717,-1.27136670940715,-1.30817950729938,"Low"
"19091",8.460309095,0.829787234042553,6,7.957376968,799.4761905,-1320.47291580306,0.501220688505027,-33.9949646994299,5.1175699163873,1,42.77659135,"Western Corn Belt Plains","Elm / ash / cottonwood group",0.495209971079159,-3.20087884579247,-2.52771420513935,-0.317645489633501,-0.801917253005246,-0.211766647359526,-0.776624684611576,-1.06834350707483,-1.77257559115522,"Low"
"19093",6.139863959,0.65,3,8.618133848,771.3333333,-742.054566995486,1.04363293324086,16.1174571892294,0.186554965010172,2,42.38693498,"Western Corn Belt Plains","Oak / hickory group",-0.598197996540135,-1.22062389907266,-3.21130315331542,0.968865615927674,3.54476880337089,-0.218793373398084,-0.863973061971061,-0.914875561195724,-1.9716024842363,"Low"
"19095",10.63590472,0.544943820224719,20,9.471616196,904.6161616,-1075.12484489727,0.64197145073157,38.0995402120096,21.7101262130945,4,41.6863346,"Western Corn Belt Plains","Oak / hickory group",-1.23711579638097,-0.351974430448255,-0.227480233378525,0.228054726480004,0.326005985328704,-0.205178551743565,-0.450296557870836,-0.716645036843659,-0.843783423443541,"Low"
"19097",11.74495982,0.71875,28,8.674314114,886.2788462,-1015.83364330241,0.733061625603158,39.4500071792161,16.8982166249037,3,42.17204006,"Western Corn Belt Plains","Oak / hickory group",-0.180082671644295,-0.298609041361012,-0.894557548402894,0.359929500976879,1.05596810699878,-0.201820133038265,-0.507210990330064,-0.901827085602157,-0.313045041894009,"Low"
"19099",19.57505854,0.598130841121495,19,9.322079409,884.9285714,-718.077638939515,0.685523125330108,67.1748036436538,18.1672976696954,5,41.68584481,"Western Corn Belt Plains","Oak / hickory group",-0.913649490599191,0.79697092217548,-0.718624239517457,1.02219480972804,0.675012591552153,-0.17810918305427,-0.511401904988488,-0.751376576126687,-0.910125721137233,"Low"
"19101",16.09305097,0.50561797752809,23,10.35219187,926.2121212,-945.749697110296,0.807719108155069,24.4355359842528,19.6236665886273,4,41.03200931,"Western Corn Belt Plains","Oak / hickory group",-1.47628288723048,-0.891924625314794,-0.51672712355537,0.515809367657426,1.6542448633994,-0.188653329467811,-0.383268110290859,-0.512121793922772,-0.644756530362466,"Low"
"19103",94.99439967,0.685567010309278,26,9.699620647,913.9428571,-960.970044112292,0.703965244853221,41.2050490638515,14.2587401908493,5,41.67166941,"Western Corn Belt Plains","Oak / hickory group",-0.381890911870499,-0.229256369054104,-1.26046942193856,0.481956455679564,0.822800744491396,0.0502741731851152,-0.421348831907496,-0.663688532257188,-0.445729637281392,"Low"
"19105",13.80090035,0.443548387096774,18,8.740380666,891.4886364,-1010.78705906042,0.694200146986289,53.4356505366308,17.9574635310245,3,42.12119789,"Western Corn Belt Plains","Elm / ash / cottonwood group",-1.85377011587544,0.254051125475727,-0.747713645970263,0.371154052697713,0.744546952934729,-0.195594374612974,-0.491041106898564,-0.886482412949252,-0.976468018830924,"Low"
"19107",6.77507673,0.564356435643564,20,9.983344663,895.7272727,-828.132667696903,0.736246704321256,51.3756470445337,18.6220681058687,3,41.33647625,"Western Corn Belt Plains","Elm / ash / cottonwood group",-1.11905453088383,0.172647514320216,-0.655579197636484,0.777411743957187,1.08149212012123,-0.216869834655985,-0.477885441843276,-0.597790554876929,-0.843783423443541,"Low"
"19109",5.899906852,0.448979591836735,7,7.593589317,769.5833333,-629.54867881983,0.940202917100812,12.5802909724996,-7.14397140004387,1,43.20375658,"Western Corn Belt Plains","Unknown",-1.82073928046563,-1.3603994404267,-4.22753751011142,1.21909985361635,2.71591987282055,-0.219520006760681,-0.869404623496346,-1.15283713131852,-1.70623329346153,"Low"
"19111",25.32435857,0.646511627906977,34,10.74210482,939.2247191,-1394.72149272938,0.583757881101471,44.0039445991196,19.1500311962256,3,40.64176044,"Central Irregular Plains","Oak / hickory group",-0.619413150446053,-0.118654515857284,-0.582387423291516,-0.482788277694676,-0.140495488151614,-0.160699266483727,-0.342880266806493,-0.421560285871336,0.0850087442681401,"Moderate"
"19113",121.4754856,0.504716981132076,17,9.008440963,896.3818182,-801.435934458779,0.701538052453456,20.997318732546,16.6032749862533,6,42.07916777,"Western Corn Belt Plains","Elm / ash / cottonwood group",-1.48176245669738,-1.02779007471808,-0.935445448059748,0.83679029559521,0.803350144947246,0.130463673530024,-0.47585389661222,-0.824222504051546,-1.04281031652462,"Low"
"19115",10.69111216,0.837988826815642,17,10.25562117,916.2575758,-838.267626838972,0.722372445935813,67.2337505712582,17.6610292289383,3,41.21846559,"Interior River Valleys and Hills","Elm / ash / cottonwood group",0.545089412926192,0.799300283650802,-0.788808474269216,0.754869690238524,0.970309074288746,-0.205011373666328,-0.414164525031624,-0.534551385516442,-1.04281031652462,"Low"
"19117",7.670390077,0.654205607476635,27,10.0077272,945.5151515,-950.793555920573,0.646274540088687,2.97733000544265,14.4388866546618,2,41.02967306,"Central Irregular Plains","Oak / hickory group",-0.572620848373188,-1.73987243816811,-1.23549563197249,0.504590877808891,0.360489311782793,-0.214158664497109,-0.32335634074864,-0.592127446429672,-0.3793873395877,"Low"
"19119",7.753459638,0.956521739130435,5,7.571547128,671.1919192,-806.801454524068,-0.110456020965032,55.6505524183607,20.1350757267449,2,43.38134776,"Western Corn Belt Plains","Oak / hickory group",1.2659683531931,0.34157573998228,-0.445830231483323,0.824856370668146,-5.70366246592614,-0.213907114896459,-1.17478692020715,-1.15795666858086,-1.83891788884891,"Low"
"19121",11.11356541,0.615384615384615,23,9.698424285,861.6704545,-765.311004766808,0.644893890432054,31.548281396877,13.1281143314876,3,41.3311455,"Western Corn Belt Plains","Oak / hickory group",-0.808717600683497,-0.610855605753095,-1.4172086226108,0.91713892791669,0.349425308951976,-0.20373210909515,-0.583589272362551,-0.663966400296439,-0.644756530362466,"Low"
"19123",15.11736572,0.53356890459364,24,9.965727253,909.75,-991.952864396036,0.715043857957102,49.8745990139032,25.2983548564393,3,41.33521494,"Western Corn Belt Plains","Oak / hickory group",-1.30629436430463,0.113331726419875,0.269957610210707,0.413044840999956,0.911580549095694,-0.191607880232769,-0.434362409796283,-0.601882389266016,-0.578414232668775,"Low"
"19125",23.11292139,0.662745098039216,28,9.969242432,990.8977273,-972.7048369579,0.652651479329095,49.4150391484119,24.6553615745711,2,41.33446646,"Western Corn Belt Plains","Oak / hickory group",-0.520686421158373,0.0951716442954274,0.180819145701731,0.455856071159507,0.411591684835117,-0.167395896787224,-0.182500196386587,-0.601065950849927,-0.313045041894009,"Low"
"19127",26.84424223,0.89041095890411,7,8.650486112,867.3020833,-831.158365029261,0.728221738975933,146.825887329597,26.6352385098491,3,42.03588698,"Western Corn Belt Plains","Elm / ash / cottonwood group",0.863903911688409,3.94448298677154,0.455290426979586,0.770682024493463,1.01718309076588,-0.15609678486345,-0.566110107611257,-0.907361397286272,-1.70623329346153,"Low"
"19129",13.26018445,0.79253112033195,22,10.29453099,828.8142857,-933.816962101699,0.677435499481443,67.6373735619251,18.0804083729244,3,41.03311344,"Western Corn Belt Plains","Oak / hickory group",0.268630304337848,0.815249950295408,-0.730669744058233,0.542350012745754,0.610201424682754,-0.197231759800431,-0.685566587975315,-0.525514158162977,-0.711098828056158,"Low"
"19131",8.711763148,0.685185185185185,12,7.309750006,848.3809524,-1030.64007862401,0.54729930506359,7.56900476473979,10.2967126223404,2,43.35645847,"Western Corn Belt Plains","Oak / hickory group",-0.384213049118696,-1.55842667456026,-1.80972718832297,0.32699720635953,-0.432660692084956,-0.21100519917258,-0.624836557103437,-1.21876188721196,-1.37452180499307,"Low"
"19133",4.825774045,0.851724137931035,17,9.514889362,738.9090909,-954.469568112531,0.555802344944545,47.6969157081605,29.0407661329963,1,42.05241402,"Western Corn Belt Plains","Oak / hickory group",0.628623144847035,0.0272778504334499,0.788769865580035,0.496414735888633,-0.364520554678291,-0.222772674469441,-0.964609786260399,-0.706594375096928,-1.04281031652462,"Low"
"19135",6.908979279,0.533799533799534,22,10.15726513,949.7424242,-822.939163784261,0.668544458491569,52.2905957600104,19.736743770653,2,41.02998377,"Central Irregular Plains","Oak / hickory group",-1.30489175186313,0.20880285568135,-0.501051180025312,0.78896307263506,0.538951993512232,-0.216464353607073,-0.310235945460522,-0.557395641672507,-0.711098828056158,"Low"
"19137",9.118670226,0.478260869565217,9,9.99944447,866.8636364,-394.137871287578,0.665412804195117,77.4026028870159,22.7572627054107,2,41.03027176,"Western Corn Belt Plains","Oak / pine group",-1.6426599939084,1.20113518489511,-0.0823152033720164,1.74269772855188,0.513856103447272,-0.209773011211788,-0.567470936932926,-0.594051200230573,-1.57354869807415,"Low"
"19139",37.69095862,0.611111111111111,20,9.918951726,918.5072464,-829.701390287045,0.709049222701743,52.2330305780443,20.9097455201668,4,41.48383151,"Western Corn Belt Plains","Elm / ash / cottonwood group",-0.834707675269095,0.206528095610874,-0.33843738954494,0.773922610118464,0.863541815216778,-0.123250972950893,-0.407182111159896,-0.612746512309431,-0.843783423443541,"Low"
"19145",10.97439616,0.451851851851852,12,10.38965528,886.7045455,-823.700585147792,0.711715501557493,28.4280912777886,19.6424267270489,4,40.73933954,"Western Corn Belt Plains","Oak / hickory group",-1.80327112149245,-0.734153815760969,-0.514126396642613,0.787269528434373,0.884908362961922,-0.2041535386638,-0.505889726364795,-0.503420510966284,-1.37452180499307,"Low"
"19147",6.122292943,0.85,5,7.719346605,760.2386364,-1030.49739686497,0.767015194602105,20.0251584256898,6.40650650456543,1,43.08201672,"Western Corn Belt Plains","Elm / ash / cottonwood group",0.618137494065945,-1.06620620357599,-2.34902831282985,0.327314557404746,1.32805913437558,-0.218846581600999,-0.898408221294909,-1.12362863837224,-1.83891788884891,"Low"
"19149",11.25020287,0.896551724137931,15,8.470403104,679.3851351,-911.30873861432,1.00269690004488,91.395042400228,11.994247523393,3,42.73794808,"Western Corn Belt Plains","Oak / hickory group",0.901250065155291,1.75406391031731,-1.57439711754746,0.592412531582962,3.21672295554352,-0.203318346242872,-1.14935723092098,-0.949187627420251,-1.175494911912,"Low"
"19153",327.545088,0.81025641025641,27,9.552400931,870.0660377,-1253.41567973989,0.64576934546507,27.8952741345809,19.3068415365074,6,41.68520866,"Western Corn Belt Plains","Oak / hickory group",0.376429800419864,-0.755208750720577,-0.560648731230477,-0.168497595066613,0.356440873629813,0.754479565340926,-0.557531485681725,-0.697881906690799,-0.3793873395877,"Low"
"19155",37.94101193,0.62111801242236,15,9.844630098,815.3972603,-914.338138730742,0.692458644295662,19.2793784635973,14.9609565247282,5,41.33659595,"Western Corn Belt Plains","Oak / hickory group",-0.773848929189772,-1.09567663033723,-1.16312083755954,0.585674576431643,0.730591210718444,-0.122493766466178,-0.727209673087547,-0.630008515822056,-1.175494911912,"Low"
"19157",12.13971333,0.718181818181818,15,9.1964007,902.4949495,-713.878614522248,0.791764192856188,14.2919530454527,15.8418378925348,3,41.686284,"Western Corn Belt Plains","Oak / hickory group",-0.183538170197154,-1.29276097556446,-1.04100383454404,1.03153422912314,1.52638822201019,-0.200624748271568,-0.456880268744738,-0.780566818248673,-1.175494911912,"Low"
"19159",3.548839245,0.598425196850394,18,10.13178975,883.125,-679.733675440994,0.688580846271272,6.79158801028062,7.21468995928802,2,40.73521183,"Central Irregular Plains","Oak / hickory group",-0.911859313999575,-1.58914726868962,-2.23698945608438,1.10747899024164,0.699516007742029,-0.226639463159893,-0.516999738716684,-0.563312574749451,-0.976468018830924,"Low"
"19161",6.520512104,0.75,7,8.503357941,803.5227273,-1758.48927896431,0.508839688255307,-11.3624881739506,6.01254548432482,2,42.38626062,"Western Corn Belt Plains","Elm / ash / cottonwood group",0.0099697487629051,-2.30652826549767,-2.40364331645571,-1.29187619442729,-0.740861477993743,-0.217640702218531,-0.764065248272417,-0.941533509401577,-1.70623329346153,"Low"
"19163",145.7592178,0.555555555555556,15,9.590325132,912.6296296,-995.017838048586,0.716499315484877,36.156884931252,16.9931027124611,3,41.63938246,"Western Corn Belt Plains","Elm / ash / cottonwood group",-1.17257864488189,-0.428740880452185,-0.881403444951679,0.406227763619222,0.923244033840048,0.20399919079601,-0.425424761029179,-0.689073600031054,-1.175494911912,"Low"
"19165",7.544553022,0.9,5,9.290107737,813.1919192,-699.27888898351,0.901402875050871,-43.0242008560642,-5.1868498909918,3,41.68503207,"Western Corn Belt Plains","Elm / ash / cottonwood group",0.922221366717465,-3.55768039100621,-3.95622082439502,1.06400676233799,2.40499104810823,-0.214539721776708,-0.734054499298341,-0.758802343419736,-1.83891788884891,"Low"
"19169",65.65253587,0.672340425531915,23,8.812958306,856.5795455,-871.924488240515,0.59867234956688,7.14580397453922,16.342952697577,9,42.03618798,"Western Corn Belt Plains","Oak / hickory group",-0.462330734291583,-1.57514998240821,-0.971534050762792,0.680010505600481,-0.0209765931671766,-0.03857827809011,-0.599390178335766,-0.8696254695489,-0.644756530362466,"Low"
"19171",9.08316624,0.399408284023669,18,8.658513676,890.3909091,-963.049181072617,0.745753252154514,37.5720570086339,19.0904700305669,4,42.07984836,"Western Corn Belt Plains","Elm / ash / cottonwood group",-2.12221598550958,-0.372818588112739,-0.590644416017405,0.477332064363219,1.15767398974554,-0.209880523679559,-0.494448177394527,-0.905496908554058,-0.976468018830924,"Low"
"19173",4.471483444,0.506172839506173,19,10.13896593,893.8409091,-543.394638281504,0.548065160609863,65.0666052205642,22.6360291751782,3,40.73712894,"Western Corn Belt Plains","Oak / pine group",-1.47290839564883,0.713662828121162,-0.0991218653335989,1.41072263005493,-0.42652341613573,-0.223845530255876,-0.483740241816109,-0.561645829177526,-0.910125721137233,"Low"
"19175",11.21272192,0.291891891891892,21,9.814199491,879.0151515,-534.760687841198,0.601245913446138,23.3270163218435,17.1009173907677,3,41.02781159,"Western Corn Belt Plains","Oak / hickory group",-2.77609600336859,-0.935729164434843,-0.86645704481534,1.42992615834758,-0.000353028087792914,-0.203431845313903,-0.529755678709455,-0.63707635406862,-0.777441125749849,"Low"
"19177",5.657827072,0.601386481802426,32,10.6148086,941.7654321,-1128.20086828738,0.611569714985935,34.9083834196776,19.7508204214912,2,40.75332963,"Central Irregular Plains","Oak / hickory group",-0.893849734074804,-0.478076977194336,-0.49909972722397,0.110003676282221,0.0823780028528622,-0.220253067959648,-0.33499453024787,-0.451126212451737,-0.0476758511192429,"Moderate"
"19179",31.38403634,0.680497925311203,28,10.38820459,905.0757576,-877.515404872595,0.615476382628179,26.5663440588646,15.276544922671,3,41.03074775,"Central Irregular Plains","Oak / hickory group",-0.412719451810786,-0.807723082638697,-1.11937066784123,0.667575256351791,0.113684555999921,-0.142349470183381,-0.448870087041822,-0.50375744943964,-0.313045041894009,"Low"
"19181",34.46576673,0.627615062761506,18,9.894270875,899.7272727,-929.60051722416,0.654636077804996,33.9281484464516,20.6752794662313,3,41.33407513,"Western Corn Belt Plains","Oak / hickory group",-0.734335964630984,-0.516812186579972,-0.370941530127195,0.551728178518197,0.427495504497053,-0.133017435204715,-0.465470444071197,-0.618478907415961,-0.976468018830924,"Low"
"19183",15.00076155,0.52317880794702,25,10.06997353,914.3863636,-1296.27809971092,0.661823827040738,36.1709955345309,20.4977870393164,3,41.33573775,"Western Corn Belt Plains","Oak / hickory group",-1.36948358081518,-0.428183282337962,-0.395547389695738,-0.263831671894632,0.485095401407463,-0.191960978672733,-0.419972298855146,-0.5776700617353,-0.512071934975083,"Low"
"19185",4.721675548,0.562753036437247,21,10.14479542,934.1704545,-1115.17347794666,0.618954701169886,17.8193142862997,12.1043817885108,2,40.73972764,"Central Irregular Plains","Oak / hickory group",-1.1288058876851,-1.15337289007989,-1.55912915198816,0.138979040539541,0.141558481877527,-0.223087903477917,-0.358567437743618,-0.56029186695193,-0.777441125749849,"Low"
"19187",19.60865876,0.663594470046083,26,8.456383308,828.8583333,-976.931312761161,0.640213031943762,71.7492516821488,15.7495209899912,3,42.42846608,"Western Corn Belt Plains","Oak / hickory group",-0.515520814574975,0.977735950392814,-1.05380177065474,0.446455594723221,0.311914683923889,-0.178007435533024,-0.685429875261349,-0.952443876971166,-0.445729637281392,"Low"
"19191",11.2444033,0.672086720867209,26,7.307642412,842.2090909,-883.606792185184,0.581341164828642,34.6201965376665,16.4427411479301,3,43.29088199,"Driftless Area","Oak / hickory group",-0.463873684230654,-0.489465041813328,-0.95770033042537,0.654026866259956,-0.159862135986858,-0.203335908385971,-0.643992468796457,-1.21925139875806,-0.445729637281392,"Low"
"19193",45.42082958,0.876712328767123,19,9.021283927,707.1851852,-667.014703459671,0.80571675387825,42.7821781824929,20.8296263538932,3,42.39010072,"Western Corn Belt Plains","Elm / ash / cottonwood group",0.780593261646892,-0.166934141927575,-0.349544347674608,1.13576837410891,1.63819875548159,-0.0998435306861938,-1.06307284090719,-0.821239586485739,-0.910125721137233,"Low"
"19197",8.411003642,0.538461538461538,8,7.913446157,811.1515152,-183.022478428182,1.00234376267298,150.329573658672,35.7167444746001,2,42.73313159,"Western Corn Belt Plains","Oak / hickory group",-1.2765389432243,4.08293552854493,1.71426391854546,2.2122580356003,3.21389304654843,-0.211915953156532,-0.740387402076876,-1.07854691399959,-1.63989099576784,"Low"
"20001",9.649131889,0.375,11,13.30916674,1018.930556,-308.401259804592,0.75749783769819,12.6998096551411,13.808524217287,0,37.88591303,"Central Irregular Plains","Elm / ash / cottonwood group",-2.27065929612349,-1.35567651039047,-1.32288307650141,1.93339206432708,1.25179064495762,-0.208166677701881,-0.0954933199226935,0.174667663820037,-1.44086410268676,"Moderate"
"20003",5.246913033,0.621004566210046,19,13.01106875,1001.6,-533.863421989419,0.627270557511963,53.1054443244043,18.509626996862,0,38.21419752,"Central Irregular Plains","Oak / hickory group",-0.774538872461334,0.241002614536624,-0.671166962061367,1.43192184621837,0.208198601380244,-0.221497389720441,-0.149283023454916,0.105431175210202,-0.910125721137233,"Moderate"
"20005",14.51550943,0.637096774193548,14,11.97871849,940.1351351,-732.119670439598,0.534100446040755,39.5309487772995,21.0128330503565,1,39.53184586,"Western Corn Belt Plains","Oak / hickory group",-0.676671253998594,-0.29541053300801,-0.324146316200543,0.990962692858412,-0.538431343524752,-0.193430409539237,-0.340054563653577,-0.134343360062073,-1.24183720960569,"Moderate"
"20009",11.30329008,0.862745098039216,7,12.62691376,649.979021,-597.872973979108,0.643628148884031,16.8649853328909,3.33540509103856,0,38.47896745,"Central Great Plains","Elm / ash / cottonwood group",0.695649069447707,-1.19108439073306,-2.77477656257477,1.28955257375926,0.339282136132477,-0.203157588604161,-1.24062644118023,0.0162070157667052,-1.70623329346153,"Moderate"
"20011",8.833805021,0.427927927927928,29,13.41365822,1071.353535,-727.483976765536,0.537325015064809,45.8654863527654,21.394910335457,2,37.85516639,"Central Irregular Plains","Elm / ash / cottonwood group",-1.9487687102086,-0.0450933681966711,-0.271178760429723,1.0012733467406,-0.512590870064379,-0.210635634388005,0.0672144719499936,0.198936942404722,-0.246702744200317,"Moderate"
"20013",6.475938949,0.592,12,11.65061367,888.9204545,-659.225676045971,0.712061429227528,46.3343380424025,19.1095965038465,2,39.82653973,"Western Corn Belt Plains","Oak / hickory group",-0.950935288815898,-0.026566108034617,-0.587992903929033,1.15309263481036,0.887680496140052,-0.217775677764387,-0.499012100040263,-0.210549260117829,-1.37452180499307,"Moderate"
"20015",18.06410823,0.487465181058496,16,13.32707409,857.8311111,-664.596713852084,0.576066502256644,16.7774807206163,12.0896069769581,0,37.78123592,"Flint Hills","Oak / hickory group",-1.58668234022906,-1.19454224478973,-1.56117739114144,1.1411464373908,-0.20213128178197,-0.18268461288087,-0.595505632301863,0.178826839916149,-1.10915261421831,"Moderate"
"20021",13.15357997,0.451127819548872,23,14.01031631,1095.909091,-745.778193932678,0.702493840897272,40.5920529318545,20.8053145930556,4,37.16932185,"Central Irregular Plains","Elm / ash / cottonwood group",-1.80767445242475,-0.253479676907878,-0.352914698643559,0.960583569866134,0.811009471118253,-0.197554577377033,0.143428765208034,0.33751724967969,-0.644756530362466,"Moderate"
"20027",4.804599177,0.478787878787879,13,12.25783187,783.0454545,-619.328744243034,0.742351697419673,62.0186139810937,31.9430292941221,1,39.34944881,"Central Great Plains","Elm / ash / cottonwood group",-1.6394548938014,0.593217647025534,1.19111198808568,1.24183090867064,1.13041521990871,-0.222836795785662,-0.827621572319981,-0.0695162528574178,-1.30817950729938,"Moderate"
"20029",4.766488351,0.626609442060086,13,12.04257263,739.991453,-650.115757928275,0.583125893951124,56.2420878196111,18.0796902196367,0,39.48047558,"Central Great Plains","Oak / hickory group",-0.740451825377111,0.364951000253847,-0.730769301990101,1.17335480466256,-0.14555999353637,-0.222952202234731,-0.961250405495379,-0.119512544071664,-1.30817950729938,"Moderate"
"20031",5.061516965,0.451492537313433,22,12.93379126,957.2828283,-1058.82111478517,0.6107373263987,34.132562713812,14.7235725506378,0,38.23653004,"Central Irregular Plains","Elm / ash / cottonwood group",-1.8054563566193,-0.508734501469882,-1.19602949080079,0.264317286086782,0.075707556341495,-0.222058802424517,-0.286832420435003,0.0874826407159521,-0.711098828056158,"Moderate"
"20035",12.03505977,0.347328244274809,18,13.99211214,878.2606061,-535.967895260924,0.656394809222157,35.7513514074983,18.786926445751,1,37.23787292,"Flint Hills","Oak / hickory group",-2.43894998900315,-0.444766044198177,-0.632724807562749,1.42724110218469,0.441589311194959,-0.200941658110836,-0.532097598574438,0.333289133921994,-0.976468018830924,"Moderate"
"20037",25.44943953,0.638190954773869,27,13.65773673,1093.261364,-800.531433590471,0.595104252962088,30.8283317821108,16.6941875007816,4,37.50685744,"Central Irregular Plains","Elm / ash / cottonwood group",-0.670016800633712,-0.639305314074864,-0.92284220292761,0.838802075502377,-0.0495699664001236,-0.160320498796043,0.135210884006516,0.255626821385524,-0.3793873395877,"Moderate"
"20039",1.221156691,0.666666666666667,4,10.91342739,548.5142857,-480.939879557204,0.483239893263443,76.220482039945,37.4134256634296,0,39.78469479,"Central Great Plains","Oak / hickory group",-0.496836705656293,1.15442220302738,1.94947563878942,1.54963375011119,-0.94600852807816,-0.233688105404408,-1.55554755685376,-0.38176876239809,-1.90526018654261,"Moderate"
"20041",8.484452057,0.6,12,12.74206536,823.3461538,-728.82942054699,0.551077009861888,14.8032261486797,13.4039062132018,0,38.86624194,"Central Great Plains","Unknown",-0.902281869191655,-1.2725573802555,-1.3789754628667,0.998280826931507,-0.402387598268897,-0.211693538119794,-0.702538299314299,0.0429522227431231,-1.37452180499307,"Moderate"
"20043",7.473218987,0.591760299625468,31,11.75800553,914.0983607,-705.279810105194,0.706607831455092,11.5387496922542,12.6041708887264,2,39.79066338,"Western Corn Belt Plains","Elm / ash / cottonwood group",-0.952393069179173,-1.40155724511236,-1.4898431512976,1.05065958605536,0.843977431497629,-0.214755734089774,-0.420866187695609,-0.185606336847267,-0.114018148812934,"Moderate"
"20045",102.7627178,0.492307692307692,28,12.61484699,981.5479452,-841.075372200694,0.618561810776314,41.2527553530961,20.2707037107531,4,38.88310114,"Central Irregular Plains","Elm / ash / cottonwood group",-1.55723174874878,-0.227371195444332,-0.427028059548007,0.74862473691557,0.138410007240389,0.0737980404091281,-0.211519577371819,0.0134043776688686,-0.313045041894009,"Moderate"
"20049",1.499427607,0.429347826086957,12,13.72097895,934.3153153,-706.790900259313,0.634226411177525,9.64176880218882,11.2814153594165,0,37.45361105,"Flint Hills","Oak / hickory group",-1.94013334758923,-1.47651881451588,-1.67321737950239,1.04729863758479,0.263940175121848,-0.232845450923638,-0.358117826116303,0.27031551232467,-1.37452180499307,"Moderate"
"20051",12.33373307,0.789473684210526,8,12.13049484,584.2076923,-809.953752124973,0.565684059579278,84.6281773437117,22.6063571449096,1,38.91467875,"Central Great Plains","Unknown",0.250035964014103,1.48666278506887,-0.103235313003413,0.817845068416137,-0.285332240563441,-0.200037221534607,-1.44476416599953,-0.0990916580025685,-1.63989099576784,"Moderate"
"20053",3.332378181,0.669117647058823,11,12.53305951,700.1696429,-581.787588202706,0.640599998041843,45.4991852385967,19.5109710683903,0,38.69696391,"Central Great Plains","Elm / ash / cottonwood group",-0.481930633467498,-0.0595682142724243,-0.532350157130122,1.32532949453164,0.315015683503347,-0.227294946270071,-1.08484732641329,-0.00559165087680229,-1.44086410268676,"Moderate"
"20059",17.31602955,0.48,19,12.79548356,981.3406593,-730.931225076182,0.640179585469745,37.4217906738715,17.8377809132135,0,38.56450627,"Central Irregular Plains","Elm / ash / cottonwood group",-1.6320831635553,-0.378756550029643,-0.764305304205153,0.993606018682255,0.311646656563416,-0.184949929934953,-0.212162940868489,0.055359178576196,-0.910125721137233,"Moderate"
"20061",33.43361088,0.739495798319328,19,12.42545968,866.016129,-601.703521755798,0.510314794717951,63.4889700697893,28.9171392903467,1,39.00055537,"Flint Hills","Oak / hickory group",-0.0539134177605219,0.651320604502789,0.771631417579677,1.28103271565785,-0.72904053413587,-0.136142989123024,-0.570101387553631,-0.0305828774335969,-0.910125721137233,"Moderate"
"20065",1.058794982,0.784090909090909,7,11.55597089,545.2281879,-1095.53492643896,0.432816226024474,82.1929304937355,9.5043159777323,0,39.34995693,"Central Great Plains","Elm / ash / cottonwood group",0.217299661934395,1.39043096390757,-1.91957751207318,0.182658869618055,-1.3500846775864,-0.234179765918417,-1.56574678107022,-0.232531071398989,-1.70623329346153,"Moderate"
"20073",2.029621234,0.422857142857143,23,13.27234665,906.9657143,-765.963840298265,0.657035208014189,51.7572589298609,14.1223641420828,0,37.87736398,"Flint Hills","Elm / ash / cottonwood group",-1.97960758944275,0.187727384643092,-1.27937529844714,0.915686899012255,0.446721224286636,-0.231239929075041,-0.443004134986866,0.166115798905086,-0.644756530362466,"Moderate"
"20077",2.653122724,0.456140350877193,8,14.17074359,751.2564103,-663.944091767617,0.619495369780855,25.5795964746419,11.2154961161095,1,37.19181295,"Central Great Plains","Oak / hickory group",-1.77718985366269,-0.846715645982817,-1.68235579555692,1.14259799154902,0.145891195114049,-0.229351854202297,-0.926286800549862,0.37477822398021,-1.63989099576784,"Moderate"
"20079",24.63158528,0.263157894736842,3,13.25880765,804.1410256,-930.212524201324,0.593093382149454,21.520360128735,0.852081675253689,1,38.0431027,"Central Great Plains","Oak / hickory group",-2.9508469060019,-1.00712144061287,-3.11904086891261,0.550366959991113,-0.0656843226066416,-0.162797108850322,-0.762146205268172,0.162971219435468,-1.9716024842363,"Moderate"
"20085",7.795362014,0.612021857923497,16,11.97829968,903.8348624,-795.667118144139,0.684849973462883,36.5771658672668,18.9432812888332,2,39.41673724,"Western Corn Belt Plains","Oak / hickory group",-0.829168806914789,-0.412132954289596,-0.61104926129515,0.849621227169263,0.669618207735255,-0.213780226950716,-0.452721514827668,-0.13444063322314,-1.10915261421831,"Moderate"
"20087",13.75431459,0.614657210401891,27,12.23210923,961.7126437,-799.705055799125,0.628773364312338,45.0905983753751,17.3720327419965,4,39.23382338,"Central Irregular Plains","Oak / hickory group",-0.813141443166152,-0.0757140345414384,-0.828872194716859,0.840640095005298,0.220241525241225,-0.19573544468946,-0.273083383354573,-0.0754906147488711,-0.3793873395877,"Moderate"
"20089",1.210957048,0.660550458715596,12,11.3688536,694.9428571,-770.710958818495,0.742630612835256,58.2046328697403,24.2386689679938,0,39.78471551,"Central Great Plains","Elm / ash / cottonwood group",-0.534033509650366,0.442503419338951,0.123052851449598,0.905128415332957,1.1326503422895,-0.233718991761487,-1.10106995992883,-0.275991089756671,-1.37452180499307,"Moderate"
"20091",487.1415806,0.45578231292517,16,12.60721455,1013,-578.829980043506,0.739343087402239,9.26871892454111,14.6639239546493,8,38.88557306,"Central Irregular Plains","Unknown",-1.77936732500284,-1.49126034641043,-1.20429860403489,1.33190777087877,1.10630536003963,1.23776650577169,-0.113900279804491,0.0116316607675394,-1.10915261421831,"Moderate"
"20099",11.92777494,0.473484848484849,20,14.08716661,1044.063158,-766.240469594531,0.673507964426935,47.8205202212046,19.7163447171335,3,37.19111559,"Central Irregular Plains","Elm / ash / cottonwood group",-1.67170621362807,0.0321622371616807,-0.503879110517652,0.915071623472494,0.578727648006357,-0.201266535909845,-0.0174880204635562,0.355366564667062,-0.843783423443541,"Moderate"
"20103",67.90347733,0.673575129533679,28,12.34108582,999.6666667,-700.493779099111,0.587732009371077,36.917139348111,17.859170623576,4,39.19915839,"Central Irregular Plains","Oak / hickory group",-0.454821662802888,-0.398698477530698,-0.761340038483456,1.06130461841573,-0.108648331116729,-0.0317620217077177,-0.155283605607963,-0.0501796207623852,-0.313045041894009,"Moderate"
"20105",1.617087169,0.959183673469388,6,12.47448063,688.1875,-661.07125846337,0.485035850111669,-29.4535413945901,3.5864890778242,1,39.04568596,"Central Great Plains","Elm / ash / cottonwood group",1.28215737924376,-3.02141883117696,-2.73996867005708,1.14898771268763,-0.931616410890911,-0.232489156566506,-1.12203689576535,-0.019197230565202,-1.77257559115522,"Moderate"
"20107",6.295726794,0.612044817927171,34,13.09642611,1029.590909,-948.730762504624,0.633254812459924,45.0599700028657,17.483638801601,0,38.21275962,"Central Irregular Plains","Oak / hickory group",-0.829029171578123,-0.0769243529392697,-0.8134001935878,0.509178918011225,0.256154151411697,-0.218321392645707,-0.0624062552365494,0.125256347071997,0.0850087442681401,"Moderate"
"20111",15.14242944,0.464968152866242,19,12.73006762,911.0827068,-772.282418698463,0.637774941426102,32.6153306256073,13.4839718845073,1,38.45556259,"Flint Hills","Unknown",-1.72350200934608,-0.568689822620891,-1.36787592076991,0.901633193247264,0.292376750995297,-0.191531982771883,-0.430226021808074,0.0401656176108518,-0.910125721137233,"Moderate"
"20113",12.27441127,0.526315789473684,8,12.96249539,775.0909091,-981.284060052229,0.434794051777511,72.3383719751992,9.24998428525863,1,38.39187577,"Central Great Plains","Elm / ash / cottonwood group",-1.3504054709939,1.00101577464713,-1.95483563557519,0.436774266768801,-1.3342351319574,-0.200216858635371,-0.852310488174707,0.094149485969757,-1.63989099576784,"Moderate"
"20115",4.851326716,0.232142857142857,5,12.8744118,838.2451613,-255.863697474602,0.571121942902903,59.461339236481,16.524097976418,0,38.35847287,"Flint Hills","Oak / hickory group",-3.13947036084212,0.492163741181742,-0.946421794594232,2.05024547593821,-0.241755105555155,-0.222695296376813,-0.656295513084627,0.0736911176468162,-1.83891788884891,"Moderate"
"20117",4.166091449,0.585185185185185,19,11.65203211,816.0153846,-658.21009189234,0.656861720026747,64.5917565702522,20.346879429714,0,39.78352705,"Western Corn Belt Plains","Oak / hickory group",-0.992380794421736,0.694898590567192,-0.416467783395023,1.15535148481914,0.445330957338791,-0.224770312251339,-0.725291170135705,-0.21021981205646,-0.910125721137233,"Moderate"
"20121",22.62123277,0.55205047318612,24,12.69794046,1008.367347,-946.375283163609,0.705610095313695,56.901812442837,17.3427674171533,4,38.56394365,"Central Irregular Plains","Oak / hickory group",-1.19389542529911,0.391020842807428,-0.832929260620098,0.514417946713172,0.835981952384017,-0.168884818535649,-0.128278873972945,0.0327037365448093,-0.578414232668775,"Moderate"
"20123",3.330155334,0.69,9,12.01347088,675.6507937,-609.046486299223,0.690623337325375,24.1291714478184,14.1785378399756,0,39.39350466,"Central Great Plains","Elm / ash / cottonwood group",-0.354930898418919,-0.904031002654163,-1.2715879119889,1.26470058260513,0.715883756573854,-0.227301677451366,-1.16094769096128,-0.126271740879403,-1.57354869807415,"Moderate"
"20125",19.26570182,0.564625850340136,24,14.22572171,1045.43617,-872.752475985475,0.661141777349079,53.175288401777,21.548833860702,1,37.19234549,"Central Irregular Plains","Elm / ash / cottonwood group",-1.11741603759817,0.243762590496749,-0.249840268910366,0.678168905258176,0.479629713799445,-0.179045970951515,-0.0132265352332966,0.387547488137846,-0.578414232668775,"Moderate"
"20127",3.082297644,0.703703703703704,7,12.39372275,860.7788462,-751.740719378932,0.51648546676458,-7.40239200413736,4.09888127971775,1,38.68902754,"Flint Hills","Oak / hickory group",-0.271589392581093,-2.15004011876267,-2.66893549538617,0.94732179278107,-0.679591108161693,-0.228052235203049,-0.586356601127068,-0.0379541233532895,-1.70623329346153,"Moderate"
"20131",5.440421951,0.535714285714286,9,11.58709539,863.2454545,-683.116073940826,0.53292389324516,5.49306356338333,9.5552718314831,0,39.78331444,"Western Corn Belt Plains","Unknown",-1.29324684831504,-1.64046008420506,-1.91251347783025,1.09995590034928,-0.547859791501058,-0.22091140984455,-0.578700866989795,-0.225302068983586,-1.57354869807415,"Moderate"
"20133",10.81526855,0.548872180451128,20,13.65436028,1023.555556,-700.21225252312,0.641731739417304,56.6573838863997,17.8879231673723,1,37.5586765,"Central Irregular Plains","Elm / ash / cottonwood group",-1.21322477656464,0.381361943082326,-0.757354059660656,1.06193078642591,0.324085029750382,-0.204635405743221,-0.081138478748727,0.254842604283065,-0.843783423443541,"Moderate"
"20137",2.381577721,0.685185185185185,7,11.07563846,567.5461538,-488.043759042828,0.704973049159292,80.2206419966057,18.1041476271286,1,39.78445301,"Central Great Plains","Elm / ash / cottonwood group",-0.384213049118696,1.31249352034363,-0.727378759956187,1.53383338715648,0.83087690605904,-0.230174141406428,-1.49647740683876,-0.34409348353947,-1.70623329346153,"Moderate"
"20139",8.676957762,0.479919678714859,22,12.61766937,932.1322314,-673.694755819344,0.62865253912424,27.6313521114379,17.8321370401758,0,38.65234824,"Central Irregular Plains","Oak / hickory group",-1.63257165170414,-0.765637959131985,-0.765087717008911,1.12091068232896,0.219273277998539,-0.211110596153656,-0.364893571554993,0.0140599060094743,-0.711098828056158,"Moderate"
"20143",3.094258346,0.714285714285714,10,12.50818589,745.25,-910.591118278822,0.615466505918083,36.4071788483975,18.240403794985,0,39.13256333,"Central Great Plains","Oak / hickory group",-0.207233017416754,-0.418850203672234,-0.708489502595196,0.594008654066106,0.113605407790282,-0.228016016041958,-0.944929193173035,-0.0113688186725841,-1.50720640038046,"Moderate"
"20145",3.347271087,0.69811320754717,9,12.68749694,601.9909091,-661.568108810014,0.639200883571086,11.0440135350064,5.85395379285936,1,38.18133843,"Central Great Plains","Elm / ash / cottonwood group",-0.305588987007539,-1.42110736234453,-2.42562895807865,1.14788262414735,0.303803710653665,-0.227249847866857,-1.38956951676143,0.0302781158503306,-1.57354869807415,"Moderate"
"20147",2.308668966,0.923076923076923,9,11.19228463,592.3076923,-712.044792446555,0.272454796807507,46.9830160527031,22.7392125052897,0,39.78466016,"Central Great Plains","Elm / ash / cottonwood group",1.0625677694797,-0.000932786189184001,-0.0848175112004758,1.03561299403589,-2.63516036517051,-0.230394922255434,-1.41962379551107,-0.317001146484176,-1.57354869807415,"Moderate"
"20149",11.11500363,0.647540983606557,21,12.03353677,876.9117647,-591.867034314255,0.612756775411069,31.3774712120939,16.4925778771822,3,39.37984561,"Flint Hills","Oak / hickory group",-0.613152941096769,-0.617605383565039,-0.950791440944014,1.302910912225,0.0918906549879898,-0.203727753905808,-0.53628406431841,-0.121611220476595,-0.777441125749849,"Moderate"
"20151",4.897725187,0.945454545454545,9,13.27905551,662.5128205,-771.231169434423,0.597378823551501,-44.038597167548,16.5600602556643,1,37.64797951,"Central Great Plains","Unknown",1.19866125094612,-3.59776552834428,-0.941436326716645,0.903971369163862,-0.0313424201726972,-0.22255479344517,-1.20172466796319,0.167674004342751,-1.57354869807415,"Moderate"
"20155",19.19918367,0.873873873873874,15,13.30926853,725.9166667,-725.092626331303,0.56086268183136,54.7378122952816,14.9239562521299,1,37.95123123,"Central Great Plains","Aspen / birch group",0.763330694521177,0.305507673908505,-1.16825020294924,1.00659215949485,-0.323968933655803,-0.179247399896932,-1.00493501563463,0.174691305650616,-1.175494911912,"Moderate"
"20157",2.479549952,0.669117647058823,13,11.48446633,748.0769231,-756.981829396239,0.491270346156389,21.6646779570671,17.5558469483241,0,39.82810684,"Central Great Plains","Elm / ash / cottonwood group",-0.481930633467498,-1.00141854135788,-0.803389943861341,0.935664579180164,-0.88165552359694,-0.229877463835413,-0.93615513217595,-0.249138780340573,-1.30817950729938,"Moderate"
"20159",5.067689429,0.894736842105263,8,12.84212904,698.5806452,-673.780894318348,0.429010802316217,-27.1030437666115,-0.279535056768664,0,38.34455842,"Central Great Plains","Elm / ash / cottonwood group",0.890212538017304,-2.92853598138376,-3.27591743473311,1.12071909411982,-1.38057990023636,-0.222040111091187,-1.08977917713963,0.0661930967945653,-1.63989099576784,"Moderate"
"20161",46.8990097,0.720744680851064,24,12.21662419,847.3627451,-750.308822135764,0.693954018525988,29.9152310572229,22.3964551498985,6,39.28866591,"Flint Hills","Elm / ash / cottonwood group",-0.167951666086387,-0.675387629779544,-0.132334126412937,0.950506601335563,0.742574572781349,-0.0953673349004201,-0.62799681744369,-0.0790871830973626,-0.578414232668775,"Moderate"
"20163",2.161326253,0.715909090909091,8,11.71964754,586.2432432,-696.933828370027,0.563106437483442,-20.4037135924752,2.61688382366841,1,39.3503143,"Central Great Plains","Elm / ash / cottonwood group",-0.197360164408585,-2.66380358137088,-2.87438550763922,1.069222617832,-0.305988326651678,-0.230841102542986,-1.43844632602742,-0.194515395703152,-1.63989099576784,"Moderate"
"20165",1.58849052,0.914285714285714,4,12.42252285,587.1538462,-959.635210148205,0.932300830242432,-23.6092491103336,-5.77964012007801,1,38.52293133,"Central Great Plains","Elm / ash / cottonwood group",1.00910247318933,-2.79047432141671,-4.03839961581745,0.484925377261009,2.65259554506626,-0.232575752373072,-1.43562004247335,-0.0312649880269759,-1.90526018654261,"Moderate"
"20169",29.1536103,0.7,8,12.89365385,745.2307692,-595.243288411221,0.673661355782634,-4.24539249847764,2.91836521821674,2,38.78387768,"Central Great Plains","Oak / hickory group",-0.294114123888615,-2.02528733986556,-2.83259099851156,1.29540148863929,0.579956868167695,-0.149103602176935,-0.944988880757824,0.078160292281824,-1.63989099576784,"Moderate"
"20173",199.6149021,0.581081081081081,7,13.70243416,795.3184713,-791.505282435655,0.695963294362415,35.8767630564297,15.7939769350255,6,37.68445274,"Central Great Plains","Elm / ash / cottonwood group",-1.01734063181655,-0.439810246238052,-1.0476388218489,0.858877931887438,0.758676147453329,0.367083908173768,-0.789529203262809,0.266008283880738,-1.70623329346153,"Moderate"
"20177",125.8271589,0.43640897755611,17,12.53271374,913.0823529,-762.777521147393,0.569979523061014,53.621149092484,20.4869208946553,7,39.04108223,"Central Irregular Plains","Oak / hickory group",-1.89718970190685,0.261381332617857,-0.397053768498653,0.922773871584805,-0.250910024983061,0.143641324496216,-0.424019621338962,-0.0056719597063471,-1.04281031652462,"Moderate"
"20191",7.491572426,0.732394366197183,8,14.16194853,804.3090909,-1540.97694853505,0.452291835228928,41.2877141258257,12.1190764141121,0,37.23689755,"Central Great Plains","Elm / ash / cottonwood group",-0.0971020373819968,-0.225989755872666,-1.55709202905146,-0.808087896095098,-1.19401453022153,-0.214700156569014,-0.761624572686906,0.372735475984785,-1.63989099576784,"Moderate"
"20197",3.342696864,0.491329479768786,18,12.32509972,895.034188,-707.124989389541,0.578584033312804,9.55199852259591,17.088951878645,1,38.95605795,"Flint Hills","Oak / hickory group",-1.56318092189091,-1.4800661992467,-0.868115829452378,1.0465555605763,-0.181956742500258,-0.22726369943842,-0.480036603094866,-0.05389256572577,-0.976468018830924,"Moderate"
"20201",2.362110796,0.672985781990521,14,11.69737503,781.4785714,-713.168528800319,0.685797740176343,2.12329631754358,21.7469073208392,0,39.78417763,"Central Great Plains","Elm / ash / cottonwood group",-0.458405884468111,-1.77362064612511,-0.222381250916725,1.03311359320979,0.677213250800885,-0.230233090763457,-0.832484784868883,-0.19968842751369,-1.24183720960569,"Moderate"
"20205",5.821093135,0.709511568123393,27,13.75363337,995.9888889,-551.49878042394,0.723871799129619,91.0404588124337,28.1156583434571,0,37.55943623,"Central Irregular Plains","Oak / hickory group",-0.236267834489613,1.74005209693269,0.660521732683181,1.39269749497962,0.982324322256228,-0.219758668898754,-0.166698506406264,0.27789985523953,-0.3793873395877,"Moderate"
"20207",2.417507805,0.728070175438597,21,13.26563554,1000.746667,-623.878097866291,0.592240778589188,51.3846094028782,17.4054378766845,0,37.88663075,"Central Irregular Plains","Oak / hickory group",-0.123400370821092,0.173001673105145,-0.824241225005711,1.23171229128668,-0.0725167642467259,-0.230065338637126,-0.151931555278377,0.164557070880539,-0.777441125749849,"Moderate"
"20209",421.2640952,0.695906432748538,28,12.64280249,1003.074074,-780.378069735161,0.521556462252485,28.3378056124743,23.8110610791147,4,39.11714021,"Central Irregular Plains","Oak / hickory group",-0.319009879544295,-0.737721566602342,0.0637733664200473,0.883626943986791,-0.638954073151618,1.03827760821782,-0.144707867098447,0.0198973454924093,-0.313045041894009,"Moderate"
"21001",18.44923912,0.789533560864619,49,13.44480765,1337.753846,-1479.33104089398,0.646275936299702,44.2890958305093,22.709967349922,2,37.1045635,"Interior Plateau","Oak / hickory group",0.250400114511264,-0.107386408764449,-0.0888717809997326,-0.670975812849241,0.36050050048845,-0.181518367141623,0.894054288836538,0.206171735082786,1.08014320967351,"Moderate"
"21003",23.61973993,0.730645161290323,46,13.89506734,1328.115385,-1605.85505571182,0.660916448761194,34.2207144819051,22.6711313662004,1,36.75198431,"Interior Plateau","Oak / hickory group",-0.107740137424778,-0.505251074242671,-0.0942556318956253,-0.952388998511318,0.47782401593667,-0.165861158914481,0.86413892087622,0.310749427465592,0.881116316592438,"Moderate"
"21005",43.12351981,0.780973451327434,30,12.63779175,1189.625,-727.958722239186,0.596924034082137,30.9915864519752,20.5057858247002,2,38.00771018,"Interior Plateau","White / red / jack pine group",0.198340289343495,-0.632854101872581,-0.394438514273312,1.00021742359185,-0.0349869305322186,-0.106800198667286,0.434299465568876,0.0187335468269544,-0.180360446506626,"Moderate"
"21007",12.37454115,0.605128205128205,37,14.09701276,1232.589744,-1050.32652656872,0.669521855673939,27.1006282807001,21.7715104351816,1,37.05841258,"Mississippi Valley Loess Plains","Oak / hickory group",-0.871093779688936,-0.786610174234573,-0.21897050947282,0.283210846604288,0.546784483920368,-0.199913647314355,0.567651265828364,0.357653439705453,0.284035637349215,"Moderate"
"21009",34.86270543,0.636150234741784,42,13.77465833,1328.3625,-1592.35345928761,0.692524578522394,56.5293112769223,26.3278372967924,2,36.9646223,"Interior Plateau","Oak / hickory group",-0.682427801640791,0.376300993942402,0.412675250596316,-0.922358910810331,0.731119582610405,-0.131815433288906,0.864905903919832,0.282783130043102,0.615747125817672,"Moderate"
"21011",17.20166135,0.658783783783784,44,12.20327242,1174.731707,-1163.13180928159,0.583532407151466,37.1999573032721,25.6480290431883,2,38.14379361,"Interior Plateau","Oak / hickory group",-0.544777856750002,-0.38752257276255,0.318433109044332,0.0323106992018843,-0.1423023508913,-0.185296257454814,0.388074415715396,-0.0821882763705045,0.748431721205055,"Moderate"
"21013",28.41610308,0.727467811158798,49,12.25849089,1308.818182,-1491.28276364378,0.496465904732434,71.87917109011,30.5442436936636,3,36.73354102,"Central Appalachians","Oak / hickory group",-0.127063756080056,0.982869878081675,0.997197674953407,-0.697558690242228,-0.840020287230587,-0.151336906945059,0.804245237813131,-0.0693631883207412,1.08014320967351,"Moderate"
"21015",207.5114336,0.653543307086614,33,11.9028333,1090.692308,-1532.28154658945,0.625516225054107,41.5187507511693,24.1339784761224,2,38.97057537,"Interior Plateau","Maple / beech / birch group",-0.576648745722312,-0.21686005503269,0.108539558764809,-0.788747688106547,0.194140046274202,0.390996028587435,0.127237177877429,-0.151968517793228,0.0186664465744486,"Moderate"
"21017",26.64837386,0.195876288659794,11,12.17827272,1148.227273,-636.268090735519,0.674072833859526,12.438647771583,13.610508096504,2,38.20593628,"Interior Plateau","Oak / hickory group",-3.36003193268435,-1.36599664843847,-1.3503341455131,1.20415461878728,0.583254297450845,-0.156689909585193,0.305811293450341,-0.0879947276125917,-1.44086410268676,"Moderate"
"21019",114.3835855,0.539823008849557,35,12.28058331,1090,-980.37139640218,0.558636262556639,38.930260927076,27.9255738754173,2,38.36057849,"Western Allegheny Plateau","Oak / hickory group",-1.26825891946251,-0.319147463733139,0.634170232464014,0.43880420223653,-0.341810613505397,0.10898812199795,0.125088427308031,-0.0642319843643046,0.151351041961832,"Moderate"
"21021",64.41818375,0.655172413793103,33,12.88751242,1250.740741,-1353.54198502813,0.614800586518569,24.138063538213,23.680173103461,2,37.62684507,"Interior Plateau","Oak / hickory group",-0.566741044196877,-0.903679620595046,0.0456283040975291,-0.391197314011702,0.108268982227198,-0.04231611875171,0.623987412657367,0.0767338786107923,0.0186664465744486,"Moderate"
"21023",15.82375187,0.692913385826772,34,11.79985787,1118.941176,-1026.9653284466,0.645654165475666,38.2652619422705,25.0283023539064,2,38.69157219,"Interior Plateau","Oak / pine group",-0.337212625524261,-0.345425729272781,0.232520103332489,0.335170541322272,0.355517864868903,-0.189468815672924,0.214914586198369,-0.175885677336262,0.0850087442681401,"Moderate"
"21025",10.0380069,0.735091743119266,58,12.40482885,1187.093333,-1519.63245654769,0.49861751826888,59.7536234689201,29.302289953431,3,37.52334997,"Central Appalachians","Oak / hickory group",-0.0806974609726405,0.503713717720926,0.825025037202262,-0.760613734805247,-0.822778072202542,-0.206989094089519,0.426441805527715,-0.0353746112735548,1.67722388891674,"Moderate"
"21027",13.74374785,0.698656429942418,47,12.99675856,1212.482759,-1236.25073332564,0.600970912514189,56.3665372507286,24.5749063861372,2,37.77369692,"Interior Plateau","Oak / hickory group",-0.302285283614378,0.369868774975142,0.16966560466015,-0.130319528561946,-0.00255678128104036,-0.19576744268241,0.505244222333806,0.102107478505841,0.94745861428613,"Moderate"
"21029",105.1795296,0.779299847792998,46,13.16544444,1199.866667,-1490.01619519606,0.664239692109334,52.7196338929932,23.2211076933774,2,37.97248814,"Interior Plateau","Oak / hickory group",0.188161972462804,0.225756833420807,-0.018012152059559,-0.694741603997809,0.504455228014745,0.0811165820724865,0.46608703381572,0.14128660215327,0.881116316592438,"Moderate"
"21031",11.55882915,0.790798611111111,52,13.58727433,1250.876923,-1380.53561728142,0.618630222731673,30.2367177889865,17.9942565162001,2,37.20890456,"Interior River Valleys and Hills","Oak / hickory group",0.258093742072305,-0.662683680002498,-0.742613016934567,-0.451236224853455,0.138958234710057,-0.202383770249579,0.624410087464016,0.239261165397633,1.27917010275459,"Moderate"
"21033",14.19817601,0.768802228412256,39,13.90455669,1248.622642,-1126.21043316084,0.632652511432475,48.3551055873739,24.7944752745184,3,37.14749966,"Interior Plateau","Oak / hickory group",0.12431883736445,0.0532870456603164,0.200104544095686,0.11443077805116,0.251327539359404,-0.194391352321562,0.617413364065856,0.312953431837408,0.416720232736598,"Moderate"
"21035",39.09951233,0.72938689217759,34,14.26705728,1340.796875,-1306.3702256877,0.623714011140781,31.9025509931584,26.1682298553357,1,36.6210149,"Mississippi Valley Loess Plains","Oak / hickory group",-0.11539252431753,-0.596856200135315,0.390548795068943,-0.286278456604377,0.179697787339807,-0.118985618481955,0.903499088400381,0.39714812221621,0.0850087442681401,"Moderate"
"21037",238.8150565,0.698275862068966,38,11.99713993,1095.24,-1008.36491847736,0.585185333667478,24.8321588755813,19.7142403119137,3,38.94378654,"Interior Plateau","Oak / hickory group",-0.304599774669699,-0.87625157633942,-0.504170845214246,0.376541348529115,-0.129056424551892,0.485789039945503,0.141352074389455,-0.130064780992363,0.350377935042906,"Moderate"
"21039",9.656631266,0.538461538461538,29,14.16147216,1265.375,-1225.72721462337,0.806812340023053,65.7102341345692,30.883216754978,1,36.85377799,"Mississippi Valley Loess Plains","Oak / hickory group",-1.2765389432243,0.739096628619612,1.04418967167798,-0.106913245362318,1.64697836741954,-0.208143968236864,0.669408485877624,0.372624833889952,-0.246702744200317,"Moderate"
"21041",32.07873475,0.736842105263158,28,12.33766677,1154.863636,-1122.27478976319,0.530361116175149,78.0663189578012,28.8466218263814,2,38.66601168,"Interior Plateau","Oak / hickory group",-0.0700523229874945,1.22736275448474,0.761855548008115,0.123184388563419,-0.5683969151813,-0.140245798206501,0.326408901415269,-0.0509737321764925,-0.313045041894009,"Moderate"
"21043",25.4348351,0.696319018404908,53,11.95438021,1104.421875,-1309.3111940325,0.527277084425326,57.9682158821973,30.3188407795377,3,38.31659899,"Western Allegheny Plateau","Oak / hickory group",-0.316500666660506,0.433161106766016,0.965949961753894,-0.29281972287729,-0.593111176215185,-0.160364723641943,0.169850313806582,-0.139996189341476,1.34551240044828,"Moderate"
"21045",13.87829834,0.751736111111111,49,12.965423,1322.268657,-1683.04648912455,0.553582686510228,43.1750361922478,23.0540895300666,3,37.32522799,"Interior Plateau","Oak / hickory group",0.0205282165633047,-0.151409866950322,-0.0411659594825202,-1.12407725242717,-0.382308055716477,-0.195359999551385,0.845992142102732,0.0948294551182204,1.08014320967351,"Moderate"
"21047",38.4590061,0.65025716385011,52,13.84365912,1273.81982,-1319.33495235946,0.63524608264767,41.2918710632278,22.4792886847535,2,36.89262217,"Interior Plateau","Oak / hickory group",-0.596634008951186,-0.225825489298761,-0.120850874075724,-0.315114445086017,0.272111435642566,-0.120925186771838,0.695619091249026,0.298809311269297,1.27917010275459,"Moderate"
"21049",55.28343415,0.668965517241379,36,12.36844997,1169.6,-1365.05329185796,0.679309934228223,18.6626495491008,22.3246258335612,2,37.96961145,"Interior Plateau","Oak / hickory group",-0.482855837948181,-1.12004744375412,-0.142291858702819,-0.416800623634622,0.625222433991612,-0.0699777867111047,0.372146882972405,-0.0438240003846939,0.217693339655523,"Moderate"
"21051",16.54500703,0.70546056260342,55,12.51570048,1237.565217,-1347.88741610085,0.544463871315697,45.6142033768198,27.8468254778669,3,37.16443333,"Central Appalachians","Oak / hickory group",-0.260904743422534,-0.0550231288705483,0.623253304654457,-0.37862049009679,-0.455382782995251,-0.187284725071259,0.583093887380873,-0.00962347371087357,1.47819699583566,"Moderate"
"21053",19.91677988,0.774744027303754,42,13.61273886,1334.8,-1331.91624007482,0.621994510743963,34.5540040058512,24.073430835104,2,36.7257964,"Southwestern Appalachians","Oak / hickory group",0.160454941713315,-0.492080722389581,0.100145810490582,-0.343097593271822,0.165918363163234,-0.177074389255245,0.884886290959272,0.245175578444497,0.615747125817672,"Moderate"
"21055",9.589183679,0.660033167495854,44,13.78466966,1228.736842,-1067.11845406257,0.610907143996921,44.3558069377892,27.5259594335395,2,37.35843648,"Interior Plateau","Oak / hickory group",-0.537179507998123,-0.104750236030957,0.578771492307503,0.245862444277233,0.0770684101818686,-0.20834821168501,0.555692823391854,0.285108369926518,0.748431721205055,"Moderate"
"21057",8.425547631,0.762637362637363,49,13.78322619,1329.02381,-1436.82282414477,0.594444472030858,39.871250810582,23.4694777034556,2,36.78923069,"Interior Plateau","Oak / hickory group",0.0868261121803247,-0.281963073089115,0.0164195005762572,-0.576429550549299,-0.0548572006059755,-0.211871911336871,0.866958444463995,0.284773108376403,1.08014320967351,"Moderate"
"21059",85.07297341,0.575498575498576,44,13.45853476,1201.833333,-1303.27595726211,0.626824165483909,36.6277764447574,24.0764252934432,2,37.73043966,"Interior River Valleys and Hills","Oak / hickory group",-1.05129163014909,-0.410133014102016,0.100560933674478,-0.279396222143255,0.204621384931222,0.0202303065324662,0.472191072317826,0.209360005138418,0.748431721205055,"Moderate"
"21061",15.54555924,0.779856115107914,44,13.52192005,1289.9,-1559.9080218382,0.672590315465508,20.5713718931627,20.0879887203203,3,37.21220025,"Interior River Valleys and Hills","Maple / beech / birch group",0.191545010849786,-1.0446218961296,-0.45235792558118,-0.850194160695631,0.571373957185411,-0.190311233089578,0.745527940967684,0.224081925635487,0.748431721205055,"Moderate"
"21063",12.29397783,0.746561886051081,35,12.05199999,1127.194444,-1550.45513147028,0.591727692199128,39.1461225775952,27.8637357872567,3,38.11588091,"Western Allegheny Plateau","Oak / hickory group",-0.010939751321185,-0.310617420978521,0.625597588888655,-0.829169156106734,-0.0766284440235647,-0.200157607565607,0.240530662156461,-0.117322937549122,0.151351041961832,"Moderate"
"21065",21.64269208,0.765853658536585,45,12.60668426,1191.473684,-1641.01887643747,0.58373853416762,49.7921335740113,29.9525033965333,3,37.69241422,"Western Allegheny Plateau","Oak / hickory group",0.106386586432897,0.110073001554368,0.915164436097434,-1.03059994387772,-0.140650527143487,-0.171848016087505,0.440037317504196,0.0115084951683855,0.814774018898747,"Moderate"
"21067",438.5955909,0.537037037037037,11,12.54394962,1161.488372,-1596.76488486379,0.653196878346201,6.17522488517058,17.1484152063843,9,38.0373395,"Interior Plateau","Oak / hickory group",-1.2852023014195,-1.61350362748199,-0.859872400043792,-0.93217075029781,0.415962305752738,1.09076050050127,0.346970422085422,-0.00306230481521077,-1.44086410268676,"Moderate"
"21069",16.08347913,0.565110565110565,43,11.97789286,1146.928571,-1413.78496572512,0.55018885833478,44.9714175004463,27.1039074198729,2,38.36602943,"Interior Plateau","Oak / hickory group",-1.1144681587077,-0.0804236156839448,0.520262220901346,-0.525189024092408,-0.409504907836105,-0.188682314724269,0.301780447841193,-0.134535121576772,0.682089423511364,"Moderate"
"21071",35.27473296,0.714285714285714,52,12.63770218,1139.180328,-1287.47626828279,0.522766578405396,44.5319395531959,29.9150107634176,3,37.56202246,"Central Appalachians","Oak / hickory group",-0.207233017416754,-0.0977901357246341,0.90996681453501,-0.244254744736441,-0.629256661156401,-0.130567739676704,0.277731842945561,0.018712743223801,1.27917010275459,"Moderate"
"21073",94.26499929,0.635245901639344,27,12.50313445,1147.451613,-1076.07015216421,0.594307232903669,40.9553300334921,23.4162495528953,2,38.23943616,"Interior Plateau","Oak / gum / cypress group",-0.687927663879929,-0.239124328464607,0.0090404567457961,0.225952185473839,-0.0559569829326672,0.0480654173894427,0.303403839157369,-0.0125420703540977,-0.3793873395877,"Moderate"
"21075",11.36960307,0.600877192982456,30,14.44855705,1288.605263,-1368.56354521882,0.650918712751767,67.6844593895886,26.3912108458669,1,36.55253159,"Mississippi Valley Loess Plains","Elm / ash / cottonwood group",-0.896947064408296,0.81711060559078,0.421460755848521,-0.424608086764707,0.397705950518234,-0.202956780920197,0.741509401725077,0.439303410677875,-0.180360446506626,"Moderate"
"21077",34.38515913,0.603238866396761,27,12.20657842,1121.529412,-1185.48623119281,0.634580636270914,33.0744164289466,20.3962216496733,2,38.75400334,"Interior Plateau","Oak / hickory group",-0.882584128453095,-0.550548473654533,-0.409627447972144,-0.0174097360271719,0.266778800704503,-0.133261529543787,0.222947822241773,-0.0814204220439989,-0.3793873395877,"Moderate"
"21079",29.45403916,0.78134110787172,34,12.85821898,1208.914286,-821.64758620987,0.649802330430999,30.1266706473355,19.0117548594215,2,37.63565383,"Interior Plateau","Oak / hickory group",0.200576257859338,-0.667032330265519,-0.601556737634632,0.791835783876973,0.388759685911633,-0.148193849448657,0.494168576247625,0.0699301597232451,0.0850087442681401,"Moderate"
"21081",37.57645815,0.710122699386503,39,11.98267954,1123.769231,-833.811517552,0.599745907289441,31.0415202021806,21.7965451619792,3,38.64959373,"Interior Plateau","Oak / hickory group",-0.232551131265915,-0.630880907360605,-0.215499933388951,0.764780914695878,-0.0123735086522915,-0.12359770100815,0.229899659215487,-0.133423363274413,0.416720232736598,"Moderate"
"21083",25.97906961,0.663479923518164,41,14.21563438,1325.840909,-1234.17950090793,0.636082179515476,44.6474698597967,24.0399615206595,1,36.72281756,"Mississippi Valley Loess Plains","Oak / hickory group",-0.516217449611143,-0.0932248113495599,0.0955059435092621,-0.125712718433817,0.278811598908315,-0.158716683469319,0.857079517258058,0.385204596430831,0.549404828123981,"Moderate"
"21085",20.32191936,0.81304347826087,51,13.27044651,1256.858974,-1079.6691097282,0.537083426613929,51.2119001135297,23.9770778454724,2,37.46237888,"Interior River Valleys and Hills","Oak / hickory group",0.39337984906265,0.166176849804114,0.0867883497070797,0.217947427526478,-0.514526868303749,-0.175847553899736,0.642976874923382,0.165674470798624,1.2128278050609,"Moderate"
"21087",14.84754073,0.696378830083565,40,13.47872616,1329.404762,-1375.44987714537,0.649378261624087,26.2719692009203,20.2989570100064,3,37.26478991,"Interior Plateau","Oak / hickory group",-0.316136911322989,-0.819355672856135,-0.423111291233672,-0.439924583065958,0.385361359292281,-0.192424958927573,0.868140824021812,0.214049676598855,0.483062530430289,"Moderate"
"21089",39.63332355,0.655737704918033,43,11.98774843,1077.075472,-1128.73049793037,0.532537334699573,42.8491261080012,25.220787339242,2,38.5425856,"Western Allegheny Plateau","Oak / hickory group",-0.563303125907992,-0.164288611025975,0.259204388406194,0.108825680426894,-0.550957525109366,-0.117369141909829,0.0849739307267379,-0.132246058641297,0.682089423511364,"Moderate"
"21091",17.99735335,0.642023346303502,39,13.17340863,1207.741935,-1226.71695622735,0.660798988400999,35.8355289276942,23.3443641256697,2,37.83814511,"Interior River Valleys and Hills","Oak / hickory group",-0.646709431476758,-0.441439664340885,-0.000925054223221115,-0.109114616684271,0.476882733148917,-0.182886758687387,0.490529892484352,0.143136371587212,0.416720232736598,"Moderate"
"21093",67.89787826,0.72621359223301,48,13.13794106,1232.878788,-1048.562250958,0.616845481697745,46.9435662282099,25.0395861551094,2,37.69748794,"Interior Plateau","Oak / hickory group",-0.134691511042185,-0.00249169528109441,0.234084382060468,0.287134927109585,0.124655996805757,-0.0317789767006845,0.568548385982371,0.134898644099269,1.01380091197982,"Moderate"
"21095",21.80446267,0.721046077210461,52,11.60305069,1275.492754,-1584.64630891701,0.526075903129171,58.1135446635951,28.34072299179,4,36.85703697,"Central Appalachians","Oak / hickory group",-0.166118670643017,0.438903955094185,0.691722551934913,-0.905216760039272,-0.602736987656296,-0.171358145588353,0.700811459219735,-0.221596277653975,1.27917010275459,"Moderate"
"21097",23.64276415,0.599303135888502,28,12.09496182,1126.291667,-1302.63851741547,0.578633620229753,36.7823570465086,21.1450644616909,2,38.44208096,"Interior Plateau","Oak / hickory group",-0.906519971946378,-0.404024568536067,-0.305815012750597,-0.277978436135048,-0.181559371750293,-0.165791437427133,0.23772866854554,-0.107344586962281,-0.313045041894009,"Moderate"
"21099",17.62504756,0.776942355889724,39,13.45738338,1311.183333,-1138.83250831782,0.545089409392287,43.6479763633285,22.9064977443569,3,37.29943541,"Interior Plateau","Oak / hickory group",0.173824467108961,-0.132721045337072,-0.0616266789383686,0.0863569109303153,-0.450369958042211,-0.184014167712627,0.811586073912038,0.209092584656128,0.416720232736598,"Moderate"
"21101",40.30688582,0.547738693467337,33,13.58665756,1166.246575,-1194.70971877543,0.625000353215723,33.4333397618262,22.2894780842197,2,37.79347665,"Interior River Valleys and Hills","Oak / hickory group",-1.22011827879726,-0.536365169822059,-0.147164407912268,-0.0379245057116201,0.190006044970686,-0.115329473973806,0.361738691996446,0.239117913881312,0.0186664465744486,"Moderate"
"21103",21.57652506,0.657355679702048,38,12.27505321,1172.191489,-1073.19396107109,0.643881742246473,39.0097907972207,20.3073936778043,3,38.44945147,"Interior Plateau","Oak / hickory group",-0.553463125144476,-0.316004741573034,-0.421941711963898,0.232349374965914,0.34131433718106,-0.172048381748004,0.380190215512747,-0.0655164100179675,0.350377935042906,"Moderate"
"21105",7.109299653,0.617886178861789,31,14.2681711,1291.405405,-1674.52644338892,0.642551867985164,80.0766019667092,32.268783876329,1,36.67949832,"Mississippi Valley Loess Plains","Maple / beech / birch group",-0.793503898487044,1.30680159864082,1.23627150076413,-1.10512706960297,0.330657229115255,-0.215857747414924,0.750200340897953,0.39740681898147,-0.114018148812934,"Moderate"
"21107",32.08281788,0.794759825327511,57,13.84871223,1221.535714,-1313.88663043915,0.597571526884089,53.3548824264074,27.2928544135927,2,37.30935077,"Interior River Valleys and Hills","Oak / hickory group",0.282184569258808,0.250859472712217,0.546456032514486,-0.302996353273056,-0.0297981687349637,-0.140233433753041,0.53334232637274,0.299982950826408,1.61088159122304,"Moderate"
"21109",14.95216079,0.726696832579185,47,12.27337274,1216.981818,-1663.93475996465,0.507292077774934,47.7927325761159,26.3479604629728,3,37.41861617,"Southwestern Appalachians","Oak / hickory group",-0.131752599124458,0.0310641736562518,0.415464934695609,-1.08156917525193,-0.75326344155748,-0.192108150532342,0.519208174199169,-0.0659067173864076,0.94745861428613,"Moderate"
"21111",779.1148918,0.737127371273713,39,13.3156774,1169.564516,-1369.57687086785,0.578480625241271,26.9831412767854,18.9543125840808,4,38.18573305,"Interior Plateau","Oak / hickory group",-0.0683174271229861,-0.79125281994813,-0.609519987587874,-0.426861913434823,-0.182785415575049,2.12191430851162,0.372036749527169,0.176179835159845,0.416720232736598,"Moderate"
"21113",119.9254291,0.687150837988827,24,12.69791352,1176.37037,-850.028131559987,0.683401502278661,42.791295002077,22.1107523103208,2,37.86689624,"Interior Plateau","Oak / hickory group",-0.3722585827823,-0.166573879413824,-0.171941246959852,0.728712117675722,0.658010708899039,0.125769823112789,0.393160415088943,0.0326974794378656,-0.578414232668775,"Moderate"
"21115",33.05452633,0.635869565217391,48,12.44932911,1135.9,-1624.07470830857,0.551269861398795,46.7972344225511,32.0359017235322,3,37.85107079,"Central Appalachians","Oak / hickory group",-0.684134743159044,-0.00827417936582122,1.20398693715012,-0.992912929768871,-0.400842159177948,-0.137290925455141,0.267550526742639,-0.0250389436475344,1.01380091197982,"Moderate"
"21117",401.1843514,0.651282051282051,33,11.94070512,1094.769231,-1408.77873114428,0.612209952234385,42.8545159925242,25.1961615373369,3,38.93942744,"Interior Plateau","Oak / hickory group",-0.590400974164457,-0.164075623006505,0.25579050177468,-0.51405421760058,0.087508621395527,0.977472525426575,0.139890925367914,-0.143172377188376,0.0186664465744486,"Moderate"
"21119",16.52080875,0.767006802721088,46,12.36061214,1156.654545,-1574.61336055524,0.539885988649201,52.1115538803722,28.1269472698175,3,37.35383279,"Central Appalachians","Oak / hickory group",0.113399637419882,0.201727792164937,0.662086721914169,-0.882901597466113,-0.492068198834038,-0.187358001823865,0.331967434226518,-0.0456444213392961,0.881116316592438,"Moderate"
"21121",31.27159211,0.785995279307632,54,12.73389546,1270.779661,-1344.95769194082,0.477833029675762,60.8802124806595,28.3934641851913,3,36.89225095,"Central Appalachians","Oak / hickory group",0.228881427343662,0.54823228975031,0.699034088662798,-0.372104233003841,-0.989337082684715,-0.142689971575363,0.686183199446085,0.04105467493244,1.41185469814197,"Moderate"
"21123",21.06376983,0.714285714285714,39,13.26182494,1294.675,-1602.47501198439,0.625750209988566,48.2972281932468,22.8368819008476,2,37.54565946,"Interior Plateau","Maple / beech / birch group",-0.207233017416754,0.0509999481363117,-0.0712775564372538,-0.944871146075299,0.196015112816091,-0.173601096987917,0.760348344558103,0.163672017735777,0.416720232736598,"Moderate"
"21125",53.9409416,0.797936371453138,47,12.69391918,1221.181818,-1789.47646054506,0.493894961984988,53.1150230510301,28.5329656578268,3,37.10970391,"Southwestern Appalachians","Oak / hickory group",0.301503298209545,0.241381129884099,0.718373244168965,-1.36079750945103,-0.860622847553515,-0.0740430960827005,0.532243921859853,0.0317697506869478,0.94745861428613,"Moderate"
"21127",14.49663374,0.722144846796657,47,12.3513005,1117.606061,-1491.39971616598,0.58096304524081,39.6434394811431,27.1104907330761,3,38.07133117,"Western Allegheny Plateau","Oak / hickory group",-0.159436308424573,-0.290965322332676,0.521174868742098,-0.697818814629609,-0.162892242987618,-0.19348756853014,0.210770723760751,-0.0478071506378026,0.94745861428613,"Moderate"
"21129",13.10306544,0.791955617198336,45,12.41045317,1204.28125,-1498.72506538486,0.545720110822054,31.7151434691658,22.5449391408611,3,37.59647105,"Western Allegheny Plateau","Oak / hickory group",0.265130279905999,-0.604261842537979,-0.111749720118496,-0.714111767890223,-0.445315755934662,-0.197707544477082,0.479788793343135,-0.0340683020038475,0.814774018898747,"Moderate"
"21131",9.71001892,0.751617076326003,57,12.29414551,1250.126984,-1631.19569030415,0.512676570831874,61.4047110574994,31.1552863379694,3,37.0924054,"Central Appalachians","Oak / hickory group",0.0198042853945871,0.568958506169113,1.0819068073796,-1.00875133191967,-0.710114155901782,-0.207982300799578,0.622082464710467,-0.0610820164432723,1.61088159122304,"Moderate"
"21133",25.0629659,0.804838709677419,51,12.07582694,1163.615385,-1444.17580710702,0.587762199961315,44.1276810538632,25.0349596630488,3,37.12307737,"Central Appalachians","Oak / hickory group",0.343481092961344,-0.113764915287988,0.233443009265488,-0.592783966448169,-0.108406395174289,-0.161490810593985,0.353572137499468,-0.111788870203407,1.2128278050609,"Moderate"
"21135",10.67131592,0.738479952124476,48,11.83441552,1115.093333,-1330.51213090985,0.526683307461011,58.9966503692793,28.9825850311996,2,38.53224302,"Western Allegheny Plateau","Oak / hickory group",-0.0600914666594998,0.473800980148034,0.780704191763771,-0.339974590625246,-0.597869479657694,-0.205071320248523,0.202971845630291,-0.167859288628953,1.01380091197982,"Moderate"
"21137",28.41216033,0.609929078014184,41,12.79834643,1272.098039,-1567.88627716437,0.590810827650207,61.1240210084909,23.4299399709604,2,37.4551738,"Interior Plateau","Oak / hickory group",-0.841896419303413,0.557866688270567,0.0109383659140898,-0.867939299834595,-0.0839758488601233,-0.151348846302581,0.690275114429274,0.0560241111580846,0.549404828123981,"Moderate"
"21139",11.30443933,0.64390243902439,49,14.01198183,1254.218182,-1132.948920788,0.62195294482787,41.6147450204834,23.0077972531033,2,37.21099155,"Interior Plateau","Oak / hickory group",-0.63528139564398,-0.213066721573606,-0.0475834798571404,0.0994431152550208,0.165585269672711,-0.203154108468055,0.634780518224251,0.33790408474862,1.08014320967351,"Moderate"
"21141",18.91242208,0.717201166180758,47,13.73996917,1289.308642,-1377.77930809605,0.626391906488623,40.412768632635,23.006520837848,1,36.85970113,"Interior Plateau","Oak / hickory group",-0.18950217936127,-0.260564319936854,-0.0477604299111168,-0.445105675252722,0.201157425247812,-0.180115765668675,0.743692513904558,0.274726196713143,0.94745861428613,"Moderate"
"21143",14.85243408,0.671480144404332,41,14.20923072,1273.538462,-1425.92691264406,0.559919207116905,34.7253819674086,21.5567464935229,2,37.02078323,"Interior Plateau","Oak / hickory group",-0.467562686628472,-0.485308508169186,-0.248743336858714,-0.552194995784961,-0.331529582268856,-0.192410140981943,0.694745826513237,0.383717277000562,0.549404828123981,"Moderate"
"21145",101.6544459,0.711627906976744,35,14.22097806,1255.578947,-1471.69247948198,0.696556957829703,25.9747696749674,20.4685525552751,2,37.05353237,"Mississippi Valley Loess Plains","Oak / hickory group",-0.223396944202216,-0.831099883358246,-0.39960018012394,-0.653986216811515,0.763433541373699,0.0704419933745682,0.639003991835082,0.386445724019295,0.151351041961832,"Moderate"
"21147",15.68005989,0.803899082568807,52,12.99635854,1308.318182,-1688.11109550066,0.500863896558801,60.2663092406879,29.3707901629329,3,36.73871187,"Southwestern Appalachians","Oak / hickory group",0.337766583960643,0.523973136391845,0.834521253828043,-1.13534188876105,-0.804776448373232,-0.189903940883054,0.802693363091621,0.102014569525899,1.27917010275459,"Moderate"
"21149",14.06945434,0.717391304347826,30,13.64413598,1190.710526,-1314.92537595715,0.693411395589268,46.7978460900439,18.9250601624824,2,37.5301945,"Interior River Valleys and Hills","Oak / hickory group",-0.188345820357652,-0.008250008560805,-0.613575264708149,-0.305306718508727,0.738226198319302,-0.194781144735217,0.43766866628676,0.252467899809232,-0.180360446506626,"Moderate"
"21151",81.29802684,0.684546615581098,40,12.71234345,1180.80303,-919.43869234196,0.616122478721022,37.0403944236953,23.1598022507114,5,37.71653094,"Interior Plateau","Elm / ash / cottonwood group",-0.388096623482063,-0.393827899260177,-0.026510954736646,0.574329986691588,0.118862125099983,0.00879908803647195,0.406918281095039,0.0360489870548265,0.483062530430289,"Moderate"
"21153",15.45439113,0.717369970559372,46,12.27664013,1151.204545,-1477.1697917823,0.455545109282706,72.8382061507985,33.3507922199178,3,37.70816306,"Central Appalachians","Oak / hickory group",-0.18847556557788,1.02076734644243,1.38627083209956,-0.666168788677562,-1.16794402553738,-0.190587306556037,0.31505199976206,-0.0651478306508111,0.881116316592438,"Moderate"
"21155",21.67395245,0.713953488372093,46,13.21962821,1288.346154,-1213.31000891442,0.596663686057895,41.2013789187722,21.5261911763841,3,37.55114092,"Interior Plateau","Oak / hickory group",-0.209253508264935,-0.229401399421318,-0.252979235007485,-0.0792950463934673,-0.0370732608792206,-0.171753354053722,0.740705192310646,0.153871369915182,0.881116316592438,"Moderate"
"21157",39.89331787,0.678217821782178,44,14.30950957,1306.480769,-1002.07980176233,0.604124991229228,38.0248006408231,22.8470890072939,2,36.88008263,"Mississippi Valley Loess Plains","Oak / hickory group",-0.426586306033833,-0.35492785796143,-0.0698625404155325,0.390520629218089,0.0227188095715406,-0.116581832255367,0.796990493516273,0.407008126616261,0.748431721205055,"Moderate"
"21159",19.2043574,0.670640834575261,43,12.52106018,1158.75,-1527.47448081527,0.513172935903901,73.7366400335379,31.3415154423141,3,37.79986799,"Central Appalachians","Oak / hickory group",-0.47266709829204,1.05627008355915,1.10772383669589,-0.778055870469028,-0.706136474427237,-0.179231732910135,0.338471201515641,-0.00837862530380412,0.682089423511364,"Moderate"
"21161",27.53067431,0.559027777777778,29,11.78691023,1128.794872,-1325.8772754278,0.594195002917971,36.1985616212565,23.4763781231013,2,38.59471408,"Interior Plateau","Oak / hickory group",-1.15146170928109,-0.427093973988001,0.0173761090339663,-0.32966580103961,-0.0568563514824656,-0.154018144823483,0.245497989670055,-0.178892907037422,-0.246702744200317,"Moderate"
"21163",35.87312052,0.681710213776722,45,12.93315597,1178.234043,-1248.585617578,0.596039310347624,57.8856600691271,24.6980071800357,3,37.96162673,"Interior Plateau","Oak / hickory group",-0.405346704383471,0.429898810691483,0.186731126271925,-0.157754629141288,-0.042076771069328,-0.128755714309774,0.398944789124664,0.0873350877289328,0.814774018898747,"Moderate"
"21165",12.25717013,0.8147512864494,42,12.06197305,1200.483871,-1694.32803323271,0.546157145304075,52.4514129356107,29.419362904105,4,37.93902268,"Western Allegheny Plateau","Oak / hickory group",0.403766187616934,0.215157747253096,0.841254916040645,-1.14916952657952,-0.441813527311336,-0.200269067914312,0.468002680386949,-0.11500658628793,0.615747125817672,"Moderate"
"21167",33.62409807,0.620253164556962,29,12.82696491,1204.026316,-775.300856229431,0.557259335119817,49.1096106018631,24.0266669247102,2,37.81457463,"Interior Plateau","Oak / hickory group",-0.779108654953065,0.0831022537655402,0.0936629073491567,0.894919620946111,-0.352844787878048,-0.135566159584062,0.478997542082628,0.0626710632712159,-0.246702744200317,"Moderate"
"21169",13.41302926,0.701086956521739,44,13.5849281,1342.545455,-1407.71939996037,0.626534046564382,27.1938427993616,20.8395749792649,2,36.99452983,"Interior Plateau","Oak / hickory group",-0.28750360491793,-0.782926686094733,-0.348165165007207,-0.511698065975416,0.202296481917993,-0.196768918171631,0.908926242601456,0.238716228054477,0.748431721205055,"Moderate"
"21171",12.44226453,0.626146788990826,45,13.79694213,1347.693878,-1468.41354644391,0.597559262798748,38.6287704422637,22.2356771510998,1,36.71230211,"Interior Plateau","Oak / hickory group",-0.743265532117005,-0.331061236834447,-0.154622856861414,-0.646693253549605,-0.0298964484645661,-0.199708568715304,0.924905657620137,0.287958784078487,0.814774018898747,"Moderate"
"21173",54.8621775,0.682926829268293,31,12.24581028,1177.758621,-1541.50785752296,0.602697120960381,31.3434029137761,28.6837856458491,2,38.03254848,"Interior Plateau","Oak / hickory group",-0.397947641379376,-0.618951634928025,0.739281490846922,-0.809268737453946,0.0112763986596442,-0.0712534277618442,0.397469198356964,-0.072308397410647,-0.114018148812934,"Moderate"
"21175",13.44322625,0.798642533936652,42,12.11756018,1161.311475,-1389.70514089408,0.536705413416891,60.083855220091,32.1753841937065,4,37.92467097,"Western Allegheny Plateau","Oak / hickory group",0.305797950663707,0.516763237863319,1.22332345833606,-0.471630968527669,-0.517556122729027,-0.196677476244121,0.3464213781202,-0.102095872958067,0.615747125817672,"Moderate"
"21177",25.45744339,0.810463968410661,54,13.73730047,1243.211268,-1272.56884785728,0.562614699313664,52.9138636408301,26.3577373225302,2,37.21427466,"Interior River Valleys and Hills","Oak / hickory group",0.377692102166765,0.233432064520369,0.416820305386473,-0.211097840270625,-0.309928929886037,-0.16029626166559,0.600617815027385,0.274106362217938,1.41185469814197,"Moderate"
"21179",42.45967304,0.746031746031746,44,13.20064611,1240.984615,-1501.80788664401,0.640684154815072,55.3657768619054,26.3821082469356,2,37.805055,"Interior Plateau","Oak / hickory group",-0.0141638919237234,0.330322478153737,0.42019885822897,-0.720968541702003,0.315690083973275,-0.108810446318481,0.593706842018836,0.149462571484704,0.748431721205055,"Moderate"
"21181",14.22252046,0.492354740061162,29,12.04383332,1143.96875,-1134.21340114347,0.63450426758534,26.4478206805663,22.5210334089137,2,38.33342748,"Interior Plateau","Oak / hickory group",-1.55694561948728,-0.812406681980565,-0.115063783109269,0.0966306733201653,0.26616681101594,-0.194317632939855,0.292593905061005,-0.119219735157302,-0.246702744200317,"Moderate"
"21183",15.83169143,0.72262118491921,51,13.44080493,1225.180851,-1282.16139158247,0.648795900054077,28.1201864452072,22.3719856842607,2,37.47744721,"Interior River Valleys and Hills","Oak / hickory group",-0.156539373604624,-0.746321059826581,-0.135726340073352,-0.232433460170096,0.38069453449122,-0.189444773254458,0.54465591830622,0.205242059986056,1.2128278050609,"Moderate"
"21185",137.141246,0.762589928057554,28,12.50538883,1181,-1463.26676047919,0.643026088670001,32.2919340118569,23.3800706962059,3,38.39790358,"Interior Plateau","White / red / jack pine group",0.086537630365806,-0.581469243770292,0.00402496463425575,-0.635245834367262,0.334457453867612,0.177902419143394,0.407529626622831,-0.012018466168802,-0.313045041894009,"Moderate"
"21187",11.92809973,0.686635944700461,42,12.13804014,1140.685185,-1180.31070414501,0.579428273104756,30.9666800586369,23.5960614906923,2,38.51673404,"Interior Plateau","Oak / hickory group",-0.375389997684873,-0.6338383091161,0.033967871211214,-0.00589839127496386,-0.175191324928052,-0.201265552387194,0.282402542021136,-0.0973391803105597,0.615747125817672,"Moderate"
"21189",8.636996569,0.71927374301676,50,12.48813435,1213.225806,-1217.95775128511,0.465097594252903,62.4801845985344,28.4049028070062,3,37.42824913,"Central Appalachians","Oak / hickory group",-0.176897435548084,0.611457186524907,0.700619830245846,-0.0896324988411748,-1.09139403311617,-0.211231605847455,0.507550454046194,-0.0160260061323845,1.1464855073672,"Moderate"
"21191",20.32078341,0.637410071942446,39,11.96003091,1112.534884,-1055.53414622089,0.579614452331101,35.7054103494039,24.2621768819682,3,38.69605,"Interior Plateau","Oak / hickory group",-0.674765878143036,-0.446581462494086,0.126311764745549,0.271628121869039,-0.173699355203926,-0.175850993761045,0.195031060971546,-0.138683753030893,0.416720232736598,"Moderate"
"21193",29.85368271,0.774526678141136,52,12.45461952,1203.018868,-1436.87801895384,0.511296848092393,43.0379404958574,25.7994836831574,3,37.25017905,"Central Appalachians","Maple / beech / birch group",0.159133094211585,-0.156827374640417,0.339429337823551,-0.576552314177016,-0.721170730770014,-0.146983656759608,0.475870675913757,-0.0238101885938479,1.27917010275459,"Moderate"
"21195",28.75656201,0.726782752902156,59,12.46823445,1153.90678,-1534.12024200483,0.506692991632043,58.0377174819575,30.7315003631027,4,37.47078374,"Central Appalachians","Oak / hickory group",-0.131230059433488,0.435907549295493,1.0231571561075,-0.792837292242563,-0.758064290743953,-0.150305935951013,0.323439060138219,-0.0206479735588899,1.74356618661043,"Moderate"
"21197",26.49717512,0.832635983263598,38,12.40652977,1194.035714,-1906.36203833287,0.600647591372162,54.9673718291675,27.0189022246539,4,37.83220909,"Western Allegheny Plateau","Oak / hickory group",0.512535144986127,0.314579005634484,0.508477910254909,-1.62077299987929,-0.0051477543157015,-0.157147766617394,0.447989216689696,-0.0349795541710016,0.350377935042906,"Moderate"
"21199",37.99327208,0.735069885641677,52,13.10708338,1279.586538,-1398.6124176349,0.573229072461048,47.0657634479521,24.558855432597,4,37.10465173,"Interior Plateau","Oak / hickory group",-0.0808303911012735,0.0023370804944515,0.16744045333614,-0.491442425876827,-0.224869368261691,-0.122335513314192,0.713517539029578,0.127731613520345,1.27917010275459,"Moderate"
"21201",8.265230002,0.734782608695652,28,11.89823805,1128.428571,-801.079131727422,0.601034786360877,39.3241548805243,18.6467872172811,2,38.5193623,"Interior Plateau","Oak / pine group",-0.0825775168266888,-0.303582252146837,-0.65215237546359,0.837583891921004,-0.0020449204934926,-0.212357382008277,0.244361083145327,-0.153035814403595,-0.313045041894009,"Moderate"
"21203",20.48534946,0.761194029850746,45,12.59636997,1232.2,-1428.15164053352,0.585512689586989,71.6054191902185,29.7660620719832,3,37.36639699,"Southwestern Appalachians","Oak / hickory group",0.0780482277147364,0.97205222981198,0.889317986593126,-0.557143208687512,-0.126433118340389,-0.175352658105245,0.566441598105443,0.00911288954184793,0.814774018898747,"Moderate"
"21205",33.85022632,0.806418219461698,36,11.97113705,1166.666667,-1661.57985961499,0.469082922898859,82.7379699710807,35.1524850762207,5,38.19452147,"Western Allegheny Plateau","Oak / hickory group",0.353087162003235,1.41196887966763,1.63604036975478,-1.07633143433556,-1.0594571205122,-0.134881402492555,0.363042552307464,-0.136104231660725,0.217693339655523,"Moderate"
"21207",27.16036121,0.741428571428571,42,13.55749995,1322.418605,-1316.41555665781,0.584099906142578,32.485987043478,20.2250955238151,2,36.99306758,"Interior Plateau","Oak / hickory group",-0.0421589151202153,-0.573800995832736,-0.433350744197028,-0.308621160425454,-0.137754629161907,-0.1551395196243,0.846457543124214,0.232345742983229,0.615747125817672,"Moderate"
"21209",76.68248692,0.513595166163142,24,12.22292559,1141.170213,-680.804239102806,0.561038035805355,40.5510786490398,20.3308601150822,4,38.29617998,"Interior Plateau","Elm / ash / cottonwood group",-1.42776819897011,-0.255098826874574,-0.418688548602112,1.10509785547478,-0.322563713399269,-0.0051775986064078,0.283907947405985,-0.0776236146602658,-0.578414232668775,"Moderate"
"21211",48.90183537,0.656108597285068,28,12.4683418,1195.491525,-1096.68085082599,0.702517461179636,17.284775947443,16.1910850223002,3,38.21478169,"Interior Plateau","Oak / hickory group",-0.561047478161894,-1.17449584023553,-0.992587538823179,0.180110118436342,0.811198755104734,-0.0893024178430229,0.452507689270087,-0.0206230403580583,-0.313045041894009,"Moderate"
"21213",30.20000806,0.511450381679389,29,13.84760099,1289.606061,-1066.16146107711,0.724577637699621,57.0658185144527,16.5034576965275,2,36.74178434,"Interior Plateau","Oak / hickory group",-1.44081208640656,0.397501747588495,-0.949283166413124,0.247990976517395,0.987980644914974,-0.145934921188616,0.744615627960152,0.299724853294107,-0.246702744200317,"Moderate"
"21215",39.17349034,0.624678663239075,38,12.88454324,1208.555556,-860.351439340351,0.637514450357746,21.6659178898857,16.5122699031231,3,38.03247995,"Interior Plateau","Oak / hickory group",-0.752194199399643,-1.00136954386375,-0.948061526021198,0.705751141190547,0.290289274347006,-0.118761599736119,0.493055168209931,0.0760442543793421,0.350377935042906,"Moderate"
"21217",37.06668565,0.684403669724771,40,13.28832946,1328.72093,-1580.12136182624,0.623691891461187,20.4352492025478,19.9626884110074,2,37.36777712,"Interior Plateau","Oak / hickory group",-0.388965974073491,-1.05000095428108,-0.469728367061067,-0.8951524273701,0.179520528614924,-0.125141384004106,0.866018380832693,0.169827979730318,0.483062530430289,"Moderate"
"21219",12.71600915,0.697247706422018,42,13.73339682,1287.952381,-1388.21542669513,0.641716969595869,19.2893534961789,21.913263066941,2,36.83798884,"Interior Plateau","Oak / hickory group",-0.310852685685948,-1.09528245446488,-0.19931927470653,-0.468317564198411,0.323966670001851,-0.198879620674505,0.739483019581219,0.273199697202311,0.615747125817672,"Moderate"
"21221",12.74082261,0.74793875147232,41,14.11444443,1280.866667,-1364.11394769759,0.612072336240634,36.0644428651348,21.4688443045159,2,36.80765334,"Interior Plateau","Oak / hickory group",-0.00256609993297829,-0.432393844164861,-0.260929259131955,-0.414711345698071,0.086405819003108,-0.198804481045998,0.717490738700322,0.361702133966711,0.549404828123981,"Moderate"
"21223",21.71264811,0.747875354107649,33,12.24080772,1174.461538,-1309.2436451529,0.684250945207296,55.3835437720956,24.5038519855025,2,38.61054256,"Interior Plateau","Oak / hickory group",-0.00295166225627934,0.331024559802679,0.159815299302712,-0.292669481475106,0.664817822435687,-0.171636176621909,0.387235878832125,-0.0734702961824572,0.0186664465744486,"Moderate"
"21225",16.42461148,0.417721518987342,27,13.68515097,1170.113208,-1432.41782482159,0.683661765455849,15.8583805461065,23.4934061174787,1,37.66165636,"Interior River Valleys and Hills","Oak / gum / cypress group",-2.01084079733897,-1.23086163624018,0.0197367079939723,-0.56663200425613,0.660096359313923,-0.187649304493107,0.373739752016558,0.261994075708531,-0.3793873395877,"Moderate"
"21227",93.25184243,0.823529411764706,43,13.83036213,1287.864198,-1213.02631686468,0.677655350810243,43.0322236358863,21.6847755279061,4,36.99697077,"Interior Plateau","Oak / hickory group",0.457151914426906,-0.157053283503146,-0.230994610924398,-0.0786640619627307,0.6119632298681,0.0449973958366568,0.739209321644085,0.295720941244796,0.682089423511364,"Moderate"
"21229",15.65875873,0.653526970954357,37,12.99251449,1234.456522,-946.30214039546,0.620940450587981,31.5752918511737,20.7871796278331,2,37.75426255,"Interior Plateau","Oak / hickory group",-0.576748096809529,-0.609788253912607,-0.355428757498358,0.514580629974706,0.157471524753788,-0.18996844463421,0.573445277006105,0.101121747256146,0.284035637349215,"Moderate"
"21231",17.23026826,0.752501667778519,48,13.43148175,1310.671233,-1432.80275706327,0.631077528287002,57.2223849097957,27.6994866713176,3,36.8030581,"Southwestern Appalachians","Oak / hickory group",0.0251840852864968,0.403688664268693,0.602827655819946,-0.56748816589905,0.238706221636776,-0.185209630576091,0.809996643822268,0.203076650397493,1.01380091197982,"Moderate"
"21233",15.13837258,0.649402390438247,36,13.71443333,1194.08,-808.609694955859,0.596504607767661,36.7923984049943,25.7717632629734,2,37.52173528,"Interior River Valleys and Hills","Oak / hickory group",-0.601832465137564,-0.403627771712771,0.33558644278806,0.820834504138809,-0.0383480539775382,-0.191544267675049,0.448126669337529,0.268795221146006,0.217693339655523,"Moderate"
"21235",31.96889106,0.78264395782644,51,12.95830236,1273.842857,-1368.03551570396,0.567377151224504,64.020702643098,29.1809746677025,3,36.75694688,"Central Appalachians","Oak / hickory group",0.208499771053641,0.672332681328094,0.808207041437381,-0.42343364989504,-0.271764446108404,-0.14057842469472,0.695690592324945,0.0931756093131724,1.2128278050609,"Moderate"
"21237",12.49176394,0.804610318331504,39,12.09818093,1197.457143,-1336.68340570143,0.500904668190184,43.2841879600373,27.3323065245835,4,37.73944322,"Western Allegheny Plateau","Oak / hickory group",0.342092090462426,-0.147096598503856,0.551925297426773,-0.353700665483011,-0.804449719979196,-0.199558675581549,0.458608475042778,-0.106596913779886,0.416720232736598,"Moderate"
"21239",53.79110152,0.854700854700855,20,12.57438508,1162.551724,-1001.65575291359,0.669029907754683,36.3623270542257,19.8452517416298,4,38.04167718,"Interior Plateau","Oak / hickory group",0.646726576110107,-0.420622578343634,-0.486008668396335,0.391463793546,0.542842199833226,-0.0744968388475781,0.350270800263155,0.00400666059319458,-0.843783423443541,"Moderate"
"22001",36.7520844,0.555232558139535,34,19.71304516,1534.239583,-1233.46271651669,0.62957834169255,38.0438787136383,20.0955420249724,1,30.29720087,"Western Gulf Coastal Plain","White / red / jack pine group",-1.17454301098429,-0.354173964083578,-0.451310807364486,-0.124118455247796,0.226692308733345,-0.126094053283306,1.50389678561162,1.66203782450141,0.0850087442681401,"High"
"22005",166.522223,0.479125248508946,28,19.70123405,1608.595238,-1115.72368448671,0.72873226548865,21.0480548718515,19.1609250893067,1,30.20406873,"Mississippi Valley Loess Plains","Oak / gum / cypress group",-1.63740311997545,-1.02578517279854,-0.580877197711938,0.13775527779829,1.02127425665635,0.266873312236798,1.73467810840324,1.65929456620911,-0.313045041894009,"High"
"22007",24.95595004,0.380914826498423,23,19.90522102,1630.903846,-863.599147204592,0.751596814639514,11.720892423418,15.1464033661845,1,29.90047991,"Mississippi Alluvial Plain","Oak / gum / cypress group",-2.23468722916945,-1.39435964757462,-1.13741225371956,0.698527628583144,1.20450208372687,-0.161814873903362,1.80391843805778,1.70667275056037,-0.644756530362466,"High"
"22011",12.47125948,0.886802386802387,48,19.12218968,1468.1125,-1128.53112274989,0.459865292809218,89.9107112904305,27.1444403480439,0,30.64838446,"South Central Plains","White / red / jack pine group",0.841957740099726,1.69540871242491,0.525881320013421,0.10926912829536,-1.13332371289156,-0.199620766781532,1.29865488858184,1.52480523628074,1.01380091197982,"High"
"22013",6.372508159,0.919290879402846,54,17.69180336,1361.189189,-1248.83155264319,0.505796755423255,69.6846472269271,26.4970365942468,1,32.34570967,"South Central Plains","White / red / jack pine group",1.03954227303088,0.896150526432338,0.436131429683075,-0.158301634942999,-0.76524638788458,-0.218088884835739,0.966791721619765,1.1925825126309,1.41185469814197,"High"
"22015",58.38625441,0.931770987837437,55,17.6321959,1279.416667,-1289.87409359251,0.524312115260468,58.3721942054787,28.5072226478491,2,32.67855467,"South Central Plains","White / red / jack pine group",1.11544226710891,0.449124814822733,0.71480447845094,-0.249587958830548,-0.616871314839545,-0.0605818878054792,0.712990302007943,1.17873803409097,1.47819699583566,"High"
"22017",106.7879848,0.887688151292937,55,17.8105891,1262.317829,-1199.36182635874,0.566451846891418,55.3606394987511,25.4376722143582,5,32.57949112,"South Central Plains","White / red / jack pine group",0.847344674030599,0.330119468831577,0.289271241806136,-0.0482716672125163,-0.279179484175047,0.0859872742773349,0.659919793089158,1.22017178800482,1.47819699583566,"High"
"22019",73.60691978,0.592268752876208,42,19.70886331,1460.732919,-1027.23399375941,0.431274220758972,48.2099001632909,21.4546319905663,1,30.2285603,"Western Gulf Coastal Plain","Aspen / birch group",-0.949300820508227,0.0475490719505288,-0.26289951897496,0.33457297917833,-1.36244172308356,-0.0144909701533964,1.27575051816338,1.66106654452098,0.615747125817672,"High"
"22027",8.109842406,0.905891980360065,58,17.38508028,1329.481481,-1263.10502015278,0.401458858581828,88.0748497325145,30.153757530274,1,32.82151962,"South Central Plains","White / red / jack pine group",0.95805449082697,1.62286234977588,0.943064392385635,-0.190048508989803,-1.60137073012379,-0.212827923651319,0.868378940575332,1.12134275340007,1.67722388891674,"High"
"22029",10.81944668,0.565365025466893,33,18.89392279,1538.953704,-1116.16581053865,0.676339846103591,63.7122484816343,26.8408710396425,1,31.44784684,"Mississippi Alluvial Plain","Oak / gum / cypress group",-1.11292061289593,0.660143729845527,0.483797362395184,0.136771906373349,0.601421273964641,-0.204622753612641,1.5185282360397,1.47178777739252,0.0186664465744486,"High"
"22033",375.6388374,0.709844559585492,46,19.4662885,1601.149254,-1343.70427887634,0.589095437342958,46.3997884121833,19.0369209801042,4,30.53863309,"Mississippi Valley Loess Plains","White / red / jack pine group",-0.234242687822514,-0.0239797549181975,-0.598067946353974,-0.36931640680394,-0.0977223363373618,0.900116105484854,1.7115676397105,1.60472591616049,0.881116316592438,"High"
"22035",6.372853773,0.448979591836735,32,17.95296952,1416.266667,-833.46873344556,0.639935302666876,74.5432896859649,24.5855946843522,0,32.73898457,"Mississippi Alluvial Plain","Elm / ash / cottonwood group",-1.82073928046563,1.08814585216673,0.171147328525648,0.765543330965441,0.309689066808856,-0.218087838254264,1.1377384132852,1.25324118349988,-0.0476758511192429,"High"
"22037",16.37787427,0.829426030719483,47,18.79130845,1611.223881,-1695.03325126262,0.530268385118684,46.7175179709046,20.9939007215301,0,30.84387504,"Mississippi Valley Loess Plains","White / red / jack pine group",0.493013248973285,-0.0114242745270302,-0.326770913951023,-1.15073806400436,-0.569140026705867,-0.187790833187486,1.74283675765039,1.44795448491505,0.94745861428613,"High"
"22043",13.4099833,0.82999164578112,52,18.56067031,1493.945652,-1519.96467027941,0.606101876775475,55.739280611768,28.0974486618416,0,31.59896546,"South Central Plains","White / red / jack pine group",0.496453137340737,0.345081945375799,0.657997315859281,-0.761352640575022,0.0385608207398324,-0.196778141887423,1.37883451971329,1.39438627751753,1.27917010275459,"High"
"22045",47.62255689,0.501577287066246,25,20.08189252,1562.514851,-1131.30042381365,0.735395736859477,8.57654562028977,16.7848843548237,2,29.86704633,"Mississippi Alluvial Plain","Oak / gum / cypress group",-1.50085706330695,-1.51861243912662,-0.910268854911255,0.103109682315622,1.07467278955404,-0.0931763036188694,1.59165613291785,1.74770662099147,-0.512071934975083,"High"
"22047",20.35974281,0.517652909000497,29,19.50608424,1587.236559,-1157.20851351834,0.69186506711317,30.1965670277004,18.474932836635,1,30.25693371,"Mississippi Alluvial Plain","Oak / gum / cypress group",-1.40309031584598,-0.664270287487325,-0.67597662999612,0.0454852220998081,0.725834508251711,-0.175733017676983,1.66838612035335,1.61396890803451,-0.246702744200317,"High"
"22049",10.72909667,0.922570532915361,50,17.77996589,1424.987952,-1217.3156557517,0.42674393563963,73.6360252935475,26.6687442252251,1,32.30268097,"South Central Plains","White / red / jack pine group",1.0594880678517,1.05229416642983,0.459935340239355,-0.0882043577106833,-1.39874571022758,-0.204896349724871,1.16480709674637,1.2130592156243,1.1464855073672,"High"
"22051",557.9575977,0.804878048780488,12,20.60146574,1585.530864,-481.785810234676,0.62513306018982,92.7447581575492,34.7919491206767,3,29.74007147,"Mississippi Alluvial Plain","Oak / gum / cypress group",0.343720340697501,1.80739961440759,1.58605909874664,1.5477522413151,0.191069508341009,1.45221016728454,1.66309207044714,1.86838313185458,-1.37452180499307,"High"
"22053",18.62299329,0.682857142857143,21,19.72865982,1522.714286,-1254.83741432811,0.471154528768671,24.989152139887,18.385933950468,1,30.26901961,"Western Gulf Coastal Plain","Unknown",-0.398371451654849,-0.870047791398956,-0.688314587918301,-0.17165979996671,-1.04285605658709,-0.180992208202674,1.46812515146723,1.66566449849957,-0.777441125749849,"High"
"22055",350.0026372,0.555555555555556,14,19.8465264,1562.815789,-1024.98111929516,0.607440991114483,82.5552782883643,30.5380097647978,2,30.21132449,"Western Gulf Coastal Plain","Oak / gum / cypress group",-1.17257864488189,1.40474958962358,0.996333462429535,0.339583795352589,0.049291975284646,0.822485071386999,1.59259016906774,1.69304028900272,-1.24183720960569,"High"
"22057",35.42848448,0.515606936416185,16,20.51321714,1601.529101,-513.069948393307,0.799345431919636,15.0461238547388,16.8191179174532,2,29.52489406,"Mississippi Alluvial Plain","Oak / gum / cypress group",-1.4155332611815,-1.26295897399529,-0.905523039840529,1.47817043905734,1.58714139719559,-0.130102152366627,1.71274658962519,1.84788643817095,-1.10915261421831,"High"
"22059",9.237728383,0.859981933152665,55,18.48614386,1510.084211,-1175.1173218629,0.469521575234684,114.441456606701,34.769396909163,1,31.67872875,"South Central Plains","White / red / jack pine group",0.678844391858165,2.66477175512913,1.5829326749374,0.00565266687374957,-1.05594192702195,-0.209412481656956,1.42892456322068,1.37707670187579,1.47819699583566,"High"
"22061",38.57286159,0.866336633663366,43,17.59924747,1361.742424,-1240.49245055045,0.422035785744738,69.7587062726366,28.7950213454986,2,32.60034332,"South Central Plains","White / red / jack pine group",0.717491630674856,0.899077062131239,0.754702148799256,-0.139753904783962,-1.43647503823976,-0.120580411830253,0.968508824442874,1.17108540416748,0.682089423511364,"High"
"22063",83.71294129,0.61687306501548,49,19.35966482,1636.72449,-1324.2472278124,0.608362303665798,38.2112553168847,22.2289723340476,1,30.44044618,"Mississippi Valley Loess Plains","White / red / jack pine group",-0.799665330123494,-0.347559868534968,-0.155552348838547,-0.326040268820363,0.0566750247257876,0.0161118841821095,1.8219842586308,1.57996141101955,1.08014320967351,"High"
"22065",6.889129609,0.689542483660131,32,18.16647134,1426.301075,-1404.43030667418,0.603317393728019,52.4961486088062,20.0207349490704,0,32.36926227,"Mississippi Alluvial Plain","Oak / gum / cypress group",-0.357713365227493,0.21692553325907,-0.461681347879212,-0.504382504412348,0.0162470294232527,-0.216524461984937,1.16888270152623,1.30282929487429,-0.0476758511192429,"High"
"22067",12.23413905,0.883962780514505,47,17.65898059,1399.205357,-1141.98710696056,0.607435860427825,69.6709788968101,29.9546809971086,1,32.81656859,"Mississippi Alluvial Plain","White / red / jack pine group",0.824688170563231,0.895610405294554,0.915466317900976,0.0793404907288473,0.0492508599072328,-0.200338810174977,1.08478438187551,1.18495906860416,0.94745861428613,"High"
"22069",11.86195554,0.851826006047918,67,18.38164712,1372.042553,-1319.55365229257,0.559554893527225,61.5788631084287,28.0775716285343,2,31.72282395,"South Central Plains","White / red / jack pine group",0.629242673876665,0.575840341996173,0.655241753277261,-0.315600874835888,-0.334449053235411,-0.20146584891434,1.00047784408966,1.3528062015991,2.27430456815996,"High"
"22071",891.277968,0.6,4,20.26919964,1582.571429,-1243.47715312072,0.578892382992056,2.19057773841913,9.85071857154121,3,30.06958098,"Mississippi Alluvial Plain","Elm / ash / cottonwood group",-0.902281869191655,-1.77096193673751,-1.87155555572499,-0.146392444192965,-0.179485745091367,2.46156431612088,1.65390672571424,1.79121072942381,-1.90526018654261,"High"
"22073",97.84881042,0.820738137082601,54,17.92031258,1373.284091,-1258.93704248933,0.638157240643692,56.6299873201666,26.3086632882888,2,32.47524645,"South Central Plains","White / red / jack pine group",0.440176282127533,0.380279333546376,0.410017148677231,-0.180778143409572,0.295440351964097,0.0589178433286544,1.00433126696564,1.24565625528771,1.41185469814197,"High"
"22075",11.533501,0.576923076923077,16,20.69664404,1522.511628,-684.714347394595,0.529825346711502,31.3072554871444,12.1473532064558,1,29.42226719,"Mississippi Alluvial Plain","Aspen / birch group",-1.04262827195389,-0.62038004564339,-1.55317200387883,1.09640103983658,-0.572690368508852,-0.202460468452158,1.46749615181261,1.89048932345907,-1.10915261421831,"High"
"22077",15.17229182,0.685902720527617,29,19.28794858,1565.333333,-1233.27521801347,0.69914110572285,58.4251731395166,24.0727050102742,1,30.71141207,"Mississippi Alluvial Plain","Oak / gum / cypress group",-0.379849230604875,0.451218343577611,0.100045189049184,-0.12370142334145,0.784141922727123,-0.191441554103752,1.60040399485551,1.56330453710403,-0.246702744200317,"High"
"22079",38.12323359,0.804238355014687,66,18.94305061,1536.015707,-1353.69694757493,0.481509724305128,52.5491802937068,25.4128067073934,1,31.19647967,"South Central Plains","White / red / jack pine group",0.339829929545185,0.219021146530179,0.285824124748179,-0.391541979836732,-0.959873446061244,-0.121941966441586,1.50940942948735,1.48319824597654,2.20796227046627,"High"
"22081",8.399398544,0.874909090909091,54,18.05119267,1297.96875,-1114.11513779257,0.390422371705327,47.535085984413,20.1158551367204,1,32.09517101,"South Central Plains","White / red / jack pine group",0.769626550623248,0.0208829467568863,-0.448494791020808,0.141332987928148,-1.68981295111537,-0.211951095484627,0.77057131928605,1.27605457451334,1.41185469814197,"High"
"22083",14.0726603,0.765217391304348,32,18.08227362,1393.654321,-666.405447184933,0.628594840303582,15.4311011154608,13.4715271546054,2,32.41114713,"Mississippi Alluvial Plain","Oak / gum / cypress group",0.102517014352499,-1.24774611665998,-1.36960113959562,1.13712347455688,0.218810901528138,-0.194771436510592,1.06755535698233,1.2832734619693,-0.0476758511192429,"High"
"22085",10.65470795,0.919968512201522,52,18.22779676,1324.934307,-1300.03662843734,0.375939557494656,70.1322737363743,25.9895530802211,1,31.56391375,"South Central Plains","White / red / jack pine group",1.04366341714402,0.913839047086662,0.365778748746133,-0.272191346094246,-1.80587273257784,-0.2051216121746,0.854265651805518,1.31707278824144,1.27917010275459,"High"
"22087",47.75597512,0.333333333333333,4,20.32572985,1573.558824,-1073.24369200964,0.389406402090268,30.7203854349838,8.52049438106445,1,29.8774591,"Mississippi Alluvial Plain","Aspen / birch group",-2.5240625233331,-0.643570948818152,-2.05596516797985,0.232238764013017,-1.69795454637311,-0.0927722891751686,1.62593385796533,1.80434048330365,-1.90526018654261,"High"
"22089",73.47766013,0.683478260869565,16,20.13134256,1619.781818,-684.301473317984,0.729115148741972,15.0187528415846,16.6204552300462,1,29.90766062,"Mississippi Alluvial Plain","Oak / gum / cypress group",-0.394594012243032,-1.26404057376941,-0.933063742690853,1.09731934937128,1.02434253786606,-0.0148823916674406,1.76939844984753,1.75919192866234,-1.10915261421831,"High"
"22091",9.665630768,0.848813559322034,36,18.74130669,1636.44,-1328.73063857975,0.429417319137886,65.697124925853,25.6264456688102,0,30.82231714,"Southeastern Plains","White / red / jack pine group",0.610921944545401,0.738578601862384,0.315440995588035,-0.336012216900639,-1.37732222857135,-0.20811671612301,1.82110127295176,1.4363410342953,0.217693339655523,"High"
"22093",34.31820205,0.470238095238095,17,19.81759273,1628.583333,-899.491489390922,0.804670493036942,-1.08648181141877,13.3133449785838,1,30.02647824,"Mississippi Alluvial Plain","Oak / gum / cypress group",-1.69145191964441,-1.90045903824819,-1.39153000989779,0.618696314582632,1.62981441782258,-0.133464287648344,1.79671614712651,1.68632013059643,-1.04281031652462,"High"
"22095",77.50888255,0.420152091254753,17,20.00278945,1617.877193,-824.404725305809,0.725134694581457,23.5434243926695,21.6968036228757,1,30.12615761,"Mississippi Alluvial Plain","Oak / gum / cypress group",-1.99605884078229,-0.927177529199264,-0.229327150397527,0.785703388399176,0.992444687540088,-0.00267512371424933,1.76348697106462,1.72933407575875,-1.04281031652462,"High"
"22097",34.59183083,0.598051948051948,40,19.38089634,1569.055118,-1154.08986196243,0.598246761557089,44.4561178381682,23.2308569105303,2,30.60000014,"Mississippi Alluvial Plain","Oak / gum / cypress group",-0.914129292801455,-0.100786325503408,-0.0166606134483796,0.0524216892249003,-0.0243870941023468,-0.13263569039194,1.6119554829763,1.58489266162158,0.483062530430289,"High"
"22099",28.06592153,0.493130520117763,33,19.68828589,1587.336207,-1182.5788408008,0.694651154824927,32.9216408921009,20.7385142418211,2,30.12846644,"Mississippi Alluvial Plain","Oak / gum / cypress group",-1.55222757540854,-0.556585589826022,-0.362175263109183,-0.010943153431316,0.748161158739539,-0.152397319784575,1.66869540277785,1.65628721573231,0.0186664465744486,"High"
"22101",34.74513314,0.509480626545754,30,20.08443402,1609.632479,-956.558161629834,0.697749001085313,20.048135838674,17.6179514263635,1,29.69344277,"Mississippi Alluvial Plain","Oak / gum / cypress group",-1.45279150179078,-1.06529822240067,-0.794780370530374,0.491769311412468,0.772986124022863,-0.132171463370695,1.73789744457927,1.74829691190823,-0.180360446506626,"High"
"22103",118.055096,0.696912114014252,53,19.51581059,1589.227273,-1320.55952701138,0.558820796029424,49.1323002076315,22.7486406246815,2,30.40923945,"Southern Coastal Plain","White / red / jack pine group",-0.312893650465667,0.0839988618792296,-0.0835104865246495,-0.317838129236998,-0.340331832226262,0.120106117433799,1.67456479782206,1.61622795822465,1.34551240044828,"High"
"22105",65.27324415,0.688542036183044,49,19.1581025,1640.319672,-1264.1148040178,0.553170703034449,40.5337848930405,20.0153775046969,3,30.62967539,"Southeastern Plains","White / red / jack pine group",-0.363797764091834,-0.255782211244643,-0.46242405294101,-0.1922944580667,-0.385609535074668,-0.0397268417703216,1.83314280276086,1.53314637790627,1.08014320967351,"High"
"22109",34.94076358,0.286140089418778,12,20.65260941,1591.910638,-906.700543619132,0.646074165827658,48.8423879613904,23.2204186840994,2,29.37272799,"Mississippi Alluvial Plain","Oak / gum / cypress group",-2.81107661078361,0.0725426173375241,-0.0181076697434998,0.602662023235712,0.358883588433211,-0.131579059143869,1.68289329044623,1.88026180344649,-1.37452180499307,"High"
"22111",9.805563422,0.888859695218077,57,17.44927992,1358.88,-1126.16208570539,0.488613411012984,53.018899465652,22.2865354001771,1,32.83120371,"South Central Plains","White / red / jack pine group",0.854469626305357,0.237582686339216,-0.147572353600799,0.114538311877655,-0.902947194374318,-0.207692974829475,0.959624577547188,1.1362538155096,1.61088159122304,"High"
"22113",19.66913888,0.423529411764706,8,20.27557295,1524.690355,-609.066690270077,0.437347250105598,23.8568222939855,22.981783747498,1,29.83646405,"Western Gulf Coastal Plain","Oak / gum / cypress group",-1.97551906678525,-0.914793219661172,-0.051189744512682,1.26465564517717,-1.31377476868285,-0.177824290830559,1.47425837452535,1.79269099973768,-1.63989099576784,"High"
"22115",14.35166907,0.895471569628873,55,18.68157338,1433.989637,-1383.38445869424,0.487039846725567,82.2142492620204,27.7997463878324,2,31.10820897,"South Central Plains","White / red / jack pine group",0.894680913831764,1.39127340166578,0.616726708009525,-0.457572583516923,-0.915557141906491,-0.193926547674942,1.19274607155135,1.42246732572906,1.47819699583566,"High"
"22117",26.71026301,0.850037678975132,51,18.8851613,1641.086957,-1178.12901385656,0.546689782580614,51.7298895451694,21.7938517025462,1,30.85300169,"Southeastern Plains","White / red / jack pine group",0.618366645439459,0.186645849219711,-0.215873328951308,-0.00104590208479186,-0.437545174143598,-0.156502498085967,1.83552426315224,1.46975282639338,1.2128278050609,"High"
"22119",25.2588102,0.892320195042666,51,17.51243335,1293.294118,-1261.67332463979,0.51691208234398,68.0006069847356,26.4234096042056,2,32.70974667,"South Central Plains","White / red / jack pine group",0.875515270064776,0.829603572715267,0.425924485032546,-0.186864149121135,-0.676172372673311,-0.16089775876054,0.756062432819727,1.15092188400905,1.2128278050609,"High"
"22121",52.98342287,0.517985611510791,17,19.41815338,1580.2,-1235.9269672197,0.588201152642507,122.19627436563,24.3611308912461,1,30.45874014,"Mississippi Alluvial Plain","Oak / gum / cypress group",-1.40106692649055,2.97121306547229,0.140029806119808,-0.129599411899404,-0.104888794830152,-0.0769426353513151,1.64654640427632,1.59354601290917,-1.04281031652462,"High"
"22123",11.73702153,0.847715736040609,26,17.80883656,1400.792453,-877.195855845111,0.651769221462329,51.0863200050084,21.6367776127412,0,32.78532392,"Mississippi Alluvial Plain","Oak / gum / cypress group",0.604245337447347,0.161214394952871,-0.237648584734203,0.668285993439363,0.40452160482712,-0.201844171610942,1.08971033020153,1.21976474159787,-0.445729637281392,"High"
"22125",14.78195736,0.747899159663866,51,18.8615211,1588.873016,-1651.95805437153,0.654250955520362,76.9707586916805,30.8204014785482,1,30.8781616,"Mississippi Valley Loess Plains","White / red / jack pine group",-0.00280688454177787,1.18407032209671,1.03548156002806,-1.05493073132056,0.424409280539418,-0.192623557190693,1.67346527285563,1.46426213375894,1.2128278050609,"High"
"22127",5.756965426,0.898074974670719,62,18.11509264,1469.444444,-1376.09368235108,0.490925744467293,75.7414884434252,28.7430488959168,0,31.94474885,"South Central Plains","White / red / jack pine group",0.910513983575864,1.13549417274653,0.747497183392726,-0.441356526828931,-0.884417030866612,-0.219952859158042,1.30278890902998,1.2908960350179,1.9425930796915,"High"
"23001",89.07495393,0.985957873620863,29,6.792313722,1143.588235,-1150.40583229195,0.385128201042504,53.063119976509,28.5070813105369,11,44.16870993,"Acadian Plains and Hills","Maple / beech / birch group",1.4449894286279,0.239330115061891,0.714784884792122,0.060615663524056,-1.73223842735324,0.0323490247427831,0.291412881841694,-1.33894207153149,-0.246702744200317,"Low"
"23003",3.902700732,0.882712626025625,35,3.381694682,1020.408784,-696.579249536895,0.665944571128429,32.6992894650909,17.084931730893,16,46.65666221,"Acadian Plains and Hills","Maple / beech / birch group",0.817085134195404,-0.565372084205101,-0.868673144447445,1.07001126779022,0.518117482014408,-0.225567906807981,-0.0909052705910374,-2.13109530381408,0.151351041961832,"Low"
"23005",135.9864827,0.987556357078449,34,7.225246904,1157.593407,-1356.67010463992,0.365075995239453,53.7529274668991,23.4638298085646,20,43.83903397,"Northeastern Coastal Zone","Maple / beech / birch group",1.45471088943095,0.266588719688193,0.0156365302210633,-0.398154839872332,-1.89292920122424,0.174405587771433,0.33488142663609,-1.23838864839582,0.0850087442681401,"Low"
"23007",6.810351679,0.973884278335558,32,4.076072783,1138.7,-703.54298648374,0.735438731932343,15.0609028305752,14.1594249474161,13,44.97260646,"Northeastern Highlands","Maple / beech / birch group",1.37156171640425,-1.26237496430459,-1.27423754137559,1.05452260817769,1.07501733576503,-0.216763015753525,0.276241025183094,-1.96981846501082,-0.0476758511192429,"Low"
"23009",13.33903301,0.937036072405261,34,6.602677315,1238.857143,-708.18502422194,0.648893317177541,3.64572780148839,13.0849806979279,23,44.59641407,"Acadian Plains and Hills","Maple / beech / birch group",1.14746281321334,-1.71345986435683,-1.42318825874795,1.04419784390466,0.381475198379845,-0.196992992151474,0.587103701983796,-1.38298718211162,0.0850087442681401,"Low"
"23011",54.37123165,0.969617771969944,31,6.756991567,1098.278481,-1019.17087296679,0.572185299356588,12.8625057576227,13.1913178597998,18,44.40971891,"Acadian Plains and Hills","Maple / beech / birch group",1.34561420083729,-1.34924737067603,-1.40844668741774,0.352506875062808,-0.233233770140905,-0.0727401002688545,0.150782758100831,-1.34714602480985,-0.114018148812934,"Low"
"23015",29.14823481,0.987337662337662,27,7.421686058,1152.32,-1108.99585918325,0.437160543444408,85.3186814080442,10.7324342735385,16,44.06282039,"Acadian Plains and Hills","Maple / beech / birch group",1.45338085855681,1.5139489156846,-1.74932288856378,0.15271922558283,-1.31527096506983,-0.149119880129371,0.318514092597023,-1.19276352610484,-0.3793873395877,"Low"
"23017",10.73393569,0.990250832843425,36,5.168360815,1128.43956,-972.24558019132,0.681737028154885,0.654909460835555,14.585075051306,10,44.49961799,"Northeastern Highlands","Maple / beech / birch group",1.47109782193854,-1.8316457869406,-1.21522946501032,0.456877544513053,0.644672244409655,-0.204881696300272,0.244395190247957,-1.71612273265709,0.217693339655523,"Low"
"23019",17.24072928,0.894354582019156,43,5.377900702,1067.118506,-717.950898229025,0.662397842568748,10.2815297404504,13.9857184288302,21,45.39383826,"Acadian Plains and Hills","Maple / beech / birch group",0.887887755470434,-1.45123786191045,-1.29831855867169,1.0224767048856,0.489695344192603,-0.185177952722353,0.0540700030500712,-1.66745482315665,0.682089423511364,"Low"
"23021",1.643856161,0.930493735575338,37,3.837119327,1055.010568,-636.404721232331,0.689813363668293,31.3964919093354,18.9830038872683,9,45.83663347,"Northeastern Highlands","Maple / beech / birch group",1.10767443082467,-0.61685375695465,-0.605542498579802,1.20385072688642,0.709392934813396,-0.232408095234698,0.0164899972264529,-2.02531799466087,0.284035637349215,"Low"
"23023",54.30369376,0.99023331524688,23,7.456460644,1144.037037,-1228.98828139117,0.661656491674393,7.99477954068594,26.4684026080713,13,43.9557976,"Acadian Plains and Hills","Maple / beech / birch group",1.4709912855666,-1.54160165245039,0.432161886559639,-0.114166470681674,0.483754439232126,-0.0729446171707582,0.29280585079922,-1.18468675166063,-0.644756530362466,"Low"
"23025",4.975790584,0.944903853274419,38,3.939031019,1070.828125,-648.245649532144,0.681109665129497,28.5209976351707,16.0860805860309,11,45.50860606,"Northeastern Highlands","Maple / beech / birch group",1.19531211873068,-0.73048250499901,-1.00714435376918,1.17751427717098,0.639644795008936,-0.222318397354911,0.0655837309551366,-2.00164789979587,0.350377935042906,"Low"
"23027",21.01060889,0.934414466130884,33,6.711046566,1165.244755,-862.665951321268,0.609198632490173,6.20887061980559,18.575102501582,10,44.48213391,"Acadian Plains and Hills","Maple / beech / birch group",1.13151904944374,-1.61217407425075,-0.662090061698219,0.700603231596146,0.063377046803528,-0.173762077894354,0.35862929372944,-1.3578172491895,0.0186664465744486,"Low"
"23029",4.727424335,0.908188134298498,37,5.997783648,1183.070611,-626.632169596082,0.639975188081908,19.4282100402741,16.910195885658,18,45.01465067,"Acadian Plains and Hills","White / red / jack pine group",0.972018958463025,-1.08979536467825,-0.892896857786519,1.22558671820762,0.310008693401092,-0.223070495114894,0.413956284360792,-1.52348029139225,0.284035637349215,"Low"
"23031",80.27315412,0.991585760517799,37,7.626909296,1165.553073,-1241.13793878895,0.371727107199357,64.3039700085489,28.323968609292,20,43.47753688,"Northeastern Coastal Zone","White / red / jack pine group",1.47921642147721,0.683526345105206,0.689399883919893,-0.14118959192814,-1.83962971195922,0.00569558874829422,0.359586235550214,-1.14509820511337,0.284035637349215,"Low"
"24001",64.93083362,0.725990597716588,43,10.51469314,952.7301587,-1114.37112404966,0.544027851364783,50.7484227888352,26.4981039432387,13,39.62371591,"Ridge and Valley","Oak / hickory group",-0.136047691764858,0.147861964385925,0.436279396781512,0.140763626386806,-0.458876881550977,-0.0407637225608646,-0.300962766170256,-0.474379112969309,0.682089423511364,"Low"
"24003",535.5978136,0.804177545691906,33,13.15989756,1112.493827,-1789.10005466482,0.474962131923766,59.5625996054012,33.0125874973598,13,39.00423839,"Southeastern Plains","Oak / hickory group",0.339460106857894,0.496165171144685,1.33938535054225,-1.35996031203825,-1.01234336867658,1.38450071157949,0.194903630330664,0.139998279162765,0.0186664465744486,"Moderate"
"24005",534.4074816,0.712230215827338,46,12.31138424,1127.118812,-2148.96745294171,0.600743778473882,62.1310908028464,29.0822356704912,14,39.45912701,"Northern Piedmont","Unknown",-0.219733896045798,0.597662309132705,0.794518807288186,-2.16037303298159,-0.00437694735493014,1.3808961717741,0.240295919378587,-0.0570781345878694,0.881116316592438,"Moderate"
"24009",166.7890524,0.790281329923274,29,13.47238463,1098,-2221.49088768298,0.590146418718238,61.0468416914605,25.1789192933769,7,38.5394617,"Southeastern Plains","Oak / hickory group",0.25494780473536,0.554816851152866,0.253400201293129,-2.32167878063021,-0.089300170109043,0.267681319745247,0.14991842285219,0.212576787534377,-0.246702744200317,"Moderate"
"24011",40.20062826,0.805687203791469,19,13.07198824,1120.102041,-1446.75778050916,0.449640873911075,36.7797504254731,23.6416075308365,7,38.87154854,"Middle Atlantic Coastal Plain","White / red / jack pine group",0.348641360483791,-0.404127572422234,0.0402819404206498,-0.598526760505385,-1.2152583290261,-0.11565124101413,0.21851762029554,0.119580386935856,-0.910125721137233,"Moderate"
"24013",145.1090266,0.651296829971182,26,11.55996077,1083.970588,-2858.09499656274,0.523133517377966,37.2732146067665,25.3183400938109,8,39.56552308,"Northern Piedmont","Oak / hickory group",-0.590311094943983,-0.38462771890874,0.272728173173629,-3.73760595100451,-0.626316151366863,0.202030294671641,0.106374643171294,-0.231604378531404,-0.445729637281392,"Moderate"
"24015",114.7146425,0.710359408033827,37,12.23062423,1133.087719,-2041.92646153098,0.634718424734783,26.1495519530867,24.5136090488421,9,39.56600943,"Southeastern Plains","Unknown",-0.231111545622547,-0.824193143316551,0.161167925634486,-1.92229375267509,0.26788298520705,0.109990622253636,0.258821911155274,-0.0758355220915394,0.284035637349215,"Moderate"
"24017",136.1559627,0.803738317757009,38,13.51205018,1043.242105,-1891.96043599754,0.484249238741175,68.7804605121325,36.302659297514,5,38.51090709,"Southeastern Plains","Unknown",0.33678886422949,0.86042045897105,1.79548956913989,-1.58874112990062,-0.93792001614521,0.174918803753374,-0.0200363632549955,0.221789541370046,0.350377935042906,"Moderate"
"24019",22.84349545,0.831553973902728,29,13.60301416,1097.532787,-1516.04856776056,0.469892087771781,40.7463063515138,24.8676167496921,6,38.45400176,"Middle Atlantic Coastal Plain","White / red / jack pine group",0.505954713052156,-0.247384160350976,0.210244181589195,-0.752642492649385,-1.05297278004132,-0.168211767086715,0.148468310763668,0.242916911484736,-0.246702744200317,"Moderate"
"24021",149.6006375,0.67719298245614,44,11.77202263,1014.271845,-2145.2759334921,0.621251922239397,73.6045980854256,28.5033958982778,17,39.47232199,"Northern Piedmont","Oak / hickory group",-0.432819048255977,1.05105228104494,0.714273974337655,-2.15216240000615,0.159967540463805,0.215631701908748,-0.109952791594134,-0.182350713471568,0.748431721205055,"Moderate"
"24023",17.34278611,0.734295415959253,42,8.664114981,1142,-1089.26545650966,0.616291143918926,32.7723486532121,22.4145588446529,14,39.52773764,"Central Appalachians","Oak / hickory group",-0.0855404659069272,-0.562485059127731,-0.129824402598005,0.196603348915183,0.120213744041186,-0.184868906249481,0.28648339834506,-0.904195944767509,0.615747125817672,"Low"
"24025",224.1183074,0.7375,36,12.14641701,1124.772152,-2339.33796390309,0.633715835724798,28.3576459523685,25.7293828080189,11,39.54844421,"Northern Piedmont","Unknown",-0.0660512193999746,-0.73693755078871,0.329711220159202,-2.58379282425908,0.259848617044693,0.44128463517378,0.23301247471063,-0.0953935614744812,0.217693339655523,"Moderate"
"24027",496.0440255,0.655589123867069,33,12.29960837,1125.225,-2158.3673962954,0.623289919378946,36.000297409434,23.8812575098608,9,39.25323759,"Northern Piedmont","Oak / hickory group",-0.564206747935587,-0.434928631971432,0.0735047310037295,-2.1812802734609,0.176299276768406,1.26472471323593,0.234418001438403,-0.0598132080082771,0.0186664465744486,"Moderate"
"24029",27.11648526,0.786703601108033,26,12.78362458,1120.222222,-1740.4878364963,0.51155942460991,27.6509345821318,18.6895584696149,6,39.249809,"Middle Atlantic Coastal Plain","Oak / hickory group",0.233189212066651,-0.764864133341909,-0.646222976408154,-1.25183760350265,-0.71906654212291,-0.155272383907772,0.218890632007352,0.052604801957641,-0.445729637281392,"Moderate"
"24031",820.3124753,0.633707865168539,43,12.55081014,1054.987342,-2330.71389200504,0.635821017034556,77.5987399158467,28.3614449186718,13,39.13709493,"Northern Piedmont","Oak / hickory group",-0.697281505606362,1.20888578458554,0.694595242515045,-2.5646112677008,0.276718741814323,2.24666801555428,0.0164179095418893,-0.00146887469903474,0.682089423511364,"Moderate"
"24033",728.4074605,0.76,41,13.20991475,1092.486486,-1720.68404900187,0.59630045593124,67.9836641727444,24.4843904880982,11,38.83156721,"Southeastern Plains","Oak / hickory group",0.0707865232932092,0.828934056336045,0.157117342660577,-1.20779025853809,-0.0399840493839229,1.96836306856363,0.132805856845608,0.151615313567227,0.549404828123981,"Moderate"
"24035",52.1080251,0.657817109144543,34,12.98167625,1120.591549,-1668.7925149662,0.516034829563897,28.8890984835945,21.152622586551,9,39.06194349,"Middle Atlantic Coastal Plain","Unknown",-0.55065686010789,-0.715936540176106,-0.304767226306174,-1.09237373525676,-0.68320234381447,-0.0795934975540551,0.220036930477893,0.0986044485641601,0.0850087442681401,"Moderate"
"24037",121.8570078,0.829009433962264,30,13.82509963,1085.097561,-1748.23647230996,0.302781943491435,80.0191752992259,38.2661976979772,7,38.30054498,"Southeastern Plains","White / red / jack pine group",0.4904796418679,1.30453231214315,2.06769583156485,-1.26907202569512,-2.39213011115236,0.13161899150563,0.109872484992343,0.294498668591065,-0.180360446506626,"Moderate"
"24039",31.03199399,0.945753033547466,18,13.76229138,1039.591549,-1187.00582680753,0.628268503199811,50.8822068652018,29.9693644494553,5,38.11630764,"Middle Atlantic Coastal Plain","White / red / jack pine group",1.20047655925083,0.153148609274211,0.917501891884071,-0.0207896022404922,0.216195759719658,-0.143415517860632,-0.0313667744067082,0.279910771887271,-0.976468018830924,"Moderate"
"24041",53.31950186,0.828231292517007,21,13.34461349,1126.833333,-1737.11327272429,0.477450075409719,41.2980734975866,23.3648328302896,6,38.76614718,"Middle Atlantic Coastal Plain","White / red / jack pine group",0.485747236585012,-0.225580392357567,0.00191253203429716,-1.24433193951729,-0.992405932963436,-0.075924927604897,0.239409864091343,0.182900555637357,-0.777441125749849,"Moderate"
"24043",127.0039896,0.753196930946292,50,11.58064464,992.9117647,-1131.7885883474,0.596140046313163,77.2398557290687,33.0385883736659,12,39.60765253,"Ridge and Valley","Oak / hickory group",0.0294124516178645,1.19470402766017,1.34298986439204,0.10202391265547,-0.0412695112387595,0.147204979932138,-0.176249128928116,-0.226800325576661,1.1464855073672,"Moderate"
"24045",106.4399777,0.754172015404365,27,13.50089138,1110.525424,-1272.49135927325,0.507972371207197,46.1680982515604,21.896932223013,7,38.37310635,"Middle Atlantic Coastal Plain","White / red / jack pine group",0.035342600781327,-0.0331352810210703,-0.201583227368132,-0.210925491097895,-0.747811827946321,0.0849334460642757,0.188794200615776,0.219197789144211,-0.3793873395877,"Moderate"
"24047",42.83619041,0.815745393634841,32,13.50169593,1080.659574,-1480.83760474752,0.53703338052556,69.7700204868051,29.6381365883545,4,38.21267959,"Middle Atlantic Coastal Plain","White / red / jack pine group",0.409812026872526,0.899524157436774,0.87158361594916,-0.674326693976736,-0.514927918679364,-0.107670283870034,0.096098085312964,0.21938465460047,-0.0476758511192429,"Moderate"
"25001",209.1078308,0.948818897637795,21,9.925929087,1124.851852,-670.08983856966,0.556469397135171,50.8152422472352,22.2774790645432,16,41.7299185,"Atlantic Coastal Pine Barrens","White / red / jack pine group",1.21912215576304,0.150502418749271,-0.148827837717426,1.12892869573727,-0.35917505135677,0.395830206995315,0.233259843541239,-0.611125944604821,-0.777441125749849,"Low"
"25003",52.45647127,0.931121861322276,42,6.880465813,1169.467949,-1265.05886002333,0.662916632845547,56.698229100079,25.9322354857433,21,42.37188109,"Northeastern Highlands","Maple / beech / birch group",1.11149448901749,0.382975992720916,0.35783278336022,-0.194394216032348,0.493852732754958,-0.0785383397579111,0.371737029754705,-1.31846779310896,0.615747125817672,"Low"
"25005",393.2146443,0.94386181369525,35,9.98880917,1218.50495,-1299.45692403902,0.502362845166981,34.6941738972261,18.6356809746944,17,41.79207875,"Northeastern Coastal Zone","Oak / pine group",1.18897477011689,-0.486541734044674,-0.653692039156135,-0.270901974572891,-0.792764442601545,0.953338816109154,0.523935594295815,-0.596521363908336,0.151351041961832,"Low"
"25007",65.20934127,0.958115183246073,11,10.21486182,1171.230769,-474.700093976473,0.607097996488778,9.04442991603289,15.9997158912236,14,41.40669141,"Atlantic Coastal Pine Barrens","White / red / jack pine group",1.27565916634384,-1.50012340674266,-1.0191171324902,1.56351220583874,0.04654334641162,-0.0399203512068812,0.377208381347849,-0.544018186255418,-1.44086410268676,"Low"
"25009",616.983141,0.914349276974416,33,9.318713012,1106.757282,-1386.93629874959,0.568792526696837,36.4996736007168,19.0783554491957,21,42.66950051,"Northeastern Coastal Zone","Oak / hickory group",1.00948904096006,-0.415195157998472,-0.592323866195267,-0.465472543270628,-0.26042216375797,1.6309501493731,0.177098831982057,-0.752158458310954,0.0186664465744486,"Low"
"25011",38.94604268,0.965099915564312,38,7.410234722,1177.733333,-1302.09354759204,0.702734183633751,39.7117499582105,18.7055545170879,20,42.58369453,"Northeastern Coastal Zone","Maple / beech / birch group",1.31813805539912,-0.288265948504246,-0.644005436738357,-0.276766320835656,0.812935486674767,-0.119450352238876,0.397390710741049,-1.19542322298683,0.350377935042906,"Low"
"25013",292.0143698,0.954004106776181,43,8.442006579,1186.186275,-1370.60398788964,0.704012731214732,58.5076770939352,24.6619293871151,21,42.13345178,"Northeastern Coastal Zone","Maple / beech / birch group",1.25065692526921,0.45447859039275,0.181729644678725,-0.429146414709667,0.823181282186574,0.646886147650832,0.423626524765428,-0.955783028079348,0.682089423511364,"Low"
"25015",118.1675348,0.963761467889908,40,7.918065892,1173.906977,-1380.53498204857,0.663506262655538,79.537496390432,25.0156612055057,23,42.3427579,"Northeastern Coastal Zone","Maple / beech / birch group",1.30999804835564,1.28549816839355,0.230767654916862,-0.451234811976222,0.49857780247524,0.120446602382763,0.385514660437255,-1.07747393048263,0.483062530430289,"Low"
"25017",758.1302093,0.956253850893407,38,9.017281881,1154.826087,-1559.15930329351,0.526022129261408,46.051539761829,27.614463346913,29,42.48646628,"Northeastern Coastal Zone","White / red / jack pine group",1.26433914334203,-0.0377412353368612,0.591040831915885,-0.848528869951191,-0.603167911042468,2.05836890825803,0.326292358727432,-0.822169105038666,0.350377935042906,"Low"
"25019",93.71657685,0.490196078431373,4,10.19659565,1054.47619,-63.8929930980451,0.742965132613926,-12.8738941842286,4.88824160113238,9,41.29421893,"Atlantic Coastal Pine Barrens","Oak / hickory group",-1.57007390324989,-2.36625336190201,-2.55950609856452,2.47722439808337,1.1353310569519,0.0464046954100727,0.0148314218065914,-0.548260702184996,-1.90526018654261,"Low"
"25021",685.9649049,0.933333333333333,35,9.597403308,1184.142857,-1253.37899570754,0.58471098431971,18.1381043369157,17.7121180643421,19,42.16065374,"Northeastern Coastal Zone","White / red / jack pine group",1.12494394848514,-1.14077550302684,-0.781726004716478,-0.168416002884912,-0.13285768036019,1.83983936164611,0.417284267286072,-0.687429616950181,0.151351041961832,"Low"
"25023",304.0710974,0.921600877192982,31,9.948060901,1225.776923,-1297.16092935151,0.55694857309868,34.9915382244691,21.2007090710027,16,41.94084681,"Northeastern Coastal Zone","Oak / pine group",1.0535909345077,-0.47479101121373,-0.298100974094012,-0.265795250918843,-0.355335116880089,0.68339609156304,0.54650597644422,-0.605985590964979,-0.114018148812934,"Low"
"25027",211.2787336,0.952751196172249,40,8.025297806,1166.624031,-1422.65703432509,0.566702702355294,41.171948432792,20.5758502852905,26,42.34913408,"Northeastern Highlands","Oak / hickory group",1.24303712709862,-0.230564381836659,-0.3847254447751,-0.544922171919915,-0.277169223607411,0.402404091891483,0.362910220846211,-1.05256815640387,0.483062530430289,"Low"
"26001",5.949583375,0.902873259298431,38,7.137942565,790.7261538,-1434.71443618242,0.5757676031965,32.4261619378071,15.4629845694149,8,44.68487227,"Northern Lakes and Forests","Aspen / birch group",0.939695603009443,-0.576165059611295,-1.09352445093199,-0.571740099507529,-0.204526545512833,-0.219369577296845,-0.803782606145604,-1.25866602722941,0.350377935042906,"Low"
"26003",3.838935693,0.852913533834586,30,5.062506347,839.4786996,-1254.36784036807,0.671296720463826,18.4338977864889,17.6929946950323,5,46.4132186,"Northern Lakes and Forests","Maple / beech / birch group",0.635856667096388,-1.12908685538921,-0.78437708650004,-0.170615379236076,0.561007577349817,-0.225760998837152,-0.652466919273058,-1.74070857997522,-0.180360446506626,"Low"
"26005",54.78817102,0.775539568345324,51,9.24402083,920.0277778,-1696.91350137639,0.607869429263454,46.9243214414792,25.5362171090614,9,42.5914896,"Southern Michigan/Northern Indiana Drift Plains","Oak / hickory group",0.165293165728791,-0.00325217706756072,0.302932567432307,-1.15492009359866,0.0527253161544833,-0.0714775327199707,-0.402462762674052,-0.769506527005703,1.2128278050609,"Low"
"26007",19.19450508,0.74586129753915,33,6.893234175,779.4525547,-1230.88612383602,0.627411762292803,11.7213185820258,13.5121367854713,7,45.03492227,"Northern Lakes and Forests","White / red / jack pine group",-0.0152005046780479,-1.39434280738491,-1.36397140715247,-0.118387628926288,0.209330162951591,-0.179261567510579,-0.838773033073057,-1.31550220266611,0.0186664465744486,"Low"
"26009",18.91310829,0.871610403984505,30,6.717121644,803.42,-1643.96370116867,0.552083177643088,30.5271246494983,22.1943887192414,8,44.99527489,"Northern Lakes and Forests","Maple / beech / birch group",0.749565000729387,-0.65120789016006,-0.160346691809033,-1.03714978747868,-0.394324551191029,-0.180113687701133,-0.764384088072575,-1.35640624648952,-0.180360446506626,"Low"
"26011",15.96061932,0.912798874824191,28,7.525517389,736.8347826,-1296.05866406223,0.474291809391489,12.9540236226549,11.6667582237202,4,44.06370462,"Northern Lakes and Forests","Unknown",1.00005999515991,-1.34563092792365,-1.61979711493334,-0.263343605775053,-1.01771507927604,-0.18905435636948,-0.971047919491175,-1.16864757427931,-0.313045041894009,"Low"
"26013",3.582856537,0.919526080935529,28,4.290625001,825.0869565,-1205.56556777289,0.690143714601565,46.2882615120415,16.6006775533655,4,46.67142592,"Northern Lakes and Forests","Maple / beech / birch group",1.04097269288912,-0.02838687968636,-0.935805531416468,-0.0620699539400851,0.712040241929524,-0.226536452669471,-0.697135283903766,-1.91998638731794,-0.313045041894009,"Low"
"26015",42.61332154,0.69693094629156,37,8.638645855,884.7954545,-1670.47534719965,0.613284360178946,38.9143259965133,19.436414818542,6,42.59514332,"Southern Michigan/Northern Indiana Drift Plains","Oak / hickory group",-0.312779118629373,-0.319777152418762,-0.542685925509716,-1.09611667038597,0.0961185192671315,-0.108345170971529,-0.511815066492719,-0.910111425285179,0.284035637349215,"Low"
"26017",90.33274492,0.914285714285714,20,7.895100311,753.9417476,-1389.00804334116,0.829337702908384,47.3682812851634,16.216499788864,4,43.70623581,"Huron/Erie Lake Plains","Elm / ash / cottonwood group",1.00910247318933,0.0142914507090793,-0.989064277645755,-0.470080492569671,1.82748808437139,0.0361578425266552,-0.917952186400667,-1.0828079355436,-0.843783423443541,"Low"
"26019",21.38006148,0.823166552433173,27,7.798204955,847.8322981,-1715.04027220765,0.531932651939223,19.9588133320884,18.547325879362,8,44.63939965,"North Central Hardwood Forests","Maple / beech / birch group",0.4549451210117,-1.06882791282179,-0.665940748048694,-1.19523743835519,-0.555803223466018,-0.17264330887289,-0.626539442581472,-1.1053129320115,-0.3793873395877,"Low"
"26021",104.5849817,0.690690690690691,39,9.806464835,953.7777778,-1568.24287002585,0.637418171912442,47.7033756656009,25.3850053699002,9,41.95429077,"Southern Michigan/Northern Indiana Drift Plains","Oak / hickory group",-0.350730340418325,0.0275331237208869,0.281970012107625,-0.868732429370343,0.289517735393389,0.0793161838879807,-0.297711218972134,-0.638872811743644,0.416720232736598,"Low"
"26023",33.11076265,0.786,32,8.845181834,910.7613636,-1327.17360799866,0.759140780705441,60.3686354146867,22.6665955700248,5,41.91607608,"Southern Michigan/Northern Indiana Drift Plains","Oak / hickory group",0.228910137072,0.528016682973773,-0.094884431476927,-0.33254908828724,1.26495656724339,-0.13712063174385,-0.431223390586092,-0.862141205970535,-0.0476758511192429,"Low"
"26025",73.22449987,0.576449912126538,35,8.762508954,878.7053571,-1436.69404989069,0.735740501168596,37.8506095665326,20.5009343497674,10,42.24640717,"Southern Michigan/Northern Indiana Drift Plains","Unknown",-1.04550590762857,-0.361811235845353,-0.395111076550879,-0.576143132408647,1.07743559999892,-0.0156490065566582,-0.530717202905905,-0.881342878261121,0.151351041961832,"Low"
"26027",40.66016459,0.600401606425703,36,9.288622571,960.5402299,-1673.2447651578,0.654566425186649,12.4486302676752,16.4138575636156,6,41.91526993,"Southern Michigan/Northern Indiana Drift Plains","Maple / beech / birch group",-0.899839428447465,-1.36560217763618,-0.961704475457538,-1.1022763763608,0.426937334824636,-0.114259682193981,-0.276722262033312,-0.759147289317703,0.217693339655523,"Low"
"26031",13.72962013,0.900211752249868,38,6.162836549,779.4358974,-1381.22985385195,0.609376614037139,22.3960427036853,13.0061695953403,13,45.44763079,"Northern Lakes and Forests","Aspen / birch group",0.923509175601116,-0.97251774984226,-1.43411387938664,-0.452780337448975,0.0648033234335223,-0.195810223964522,-0.838824733158654,-1.48514496648749,0.350377935042906,"Low"
"26033",9.269876266,0.81417653229432,38,5.081168797,836.2605932,-994.221617620069,0.630299742081229,18.6540694355009,12.1804781116466,7,46.29590885,"Northern Lakes and Forests","White / red / jack pine group",0.400270718230948,-1.1203864976605,-1.54857988251617,0.407998707479965,0.232473337906206,-0.209315132073871,-0.662455115219636,-1.73637402372123,0.350377935042906,"Low"
"26035",20.97210189,0.890350877192982,32,6.811202678,780.0795455,-1698.29382694998,0.574544182464508,19.1784738873109,15.6113488204048,9,43.98799974,"Northern Lakes and Forests","Aspen / birch group",0.863538514100502,-1.09966400070983,-1.07295664424692,-1.15799019706853,-0.214330575359949,-0.17387868402969,-0.836827010726778,-1.33455490680439,-0.0476758511192429,"Low"
"26037",53.82808172,0.649122807017544,27,8.355343472,804.1010101,-1457.74623204224,0.671100777651303,19.8742939186522,17.3877216994962,9,42.94402242,"Southern Michigan/Northern Indiana Drift Plains","Unknown",-0.603532801323494,-1.07216780301753,-0.826697227076129,-0.622967141692067,0.559437365948237,-0.0743848561377869,-0.762270403354009,-0.975911473832029,-0.3793873395877,"Low"
"26039",9.648333892,0.90564738292011,27,6.05886193,788.9292929,-1056.63904165353,0.556872164782654,16.3446903760798,12.0740020133649,8,44.68263121,"Northern Lakes and Forests","White / red / jack pine group",0.956566928091327,-1.21164449585565,-1.56334071466695,0.269170626792153,-0.355947424152066,-0.208169094180604,-0.809359612163163,-1.5092941985038,-0.3793873395877,"Low"
"26041",11.82735564,0.779868453917243,37,5.878817519,765.4913793,-1060.23884798934,0.623975124381335,10.0952954795098,10.7670441820023,7,45.90479001,"Northern Lakes and Forests","White / red / jack pine group",0.19162005150828,-1.45859714135808,-1.74452490049103,0.261163981016762,0.181790249840177,-0.201570623646778,-0.882105023444708,-1.55111146406626,0.284035637349215,"Low"
"26043",12.87417239,0.841216216216216,30,4.736416666,780.2205882,-1155.07253173357,0.579635248922552,20.8766533548244,8.00674837036497,7,46.00981698,"Northern Lakes and Forests","Aspen / birch group",0.564717354275812,-1.03255831784275,-2.12718602180947,0.05023604698814,-0.17353269920573,-0.198400673881233,-0.836389249525212,-1.81644644216054,-0.180360446506626,"Low"
"26045",73.65501359,0.747152619589977,24,8.503494829,836.6666667,-1351.32808912511,0.680465329832406,38.5207714442124,18.4881112747143,9,42.59590148,"Southern Michigan/Northern Indiana Drift Plains","Oak / hickory group",-0.00734710047693206,-0.335328952144776,-0.674149696856784,-0.386273193482567,0.634481336258368,-0.0143453334297447,-0.661194764820186,-0.941501715680148,-0.578414232668775,"Low"
"26047",27.3967612,0.796992481203007,32,6.482557103,803.7062937,-1321.48273547047,0.575279796988355,16.5134202156661,16.5228949799388,9,45.52600857,"Northern Lakes and Forests","White / red / jack pine group",0.295762862157188,-1.20497692548273,-0.946588566568356,-0.319891518341641,-0.208435639497594,-0.154423657853006,-0.76349550416066,-1.41088640306896,-0.0476758511192429,"Low"
"26049",246.5763347,0.852889667250438,28,8.275425901,760.1818182,-1244.06135191617,0.599182746223036,27.225517846926,12.9277918751948,6,43.02229559,"Southern Michigan/Northern Indiana Drift Plains","Maple / beech / birch group",0.635711518229694,-0.781675007024694,-1.44497942001124,-0.147691812098135,-0.0168864678979453,0.509291588992812,-0.898584570751513,-0.994473195748595,-0.313045041894009,"Low"
"26051",19.47645615,0.956521739130435,36,7.135806831,763.2954545,-1484.73209112324,0.179834842138716,102.568920867992,31.968540488777,4,43.99054723,"Northern Lakes and Forests","Aspen / birch group",1.2659683531931,2.1956136753436,1.19464861713524,-0.682988763537893,-3.37738156207047,-0.178407768860298,-0.888920623819622,-1.25916207459546,0.217693339655523,"Low"
"26053",5.154985996,0.892909384864116,30,4.407961161,857.3794466,-1426.73602181021,0.659718349434253,17.052847243222,15.5593433175878,6,46.40892622,"Northern Lakes and Forests","Maple / beech / birch group",0.879098532517443,-1.18366079268665,-1.08016619183917,-0.553994606620284,0.468222902228213,-0.221775761354622,-0.59690748574217,-1.89273379260785,-0.180360446506626,"Low"
"26055",77.03148707,0.889719626168224,34,7.022316821,781.036036,-1338.01669766772,0.596236509295517,13.7140550807252,15.1582964495826,8,44.69558826,"Northern Lakes and Forests","Oak / hickory group",0.859699448976029,-1.3155973354972,-1.13576350991106,-0.356666157371579,-0.0404964934751971,-0.00412076325899129,-0.83385830387015,-1.28552135928804,0.0850087442681401,"Low"
"26057",27.64216461,0.755102040816326,30,8.063734813,807.8409091,-1149.33248151542,0.607514543796516,28.4584504739402,21.708214442106,5,43.292682,"Southern Michigan/Northern Indiana Drift Plains","Oak / hickory group",0.040998715359996,-0.732954134203146,-0.227745263100006,0.063002997357803,0.0498813985886086,-0.153680532103448,-0.750662693915809,-1.04364074499344,-0.180360446506626,"Low"
"26059",29.5034783,0.787456445993031,37,8.5381054,904.0612245,-1526.73569002565,0.573605910890281,55.9458777323751,19.7299520232325,5,41.88750894,"Southern Michigan/Northern Indiana Drift Plains","Oak / hickory group",0.237767771829373,0.35324588865855,-0.501992723200751,-0.776412660917512,-0.221849527980151,-0.148044138823324,-0.452018943585872,-0.933463035497093,0.284035637349215,"Low"
"26061",13.73223573,0.961494903737259,34,4.681151961,808.0367647,-1319.96845258483,0.670893183222323,40.5321724262861,18.1329749690342,6,46.89895361,"Northern Lakes and Forests","Maple / beech / birch group",1.29621353625263,-0.255845929882587,-0.723382411835917,-0.316523468636176,0.557773782910454,-0.195802303456365,-0.750054807206397,-1.82928226879009,0.0850087442681401,"Low"
"26063",14.3653968,0.944199706314244,27,7.86611658,820.9044944,-1370.48965443116,0.642900258800561,27.6785575053838,21.5910796316226,6,43.83369063,"Huron/Erie Lake Plains","Elm / ash / cottonwood group",1.19102972403937,-0.763772579025613,-0.243983717593191,-0.42889211561218,0.333449101006336,-0.193884977634631,-0.710116598317093,-1.08953972115964,-0.3793873395877,"Low"
"26065",201.9967123,0.81294964028777,23,8.38579073,793.4777778,-1288.08727661705,0.747879611479014,69.9248341267011,22.1609792441356,19,42.59717242,"Southern Michigan/Northern Indiana Drift Plains","Oak / hickory group",0.39280915677741,0.905641811796105,-0.164978263234366,-0.24561374209404,1.17471382709499,0.374296458684698,-0.795242254688204,-0.968839768210271,-0.644756530362466,"Low"
"26067",43.52269161,0.612012987012987,36,8.342457887,859.5656566,-1548.39839450652,0.696150596094848,26.5078380510776,17.1617424806971,7,42.94483073,"Southern Michigan/Northern Indiana Drift Plains","Oak / hickory group",-0.829222756931225,-0.810035020616679,-0.858024833666611,-0.824594586592212,0.76017711251561,-0.105591434522251,-0.590122037672346,-0.978904290586961,0.217693339655523,"Low"
"26069",17.72849461,0.911989223170184,32,7.561051916,809.1803279,-1156.06887259514,0.609338771294916,7.06135017960543,9.72381855009792,5,44.35496674,"Northern Lakes and Forests","White / red / jack pine group",0.995135954950923,-1.57848727960687,-1.88914776605843,0.0480199976771585,0.0645000660466317,-0.183700911403064,-0.746505473561339,-1.16039429530252,-0.0476758511192429,"Low"
"26071",3.675263802,0.934466019417476,30,3.975414683,790.784689,-1226.99863281418,0.637677532358659,40.4336693985469,23.0263351083074,5,46.20982869,"Northern Lakes and Forests","Maple / beech / birch group",1.13183257990444,-0.259738400064547,-0.0450135681725545,-0.109741118346745,0.29159615166457,-0.226256626818364,-0.803600927551207,-1.99319739954888,-0.180360446506626,"Low"
"26073",47.43735091,0.860943168077388,39,7.494683478,798.2525253,-1606.05626976442,0.501140816988568,48.0185620735083,19.7583674078097,8,43.64066739,"Southern Michigan/Northern Indiana Drift Plains","Unknown",0.684690312626918,0.0399881083309746,-0.498053484920867,-0.952836536376945,-0.80255731305231,-0.0937371407022257,-0.780422634794519,-1.17580908425041,0.416720232736598,"Low"
"26075",87.008954,0.56027397260274,38,8.566550604,822.7142857,-1580.73357113706,0.687229268831094,18.2311861927747,19.6400744307443,7,42.24812564,"Southern Michigan/Northern Indiana Drift Plains","Oak / hickory group",-1.14388275431204,-1.13709725722335,-0.514452496598203,-0.896514095925259,0.688684978630222,0.0260928046414907,-0.704499459577736,-0.926856328612721,0.350377935042906,"Low"
"26077",181.6075663,0.739204064352244,45,9.01593373,920.0454545,-1975.06304321814,0.656795730331723,38.5989627189393,20.8436890960886,10,42.24540217,"Southern Michigan/Northern Indiana Drift Plains","Oak / hickory group",-0.05568764965042,-0.332239126254655,-0.347594823035033,-1.77357694520765,0.44480214094497,0.312554450274569,-0.402407898626272,-0.822482227718077,0.814774018898747,"Low"
"26079",12.22642191,0.925182481751825,30,6.374500007,800.728972,-1328.81515912307,0.512293858161896,45.5234199143555,23.4911727934899,8,44.68314416,"Northern Lakes and Forests","White / red / jack pine group",1.07537309819889,-0.0586105507881062,0.019427101227111,-0.336200206472293,-0.713181070121246,-0.2003621790656,-0.772736364728726,-1.43598383460956,-0.180360446506626,"Low"
"26081",296.816773,0.80064829821718,49,8.374458365,902.4551282,-1382.67979940801,0.685927995930615,63.3596205515985,16.8760448717113,13,43.03177017,"Southern Michigan/Northern Indiana Drift Plains","Oak / hickory group",0.317996362064688,0.646209196720059,-0.897631229094083,-0.456005288843023,0.67825707102499,0.661428689980129,-0.457003864082433,-0.971471832788248,1.08014320967351,"Low"
"26085",8.030313949,0.950365965233303,28,6.9876074,870.8222222,-1580.24177102086,0.521549632173835,39.3940846659603,19.3258422255995,5,43.99052371,"Northern Lakes and Forests","White / red / jack pine group",1.22853092187696,-0.300818889325532,-0.558014656663848,-0.89542024004653,-0.639008806812077,-0.213068750150915,-0.55518447846103,-1.29358299845481,-0.313045041894009,"Low"
"26087",52.50114096,0.713980789754536,42,8.002418143,756.625,-1107.52507563558,0.615374501021063,66.9137821569166,23.2464505544229,5,43.09002111,"Southern Michigan/Northern Indiana Drift Plains","Elm / ash / cottonwood group",-0.209087470062895,0.786656332083228,-0.0144988591783387,0.155990524586147,0.11286811543216,-0.0784030718866792,-0.909624043258685,-1.05788220607826,0.615747125817672,"Low"
"26089",24.0747236,0.939710610932476,31,7.547787709,802.6404762,-1891.24327360301,0.673296910738586,70.0608554679235,29.7509329508933,5,44.94455589,"North Central Hardwood Forests","Maple / beech / birch group",1.16372849387157,0.911016864999751,0.887220629340177,-1.58714602596425,0.57703634377568,-0.164483386369245,-0.766803534632646,-1.16347505112001,-0.114018148812934,"Low"
"26091",50.63542399,0.7875,31,8.920709552,871.3484848,-1046.39434002718,0.681633208828188,45.0779590030235,19.3951382082768,8,41.89476381,"Eastern Corn Belt Plains","Oak / hickory group",0.238032653251545,-0.0762134951278435,-0.548408121624247,0.291956768418937,0.643840275691921,-0.084052799092157,-0.553551091209398,-0.844599074985238,-0.114018148812934,"Low"
"26093",130.3428466,0.70856102003643,36,8.310956261,779.223301,-1431.25866469809,0.671212406388108,22.5499681982532,19.6976589844189,8,42.60306981,"Southern Michigan/Northern Indiana Drift Plains","Oak / hickory group",-0.242048761358117,-0.966435191654958,-0.506469522531857,-0.564053814309216,0.560331916317389,0.157315640622596,-0.839484579116742,-0.986220884602709,0.217693339655523,"Low"
"26095",2.699483546,0.834721986056793,34,4.835445925,824.1934524,-1003.0206625117,0.64917920842653,14.1876120552256,15.7569038533002,6,46.47228017,"Northern Lakes and Forests","Maple / beech / birch group",0.525221541140459,-1.29688414012637,-1.05277828080251,0.388427978102601,0.38376622244444,-0.229211465278611,-0.699908496756477,-1.79344582359618,0.0850087442681401,"Low"
"26097",4.073443956,0.68563598258907,35,5.684551069,787.7607527,-1028.92685132709,0.603573154442437,16.7119268173979,10.4669187116337,7,46.07127973,"Northern Lakes and Forests","White / red / jack pine group",-0.381471444711604,-1.19713268915926,-1.7861314372047,0.33080774582181,0.0182965988087503,-0.225050865556121,-0.812986468158059,-1.59623195230805,0.151351041961832,"Low"
"26099",701.4875474,0.81651376146789,34,9.069639776,813.6321839,-1395.72837102139,0.667896891425207,43.1355605902777,18.0117567469899,10,42.69137757,"Huron/Erie Lake Plains","Oak / hickory group",0.414484992198414,-0.152969794671431,-0.740186951616088,-0.485027764231176,0.533762636588155,1.88684472046704,-0.732688027980935,-0.81000841653217,0.0850087442681401,"Low"
"26101",17.47025056,0.920044419766796,33,7.867830929,850.4784689,-1639.0355091859,0.654879118355566,28.7760029230152,19.7430188179808,4,44.33353211,"North Central Hardwood Forests","Oak / hickory group",1.04412506247227,-0.720405652520882,-0.500181267229496,-1.02618856239092,0.429443139312729,-0.184482920924549,-0.618326391434837,-1.08914154502631,0.0186664465744486,"Low"
"26103",14.17225905,0.873966258683427,33,4.866851601,825.4143836,-1024.28250487266,0.652275056734014,22.9665403178108,12.4122340034897,10,46.43457826,"Northern Lakes and Forests","Maple / beech / birch group",0.763892549134437,-0.949973824007385,-1.51645145299389,0.341137645113587,0.408575176890795,-0.19446983354693,-0.696119032224512,-1.78615151500772,0.0186664465744486,"Low"
"26105",22.66991741,0.946738102741885,38,8.006793613,850.4974093,-1311.02758983818,0.684966480602804,59.5369139708847,26.5757833294742,7,43.99508427,"Southern Michigan/Northern Indiana Drift Plains","Oak / hickory group",1.20646743236021,0.495150171212653,0.447048127044003,-0.296637309698486,0.670551851777176,-0.168737392672284,-0.618267605178886,-1.05686595575461,0.350377935042906,"Low"
"26107",30.24042439,0.853846153846154,29,7.217620636,853.6857143,-1648.23737075525,0.560246544018086,60.6973723458459,22.7678536015092,6,43.64072157,"Northern Lakes and Forests","Aspen / birch group",0.641528561192986,0.541007133436213,-0.0808469824082586,-1.04665523175784,-0.328906428463038,-0.145812533257961,-0.608371905310959,-1.24015993178326,-0.246702744200317,"Low"
"26109",8.469506507,0.649923044634112,33,5.976705665,788.587234,-1123.84982104041,0.59912026105561,14.7076295850738,11.1218144854152,7,45.57966811,"Northern Lakes and Forests","White / red / jack pine group",-0.598666014253746,-1.27633499787675,-1.69534292458029,0.119681223019091,-0.0173872003364493,-0.211738795938527,-0.810421277283518,-1.52837588136217,0.0186664465744486,"Low"
"26111",62.26363384,0.933021806853583,37,7.726008882,772.4574468,-1544.83779631805,0.393078383787326,109.444447299909,29.6834946911271,15,43.64492846,"Huron/Erie Lake Plains","Aspen / birch group",1.12304934491723,2.4673086905707,0.877871631311378,-0.816675147104597,-1.66852867740209,-0.0488404841500088,-0.860484095321545,-1.12208125234114,0.284035637349215,"Low"
"26113",10.30562294,0.826421800947867,34,6.329111099,776.4516129,-1209.04373910072,0.60793643894245,5.14948653973669,16.5347579432585,7,44.33787332,"Northern Lakes and Forests","White / red / jack pine group",0.474742492507525,-1.65403695945901,-0.944943998320657,-0.0698060605997758,0.0532623063130958,-0.206178704493389,-0.848087204513342,-1.44652590036369,0.0850087442681401,"Low"
"26115",105.4245719,0.737951807228916,33,9.527165185,857.853211,-1311.23736677985,0.66357262217248,24.2392787815017,16.0911480549139,9,41.92733997,"Huron/Erie Lake Plains","Oak / hickory group",-0.0633034735627606,-0.899679973827799,-1.00644184814756,-0.297103893038564,0.499109582481682,0.0818586143158889,-0.595437039749547,-0.703743182174373,0.0186664465744486,"Low"
"26117",34.76911913,0.876019575856444,38,7.816929591,854,-1531.69061701889,0.592916877873626,48.9786737152658,22.2073812740562,6,43.31079799,"Northern Lakes and Forests","Oak / hickory group",0.776380161889495,0.0779281191374336,-0.158545527755071,-0.787433349692668,-0.0670987609458899,-0.132098829470466,-0.607396441244635,-1.10096393238511,0.350377935042906,"Low"
"26119",6.547160251,0.843801927550681,28,6.162638893,727.4375,-1307.85688174952,0.585464701712818,14.2095807773857,8.669603591249,4,45.02760358,"Northern Lakes and Forests","Aspen / birch group",0.580442816598673,-1.29601601862892,-2.03529408724728,-0.289585059061965,-0.12681767496786,-0.21756000682716,-1.00021473012682,-1.48519087423545,-0.313045041894009,"Low"
"26121",133.0740842,0.919828641370869,34,8.638419277,840.4008811,-1346.01041084181,0.713301223175323,97.9529105055373,28.3244795128667,8,43.29128585,"Southern Michigan/Northern Indiana Drift Plains","Oak / hickory group",1.0428127678669,2.01320625997919,0.689470710725468,-0.374445677669194,0.897615734730184,0.165586320270938,-0.64960469895607,-0.910164050481063,0.0850087442681401,"Low"
"26123",22.40845837,0.904189216275807,44,7.539555928,878.6232877,-1664.49828464528,0.56378933442228,55.5765424506558,22.4684173596835,6,43.55418238,"Northern Lakes and Forests","Oak / hickory group",0.947698828887908,0.338651143662034,-0.122357971041189,-1.08282256004061,-0.300515849526029,-0.169529137762862,-0.530971925760444,-1.16538697146353,0.748431721205055,"Low"
"26125",558.8650392,0.755577109602328,45,8.594088568,785.8965517,-1515.20337923956,0.581784288744392,34.979029305912,24.8331769539612,14,42.66079124,"Southern Michigan/Northern Indiana Drift Plains","Oak / hickory group",0.0438879304844629,-0.475285316755495,0.205469776325526,-0.750762634548754,-0.156311108950631,1.45495806367631,-0.818772480973486,-0.92046033804994,0.814774018898747,"Low"
"26127",19.04660919,0.84400826446281,41,8.156211039,846.6995708,-1655.44072098033,0.615100254118347,52.4128000495102,19.6025708418608,10,43.64127627,"Southern Michigan/Northern Indiana Drift Plains","White / red / jack pine group",0.581697691144895,0.213631910827199,-0.519651636963928,-1.06267683632989,0.110670404743272,-0.179709422917775,-0.63005514430794,-1.02216213935733,0.549404828123981,"Low"
"26129",14.31687413,0.858365425759521,37,6.464430586,745.2708333,-1399.34081054895,0.580349660355836,23.6361528047991,9.36004576547273,6,44.33483292,"Northern Lakes and Forests","Aspen / birch group",0.669013315292624,-0.923513250166231,-1.93957776022171,-0.49306250859908,-0.167807676871318,-0.194031913023648,-0.944864531829764,-1.4150964830759,0.284035637349215,"Low"
"26131",1.708774326,0.959183673469388,33,4.716669684,826.6923077,-1328.29364825978,0.694461033019161,57.3642081942838,24.0501438930711,3,46.66511353,"Northern Lakes and Forests","Maple / beech / birch group",1.28215737924376,0.409292988507733,0.0969175306399882,-0.335040268308719,0.746637594678888,-0.232211511332194,-0.692152676010915,-1.8210328927244,0.0186664465744486,"Low"
"26133",15.90196154,0.872225554889022,34,6.580523045,820.1276596,-1576.74088472922,0.599330992764551,24.4855538647125,22.6525006371131,5,43.98993298,"Northern Lakes and Forests","Aspen / birch group",0.7533061501156,-0.889948106290732,-0.0968384187308148,-0.887633611038673,-0.0156984763266578,-0.189231982698022,-0.712527698894911,-1.38813275140081,0.0850087442681401,"Low"
"26135",5.652902518,0.925777640899292,37,6.103435176,721.5185185,-1077.9915011431,0.541633036981939,17.6399493039022,9.91823144732704,5,44.682004,"Northern Lakes and Forests","Aspen / birch group",1.078992664167,-1.16046072140543,-1.8621962136419,0.221678744280114,-0.478068015944683,-0.220267980396613,-1.01858576566069,-1.49894157908834,0.284035637349215,"Low"
"26137",18.45245558,0.947246645071726,35,5.870007742,805.9651163,-1644.51869565507,0.460039266881954,64.1328368250654,26.7597586549513,8,45.02090136,"Northern Lakes and Forests","Maple / beech / birch group",1.20956022278151,0.676763803596155,0.472552713923853,-1.03838419951238,-1.13192955064048,-0.181508627121106,-0.75648468477403,-1.55315763024442,0.151351041961832,"Low"
"26139",198.1228113,0.82258064516129,41,9.060573698,865.4701754,-1336.15979592249,0.654556737365329,67.4438119495513,22.730288943422,10,42.95985389,"Southern Michigan/Northern Indiana Drift Plains","Oak / hickory group",0.451381821966723,0.807601121403245,-0.0860545888267405,-0.352536058936598,0.426859700298025,0.362565588342114,-0.571795890735546,-0.812114111395067,0.549404828123981,"Low"
"26141",7.436390398,0.711138310893513,34,6.740042326,782.5662921,-888.144959715912,0.557484762804196,8.8568727605717,13.5631562504762,5,45.34033185,"Northern Lakes and Forests","White / red / jack pine group",-0.226374509662694,-1.50753496201971,-1.35689855445113,0.6439331288479,-0.351038295893545,-0.214867257694136,-0.829108772352097,-1.35108266970786,0.0850087442681401,"Low"
"26143",17.72189751,0.802791535344439,28,6.3680641,754.032967,-930.492896791226,0.579110651483081,9.59948996015954,12.0968108111142,9,44.33474758,"Northern Lakes and Forests","Aspen / birch group",0.331030838978037,-1.47818951576947,-1.56017872018583,0.549743358662857,-0.177736624167766,-0.183720888610725,-0.917669064238724,-1.43747864375504,-0.313045041894009,"Low"
"26145",92.17022968,0.868811881188119,38,8.153938975,771.9366197,-1769.11223693303,0.640230475712569,37.9874285176784,17.8587615688474,7,43.33441853,"Huron/Erie Lake Plains","Unknown",0.732545287736815,-0.356404664089283,-0.761396745935051,-1.31550364924238,0.312054471672746,0.0417220775125346,-0.86210061214308,-1.02268985084326,0.350377935042906,"Low"
"26147",85.2379531,0.88860103626943,37,8.351362495,804.8041958,-1359.93740674695,0.558596710553119,30.1271156760899,18.6752374913918,8,42.92633214,"Huron/Erie Lake Plains","Elm / ash / cottonwood group",0.852896546009346,-0.667014744398401,-0.648208300431081,-0.405421933757896,-0.342127568264201,0.0207298947647286,-0.760087891129295,-0.976836098881385,0.284035637349215,"Low"
"26149",46.88568818,0.705416116248349,35,9.183962586,909.5168539,-1357.64444848758,0.661256416818783,46.2168251157504,22.6676169255398,5,41.91448985,"Southern Michigan/Northern Indiana Drift Plains","Oak / hickory group",-0.261175051818039,-0.0312097781175232,-0.0947428404760687,-0.400321963690644,0.480548391040434,-0.0954076748636474,-0.4350860368743,-0.783455705014695,0.151351041961832,"Low"
"26151",16.51752857,0.88625,28,8.039573394,810.1753731,-1237.48711884512,0.570423642793705,46.1001100278937,24.6350700565783,7,43.42398362,"Huron/Erie Lake Plains","Elm / ash / cottonwood group",0.838598301738297,-0.0358219206038431,0.178006122910608,-0.133069482301908,-0.247351017847464,-0.187367934800025,-0.743417102576059,-1.04925249638899,-0.313045041894009,"Low"
"26153",2.646001501,0.77205553067622,31,5.705670295,803.6645963,-1005.66703550131,0.578767401580554,22.1949571346254,16.0700948481317,6,46.19208178,"Northern Lakes and Forests","White / red / jack pine group",0.144104372391093,-0.980463897281104,-1.00936046421786,0.382541947260721,-0.180487298732448,-0.229373418548855,-0.763624922442685,-1.59132678320444,-0.114018148812934,"Low"
"26155",49.57539686,0.794871794871795,27,8.190467791,778.4545455,-1453.89342157998,0.561724298008072,71.1993321350539,29.9662870258263,6,42.95397319,"Southern Michigan/Northern Indiana Drift Plains","Oak / hickory group",0.282865531911706,0.956005192580866,0.917075267182588,-0.614397767194286,-0.317064268324941,-0.0872627522689808,-0.841870603571686,-1.01420563747129,-0.3793873395877,"Low"
"26157",25.27302357,0.823188405797101,42,7.929524114,743.6710526,-1435.84452847213,0.536260288253523,57.4104095736959,29.308955416673,6,43.46556913,"Huron/Erie Lake Plains","Unknown",0.455078026122373,0.41111869372568,0.825949073541968,-0.574253637129594,-0.521123187004828,-0.160854718114792,-0.949829850286343,-1.07481263425251,0.615747125817672,"Low"
"26159",47.90820106,0.700934579439252,47,9.390009813,942.9176471,-1536.52496998489,0.629159077478106,45.9079127629633,24.7651394263297,7,42.25205394,"Southern Michigan/Northern Indiana Drift Plains","Elm / ash / cottonwood group",-0.28843031318485,-0.0434168356025647,0.196037701507515,-0.798185859172672,0.223332484296216,-0.0923113215962558,-0.331418343583381,-0.735599003648565,0.94745861428613,"Low"
"26161",201.4640407,0.701812191103789,38,8.748943457,844.4553571,-1035.77927296022,0.735083558429817,30.8901148529987,17.068054639648,16,42.25309724,"Eastern Corn Belt Plains","Oak / hickory group",-0.283092962112119,-0.636863878855047,-0.871012823634428,0.315566672385632,1.07217110999117,0.372683433087302,-0.637020621329333,-0.884493611946133,0.350377935042906,"Low"
"26163",1106.273,0.840182648401826,27,9.586807251,842.7652174,-1760.89293079774,0.580608031849114,40.8390682708989,25.5909228834381,12,42.28093838,"Huron/Erie Lake Plains","Elm / ash / cottonwood group",0.558431528202858,-0.243718557236888,0.310516454955277,-1.29722236780507,-0.165737185693997,3.11260801720968,-0.642266391481833,-0.689890666015925,-0.3793873395877,"Low"
"26165",22.85003604,0.881370449678801,38,6.509600709,819.7708333,-1732.12827152215,0.58862283647033,12.7403027652786,18.168676199645,8,44.3384256,"Northern Lakes and Forests","White / red / jack pine group",0.808922450568934,-1.35407637456315,-0.718433133254838,-1.23324436004992,-0.101509580528879,-0.168191961001517,-0.713635198324791,-1.40460523250894,0.350377935042906,"Low"
"27001",3.354123829,0.973733393948578,39,4.287474251,719.7359551,-1076.67789936486,0.610509393634838,56.2366966062798,22.7588673338364,5,46.6088281,"Northern Lakes and Forests","Aspen / birch group",1.37064408622994,0.364737959724857,-0.0820927529701106,0.22460044149023,0.0738809895998964,-0.22722909652915,-1.02411839582059,-1.92071818314953,0.416720232736598,"Low"
"27003",323.7084855,0.919141914191419,33,6.614248988,749.8888889,-969.360592245028,0.324224604705531,72.7572644058986,23.574327183089,7,45.27258801,"North Central Hardwood Forests","Oak / hickory group",1.03863631466326,1.01756883228779,0.0309548338101156,0.463294299859709,-2.22029675485285,0.742861641577894,-0.93053124433343,-1.38029953565731,0.0186664465744486,"Low"
"27005",10.04907215,0.991709972779015,34,4.048998743,643.3977695,-1103.63228559323,0.198449849299084,117.267260113351,35.5644584686116,3,46.93556845,"Northern Lakes and Forests","Aspen / birch group",1.47997184038563,2.77643691042605,1.69315243709953,0.164648821183109,-3.22820795316214,-0.206955586518453,-1.26105299685773,-1.97610670419715,0.0850087442681401,"Low"
"27007",7.211790671,0.878208545966943,35,3.332882538,598.9057971,-951.174189116189,0.611657352988166,14.4498209980122,11.5242621492615,3,47.97291677,"Northern Minnesota Wetlands","Aspen / birch group",0.789692772055874,-1.28652262622507,-1.63955141351465,0.503744278052305,0.0830803005719921,-0.215547386142544,-1.39914493141308,-2.14243245322618,0.151351041961832,"Low"
"27009",38.27577955,0.981359649122807,28,5.763258137,706.1097561,-993.043695428559,0.508039228940074,49.0613245631344,30.2940047479505,1,45.69827276,"North Central Hardwood Forests","Aspen / birch group",1.41702451037411,0.0811941706307345,0.962506930881553,0.410618627791948,-0.74727605542629,-0.121480029784442,-1.06641070337732,-1.57795138283123,-0.313045041894009,"Low"
"27013",34.78098794,0.790909090909091,25,7.14815483,754.3120567,-973.152846059733,0.670483051606957,58.2297408511301,23.628295139453,4,44.03418728,"Western Corn Belt Plains","Oak / hickory group",0.258765644568695,0.44349559258613,0.0384364372710373,0.454859614726047,0.554487143659419,-0.132062888574912,-0.916802839737797,-1.25629411801475,-0.512071934975083,"Low"
"27015",15.8431511,0.893401015228426,17,7.094284987,695.87,-1117.39718371727,0.626788414532335,35.2772729227026,21.311335461123,3,44.24213741,"Western Corn Belt Plains","Maple / beech / birch group",0.882088469819292,-0.463499847699751,-0.282764785011533,0.134033101021391,0.204334890361424,-0.189410071308555,-1.09819234066935,-1.26880597282894,-1.04281031652462,"Low"
"27017",16.00957927,0.983125897558641,34,4.245523661,758.1621622,-1068.33397375029,0.699712808837349,21.7111443322142,13.0919927727598,6,46.59245361,"Northern Lakes and Forests","Aspen / birch group",1.42776626366277,-0.999582364502461,-1.42221617147867,0.243158900068264,0.788723334707211,-0.188906096817822,-0.904853076936604,-1.93046166228775,0.0850087442681401,"Low"
"27019",112.9454232,0.545034642032333,20,6.683152579,749.8474576,-1237.74025855125,0.504354153671553,-3.52119309235539,11.3841209262319,5,44.81979346,"North Central Hardwood Forests","White / red / jack pine group",-1.23656344744136,-1.99666969572991,-1.65897925792225,-0.133632512578984,-0.776806851314163,0.104633107382736,-0.930659836707728,-1.36429592995219,-0.843783423443541,"Low"
"27021",5.627252778,0.947040498442368,34,4.193206672,685.4117647,-1156.315996135,0.62199738541021,18.1633667704266,11.747726929886,6,46.94905457,"Northern Lakes and Forests","Aspen / birch group",1.20830650547373,-1.13977722641117,-1.60857238468432,0.0474703484844402,0.165941399648516,-0.220345652431665,-1.1306520826567,-1.94261284993246,0.0850087442681401,"Low"
"27023",7.889047689,0.617647058823529,7,6.650591693,563.8165138,-1091.25347168162,0.785497184257137,51.0849680255268,19.9842895287263,1,45.02375432,"Western Corn Belt Plains","Elm / ash / cottonwood group",-0.794958149432297,0.161160969794888,-0.466733793836995,0.192181629579994,1.47616679143398,-0.213496529843747,-1.50805327491142,-1.37185854858194,-1.70623329346153,"Low"
"27025",51.96798373,0.955323901712584,28,6.114223643,761.443038,-1098.96937608649,0.495029649425094,18.2629494925892,22.9464040702621,5,45.50194912,"North Central Hardwood Forests","Oak / hickory group",1.25868349237656,-1.13584209075541,-0.0560944459964489,0.175020008191638,-0.851529892661511,-0.08001756805923,-0.894670060499737,-1.49643584071499,-0.313045041894009,"Low"
"27027",23.65318184,0.972093023255814,15,5.010041878,558.7230769,-1003.56899282709,0.120078952283063,75.4582739380824,31.8987286636718,2,46.89283909,"Lake Agassiz Plain","Oak / hickory group",1.36066788077315,1.12430259780262,1.18497057061449,0.387208388437578,-3.85624260501837,-0.165759890784444,-1.52386202685285,-1.75289402144814,-1.175494911912,"Low"
"27029",3.429524691,0.97439299456017,33,3.501871201,624.4431818,-1017.4859605427,0.674093866624781,31.3733666422449,16.5515217945399,4,47.57781852,"Northern Lakes and Forests","Aspen / birch group",1.37465556439746,-0.61776758076967,-0.94262001764369,0.356254436926913,0.583422846056353,-0.227000769131047,-1.31988328787428,-2.1031830049458,0.0186664465744486,"Low"
"27031",1.43588845,0.938373598892511,28,3.448737116,745.3963816,-697.940133545012,0.730412751666402,37.6353273895151,15.4176424403879,7,47.90522985,"Northern Lakes and Forests","Aspen / birch group",1.15559721789368,-0.370318379980727,-1.09981025184626,1.06698440601546,1.03474103567482,-0.233037858941407,-0.944474861363567,-2.11552397199122,-0.313045041894009,"Low"
"27033",6.804734925,0.965811965811966,7,6.860857762,683.0431034,-1051.87805166794,0.0619143241063498,66.9673487743804,22.7605954502993,3,44.00705478,"Western Corn Belt Plains","Elm / ash / cottonwood group",1.32246851533571,0.78877308388276,-0.0818531833628699,0.279759963217171,-4.32235188024897,-0.21678002429683,-1.13800381384727,-1.32302197544251,-1.70623329346153,"Low"
"27035",25.05093304,0.975915761173967,40,4.838934017,702.248731,-1158.06053181341,0.519449289400009,45.0013995825411,18.0264864775272,5,46.48066608,"Northern Lakes and Forests","Aspen / birch group",1.38391653977882,-0.0792388362591328,-0.738144962065418,0.0435901732981774,-0.655840157389433,-0.161527248262503,-1.07839435788093,-1.79263567642937,0.483062530430289,"Low"
"27037",291.8877165,0.85519801980198,31,7.051968561,767.5471698,-1345.4709438923,0.634248849885415,74.6339675100781,22.5674891975717,8,44.67128922,"Western Corn Belt Plains","Unknown",0.649750173896052,1.09172909965289,-0.108623595030637,-0.373245801795514,0.264119990418525,0.646502618634277,-0.875724364825368,-1.27863442134266,-0.114018148812934,"Low"
"27039",18.28810117,0.8,21,6.708944427,823.8888889,-1089.1871124792,0.744520430386268,45.5839462613295,11.9863028090978,4,44.02236362,"Western Corn Belt Plains","Oak / hickory group",0.314053621414425,-0.0562187765835298,-1.57549849706915,0.196777600761531,1.14779462355859,-0.182006321892847,-0.700853785549966,-1.35830549375274,-0.777441125749849,"Low"
"27041",22.92594558,0.994214079074253,24,5.462712823,636.1384615,-1135.31217260682,0.190768296771274,60.4190293854126,13.2592144340925,1,45.93372428,"North Central Hardwood Forests","Aspen / birch group",1.49520100718137,0.530008063674481,-1.39903415302813,0.0941867991018118,-3.28976500241388,-0.167962093234761,-1.28358407001944,-1.64775628896126,-0.578414232668775,"Low"
"27043",7.438845567,0.585034013605442,10,7.249610105,768.8303571,-844.123627930694,0.667973919316631,51.7657625415838,16.7271658100007,3,43.67387788,"Western Corn Belt Plains","Oak / hickory group",-0.993300171209798,0.188063415482245,-0.918270404234237,0.74184484333626,0.53437990890244,-0.214859822999958,-0.871741672957703,-1.2327300309441,-1.50720640038046,"Low"
"27045",9.427377128,0.779429987608426,38,6.959656863,837.9485294,-1078.78954837144,0.610713777190811,46.7873722391502,19.0930315888635,4,43.67397443,"Driftless Area","Oak / hickory group",0.188953440844033,-0.00866389586183248,-0.590289305972327,0.219903737273268,0.0755188419189069,-0.20883819108055,-0.657216184179033,-1.30007481356782,0.350377935042906,"Low"
"27047",16.63157791,0.705882352941177,7,7.015702792,786.0166667,-1785.56733813143,0.242566528580898,69.1635492336229,25.3229424930082,5,43.67386929,"Western Corn Belt Plains","Oak / hickory group",-0.258339550635492,0.875558688319641,0.273366205963509,-1.35210288659112,-2.87467361364649,-0.187022572845706,-0.818399674109138,-1.28705753919829,-1.70623329346153,"Low"
"27049",23.63952479,0.784284655300222,34,6.803481784,803.546875,-824.876846648361,0.662690470281416,68.6900474111792,22.1561528091663,6,44.40842604,"Driftless Area","Oak / hickory group",0.218477963887184,0.85684767235122,-0.165647354209883,0.784653301811124,0.492040351722776,-0.165801246792977,-0.763990299861992,-1.33634816810578,0.0850087442681401,"Low"
"27051",4.202156312,0.94047619047619,11,5.757089522,596.287037,-848.203235372138,-0.241170985327837,-29.2268047159392,-1.57531432584818,2,45.93433282,"Northern Glaciated Plains","Oak / hickory group",1.16838450172107,-3.01245904810164,-3.45555193115074,0.732771029736523,-6.75116262557357,-0.224661101346937,-1.40727290661486,-1.57938411051312,-1.44086410268676,"Low"
"27053",874.8016753,0.890909090909091,27,6.964732035,754.754902,-1147.36036738625,0.449014598642851,63.7651909142802,30.9164401114527,16,45.00690928,"North Central Hardwood Forests","Oak / hickory group",0.866933389871735,0.662235816202306,1.04879544138895,0.0673893497856643,-1.22027706155337,2.41167113263732,-0.915428358884578,-1.29889604987213,-0.3793873395877,"Low"
"27055",13.05789775,0.763883495145631,38,7.426612824,820.3020833,-1050.84122875405,0.649551868020521,60.1413088095532,19.5166499923429,5,43.67129583,"Driftless Area","Oak / hickory group",0.0944046881593464,0.519033588216613,-0.531562885201359,0.282066052220001,0.38675257512489,-0.197844320382059,-0.711986331433186,-1.19161923131089,0.350377935042906,"Low"
"27057",8.875701036,0.993268917598524,32,3.863950923,662.6055556,-1023.41605916577,0.615913816271435,99.636480383236,22.1962374758497,5,47.1077994,"Northern Lakes and Forests","Aspen / birch group",1.48945283994496,2.0797346266558,-0.160090397801052,0.34306478319034,0.117189983350029,-0.210508765704516,-1.20143684144821,-2.01908606572087,-0.0476758511192429,"Low"
"27059",35.44540556,0.824585635359116,37,5.897670842,738.4303797,-972.921326742448,0.606952986359101,49.4158395051762,24.9167669713566,2,45.56187579,"North Central Hardwood Forests","Oak / hickory group",0.463575525646388,0.0952032713927003,0.21705790019714,0.455374557195374,0.045381290217613,-0.130050912287044,-0.966095585880766,-1.54673257548956,0.284035637349215,"Low"
"27061",6.538903895,0.93458900320832,39,3.578776138,689.0921569,-1078.21017615891,0.69462061452035,19.4461170217263,13.9234159320331,5,47.50994981,"Northern Lakes and Forests","Aspen / birch group",1.1325805276523,-1.08908774793842,-1.30695558343723,0.221192369951001,0.747916420318991,-0.217585008561004,-1.11922906741585,-2.08532099992309,0.416720232736598,"Low"
"27063",5.422669749,0.873015873015873,18,6.984979191,707.5535714,-633.704718358589,0.644601267973126,12.7232514836133,17.7961348168887,2,43.67436724,"Western Corn Belt Plains","Oak / hickory group",0.758112610048391,-1.35475017725703,-0.770078722347874,1.20985604066887,0.347080343523284,-0.220965166711326,-1.06192946244412,-1.29419342847647,-0.976468018830924,"Low"
"27065",11.99514837,0.968475877192982,31,5.06329627,738.7777778,-1391.00796301823,0.378200809019008,128.010817450561,43.6070792557267,3,45.94575758,"North Central Hardwood Forests","Aspen / birch group",1.3386695651185,3.20098199846126,2.80810478233781,-0.474528689761349,-1.78775192028747,-0.201062517022458,-0.965017349221385,-1.74052511179822,-0.114018148812934,"Low"
"27067",20.77729376,0.890155440414508,25,6.477798061,680.4294872,-893.45980953354,0.701521094496032,24.7792921712048,11.3485673155766,3,45.1524514,"Western Corn Belt Plains","Elm / ash / cottonwood group",0.862349930651364,-0.878340670199041,-1.66390807187868,0.632111904073713,0.803214250306601,-0.174468598153647,-1.14611582367229,-1.41199174214631,-0.512071934975083,"Low"
"27069",1.500845519,0.999065420560748,10,3.22612688,497.5721393,-758.234560800544,-0.239300223896814,-12.2193153411617,0.803535212835545,1,48.77769246,"Lake Agassiz Plain","Aspen / birch group",1.52470530131674,-2.34038686127904,-3.12577088808905,0.932878269120592,-6.73617105282433,-0.232841157230581,-1.71365921536899,-2.16722761168784,-1.50720640038046,"Low"
"27071",1.536520417,0.809274254172126,37,3.206283128,662.6497373,-830.672562064866,0.611006422406955,26.8862510500563,16.0341303915755,3,48.24520639,"Northern Minnesota Wetlands","Aspen / birch group",0.370456643906717,-0.795081558283615,-1.01434623393695,0.771762541579577,0.0778639897152991,-0.232733127210474,-1.20129971252145,-2.17183653813288,0.284035637349215,"Low"
"27073",3.353697736,0.793918918918919,14,6.796973626,627.3165468,-923.173531867766,0.504322953693583,89.8144291853517,22.9737472927111,2,44.99742996,"Western Corn Belt Plains","Elm / ash / cottonwood group",0.277070447713565,1.69160400477605,-0.0523038420623776,0.566023001725873,-0.777056876107145,-0.22723038681554,-1.31096508285593,-1.33785975832898,-1.24183720960569,"Low"
"27075",1.935174831,0.948813324994239,34,3.200847769,748.2673077,-745.705958371206,0.696465522166897,33.302964375475,15.5167959047704,9,47.64046279,"Northern Lakes and Forests","Aspen / birch group",1.21908826474237,-0.541517116066567,-1.08606455991597,0.960744235329534,0.762700810642726,-0.231525929803485,-0.935564226079741,-2.17309895916261,0.0850087442681401,"Low"
"27077",1.114715333,0.881065360477575,21,2.794272866,567.0762195,-868.088571173275,0.556673709881479,49.0053753530852,19.1295541041427,3,48.77113948,"Northern Minnesota Wetlands","White / red / jack pine group",0.807066996452675,0.0789832677090765,-0.585226172307019,0.688542306013088,-0.357537766479564,-0.234010429018198,-1.49793596516064,-2.26753038636077,-0.777441125749849,"Low"
"27079",24.46086635,0.9,20,6.80620373,754.6111111,-959.752514187081,0.620385625130313,38.9860465538042,29.8470544099049,3,44.37253862,"North Central Hardwood Forests","Elm / ash / cottonwood group",0.922221366717465,-0.316943025010744,0.9005459929237,0.484664471034482,0.15302536391584,-0.163314076535571,-0.915874649810364,-1.33571596665006,-0.843783423443541,"Low"
"27085",28.11301182,0.725118483412322,18,6.782700383,707.0786517,-829.916377208595,0.651287933564596,52.9719633887099,16.2284694796866,3,44.82366536,"Western Corn Belt Plains","Elm / ash / cottonwood group",-0.141351609665578,0.235727948630655,-0.987404913713563,0.773444438804061,0.400664746110375,-0.152254721900328,-1.06340349419847,-1.3411748736922,-0.976468018830924,"Low"
"27087",3.812112719,0.985100485100485,27,3.989232377,618.1442308,-1034.12610759369,0.307445187651129,64.479250722886,22.1370308175078,1,47.32566782,"North Central Hardwood Forests","Aspen / birch group",1.43977506819503,0.690452781476647,-0.16829824500899,0.319243622827737,-2.35476064067462,-0.225842223636184,-1.33943365353214,-1.98998809037761,-0.3793873395877,"Low"
"27091",10.69797802,0.95,11,7.275455519,755.0583333,-765.218237920595,0.510520804031766,-44.844905474435,8.60036980267096,2,43.6743763,"Western Corn Belt Plains","Elm / ash / cottonwood group",1.22630523936898,-3.62962780825647,-2.04489200028932,0.917345258815644,-0.727389653609972,-0.204990582604953,-0.914486584156208,-1.22672715346067,-1.44086410268676,"Low"
"27093",14.70120203,0.863799283154122,17,6.564004417,708.5221239,-970.500669745128,0.534378554634865,12.1701220111036,19.097449857938,1,45.12334851,"North Central Hardwood Forests","Oak / hickory group",0.702060283292351,-1.37660777928129,-0.589676799228953,0.46075855325329,-0.536202686705315,-0.192868098882828,-1.05892331816171,-1.39196938176311,-1.04281031652462,"Low"
"27095",17.51576633,0.980166714573153,37,5.170229193,732.8333333,-1325.89891359084,0.208726143223819,99.7354915212623,36.7345146198345,2,45.93656445,"Northern Lakes and Forests","Aspen / birch group",1.40976946722053,2.08364717545044,1.85535787788774,-0.329713928380508,-3.14585763023456,-0.184345090970606,-0.983467415527322,-1.71568878161932,0.284035637349215,"Low"
"27097",11.36555218,0.983469252810227,37,5.376718705,688.9365854,-1305.52671446271,0.537121322277556,83.5840936219255,25.071997620238,4,46.01198799,"North Central Hardwood Forests","Aspen / birch group",1.42985443955472,1.44540451262995,0.238577598887952,-0.284402329125274,-0.514223186824794,-0.202969047745126,-1.11971192237233,-1.66772935476898,0.284035637349215,"Low"
"27101",4.51870617,0.552631578947368,5,6.548371612,671.0074074,-1224.21418210731,0.439988507197537,-4.99057093715071,9.60787010831342,2,44.02231727,"Western Corn Belt Plains","Oak / hickory group",-1.1903613274931,-2.05473399667751,-1.90522175369458,-0.103547976713772,-1.29260873586509,-0.223702531331554,-1.17535959860363,-1.39560027013415,-1.83891788884891,"Low"
"27103",29.41520345,0.837278106508876,20,7.072352319,742.2278481,-1185.7962216674,0.475812062516196,69.2761735525282,29.2093788267249,4,44.34992113,"Western Corn Belt Plains","Elm / ash / cottonwood group",0.540767041261122,0.880009178961038,0.812144723513264,-0.0180992130968401,-1.00553234718719,-0.148311450977109,-0.954309195449382,-1.27390007265218,-0.843783423443541,"Low"
"27107",2.860412927,0.996282527881041,15,4.659843662,574.1310345,-1039.92593451898,0.475756677456753,-44.4786833994562,44.3756892795347,2,47.32665849,"Lake Agassiz Plain","Aspen / birch group",1.50778064565236,-3.61515608551304,2.91465755553226,0.306343717828007,-1.00597618205255,-0.228724142111906,-1.47603958703378,-1.83423135214691,-1.175494911912,"Low"
"27109",92.42998734,0.850224215246637,30,6.82881285,841.3070175,-964.096334318085,0.537037931892786,56.6357618905499,21.0664489523492,6,44.0036725,"Driftless Area","Oak / hickory group",0.619501098876043,0.38050752290813,-0.316713518204572,0.475002998761658,-0.514891445748212,0.0425086705178677,-0.64679227860927,-1.33046475351924,-0.180360446506626,"Low"
"27111",11.43951855,0.990423387096774,33,4.828068645,637.2872629,-1018.32433532564,0.358187845752556,54.2517570453774,23.0176994214129,3,46.40915172,"North Central Hardwood Forests","Oak / hickory group",1.47214724125056,0.286300593573405,-0.046210737554355,0.354389733860183,-1.94812821935022,-0.202745064247308,-1.28001847831405,-1.79515927682238,0.0186664465744486,"Low"
"27113",8.835692745,0.992585727525487,13,3.754988231,544.0884956,-851.470450906495,0.191406238118482,128.799714572703,26.4182598326273,2,48.06712684,"Lake Agassiz Plain","Aspen / birch group",1.48529789828164,3.23215625365981,0.425210569749127,0.725504128404853,-3.2846527823532,-0.210629918019547,-1.56928410041155,-2.04439383174624,-1.30817950729938,"Low"
"27115",8.003075711,0.983223924142961,43,4.870077769,766.4375,-1139.64533516088,0.32514939127318,102.863580950528,40.1315132689652,7,46.12089691,"Northern Lakes and Forests","Aspen / birch group",1.42836242973042,2.20725753656705,2.32628541641939,0.0845490312829099,-2.21288586596209,-0.213151232444174,-0.879168501849054,-1.78540220252834,0.682089423511364,"Low"
"27119",6.147861129,0.973722627737226,27,4.222205436,542.5977011,-873.921909414885,0.275657172682039,133.695966211051,31.1411830732479,3,47.77417986,"Lake Agassiz Plain","Oak / hickory group",1.37057860960511,3.42563775309254,1.07995166508295,0.675567865548332,-2.60949773919516,-0.218769156526156,-1.57391115301059,-1.93587757273926,-0.3793873395877,"Low"
"27121",6.405089143,0.962352941176471,16,5.964493068,538.3916667,-864.899107859448,-0.0880562452490556,79.4185458191682,28.4628045635487,2,45.58630197,"North Central Hardwood Forests","Elm / ash / cottonwood group",1.30143184320054,1.28079768798804,0.708646778296649,0.695636271794909,-5.52415915692911,-0.217990223744778,-1.58696562993691,-1.53121238936106,-1.10915261421831,"Low"
"27129",5.724137365,0.728971962616822,10,6.880114713,664.611465,-1096.98112268108,0.589711043352646,97.5975168243379,24.9469033015681,2,44.7285022,"Western Corn Belt Plains","Elm / ash / cottonwood group",-0.117915992071849,1.99916243474178,0.221235713988885,0.179442257402789,-0.0927891032024139,-0.220052268442685,-1.19521100126522,-1.31854933988877,-1.50720640038046,"Low"
"27131",51.82060283,0.921739130434783,19,6.727839249,782.2142857,-1224.34813796302,0.42495374814764,75.3134425079355,30.4895254954035,4,44.3543161,"North Central Hardwood Forests","Oak / hickory group",1.05443174613117,1.11857940293037,0.989612065101572,-0.103845919710188,-1.4130915939816,-0.0804638639838996,-0.830201312020036,-1.35391696658358,-0.910125721137233,"Low"
"27135",3.524237774,0.990661478599222,25,2.851331705,539.4318182,-891.576836768726,0.23316896050535,168.966610877865,34.1604502591025,3,48.7754777,"Lake Agassiz Plain","Aspen / birch group",1.47359523697275,4.81940133391962,1.49851411119041,0.63629998935558,-2.94998216081568,-0.226713960847505,-1.58373726029813,-2.25427785266702,-0.512071934975083,"Low"
"27137",12.32910524,0.959468929577106,43,3.249478082,718.7402597,-852.990267315211,0.707258357332709,11.1061051575131,11.7822757731108,12,47.60131695,"Northern Lakes and Forests","Aspen / birch group",1.2838922148824,-1.41865373432208,-1.60378286211471,0.722123771104193,0.849190499213177,-0.200051235437827,-1.02720878486376,-2.16180404197072,0.682089423511364,"Low"
"27139",159.5254969,0.874388254486134,24,6.800754109,766.3770492,-985.897381938729,0.651631719127757,36.7188109467632,12.5273391550961,3,44.64917538,"North Central Hardwood Forests","Oak / hickory group",0.766458991493034,-0.406535672043401,-1.50049437107624,0.426513371946315,0.403419713256264,0.245685964728002,-0.879356125985884,-1.33698170018384,-0.578414232668775,"Low"
"27141",85.63360646,0.934042553191489,34,6.262908681,729.2739726,-963.00832437312,0.708454223524404,86.1731739139267,27.4159872606639,1,45.44458777,"North Central Hardwood Forests","Oak / hickory group",1.12925719490573,1.54771525440733,0.563525997672839,0.477422937340792,0.858773717422536,0.0219280044393866,-0.994514779317454,-1.46190212936745,0.0850087442681401,"Low"
"27143",9.751002515,0.964769647696477,17,6.939135743,730.5876289,-1156.65372671376,0.543487886619707,48.737090500234,19.2902164836812,3,44.58006481,"Western Corn Belt Plains","Elm / ash / cottonwood group",1.31612947275385,0.0683816566321068,-0.562953470211579,0.0467191722101084,-0.463203954273127,-0.207858195088277,-0.990437519308009,-1.30484106607137,-1.04281031652462,"Low"
"27145",45.94368404,0.96680216802168,28,6.152543044,692.8125,-1023.59909914473,0.440450974402302,78.2458758426246,33.682106158137,6,45.55219079,"North Central Hardwood Forests","Oak / hickory group",1.32849060578846,1.23445816907435,1.43220104094634,0.342657667879805,-1.28890269904532,-0.0982602331578622,-1.10768205459138,-1.48753574457253,-0.313045041894009,"Low"
"27147",32.98957724,0.652173913043478,13,6.830199583,789.2098765,-914.941711929815,0.705147278541147,29.8658329621299,22.244287595394,3,44.02238294,"Western Corn Belt Plains","Aspen / birch group",-0.584976958598766,-0.677339657210662,-0.1534291868733,0.58433211621193,0.832273114260587,-0.137487603004118,-0.808488750970942,-1.33014266975223,-1.30817950729938,"Low"
"27149",6.693318488,0.91566265060241,10,6.032534689,591.3333333,-964.501373683245,0.511870968546781,-12.0688448923054,3.31696958565563,1,45.58616841,"Northern Glaciated Plains","Oak / hickory group",1.01747655574084,-2.33444083353876,-2.77733228545496,0.474102115097539,-0.716569947144665,-0.21711741334639,-1.42264796171462,-1.51540898552945,-1.50720640038046,"Low"
"27151",4.854470805,0.708333333333333,13,6.368149184,489.9274194,-821.32169682473,0.728250185356135,55.1897784658812,18.957042122966,3,45.2833775,"Western Corn Belt Plains","Elm / ash / cottonwood group",-0.243433478446697,0.323367681693968,-0.609141590313897,0.792560623111467,1.01741104927047,-0.222685775508726,-1.73738651050066,-1.437458882074,-1.30817950729938,"Low"
"27153",10.05109993,0.991340602950609,33,5.290967878,685.8614458,-1101.2262403072,0.536139278230446,27.1287147590798,27.9291607635972,2,46.06966704,"North Central Hardwood Forests","Aspen / birch group",1.47772545222839,-0.785500301958375,0.634667484478518,0.170000318049248,-0.522092915444949,-0.206949446035188,-1.12925638519303,-1.68764591360546,0.0186664465744486,"Low"
"27157",15.92187954,0.846458923512748,38,7.019099592,817.5977011,-930.605446603505,0.505491322303346,64.9367605856681,26.5051576229475,5,44.28423974,"Driftless Area","Oak / hickory group",0.596601809033968,0.708531855183368,0.437257251754668,0.549493026729708,-0.767694013092801,-0.189171667404605,-0.720380056180149,-1.2862685955878,0.350377935042906,"Low"
"27159",9.8485906,0.975638977635783,32,4.50180398,669.7362637,-1031.57180911699,0.56185224903141,76.098110564095,29.5992257234292,1,46.58577366,"North Central Hardwood Forests","Aspen / birch group",1.38223323157528,1.14958654130407,0.866189384236381,0.324924862650034,-0.31603891734063,-0.207562680780576,-1.1793049101545,-1.87093778093797,-0.0476758511192429,"Low"
"27161",17.01588039,0.830882352941177,12,6.921608852,756.625,-1147.19568566346,0.602377196766122,-11.4583777624156,14.2008896927661,2,44.02202036,"Western Corn Belt Plains","Maple / beech / birch group",0.501870130993308,-2.31031746236225,-1.26848926400476,0.0677556328845476,0.00871264747633508,-0.185858835681227,-0.909624043258685,-1.30891187644177,-1.37452180499307,"Low"
"27163",260.0070879,0.793918918918919,36,6.866161998,765.4507042,-1131.81992720189,0.565477895747153,62.8631907780105,22.9748313891672,6,45.03744129,"North Central Hardwood Forests","Oak / hickory group",0.277070447713565,0.6265921541227,-0.0521535532550114,0.101954209153809,-0.286984359340485,0.549962330034578,-0.882231268763678,-1.32179000915049,0.217693339655523,"Low"
"27165",9.678576052,0.968,9,7.19454561,711.1190476,-760.43800661124,1.19008461098136,68.8262703310526,-0.154914764499946,2,43.97853304,"Western Corn Belt Plains","Elm / ash / cottonwood group",1.33577543352353,0.862230691187054,-3.25864126433952,0.927977391560593,4.71837701694939,-0.208077515470193,-1.05086311767427,-1.24551935663152,-1.57354869807415,"Low"
"27167",3.220267771,0.843601895734597,9,5.612738076,550.6666667,-823.040193131712,0.0511231808820497,79.4326614743915,17.5724520502913,1,46.35683122,"Lake Agassiz Plain","Oak / hickory group",0.579226287612906,1.28135548573615,-0.801087970677312,0.788738364380643,-4.4088280102417,-0.227634436794936,-1.54886710552384,-1.61291129815632,-1.57354869807415,"Low"
"27169",31.28886251,0.818551117129316,39,7.125527068,827.2478632,-1035.65996994179,0.545736638948594,52.2617887111563,21.9689939512416,5,43.98783729,"Driftless Area","Oak / hickory group",0.426875532188313,0.207664509162787,-0.19159327570721,0.315832024718339,-0.445183305795737,-0.14263767369187,-0.690428370937224,-1.26154966095209,0.416720232736598,"Low"
"27171",79.64692265,0.870350690754516,29,6.499349208,722.0238095,-1037.24130094695,0.777882518302173,21.2019934244333,11.5965730179626,4,45.17400838,"North Central Hardwood Forests","Elm / ash / cottonwood group",0.741903831181279,-1.01970209860751,-1.62952692339152,0.312314847395212,1.41514574581485,0.00379924700414134,-1.01701746900088,-1.4069862547098,-0.246702744200317,"Low"
"28001",25.9740527,0.792461398728429,49,18.47629491,1567.553846,-1820.31714855037,0.595146076881156,66.5432854184062,25.6991752318666,1,31.47658981,"Mississippi Valley Loess Plains","White / red / jack pine group",0.268206280033726,0.772015690670828,0.325523529508795,-1.42939299523355,-0.0492348053715887,-0.158731875576895,1.60729591084248,1.37478917650705,1.08014320967351,"High"
"28003",35.76645855,0.874165872259295,47,15.45773609,1461.8,-1239.93470463046,0.389163500874947,94.81185802808,31.5371953646011,1,34.88248545,"Southeastern Plains","White / red / jack pine group",0.765106534518112,1.88908364782105,1.13485103739885,-0.138513373044905,-1.69990106460893,-0.129078705976457,1.27906247022278,0.67369617900296,0.94745861428613,"High"
"28005",6.526346194,0.921414538310413,50,18.2474004,1593.670103,-1443.10809806214,0.493897323527253,46.8374763481047,26.0082949063614,1,31.17476144,"Mississippi Valley Loess Plains","White / red / jack pine group",1.05245768152696,-0.00668396941108973,0.368376937018624,-0.59040918088582,-0.860603923049258,-0.217623035542651,1.68835422895999,1.32162594607243,1.1464855073672,"High"
"28007",9.617923952,0.903907272387362,56,16.74721661,1469.018182,-1422.84408354717,0.459661174627584,54.0977506215435,26.2392012772147,1,33.08698225,"Southeastern Plains","White / red / jack pine group",0.945984137098533,0.280214837365068,0.400387597042009,-0.545338204540575,-1.13495943860124,-0.20826118095909,1.3014658985849,0.973192003632919,1.54453929352935,"High"
"28009",7.85751888,0.860432462791351,49,15.51416122,1435.622951,-1535.6938253024,0.50796610580963,67.7252034271016,29.212650881516,0,34.81668795,"Southeastern Plains","White / red / jack pine group",0.681584367803683,0.818720657126779,0.812598330025327,-0.796337237208041,-0.747862036466697,-0.213592004759197,1.19781546896913,0.686801526914073,1.08014320967351,"High"
"28011",13.76698214,0.418219461697723,32,17.12948604,1379.671756,-1715.3867282612,0.595672026591712,60.3167084500985,26.3182986158754,2,33.79682118,"Mississippi Alluvial Plain","Elm / ash / cottonwood group",-2.00781247038434,0.525964724105723,0.411352898723662,-1.19600802172517,-0.0450200438218331,-0.195697085065245,1.02415697865159,1.06197822133295,-0.0476758511192429,"High"
"28013",9.489748824,0.919761837255458,46,16.31118916,1429.58427,-1231.39153382265,0.323593749533119,115.775430651755,37.2210554840017,0,33.93674781,"Southeastern Plains","White / red / jack pine group",1.04240648678444,2.71748540579609,1.9228072693133,-0.119511755714453,-2.22535218899566,-0.208649318345077,1.17907291617881,0.871919903222245,0.881116316592438,"High"
"28017",13.12703111,0.893758300132802,49,16.39430955,1424.298701,-1295.34332806328,0.537396358688628,65.5990585361725,26.4150372604727,0,33.91983317,"Southeastern Plains","White / red / jack pine group",0.884261361366544,0.734703385978721,0.424763823038499,-0.26175256408567,-0.512019149315308,-0.197634972109476,1.16266783433901,0.891225514559913,1.08014320967351,"High"
"28019",7.576229744,0.926855030367045,44,16.4824584,1460.233333,-1356.10897181038,0.482268536453153,55.2435770733185,27.7921987515299,1,33.34593771,"Southeastern Plains","White / red / jack pine group",1.08554499940117,0.325493600867084,0.615680375598831,-0.396906775009959,-0.953792613234847,-0.214443798954039,1.27419992839413,0.911699040225064,0.748431721205055,"High"
"28023",8.716075836,0.898143140436272,58,17.60272404,1488.791667,-1469.6340069265,0.392224197247455,89.5749314756243,32.479093402807,0,32.04226234,"Southeastern Plains","White / red / jack pine group",0.910928545775296,1.68213995361784,1.26542681045475,-0.649407787014851,-1.67537380444049,-0.210992139576127,1.36283784164021,1.17189287522492,1.67722388891674,"High"
"28025",18.37428409,0.858956276445698,46,16.65069142,1409.574074,-1256.87733054344,0.591050897336066,49.057156397117,17.9470213965618,2,33.65734274,"Southeastern Plains","White / red / jack pine group",0.672606678588854,0.0810294603440705,-0.74916124403769,-0.176196956975727,-0.0820520214277428,-0.181745344480087,1.11696628148909,0.950772982229933,0.881116316592438,"High"
"28027",15.83584189,0.599659284497445,33,16.68962597,1371.878049,-1589.19674890978,0.703655059617958,62.5582021881564,23.2224659061332,1,34.22755057,"Mississippi Alluvial Plain","Elm / ash / cottonwood group",-0.904353990981442,0.614540149031157,-0.017823862379181,-0.915337793713181,0.820315037632644,-0.189432204913625,0.999967264891281,0.959815953393892,0.0186664465744486,"High"
"28029",14.07688275,0.885392385392385,58,17.90223613,1509.916667,-1416.76884453627,0.486797549261762,74.6106217743298,28.7745203070275,1,31.86987001,"Mississippi Valley Loess Plains","White / red / jack pine group",0.833382566315775,1.09080656374347,0.751860080084567,-0.531825731306325,-0.917498821906598,-0.194758650171065,1.428404548624,1.24145780388409,1.67722388891674,"High"
"28031",17.55016243,0.868099941894248,37,18.04970107,1525,-1518.29159680298,0.410968311611833,67.9634286193788,27.9171456153491,0,31.63221679,"Southeastern Plains","White / red / jack pine group",0.728215502585354,0.828134423168427,0.633001818761807,-0.757631410755317,-1.52516557935435,-0.184240933381294,1.47521943502163,1.27570813424915,0.284035637349215,"High"
"28033",147.7275988,0.8,44,16.03512844,1368.364865,-1337.91268107507,0.608737461670378,43.3915275323889,20.8713295480151,2,34.87637624,"Mississippi Valley Loess Plains","Elm / ash / cottonwood group",0.314053621414425,-0.142854941223745,-0.343763014037116,-0.356434804922468,0.059681398721345,0.209959803185383,0.989063222008056,0.807801809383697,0.748431721205055,"High"
"28035",62.26953579,0.834312573443008,47,18.5943606,1587.327869,-1423.69711674686,0.542075789388824,42.9793457173022,24.4648787160988,1,31.18940874,"Southeastern Plains","White / red / jack pine group",0.522731625678217,-0.159142820506188,0.154412416427409,-0.547235510680804,-0.474519966039632,-0.0488226119818201,1.66866952371499,1.40221121246542,0.94745861428613,"High"
"28039",19.43674093,0.806463326071169,53,18.81144783,1641.203125,-1306.7932007273,0.591135806969577,48.056885872806,20.9490592131814,0,30.8626994,"Southeastern Plains","White / red / jack pine group",0.353361485853037,0.0415025211307587,-0.332987313582534,-0.287219232578968,-0.0813715878209864,-0.178528033703526,1.83588481951754,1.45263207416675,1.34551240044828,"High"
"28043",19.14128812,0.874603174603175,47,16.59633571,1423.7,-1596.43189151693,0.467836611242924,76.6893781755566,25.2012742361692,2,33.76804216,"Mississippi Valley Loess Plains","White / red / jack pine group",0.767766066323045,1.17295121952764,0.256499277645688,-0.931430110517456,-1.06944458954397,-0.179422718055672,1.16080961644373,0.938148279539739,0.94745861428613,"High"
"28045",38.56345357,0.736645962732919,34,19.38759181,1617.552632,-1155.83058149753,0.540602903677648,57.4646412688344,24.500803643462,3,30.41820323,"Southern Coastal Plain","White / red / jack pine group",-0.0712451985912288,0.413261726900281,0.159392706195675,0.0485500018584983,-0.486323113637309,-0.12060890101023,1.76247961504165,1.58644775708664,0.0850087442681401,"High"
"28047",138.7666554,0.84412032816773,32,19.54476396,1646.552083,-1509.91913167496,0.535419735225465,44.3145321393264,21.5011994468293,2,30.51360574,"Southeastern Plains","White / red / jack pine group",0.582379226452411,-0.106381261248864,-0.256443850363132,-0.739009474936153,-0.527859060249142,0.182824451721154,1.85248664493078,1.62295269216942,-0.0476758511192429,"High"
"28049",104.5786184,0.82383808095952,58,17.83966266,1436.456,-1544.73686275068,0.574389879473488,54.8948575453495,23.7229372052485,2,32.26552725,"Mississippi Valley Loess Plains","White / red / jack pine group",0.459029140909451,0.311713513131299,0.0515567118693298,-0.81645065188308,-0.215567101021073,0.0792969146688522,1.20040104433889,1.22692443737956,1.67722388891674,"High"
"28051",8.885705624,0.884159719175077,61,17.13737649,1425.194444,-1384.90134546906,0.562373013652754,54.050530341278,25.5259196426081,0,33.12492709,"Mississippi Valley Loess Plains","White / red / jack pine group",0.825885887974861,0.278348869007182,0.301505024759835,-0.460946424761254,-0.311865707129727,-0.210478470009128,1.16544799617635,1.06381086385279,1.87625078199781,"High"
"28057",16.95444638,0.872328767123288,51,15.97302779,1473.025641,-1322.64707841958,0.532401777381792,77.2216459144588,33.7179200817774,1,34.27989194,"Southeastern Plains","White / red / jack pine group",0.753933853633612,1.19398444408985,1.43716594221571,-0.322481235866682,-0.552043830053175,-0.186044868934512,1.31390404722407,0.793378260448032,1.2128278050609,"High"
"28059",76.31606117,0.672763774258309,42,19.45126328,1638.05042,-1426.18590473274,0.565181254494141,46.1106611697075,22.7821907844471,3,30.54020324,"Southern Coastal Plain","White / red / jack pine group",-0.459756063887503,-0.0354049790555631,-0.0788594119180109,-0.552771042860622,-0.289361529861112,-0.00628720181088669,1.82609961312978,1.60123614598999,0.615747125817672,"High"
"28061",9.393503116,0.902977044476327,54,17.56788248,1477.042105,-1420.56590792262,0.460613630734116,67.8131790420404,29.1334545045545,0,32.01920791,"Southeastern Plains","White / red / jack pine group",0.940326790985812,0.822197123442064,0.801619298616925,-0.540271113831152,-1.12732681651767,-0.208940767693312,1.32637014512698,1.16380054534343,1.41185469814197,"High"
"28065",10.57028416,0.886661526599846,41,18.07711873,1562.118644,-1143.43041255619,0.542523305875444,59.732682271883,30.0353561177436,0,31.56879346,"Southeastern Plains","White / red / jack pine group",0.841101073781903,0.502886200162204,0.926650348248208,0.0761303078545926,-0.470933738606036,-0.205377262624707,1.59042640566228,1.28207618290422,0.549404828123981,"High"
"28067",37.95594519,0.865625,52,18.10379297,1503.019417,-1564.49631439665,0.465263625002827,50.3759462318971,25.6862369571607,1,31.6225763,"Southeastern Plains","White / red / jack pine group",0.713163704269545,0.133143087975349,0.323729890332148,-0.86039938558896,-1.09006352564215,-0.12244854586378,1.40699721277813,1.28827156420799,1.27917010275459,"High"
"28069",4.953126586,0.902534701267351,51,17.05395553,1428.685714,-1251.36590289676,0.378512784310412,79.5201395210576,29.4126656541854,0,32.75476347,"Southeastern Plains","White / red / jack pine group",0.937636602265281,1.28481229001962,0.840326473098704,-0.163938506168335,-1.78525186859756,-0.222387028025128,1.17628402349429,1.0444354418754,1.2128278050609,"High"
"28071",33.04161095,0.876708860759494,51,15.91918293,1459.804348,-1609.43910448837,0.494574702476367,66.0709571220223,27.717263014228,2,34.35684633,"Southeastern Plains","White / red / jack pine group",0.780572170343088,0.75335104805052,0.605291998693038,-0.960360596513716,-0.855175665000934,-0.137330035553258,1.27286846643932,0.780872208206324,1.2128278050609,"High"
"28073",48.74622699,0.868460388639761,35,18.52694602,1597.77027,-1244.3068841926,0.519709678898359,54.7910507244837,26.4645822347778,3,31.20600864,"Southeastern Plains","White / red / jack pine group",0.730407623430558,0.307611456938934,0.431632266392778,-0.14823792202195,-0.653753494684657,-0.0897736280598043,1.70108012000253,1.38655344570119,0.151351041961832,"High"
"28075",41.45769989,0.884849758352595,58,17.33037285,1479.063636,-1443.88340813098,0.396424773453679,78.9039431290616,29.7156831771676,1,32.40433437,"Southeastern Plains","White / red / jack pine group",0.83008248368248,1.26046251989452,0.882333936441818,-0.592133616177114,-1.64171197950652,-0.111844601581974,1.33264447084228,1.10863635992836,1.67722388891674,"High"
"28077",11.29339141,0.85640457733481,48,18.18859206,1564.044776,-1426.84627876036,0.501477954164929,49.8269664432636,24.0703385323444,1,31.55056641,"Southeastern Plains","White / red / jack pine group",0.657088067639249,0.111449465892862,0.0997171230881467,-0.554239838797177,-0.799855623557288,-0.203187563560758,1.59640463678446,1.30796707181241,1.01380091197982,"High"
"28079",15.09640484,0.901563937442502,51,17.00462711,1441.775,-1461.75280640338,0.41704514965501,102.928516823213,30.3121924524533,0,32.75373187,"Southeastern Plains","White / red / jack pine group",0.931732729799479,2.20982355868807,0.965028301007867,-0.63187851599665,-1.47646810350367,-0.191671353554763,1.21690988762631,1.03297838176751,1.2128278050609,"High"
"28081",73.19691714,0.884615384615385,46,16.24879108,1442.925373,-1371.29827274683,0.545127514091692,76.3406124195205,30.4260463047762,2,34.29022205,"Southeastern Plains","White / red / jack pine group",0.828657098209308,1.15916930503204,0.980811914710654,-0.430690634703793,-0.450064601429794,-0.015732532033774,1.22048035718433,0.857427272945887,0.881116316592438,"High"
"28085",22.52366543,0.892496237368308,51,17.98402509,1559.988372,-1456.23056973455,0.449055131283695,66.593218828071,28.2127662735832,1,31.53288014,"Mississippi Valley Loess Plains","White / red / jack pine group",0.876585902707412,0.773988871725917,0.673983851226528,-0.619596023892738,-1.21995224833889,-0.169180270023751,1.5838145751288,1.2604541761758,1.2128278050609,"High"
"28087",44.98994433,0.819191919191919,47,16.82422757,1420.594595,-1223.92003289588,0.58879322792901,61.2955253211846,27.7775573779768,0,33.47505334,"Southeastern Plains","White / red / jack pine group",0.4307726836443,0.564643895413939,0.613650635018908,-0.102893733590301,-0.100144127988384,-0.101148328872901,1.15117121740463,0.991078633646333,0.94745861428613,"High"
"28089",57.01178259,0.899045415099798,52,17.42139931,1422.762376,-1518.66931464382,0.573626916630686,70.2957146402316,26.9178967361947,3,32.63391712,"Mississippi Valley Loess Plains","White / red / jack pine group",0.916415889252903,0.9202976185578,0.494475471345947,-0.75847152621502,-0.221681195941544,-0.06474403616961,1.15789946647597,1.12977824170013,1.27917010275459,"High"
"28091",17.6434627,0.871387742140362,50,18.6148215,1609.183099,-1577.50140585582,0.457541685041019,65.4274212156916,23.6349389409664,1,31.23125032,"Southeastern Plains","White / red / jack pine group",0.748210843212213,0.727920922866496,0.0393574706350035,-0.889325152943251,-1.15194422447576,-0.18395840335012,1.73650268165456,1.40696347822138,1.1464855073672,"High"
"28093",19.41048804,0.879967114277884,56,15.65132073,1427.698113,-1349.0937421784,0.534783244293236,64.7770866784621,28.7925218325793,3,34.76202979,"Mississippi Valley Loess Plains","White / red / jack pine group",0.800387817302138,0.702222141290288,0.754355640134346,-0.381303585989055,-0.532959657234148,-0.178607532185472,1.17321875744061,0.718658309483608,1.54453929352935,"High"
"28095",17.94478931,0.848253812100344,53,16.43069722,1440.651376,-1200.15749138242,0.458297414829519,78.5661976418183,33.8950632050924,1,33.89227524,"Southeastern Plains","White / red / jack pine group",0.607517742487853,1.24711608508577,1.46172337766006,-0.0500413757485285,-1.14588809250982,-0.183045932073058,1.21342244026215,0.899676945243807,1.34551240044828,"High"
"28097",9.445249745,0.941022964509395,45,16.50757185,1443.689655,-1535.64501171856,0.46994517716996,106.420563137431,36.0031821552981,0,33.4941315,"Southeastern Plains","White / red / jack pine group",1.17170980503072,2.34781613073476,1.75397291046642,-0.796228666624411,-1.05254734173486,-0.208784069575455,1.22285249701614,0.917531911137339,0.814774018898747,"High"
"28099",19.80846909,0.901312591152163,51,16.95439372,1456.1,-1547.70593901291,0.498903492136064,76.344614263547,31.7700545744213,0,32.75341049,"Southeastern Plains","White / red / jack pine group",0.930204122732622,1.15932744289748,1.1671324204171,-0.823054435446467,-0.82048638606706,-0.177402373846022,1.26137109839757,1.02131113257013,1.2128278050609,"High"
"28103",5.868526605,0.871011850501367,55,17.01462879,1389.809091,-1333.97725288796,0.525756593125913,69.3523659754315,29.4632869195168,0,33.11015603,"Southeastern Plains","White / red / jack pine group",0.745924791506554,0.883020017724569,0.847344123189903,-0.347681673078894,-0.605295816945813,-0.219615031803622,1.05562072651155,1.03530138033385,1.47819699583566,"High"
"28105",41.78595045,0.887306029000254,59,16.6883905,1412.910448,-1387.3138462077,0.567650589954118,70.3546279284454,26.7366080569179,0,33.42390817,"Southeastern Plains","White / red / jack pine group",0.845020729498888,0.922625650730584,0.469343335506763,-0.466312279767121,-0.269573211812311,-0.110850599732355,1.1273215504333,0.959529002097834,1.74356618661043,"High"
"28107",19.20381581,0.834642857142857,52,16.18090202,1414.784314,-1141.19835638435,0.555960506362084,34.2289809786275,21.3635087521445,1,34.36399889,"Mississippi Valley Loess Plains","Oak / hickory group",0.524740304608692,-0.504924413298944,-0.275531976860685,0.0810948202343059,-0.363253109050089,-0.179233372942255,1.13313756098709,0.841659303059803,1.27917010275459,"High"
"28109",26.41784062,0.831680987001542,53,18.98484196,1602.206897,-1324.79616522809,0.53232061965835,61.800035762963,25.5492038055481,1,30.77109325,"Southeastern Plains","White / red / jack pine group",0.506727165751452,0.584580255708462,0.304732919343458,-0.32726120879054,-0.552694197275294,-0.157388005780242,1.71485029858267,1.49290473989911,1.34551240044828,"High"
"28111",7.146639407,0.837774077157924,52,18.46206751,1578.932584,-1574.93368321156,0.554270556596228,48.4317500726559,22.274085781967,1,31.17143507,"Southeastern Plains","White / red / jack pine group",0.543783374774802,0.0563157482334169,-0.149298250095,-0.883614055249599,-0.376795725675198,-0.215744675910826,1.64261266257225,1.37148470867737,1.27917010275459,"High"
"28115",24.81597207,0.866666666666667,50,16.05629759,1456.628571,-1191.28544667327,0.439614491348932,98.8458973660435,30.8043695102794,2,34.22606742,"Southeastern Plains","White / red / jack pine group",0.719498784949787,2.04849375120846,1.03325904064125,-0.0303082810586954,-1.29560595705575,-0.162238752421912,1.26301165034442,0.812718573877328,1.1464855073672,"High"
"28117",23.40421036,0.865991429684457,45,15.71355735,1468.590164,-1309.51631081804,0.373634781118163,97.4207325195853,35.5336237784453,1,34.61813215,"Southeastern Plains","White / red / jack pine group",0.715392211419628,1.99217658211692,1.68887780933507,-0.293275941154387,-1.82434233652944,-0.166513821292963,1.3001374379558,0.733113438925254,0.814774018898747,"High"
"28121",76.73257603,0.879734848484849,58,17.57740792,1451.096491,-1519.98979458469,0.456709683577842,70.9252638480945,24.5162535413971,3,32.26400821,"Southeastern Plains","White / red / jack pine group",0.798975251665526,0.945175041880982,0.161534532895254,-0.761408521751386,-1.15861156872172,-0.0050259197547837,1.24584146012568,1.16601293200885,1.67722388891674,"High"
"28123",17.92760166,0.893284268629255,59,17.26093303,1476.945652,-1978.1306311498,0.437109205795665,78.6141147042221,31.5031828798776,0,32.40673626,"Southeastern Plains","White / red / jack pine group",0.881378454659396,1.2490095876602,1.13013587046339,-1.7803998372364,-1.31568236552055,-0.183097979374639,1.32607077918195,1.09250820922698,1.74356618661043,"High"
"28127",17.57484593,0.860524091293322,56,17.73725324,1505.468354,-1283.01145591498,0.527357412535139,63.4890881882486,23.7307363159731,0,31.91292339,"Southeastern Plains","White / red / jack pine group",0.682141622798175,0.651325272101251,0.0526379062987748,-0.234324162991799,-0.592467457202113,-0.184166187295088,1.41459809962787,1.20313873979278,1.54453929352935,"High"
"28131",15.84503215,0.851580278128951,33,18.91453532,1652.69697,-1585.0275223929,0.553066076724822,53.3251861644699,25.062475152139,0,30.79194734,"Southeastern Plains","White / red / jack pine group",0.627748235932303,0.249685987827941,0.237257494605969,-0.906064650448235,-0.386447970647611,-0.189404375150171,1.87155883453444,1.47657526085916,0.0186664465744486,"High"
"28133",14.25364384,0.388888888888889,13,17.36035246,1418.288462,-445.298311714609,0.716055836028542,33.7049637893602,19.5832188261175,1,33.6015073,"Mississippi Alluvial Plain","Elm / ash / cottonwood group",-2.18619155372029,-0.525631607086511,-0.522334416111324,1.6289072948451,0.919690157636387,-0.19422338573648,1.14401355839035,1.1155994492343,-1.30817950729938,"High"
"28137",27.10876491,0.746815286624204,48,16.0182047,1393.666667,-1237.70798867663,0.571481911594171,24.0585884623231,20.4663889640927,1,34.6514753,"Mississippi Valley Loess Plains","Oak / hickory group",-0.00939865076903749,-0.906820177491728,-0.399900119798681,-0.133560738313594,-0.238870452956965,-0.155295762518854,1.06759367587295,0.803871087369281,1.01380091197982,"High"
"28139",18.53334458,0.898295120517343,45,15.50111278,1451.126761,-1259.87534718805,0.490721013645565,77.2772259476357,32.4752335008284,1,34.76903134,"Southeastern Plains","White / red / jack pine group",0.911852839607656,1.19618075852626,1.26489171040748,-0.182865109388076,-0.886057666041707,-0.181263680652122,1.24593541062132,0.683770885320562,0.814774018898747,"High"
"28141",17.64997383,0.88004569687738,47,15.43144534,1471.358209,-1416.34035062907,0.388553778520129,86.4313544960617,33.8162248951891,2,34.7400019,"Southeastern Plains","White / red / jack pine group",0.800865731325693,1.55791758260564,1.45079398525825,-0.530872680333072,-1.70478714836473,-0.183938686475111,1.3087287560828,0.667589867407505,0.94745861428613,"High"
"28143",8.337926987,0.422222222222222,34,16.40764556,1347.619718,-1343.7731048964,0.72408811227333,51.2793412184687,23.3196445352447,1,34.64950747,"Mississippi Alluvial Plain","Elm / ash / cottonwood group",-1.98346897195262,0.168841869306952,-0.00435194280185948,-0.36946948880651,0.984057773767888,-0.212137242436994,0.924675483561442,0.894322947402266,0.0850087442681401,"High"
"28145",26.54917033,0.820316766794102,46,15.8612017,1455.754386,-1183.01751290811,0.52099970185255,59.0851027231019,26.4770571677494,1,34.49098384,"Southeastern Plains","White / red / jack pine group",0.437613643944592,0.477296285395811,0.433361672284407,-0.0119188426343255,-0.643415739883199,-0.156990315751472,1.26029839913757,0.767405439207046,0.881116316592438,"High"
"28149",30.19773371,0.645536869340233,54,17.86839317,1429.706522,-1611.96425488164,0.628268550820063,48.1103047243519,24.5142963818501,1,32.36032419,"Mississippi Valley Loess Plains","Elm / ash / cottonwood group",-0.625341317643568,0.0436134337754696,0.161263210936319,-0.965977005520884,0.216196141330302,-0.145941808330276,1.17945235575572,1.23359740967425,1.41185469814197,"High"
"28151",24.03740531,0.606911447084233,22,17.59777351,1388.905983,-1260.39294400613,0.648780998604737,20.4687139872554,19.5023792675875,1,33.28382367,"Mississippi Alluvial Plain","Oak / gum / cypress group",-0.860248677291663,-1.04867855151226,-0.533541242562155,-0.184016341979566,0.380575119926571,-0.164596392876483,1.05281770555956,1.17074306098445,-0.711098828056158,"High"
"28153",9.688792766,0.85175380542687,55,17.95073785,1501.282258,-1617.09526900136,0.456840112705991,56.8271941829618,27.3074186687836,1,31.64186336,"Southeastern Plains","White / red / jack pine group",0.628803572987543,0.38807220906225,0.548475082139175,-0.977389345156062,-1.15756635914511,-0.208046577419049,1.40160550649945,1.25272285395819,1.47819699583566,"High"
"28155",8.917359541,0.893600616808018,43,16.4097705,1435.147541,-1275.53427259889,0.334885360020967,100.505542780791,35.1723983426709,0,33.61262972,"Southeastern Plains","White / red / jack pine group",0.883302382245486,2.11407671284732,1.63880095535464,-0.21769350216595,-2.13486550412102,-0.210382616244109,1.19633991544643,0.894816487744845,0.682089423511364,"High"
"28159",11.51850761,0.879954180985109,47,16.67401262,1455.75,-1640.65943798631,0.499131279328387,79.7191376785163,33.2910624722447,1,33.0874696,"Southeastern Plains","White / red / jack pine group",0.800309161187075,1.29267595078165,1.37799046876883,-1.02980048521577,-0.818660985880577,-0.202505871139032,1.26028478609251,0.956189583657429,0.94745861428613,"High"
"29001",17.332692,0.775075987841945,28,10.95528934,1015.769231,-900.234751435587,0.561480007274508,19.7070050268086,16.2836579733284,2,40.19068175,"Central Irregular Plains","Oak / hickory group",0.162473818633726,-1.0787784325405,-0.979754106589264,0.617043160119647,-0.319021921633085,-0.184899473033618,-0.105305280630648,-0.372045870860443,-0.313045041894009,"Moderate"
"29003",15.6660745,0.681592039800995,26,11.40687242,903.765625,-581.819941311316,0.721797901979703,-8.48986664909374,12.5364236819529,3,39.98507538,"Western Corn Belt Plains","Oak / hickory group",-0.406065400387184,-2.19301303773058,-1.49923497879698,1.32525753513821,0.965704896881183,-0.189946291164278,-0.452936410369354,-0.267160806808808,-0.445729637281392,"Moderate"
"29005",3.654417333,0.757425742574257,22,11.00472822,857.9347826,-944.704040628641,0.689674569786108,52.8115944430768,19.7249558726804,3,40.43241005,"Western Corn Belt Plains","Oak / hickory group",0.0551307199487718,0.229390769425951,-0.502685341928238,0.51813510417499,0.708280693269701,-0.226319753683232,-0.595183861941481,-0.360563155220519,-0.711098828056158,"Moderate"
"29007",14.13115254,0.564766839378238,21,11.87361359,1003.831858,-1291.7795133878,0.703207730646923,45.9656723351995,14.2940311867253,2,39.21618714,"Central Irregular Plains","Oak / hickory group",-1.11655858774402,-0.0411343939577509,-1.25557701439389,-0.253825970526495,0.816730312877844,-0.194594311467002,-0.142355895430517,-0.158755112089277,-0.777441125749849,"Moderate"
"29009",17.67207292,0.807500956754688,42,13.38637999,1118.745763,-970.714920798203,0.544001415984528,61.1932708437694,21.4395828332549,2,36.7097438,"Ozark Highlands","Oak / hickory group",0.359672020985567,0.560603182012068,-0.264985790811261,0.460282018648661,-0.459088724664522,-0.18387176644812,0.214308073208459,0.19260127787813,0.615747125817672,"Moderate"
"29011",7.651216053,0.49288256227758,31,13.440442,1154.858696,-920.456869684486,0.578664214979703,40.670094959912,19.1434712648072,2,37.50229045,"Central Irregular Plains","Elm / ash / cottonwood group",-1.55373557501448,-0.250395748686323,-0.583296829704319,0.572065368943394,-0.181314197025171,-0.214216726897126,0.32639356889302,0.205157765560551,-0.114018148812934,"Moderate"
"29013",7.513497353,0.450124688279302,32,12.9556978,1052.014925,-899.211109149032,0.628766795493255,43.2508611808445,16.3190477422535,0,38.25265618,"Central Irregular Plains","Oak / hickory group",-1.81377517324933,-0.148413547812381,-0.974848006089823,0.619319932930347,0.220188885215871,-0.214633763938973,0.0071922719337169,0.0925706720280413,-0.0476758511192429,"Moderate"
"29015",10.58714507,0.799420009666506,39,12.69748285,1047.654206,-991.15580815996,0.504191808776639,65.1911440609868,24.0353585362902,1,38.29495153,"Ozark Highlands","Oak / hickory group",0.310526307280239,0.718584135962829,0.0948678295967092,0.414817643853777,-0.778107821743748,-0.205326204750727,-0.00634230723369889,0.0325974516632751,0.416720232736598,"Moderate"
"29017",7.611390669,0.732550554468363,47,13.24021768,1185.729412,-1309.25302878972,0.59930580794413,37.0061552422388,20.7964813678682,5,37.32429211,"Ozark Highlands","Oak / hickory group",-0.0961521506947335,-0.39518090328384,-0.354139252852864,-0.29269035244679,-0.0159002979278824,-0.214337325336799,0.422208536483641,0.15865349744693,0.94745861428613,"Moderate"
"29019",101.2088535,0.64185393258427,46,12.22741203,1015.138889,-983.112345289057,0.646448864993055,22.1905113447545,17.0073261555143,8,38.99057159,"Central Irregular Plains","Oak / hickory group",-0.647739751073245,-0.980639578221121,-0.879431642275748,0.432707816826192,0.36188628546554,0.0690926592872901,-0.10726170426206,-0.0765815903515519,0.881116316592438,"Moderate"
"29021",83.13525558,0.602469135802469,30,11.85617411,927.8358209,-911.712449808973,0.679422651434256,25.523959985982,19.9819302554495,6,39.65789987,"Western Corn Belt Plains","Oak / hickory group",-0.887265381653309,-0.848914191328154,-0.46706086101356,0.591514602019643,0.626125706940429,0.0143625477476541,-0.378228553251352,-0.16280562030767,-0.180360446506626,"Moderate"
"29023",23.65777638,0.754,51,14.15319072,1193.711538,-1365.98770439477,0.512222227506522,51.1772894890773,21.3051539253157,3,36.71458362,"Mississippi Alluvial Plain","Oak / hickory group",0.0342964585750267,0.164809167746496,-0.283621734260783,-0.418878932713613,-0.713755091032361,-0.165745977689343,0.446983055610255,0.370701379705531,1.2128278050609,"Moderate"
"29025",8.196672963,0.407407407407407,11,11.49621968,929.7575758,-901.294927864748,0.491459639925854,39.3030193083411,17.8084174218206,2,39.65634169,"Central Irregular Plains","Oak / hickory group",-2.0735678971827,-0.304417450682253,-0.76837597898387,0.614685128510204,-0.880138595105229,-0.212564985077013,-0.372263907550857,-0.246408937434211,-1.44086410268676,"Moderate"
"29027",20.7927942,0.757668711656442,50,12.25020356,1011.396947,-1038.80452574015,0.635880922516497,40.1536828657297,20.2856223518998,4,38.83793889,"Interior River Valleys and Hills","Oak / hickory group",0.0566083795376799,-0.270802417642027,-0.424959881229699,0.308837941690049,0.277198801631521,-0.174421660027997,-0.118875754660372,-0.0712880105214911,1.1464855073672,"Moderate"
"29029",26.96860088,0.804090419806243,37,13.08857083,1064.707965,-919.77387046523,0.443202860216866,88.4533152270738,26.2118201235032,4,38.02353718,"Ozark Highlands","Oak / hickory group",0.338930235323482,1.63781788653738,0.396591734678975,0.57358448755793,-1.26685012959286,-0.155720204460614,0.0465882877639449,0.123431873165792,0.284035637349215,"Moderate"
"29031",52.61383253,0.7078125,43,13.53123805,1181.406593,-1481.7848246578,0.644054367899535,44.5768995726181,21.5064130838786,3,37.38477893,"Interior River Valleys and Hills","Oak / hickory group",-0.246601018786815,-0.0960134843972795,-0.25572108137909,-0.676433489061118,0.342697693708166,-0.0780618215046038,0.408791589420116,0.226246132112916,0.682089423511364,"Moderate"
"29033",4.848638087,0.713207547169811,24,11.90215453,975.3090909,-839.571308215272,0.622299483946309,9.38868528134726,11.1374369379833,3,39.42765331,"Central Irregular Plains","Oak / hickory group",-0.21379008205614,-1.48651972597039,-1.69317717654987,0.75197005786659,0.168362302766499,-0.222703438029942,-0.230883417930525,-0.152126169481432,-0.578414232668775,"Moderate"
"29035",4.630713216,0.774725274725275,43,13.48521129,1168.647887,-1388.52525981847,0.513834398843997,52.0164888217351,22.9470300987652,2,36.94170742,"Ozark Highlands","Oak / hickory group",0.160340894579592,0.197971177626438,-0.0560076593672901,-0.469006691289329,-0.700835761240121,-0.223363353811508,0.369191762778964,0.2155559183195,0.682089423511364,"Moderate"
"29037",58.02330523,0.408629441624365,39,12.49421171,1018.297297,-1044.47977090849,0.619913375494653,36.037442645187,20.5886384650487,3,38.64719643,"Central Irregular Plains","Oak / hickory group",-2.06613587923859,-0.433460791582269,-0.382952613332447,0.296215129929489,0.149240934404202,-0.0616809633294864,-0.097458797191231,-0.0146144734131671,0.416720232736598,"Moderate"
"29039",11.50975254,0.638972809667674,36,13.2204221,1087.909091,-756.259325819901,0.642384509967438,76.7248929703701,24.2109278757274,3,37.7239792,"Ozark Highlands","Oak / hickory group",-0.665261811354517,1.17435463100648,0.119207090633491,0.937271562908607,0.329316085420341,-0.202532383068741,0.118598769663876,0.15405575947092,0.217693339655523,"Moderate"
"29041",3.828753127,0.597402597402597,29,11.86670084,991.7622951,-890.540670979111,0.610960932280423,66.0262812719203,23.4455370008572,2,39.51492622,"Central Irregular Plains","Elm / ash / cottonwood group",-0.918078434004723,0.751585626028811,0.0131005895875033,0.638604616790533,0.077499449090307,-0.225791833481997,-0.179816794558885,-0.16036067318896,-0.246702744200317,"Moderate"
"29043",59.93001596,0.838615023474178,38,13.15125755,1107.25974,-885.121035932338,0.47348557392344,52.1773414359783,20.1772741586169,4,36.97137403,"Ozark Highlands","Oak / hickory group",0.548897739025573,0.204327469600425,-0.439980242800972,0.650658903605838,-1.02417594460704,-0.0559070996312549,0.178658335719697,0.137991543210088,0.350377935042906,"Moderate"
"29045",5.19004642,0.624664879356568,29,10.99909217,951.0235294,-930.4173980726,0.548533264482959,43.7060040816945,20.7929841659504,2,40.41042418,"Central Irregular Plains","Oak / hickory group",-0.7522780285271,-0.130428007562996,-0.354624071618194,0.549911282000988,-0.422772209193281,-0.221669592072521,-0.306259715909572,-0.361872188909842,-0.246702744200317,"Moderate"
"29047",239.3146246,0.385026737967914,25,12.10380875,972.9180328,-861.086884093523,0.630539101551648,41.9523101134966,22.2891615486355,4,39.3110008,"Western Corn Belt Plains","Elm / ash / cottonwood group",-2.20967990989659,-0.199727415268184,-0.147208289390868,0.704115373852887,0.234391473941352,0.487301822179326,-0.238304663176628,-0.10528979159725,-0.512071934975083,"Moderate"
"29049",18.89590759,0.666666666666667,12,11.56781745,933.6984127,-1041.38165988311,0.438724386148015,10.3847664732869,16.0915672821057,3,39.6013744,"Central Irregular Plains","Oak / hickory group",-0.496836705656293,-1.44715833345866,-1.00638373048255,0.303105911054655,-1.30273892262406,-0.180165774520467,-0.36003253721745,-0.229779579460027,-1.37452180499307,"Moderate"
"29051",75.56423523,0.762364294330519,35,12.77731481,1011.269841,-787.518323733986,0.5566983616151,49.2294338149082,19.6095435146917,6,38.50453742,"Interior River Valleys and Hills","Oak / hickory group",0.0851653988154541,0.0878372177010612,-0.518685012012787,0.867745677279134,-0.357340216833818,-0.00856386624354282,-0.119270259837077,0.0511392894973401,0.151351041961832,"Moderate"
"29053",11.97925535,0.552995391705069,37,12.43668186,1008.056818,-736.239992818078,0.632747085481609,44.9653203098335,14.5624697822854,2,38.84449724,"Interior River Valleys and Hills","Oak / hickory group",-1.18814873564746,-0.0806645537870546,-1.21836324420698,0.981798321587455,0.25208541992839,-0.201110643951095,-0.129242678183736,-0.0279764045159246,0.284035637349215,"Moderate"
"29055",12.47214069,0.794540229885057,44,12.67211863,1048.847458,-1119.31101545704,0.526199368373576,65.3958510145829,24.9249738133405,3,37.97647323,"Ozark Highlands","Oak / hickory group",0.280849060607647,0.726673386935119,0.218195618605002,0.129776379580127,-0.601747584003428,-0.19961809831885,-0.00263875200331657,0.0267063367009523,0.748431721205055,"Moderate"
"29057",5.965546336,0.575178997613365,29,13.25769268,1133.792208,-893.406537827941,0.609103403620453,28.0741098022473,14.7713905581816,2,37.43192757,"Ozark Highlands","Oak / hickory group",-1.05323519976807,-0.74814183592781,-1.18940045767008,0.632230390357917,0.062613918750661,-0.219321238574256,0.261008468496638,0.162712255570246,-0.246702744200317,"Moderate"
"29059",12.02020562,0.78955223880597,35,12.9440729,1077.175,-967.459869771793,0.55443104755169,56.7430686717944,21.824604718595,3,37.68097479,"Ozark Highlands","Oak / hickory group",0.250513707726047,0.384747884406684,-0.211610023708607,0.467521863828673,-0.3755096120134,-0.200986639153898,0.0852828407013026,0.0898706630261678,0.151351041961832,"Moderate"
"29061",5.685129965,0.662131519274376,34,11.25926135,916.4431818,-1173.09335571261,0.608227811636737,48.4936956292276,23.1848104797456,3,39.96152189,"Central Irregular Plains","Oak / hickory group",-0.524418009298159,0.0587636042779914,-0.0230440520503217,0.0101543479407421,0.0555972566018434,-0.220170389879398,-0.413588450512502,-0.30144507744995,0.0850087442681401,"Moderate"
"29063",10.87864435,0.5,24,11.33463935,908.4179104,-656.854783764898,0.659512669705919,57.737181091755,22.3183331858451,3,39.89207243,"Central Irregular Plains","Elm / ash / cottonwood group",-1.5104496144947,0.424031478434457,-0.143164211448838,1.15836594478744,0.466574662875386,-0.204443492399886,-0.438496882150335,-0.283937720092619,-0.578414232668775,"Moderate"
"29065",7.95941336,0.815167432698621,37,12.66976959,1080.782609,-1211.92128060376,0.474659859466536,47.1240360338061,21.8113640002635,4,37.60667485,"Ozark Highlands","Oak / hickory group",0.406297054877985,0.00463979451318166,-0.21344559078893,-0.076206253657285,-1.01476566553256,-0.213283449911382,0.0964799551256862,0.0261607467048438,0.284035637349215,"Moderate"
"29067",6.328080421,0.807567567567568,45,13.2218232,1088.901515,-962.241212970692,0.500795715958167,60.4318390151175,24.1237625491104,3,36.9329251,"Ozark Highlands","Oak / hickory group",0.360077126464387,0.530514252192872,0.107123319943869,0.479129137257273,-0.80532282185386,-0.218223420032713,0.121679005101116,0.154381180129379,0.814774018898747,"Moderate"
"29069",21.13016022,0.723809523809524,25,14.98526751,1236.530864,-1218.9568193567,0.65584597184447,107.492003344859,30.9817528190302,0,36.2712065,"Mississippi Alluvial Plain","Elm / ash / cottonwood group",-0.149312279768842,2.390155428875,1.0578497731068,-0.0918546139797452,0.437191136559407,-0.173400054922804,0.579883514833238,0.563960231244055,-0.512071934975083,"High"
"29071",43.36575112,0.786588350465002,49,12.648526,1005.921986,-1079.58559949822,0.549665242701974,45.7555140654711,23.2709908890326,3,38.41078542,"Ozark Highlands","Oak / hickory group",0.232488294829482,-0.0494390604962868,-0.0110968209186396,0.218133169971404,-0.413700964971812,-0.106066678608171,-0.135868661814677,0.0212266927145202,1.08014320967351,"Moderate"
"29073",10.9156538,0.822302810516772,38,12.55580825,1017.506849,-963.809073139281,0.565966693148418,75.4925755398508,26.5349949333131,3,38.43919315,"Ozark Highlands","Oak / hickory group",0.449692121273487,1.12565806844287,0.441393612282946,0.475641921606153,-0.283067322309903,-0.204331421115824,-0.099912149730967,-0.000308009487948445,0.350377935042906,"Moderate"
"29075",5.166656269,0.408256880733945,26,11.04791888,898.5131579,-845.569672341204,0.657594098114424,16.404165110128,11.1011499618767,1,40.21099024,"Central Irregular Plains","Oak / hickory group",-2.06840167440574,-1.20929427744941,-1.69820765730764,0.738628568823028,0.451199957628878,-0.221740421664881,-0.469238752205459,-0.35053165638639,-0.445729637281392,"Moderate"
"29077",166.7000192,0.64796633941094,30,13.09186508,1113.371429,-966.604279836595,0.581944716690474,55.0068564457073,18.6831659406988,7,37.25773142,"Ozark Highlands","Oak / hickory group",-0.610566064291738,0.316139289577575,-0.647109175732438,0.46942485662914,-0.155025500222113,0.267411711171,0.197627487049358,0.124196998427465,-0.180360446506626,"Moderate"
"29079",8.767936344,0.567708333333333,22,11.12039946,988.1428571,-1096.14509840312,0.682036394783176,37.8132826291221,16.1090340347391,1,40.11412479,"Central Irregular Plains","Oak / hickory group",-1.0986693702791,-0.363286256402477,-1.00396230625682,0.181301732504731,0.647071255054355,-0.210835096612136,-0.191050623235429,-0.33369725622286,-0.711098828056158,"Moderate"
"29081",4.50326269,0.543726235741445,27,10.74502892,912.6363636,-978.949297975714,0.65026007213948,35.2737823824133,19.3045777431634,2,40.35561623,"Central Irregular Plains","Oak / hickory group",-1.24452075248006,-0.463637780759341,-0.560962561978543,0.44196721638126,0.392427854396003,-0.223749296972059,-0.42540386038043,-0.42088113195841,-0.3793873395877,"Moderate"
"29083",12.10711201,0.578282828282828,40,12.6801353,1043.564103,-949.621809243099,0.63441400175085,34.6187714496419,17.2024023888561,1,38.38497683,"Central Irregular Plains","Oak / hickory group",-1.03435870276757,-0.489521355946708,-0.852388131258401,0.50719706261714,0.265443454845514,-0.200723470943603,-0.0190369621418424,0.0285682951836103,0.483062530430289,"Moderate"
"29085",9.150859428,0.850083752093802,30,12.90703136,1045.536232,-812.875790726527,0.508648228265322,59.7519951901165,20.0294301356144,2,37.94174556,"Ozark Highlands","Oak / hickory group",0.618646847286465,0.503649374250107,-0.460475930032699,0.811345905449527,-0.742395765755309,-0.209675536507325,-0.0129159678565293,0.0812673639489054,-0.180360446506626,"Moderate"
"29087",3.649959099,0.597826086956522,17,11.43684306,882.5942029,-1202.82380644134,0.660201026374442,64.5037162189943,22.5322692442908,2,40.09795265,"Western Corn Belt Plains","Oak / hickory group",-0.915502907133024,0.691419566115395,-0.113506153906549,-0.0559717615001166,0.4720908922045,-0.226333254019201,-0.518647199920166,-0.26019980088257,-1.04281031652462,"Moderate"
"29089",8.343048985,0.714836223506744,36,12.17381539,999.5675676,-1249.38360477932,0.696064720700387,56.768036693127,20.9142727133183,3,39.14347998,"Interior River Valleys and Hills","Oak / hickory group",-0.20388499789953,0.385734526957379,-0.337809782604961,-0.159529502636761,0.7594889396668,-0.212121732104017,-0.155591184384392,-0.089029990808346,0.217693339655523,"Moderate"
"29091",16.71124945,0.818295218295218,31,13.35622141,1122.80292,-1217.42982206904,0.440272971228834,63.9437143726525,24.8163868298002,5,36.77366538,"Ozark Highlands","Oak / hickory group",0.425319238018722,0.669290393654833,0.203142153426764,-0.0884582850548656,-1.2903291489819,-0.186781313065001,0.226900471987454,0.185596620850221,-0.114018148812934,"Moderate"
"29093",7.121936002,0.735664335664336,40,12.59494263,1099.433333,-1120.33622766089,0.457930564743335,60.0178213691153,23.0536085094869,3,37.55484803,"Ozark Highlands","Oak / hickory group",-0.0772151378015148,0.514153827758652,-0.0412326435942846,0.127496114978341,-1.14882788999757,-0.21581948227296,0.154367129352601,0.00878137435903065,0.483062530430289,"Moderate"
"29095",447.552888,0.575688073394495,32,12.49355103,1011.969388,-867.562744740666,0.614808097045057,22.4244101741066,16.9908569552964,7,39.00938797,"Central Irregular Plains","Oak / hickory group",-1.05013916506808,-0.971396773814549,-0.881714775335629,0.68971184281382,0.108329168738617,1.117884810312,-0.117099041225461,-0.014767923502833,-0.0476758511192429,"Moderate"
"29097",72.88280825,0.630742049469965,30,13.67398887,1135.8,-1001.93437091607,0.633854024067729,49.0387211249446,21.0411006295439,4,37.20373387,"Ozark Highlands","Oak / hickory group",-0.715318640070223,0.0803009675365461,-0.320227568252152,0.390844094749898,0.260956006026415,-0.0166837103581666,0.267240151798337,0.259401557021935,-0.180360446506626,"Moderate"
"29099",132.2073312,0.804117280099813,45,12.79447224,999.7843137,-902.378527293329,0.528291368149918,80.3113109891391,27.8438890334215,4,38.26047955,"Ozark Highlands","Oak / hickory group",0.339093590965268,1.31607641883888,0.622846223964254,0.612274999748344,-0.584983091044393,0.162961635989629,-0.15491845879724,0.0551242885467097,0.814774018898747,"Moderate"
"29101",25.11807463,0.62533692722372,32,12.35000004,1025.101563,-1088.79541938817,0.641309451919117,47.9466118628931,16.9316743499585,3,38.74730523,"Central Irregular Plains","Oak / hickory group",-0.748190850166085,0.0371449058849853,-0.889919288064181,0.19764879980392,0.320700977863712,-0.161323931428416,-0.0763400603835726,-0.0481091965656454,-0.0476758511192429,"Moderate"
"29103",3.024414506,0.462686567164179,28,11.10871761,961.9027778,-895.391051486634,0.650457448682016,33.5538830760087,19.4168313421616,2,40.12761177,"Central Irregular Plains","Oak / hickory group",-1.73737787766747,-0.53160175019061,-0.545400792155328,0.627816459046247,0.394009555166263,-0.228227515776016,-0.272493254747599,-0.33641049247939,-0.313045041894009,"Moderate"
"29105",18.01671633,0.831703341483293,37,12.94170003,1082.26087,-948.213801958257,0.491814597633755,76.5691528508685,26.5991801528394,2,37.65897324,"Ozark Highlands","Oak / hickory group",0.506863118499091,1.16820036564826,0.450291639795959,0.510328735414855,-0.877294098627669,-0.18282812409455,0.101068106881074,0.089319538254318,0.284035637349215,"Moderate"
"29107",20.09355985,0.360406091370558,23,12.17300993,1004.247525,-855.53670942478,0.644398035721194,23.3576958806878,12.602819553129,3,39.06994651,"Western Corn Belt Plains","Elm / ash / cottonwood group",-2.35941474118676,-0.934516823345052,-1.49003048759424,0.716460005318784,0.345451717318304,-0.176539067648618,-0.141065769210786,-0.0892170676219659,-0.644756530362466,"Moderate"
"29109",24.13605165,0.576068376068376,24,13.13959518,1113.296703,-998.495457862442,0.594536104642588,49.1140666797705,24.9504219295046,2,37.10632791,"Ozark Highlands","Oak / hickory group",-1.04782628687102,0.0832783412501703,0.221723503053379,0.398492883630251,-0.0541228916010048,-0.164297673981935,0.197395556268478,0.135282831394659,-0.578414232668775,"Moderate"
"29111",7.567344126,0.712589073634204,28,11.27859614,961.7435897,-1230.02300605659,0.623681429771045,29.2253038148211,15.0007786424956,2,40.09681651,"Central Irregular Plains","Oak / hickory group",-0.217551438612937,-0.70265096655617,-1.15760027843182,-0.116467892785598,0.179436692597011,-0.214470706206618,-0.272987334724309,-0.296954362944936,-0.313045041894009,"Moderate"
"29113",35.48777445,0.735050597976081,40,12.11437503,938.53125,-1267.81561360599,0.609209482138051,53.9822046983285,20.7454971536346,3,39.05505058,"Interior River Valleys and Hills","Oak / hickory group",-0.0809476924622503,0.275648895879977,-0.361207218723014,-0.200525754056166,0.0634639917676317,-0.129922611652838,-0.34503262113937,-0.102835658562444,0.483062530430289,"Moderate"
"29115",7.529008916,0.761643835616438,25,11.36926236,1040.554455,-853.193439597322,0.723162547780375,26.1016568881224,16.4027151172519,3,39.8700814,"Central Irregular Plains","Oak / hickory group",0.0807838012981884,-0.826085776634689,-0.963249158096909,0.721671877768138,0.976640650878703,-0.214586792130875,-0.0283781554455279,-0.275896150817015,-0.512071934975083,"Moderate"
"29117",10.85766368,0.592207792207792,28,11.56047808,957.8947368,-1045.28242810825,0.631140733754708,18.029433810388,14.5367654039334,2,39.78116199,"Central Irregular Plains","Oak / hickory group",-0.949671563630854,-1.14506975462372,-1.22192665440436,0.294429869479887,0.239212726288598,-0.204507025649567,-0.284933209768949,-0.231484227677912,-0.313045041894009,"Moderate"
"29119",16.37756197,0.747727272727273,35,13.94288888,1141.358974,-1059.74910797775,0.551890532596792,56.7818904712893,21.3552022293256,2,36.62885887,"Ozark Highlands","Oak / hickory group",-0.00385224544852586,0.386281976306316,-0.276683514070117,0.262253254835697,-0.395868335544519,-0.187791778888166,0.284493814254598,0.321856498363704,0.151351041961832,"Moderate"
"29121",7.302717148,0.72863568215892,31,11.38921066,1025.104,-1160.1599037124,0.634779152082489,66.5115603898415,20.4729947587145,1,39.83052927,"Central Irregular Plains","Oak / hickory group",-0.119961141350566,0.770762036539131,-0.398984355348176,0.038920775675641,0.268369631144851,-0.215272044384353,-0.0763324965461797,-0.271262941966008,-0.114018148812934,"Moderate"
"29123",9.509126734,0.734967622571693,39,12.83138574,1128.785714,-1065.02481070586,0.448384233894793,52.4869424442806,23.2988039141684,3,37.47867268,"Ozark Highlands","Oak / hickory group",-0.0814523221082726,0.216561740168354,-0.00724108801463252,0.250519100545217,-1.22532856562137,-0.208590638541509,0.245469565532656,0.0636978489464265,0.416720232736598,"Moderate"
"29125",6.440889438,0.813515825491873,39,12.77642246,1052.732558,-750.900293482509,0.581489556229553,37.3997347550802,16.4303890748386,3,38.16293237,"Ozark Highlands","Oak / hickory group",0.396252512567442,-0.379628117210889,-0.959412704193382,0.949191057909637,-0.158672983567299,-0.217881813999957,0.00941962495775944,0.0509320315396094,0.416720232736598,"Moderate"
"29127",25.24868468,0.559748427672956,31,11.56926119,988.2837838,-985.320998531336,0.696989842538649,11.4667790440191,13.6338566349069,4,39.80611277,"Interior River Valleys and Hills","Oak / hickory group",-1.14707894906206,-1.40440125517643,-1.34709732652844,0.427795356959759,0.766902515289122,-0.160928420659817,-0.190613222068797,-0.229444255199486,-0.114018148812934,"Moderate"
"29129",3.08228226,0.592375366568915,29,10.6199511,965.96,-1080.9916868283,0.644355833325895,35.0661738703844,18.0446717621757,1,40.42212338,"Central Irregular Plains","Oak / hickory group",-0.948652430417106,-0.471841690437461,-0.735623927404657,0.215005767513881,0.345113523324764,-0.228052281788573,-0.259900653604141,-0.449931811098423,-0.246702744200317,"Moderate"
"29131",16.52969243,0.757597173144876,44,12.96977178,1038.043478,-964.342036142288,0.601296964605771,63.5805232700194,22.4100819844299,2,38.2151457,"Ozark Highlands","Oak / hickory group",0.0561733053848653,0.654938443569647,-0.130445031860164,0.474456511731734,5.6076547827278e-05,-0.187331100439899,-0.0361715989107131,0.0958395064001386,0.748431721205055,"Moderate"
"29133",12.50246936,0.642857142857143,13,14.36606873,1238.095238,-1686.69573584066,0.670699144896448,50.6467041253913,26.370677930217,1,36.82429377,"Mississippi Alluvial Plain","Elm / ash / cottonwood group",-0.641638549776065,0.143842424342419,0.418614267985371,-1.13219386289931,0.556218833342723,-0.199526257640569,0.584738939764412,0.420144604447332,-1.30817950729938,"Moderate"
"29135",14.79826111,0.756818181818182,32,12.58006615,1005.063492,-1049.42839295981,0.608477185138293,69.2755900218986,27.4587379062885,2,38.63567237,"Interior River Valleys and Hills","Oak / hickory group",0.0514357313972041,0.879986120019316,0.569452540010377,0.285208464530003,0.0575956412853804,-0.192574186497599,-0.138533212089013,0.00532615066539079,-0.0476758511192429,"Moderate"
"29137",5.145012177,0.659139784946237,35,11.73582255,1002.296296,-985.284003683733,0.629096953487836,24.8782146356148,18.1306356393093,1,39.49602195,"Central Irregular Plains","Oak / hickory group",-0.542612772507058,-0.874431625453112,-0.723706714228396,0.427877640452991,0.222834646194489,-0.221805963875933,-0.14712189513274,-0.190758574345085,0.151351041961832,"Moderate"
"29139",8.236603878,0.728083209509658,39,12.13754068,983.2317073,-974.373231764222,0.588352882482272,42.11806178053,22.7123815307875,3,38.94019777,"Central Irregular Plains","Oak / hickory group",-0.123321101804999,-0.193177531103751,-0.0885371019580288,0.45214524758135,-0.103672889427493,-0.212444067070455,-0.206293601691766,-0.0974551853081142,0.416720232736598,"Moderate"
"29141",13.20397965,0.814927646610815,39,12.64102483,1036.840426,-1142.07620352589,0.483370192759781,51.079813781642,22.4428242304093,1,38.41889728,"Ozark Highlands","Oak / hickory group",0.404838753234224,0.160957293409577,-0.125905958725995,0.0791423232243054,-0.944964357321725,-0.197401958063481,-0.0399055708856371,0.0194844646932393,0.416720232736598,"Moderate"
"29143",9.883057265,0.54954954954955,17,14.57210371,1240.462264,-1453.53334293873,0.560451817724093,26.5942187279408,20.1184803896991,0,36.59658072,"Mississippi Alluvial Plain","Elm / ash / cottonwood group",-1.20910523619138,-0.8066215802717,-0.448130850951653,-0.613596884629273,-0.327261442819184,-0.207458309507728,0.592085595393525,0.467998461314993,-1.04281031652462,"High"
"29145",36.02235068,0.733167082294264,29,13.67687274,1134.83871,-1140.88174195317,0.56443194547452,38.371445298683,18.9385100467007,2,36.90542084,"Ozark Highlands","Oak / hickory group",-0.0924026273167859,-0.341229761309741,-0.611710700861449,0.081799030228221,-0.295366208219894,-0.12830381849257,0.264256548496256,0.260071367081396,-0.246702744200317,"Moderate"
"29147",9.773583364,0.673716012084592,22,10.80455825,888.8181818,-723.948197532926,0.670882023790863,25.9182995482415,21.5422769255791,2,40.36039841,"Western Corn Belt Plains","Oak / hickory group",-0.453964860569475,-0.833331370953065,-0.2507492599453,1.00913758420634,0.557684355458188,-0.207789816208216,-0.499329528875924,-0.407054799957661,-0.711098828056158,"Moderate"
"29149",5.162567349,0.746169220519654,45,13.69304059,1155.756522,-1289.57755392843,0.478361260531337,54.5960597005357,23.0351178388664,2,36.68712262,"Ozark Highlands","Oak / hickory group",-0.013327816430247,0.299906143062927,-0.0437960140576019,-0.248928398891164,-0.985104040903747,-0.221752803651504,0.329180195840448,0.263826525451872,0.814774018898747,"Moderate"
"29151",8.664991892,0.812316715542522,40,12.67552231,1016.226804,-1033.13209882794,0.582855561281557,32.2804102583974,18.8949074509976,3,38.46136669,"Ozark Highlands","Oak / hickory group",0.388959912624771,-0.581924619282648,-0.617755349443604,0.321454485119362,-0.147726337045009,-0.211146830964382,-0.103885088686757,0.0274968782659978,0.483062530430289,"Moderate"
"29153",4.735808649,0.819573097060008,43,13.79574842,1085.415094,-904.128328443918,0.529865142883448,60.1161692791915,23.8952210651467,2,36.64937188,"Ozark Highlands","Oak / hickory group",0.433090884490252,0.518040168272401,0.0754405053148623,0.608383113162454,-0.572371457076868,-0.223045105901167,0.110858027864233,0.287681531994975,0.682089423511364,"Moderate"
"29155",12.79940016,0.3,4,15.08788818,1250.421053,-2601.4313433827,0.556199553139046,-6.62419147707111,32.8479896303247,0,36.21295125,"Mississippi Alluvial Plain","Elm / ash / cottonwood group",-2.72678510510078,-2.11928855287973,1.31656706994322,-3.16673775346074,-0.361337478821741,-0.198627097668355,0.622995181205427,0.587794993932621,-1.90526018654261,"High"
"29157",15.64984933,0.667924528301887,39,13.16245509,1111.538462,-1123.13556106776,0.577583690392395,19.6780224295073,19.3872428075001,2,37.7066532,"Interior River Valleys and Hills","Oak / hickory group",-0.489186796910344,-1.07992371607523,-0.549502664789415,0.121269871423773,-0.189973111352429,-0.189995423902971,0.191938416744034,0.140592293220741,0.416720232736598,"Moderate"
"29159",24.007819,0.402040816326531,33,12.3521148,1019.716981,-986.949202801046,0.589888255324843,55.0272822128746,21.0372634856563,3,38.72794615,"Central Irregular Plains","Oak / hickory group",-2.1062057731589,0.316946439281165,-0.32075951333445,0.424173924687732,-0.0913689936528097,-0.164685985554904,-0.0930524537669666,-0.0476180206383853,0.0186664465744486,"Moderate"
"29161",25.62590547,0.810714285714286,47,12.86198744,1079.679245,-1031.0214897138,0.486440687865554,49.7275052834145,20.4125984128076,4,37.87726174,"Ozark Highlands","Oak / hickory group",0.379214451268324,0.107519133923769,-0.407357129509131,0.326148876420117,-0.920358573820406,-0.159786128128847,0.0930553897252379,0.0708054253963434,0.94745861428613,"Moderate"
"29163",10.45709612,0.550276243093923,42,11.8222434,944.7699115,-1121.67961758914,0.648864225212524,56.4118255135461,19.9845713322426,4,39.34316196,"Interior River Valleys and Hills","Oak / hickory group",-1.20468572044731,0.371658397250273,-0.466694727281489,0.12450816332474,0.381242066403348,-0.205720016407411,-0.325669378983556,-0.170686395405948,0.615747125817672,"Moderate"
"29165",94.59174346,0.56797583081571,25,12.20689414,970.1621622,-956.682088663155,0.637172856359033,33.221462873063,15.9906299957967,3,39.38097545,"Western Corn Belt Plains","Oak / hickory group",-1.09704253687178,-0.544737749738495,-1.02037671449499,0.491493674401686,0.287551869567601,0.0490548576186755,-0.246858195016412,-0.0813470926526002,-0.512071934975083,"Moderate"
"29167",19.45982987,0.686458333333333,37,13.01355166,1082.63,-782.654256304973,0.566783876015257,34.6852354725035,18.7324800861679,4,37.61623781,"Ozark Highlands","Oak / hickory group",-0.376470172731737,-0.486894947062639,-0.640272732289489,0.878564277308894,-0.276518728676054,-0.178458116232355,0.102213793912976,0.106007857964535,0.284035637349215,"Moderate"
"29169",36.95021964,0.729221347331584,45,13.01913856,1079.766234,-1000.72088167461,0.553952656279144,61.5379271552642,23.0721490551181,3,37.82453502,"Ozark Highlands","Oak / hickory group",-0.116399314674951,0.574222706673482,-0.0386623589345103,0.393543122864817,-0.379343258274245,-0.125494064070692,0.0933253817855365,0.107305476033728,0.814774018898747,"Moderate"
"29171",3.542201512,0.673076923076923,31,10.56232197,995.5795455,-872.863440905978,0.676856468366961,26.357922372738,17.2423227014708,2,40.47961742,"Central Irregular Plains","Oak / hickory group",-0.457851593777895,-0.815959125907029,-0.846853959332291,0.677922098422173,0.605561288889447,-0.226659563411601,-0.167969005756017,-0.46331680105706,-0.114018148812934,"Moderate"
"29173",8.430703777,0.58675799086758,39,11.70832613,987.7246377,-966.09980865654,0.569650849332489,59.1756919207905,19.3073093952653,3,39.52835179,"Central Irregular Plains","Oak / hickory group",-0.982815497565117,0.480876030698099,-0.56058387174833,0.470546895335059,-0.253543891616312,-0.211856297597596,-0.192348671465239,-0.197144915863662,0.416720232736598,"Moderate"
"29175",19.81174675,0.632947976878613,29,11.79886149,1016.385542,-1238.16785195782,0.677126777738501,59.4566144678859,18.787977339087,4,39.44006763,"Central Irregular Plains","Oak / hickory group",-0.701902901086027,0.491977036048964,-0.632579121719715,-0.13458356066961,0.607727445696532,-0.177392448500875,-0.103392405707671,-0.176117097388846,-0.246702744200317,"Moderate"
"29177",15.53996425,0.551971326164875,35,11.88461982,974.3125,-646.849697057592,0.635808933740616,33.4714298364372,19.2211676656177,3,39.35375112,"Central Irregular Plains","Oak / hickory group",-1.19437677195369,-0.534859992945217,-0.572525740703204,1.18061913780524,0.276621910878455,-0.190328175727569,-0.233976586381319,-0.156198795899315,0.151351041961832,"Moderate"
"29179",2.99625627,0.730992608236536,46,12.87850832,1112.758333,-1112.35590249061,0.519271876386568,49.9105613144357,22.6460865910882,4,37.36065215,"Ozark Highlands","Oak / hickory group",-0.10562707716587,0.114752821646187,-0.0977276009821261,0.145245857839575,-0.657261878007336,-0.228312783989012,0.19572459068084,0.0746425788100395,0.881116316592438,"Moderate"
"29181",8.270169393,0.722725746894931,49,13.9789474,1208.305263,-1278.83360536454,0.541360249066206,45.1966030561367,21.0458717186969,2,36.65467163,"Ozark Highlands","Oak / hickory group",-0.155903461394438,-0.0715251271699286,-0.319566149893474,-0.225031838255566,-0.480254034865112,-0.212342424642203,0.492278321450589,0.330231480393161,1.08014320967351,"Moderate"
"29183",274.4879577,0.711409395973154,46,12.58096818,961.5842697,-1103.95584341346,0.607818943678146,58.1411266238407,22.975855881834,5,38.77942141,"Interior River Valleys and Hills","Oak / hickory group",-0.224725857645988,0.439993890706116,-0.0520115273493068,0.163929167787128,0.0523207438170484,0.593813013382354,-0.273481824085571,0.00553565690802145,0.881116316592438,"Moderate"
"29185",5.408440913,0.719551282051282,38,13.02246986,1052.752381,-854.601455988293,0.567491766198338,54.1407138191664,20.4608299233236,2,38.03705133,"Ozark Highlands","Oak / hickory group",-0.175209532659495,0.281912581784778,-0.400670772264692,0.718540184716681,-0.270845965168029,-0.221008254190908,0.00948115058296869,0.108079206559405,0.350377935042906,"Moderate"
"29186",13.83585638,0.779735682819383,42,12.8924134,1063.584416,-1066.93302246019,0.554446993658903,27.81801740467,16.1097631456768,3,37.89085946,"Ozark Highlands","Oak / hickory group",0.19081258051601,-0.758261646904947,-1.00386122926072,0.246274879007694,-0.375381825956672,-0.195488521454718,0.0431010731809891,0.0778721843267988,0.615747125817672,"Moderate"
"29187",56.9498787,0.798412698412698,41,12.61181253,1079.027778,-860.556576557822,0.544479799498635,49.8432991864464,22.5003353525377,3,37.81350291,"Ozark Highlands","Oak / hickory group",0.304400165139771,0.112094874641079,-0.117933164509827,0.705294877468996,-0.455255140576865,-0.0649314923042122,0.0910333993868417,0.0126995914499913,0.549404828123981,"Moderate"
"29189",757.3253113,0.720739219712526,39,12.95324994,975.9878049,-1390.21288403098,0.60640124110658,39.3933804817856,27.3492160263293,8,38.63784677,"Interior River Valleys and Hills","Oak / hickory group",-0.167984878969502,-0.300846716042797,0.554269469696898,-0.472760284680486,0.0409598129757547,2.05593153206359,-0.228776859731055,0.0920021300160389,0.416720232736598,"Moderate"
"29195",11.71936107,0.571865443425077,42,12.1871653,981.4710744,-1211.35842903381,0.651633388711978,63.6266966475558,23.8371246472155,4,39.13732895,"Western Corn Belt Plains","Oak / hickory group",-1.07338716756437,0.656763042258499,0.0673865712631526,-0.0749543659932508,0.403433092671135,-0.201897650666408,-0.211758165074503,-0.0859293295403604,0.615747125817672,"Moderate"
"29197",5.716680768,0.585669781931464,22,10.69241011,957.6,-966.920872453413,0.607064494214705,9.40262292660719,10.8150749051271,2,40.46922932,"Central Irregular Plains","Oak / hickory group",-0.989433633316079,-1.48596896250833,-1.73786637849814,0.468720695154465,0.0462748718906563,-0.220074848362153,-0.285847998947786,-0.433102420801142,-0.711098828056158,"Moderate"
"29199",4.35452401,0.649717514124294,28,10.84267183,941.296875,-1133.56660144658,0.664016706808958,41.1080713044532,15.9360553885983,2,40.45216673,"Central Irregular Plains","Oak / hickory group",-0.599915984521216,-0.23308856635235,-1.02794241824964,0.0980692773942545,0.502668308369534,-0.224199704499254,-0.336448814086018,-0.398202507972901,-0.313045041894009,"Moderate"
"29201",35.42718205,0.608163265306122,38,14.06584088,1207.181818,-1335.64407559337,0.648764799499545,23.2861729429064,21.6693123458039,3,37.05526434,"Mississippi Alluvial Plain","Oak / hickory group",-0.852635522636308,-0.937343141571304,-0.233138279214381,-0.351389000009189,0.380445306439971,-0.130106096359377,0.488791429657576,0.350413432771602,0.350377935042906,"Moderate"
"29203",3.156682426,0.776679841897233,45,13.11817603,1114.621118,-1319.23509713652,0.4781632453352,66.7195813491361,24.539492664531,4,37.15764572,"Ozark Highlands","Oak / hickory group",0.172227941679723,0.778982244586145,0.164756183589134,-0.314892348305157,-0.9866908596018,-0.227826984678293,0.201506208587056,0.130308001691824,0.814774018898747,"Moderate"
"29205",4.605967313,0.681710213776722,27,11.43849172,982.654321,-1191.46642895573,0.60251119123438,25.6590564033282,15.2603048313847,1,39.79799357,"Central Irregular Plains","Oak / hickory group",-0.405346704383471,-0.843575687646805,-1.12162203942094,-0.0307108196655266,0.00978642833667001,-0.223438288865245,-0.208085664098798,-0.259816881731349,-0.3793873395877,"Moderate"
"29207",13.72231347,0.845511482254697,39,14.07398088,1220.352459,-1483.48415152682,0.607673088213181,38.4341085858568,22.0202378952081,4,36.85640521,"Mississippi Valley Loess Plains","Oak / gum / cypress group",0.590839776896809,-0.338753543243902,-0.184489303380647,-0.680213111359545,0.0511519134265794,-0.195832349847733,0.529669799325539,0.352304035983265,0.416720232736598,"Moderate"
"29209",26.5336868,0.788407428249859,36,13.54771811,1104.679012,-723.291592465411,0.589802479571167,29.2112706629924,16.9703624737868,3,36.74980141,"Ozark Highlands","Oak / hickory group",0.243551339178955,-0.703205504079593,-0.884555935055627,1.01059799726735,-0.0920563680181507,-0.157037202670595,0.170648402627112,0.230073804639253,0.217693339655523,"Moderate"
"29211",3.67224285,0.740585774058577,30,10.86763713,1126.947917,-1225.59347399918,0.607318961901401,35.2142452451146,15.9034845368662,2,40.21003898,"Central Irregular Plains","Oak / hickory group",-0.0472845368827814,-0.465990465107969,-1.03245773091778,-0.10661578108125,0.0483140794422826,-0.226265774805425,0.239765504117522,-0.3924040465036,-0.180360446506626,"Moderate"
"29213",33.92681302,0.884192240880139,43,13.83674408,1091.232323,-692.324358651808,0.523919092528842,36.1067853312802,17.932204902134,4,36.65470735,"Ozark Highlands","Oak / pine group",0.826083674495271,-0.430720628724844,-0.75121526170777,1.07947494470832,-0.620020849983667,-0.134649484163288,0.128913249132902,0.297203218292298,0.682089423511364,"Moderate"
"29215",8.369008196,0.81686291000841,45,12.83517139,1093.949153,-1181.73686179789,0.467451845124009,64.0384993579252,22.7644209367313,3,37.31714675,"Ozark Highlands","Oak / hickory group",0.416608401005053,0.673035940744496,-0.0813228543591859,-0.00907043390205818,-1.07252795932458,-0.212043122935007,0.137345608732181,0.0645771071833095,0.814774018898747,"Moderate"
"29217",9.605933128,0.5171875,34,13.34593227,1103.666667,-824.161266039994,0.675776062072539,42.167398222814,18.9673030309718,1,37.84584935,"Central Irregular Plains","Elm / ash / cottonwood group",-1.40592078327073,-0.191227939960391,-0.607719115756391,0.786244887557818,0.596903322516523,-0.208297491335025,0.167506337397218,0.18320685658373,0.0850087442681401,"Moderate"
"29219",31.60981435,0.819301848049281,38,12.3195308,965.6153846,-1317.69343553275,0.533707626280008,63.5925116381317,25.3488376963684,6,38.76540199,"Interior River Valleys and Hills","Oak / hickory group",0.431441235497556,0.655412178910362,0.276956070322542,-0.311463403185494,-0.541579252137213,-0.141665773681711,-0.260970253459947,-0.0551860077451177,0.350377935042906,"Moderate"
"29221",12.61099876,0.806972789115646,45,12.62225801,1049.252174,-1126.03770002415,0.492633652116605,65.9778387679365,24.6866461327917,2,37.96073295,"Ozark Highlands","Oak / hickory group",0.356459875763785,0.749671359974008,0.18515613888854,0.114814969007599,-0.870730506572792,-0.199197611059317,-0.00138261494373536,0.0151256673757103,0.814774018898747,"Moderate"
"29223",6.640962048,0.753827160493827,52,13.39782037,1166.75969,-1344.25716720963,0.489547225684907,48.774988435866,21.2129287432883,3,37.11347644,"Ozark Highlands","Oak / hickory group",0.0332453044473416,0.0698792408971915,-0.296406955112699,-0.370546134357327,-0.895463957679203,-0.217275958081849,0.363331272391902,0.195258430110394,1.27917010275459,"Moderate"
"29225",25.49436052,0.741488020176545,31,12.77901776,1094.734043,-1159.56309848745,0.581118638784949,44.4990274997374,18.1235362140763,4,37.28079196,"Ozark Highlands","Oak / hickory group",-0.0417973670100507,-0.0990906966277311,-0.72469091092533,0.0402481826490504,-0.161645375323153,-0.160184469943124,0.139781710632513,0.0515348180893918,-0.114018148812934,"Moderate"
"29227",2.897627377,0.784313725490196,15,10.63826953,885.0851064,-1068.74889793007,0.522033376982805,55.6287717823288,30.7110754060159,1,40.47889417,"Central Irregular Plains","Oak / hickory group",0.218654759406104,0.340715050943129,1.0203256345913,0.242236030718851,-0.635132259340294,-0.2286114500509,-0.510916059569425,-0.445677157217513,-1.175494911912,"Moderate"
"29229",10.33872582,0.751761942051684,41,12.83870795,1101.306931,-976.942384340906,0.568038518964963,45.2656739701838,19.5077786645031,4,37.27082184,"Ozark Highlands","Oak / hickory group",0.0206853120121778,-0.0687957037243782,-0.53279272159949,0.44643096944927,-0.26646449581508,-0.206078463007289,0.160182308101545,0.0653985115683509,0.549404828123981,"Moderate"
"30001",0.658563282,0.866791744840525,10,2.506245576,337.3354565,-1080.5954924298,0.688102024013272,47.0129560100446,19.3387411156741,1,45.13280989,"Middle Rockies","Douglas-fir group",0.720259470059606,0.000250328623383012,-0.556226477397372,0.215886978309981,0.695678907727178,-0.235391739631656,-2.21099373036082,-2.33442784576131,-1.50720640038046,"Low"
"30003",1.027635352,0.761860465116279,12,7.229340107,421.3825581,-439.003357594444,0.919324332486038,21.2385718701249,7.60079590610957,1,45.42336874,"Northwestern Great Plains","Unknown",0.0821012720430329,-1.01825665563561,-2.18346340502291,1.64290845577176,2.54860681250034,-0.234274122893325,-1.9501325855824,-1.23743795764179,-1.37452180499307,"Low"
"30007",1.968787048,0.512900703674746,10,5.999793415,339.0516432,-635.671183907372,0.753588311903137,36.3369024941173,13.6549293718739,2,46.33223198,"Middle Rockies","Douglas-fir group",-1.43199169582777,-0.42162726159432,-1.34417600297933,1.20548225174529,1.22046118765771,-0.231424145953161,-2.20566711684658,-1.52301350122703,-1.50720640038046,"Low"
"30009",2.015374673,0.923395445134576,11,5.620229351,427.7150997,-387.242471654365,0.70075525507728,62.300032966375,27.7847095037592,3,45.22889493,"Northwestern Great Plains","Douglas-fir group",1.06450491789603,0.604338269751419,0.614642137618073,1.75803439313678,0.797077103597212,-0.231283070229118,-1.9304779631185,-1.61117136835602,-1.44086410268676,"Low"
"30013",11.67318417,0.705683736634778,10,6.503890935,420.3333333,-727.60475891533,0.650471314746448,52.6019552471283,24.117307680531,1,47.3078204,"Northwestern Great Plains","Douglas-fir group",-0.259547470947923,0.221106614736206,0.10622847844241,1.00100470454177,0.394120672548859,-0.202037482641134,-1.953389116471,-1.4059313893962,-1.50720640038046,"Low"
"30015",0.557014609,0.592783505154639,6,6.827525205,388.1084165,-1156.09819255302,0.685035265715906,77.9352264839838,25.3643810279212,1,47.88107741,"Northwestern Glaciated Plains","Douglas-fir group",-0.946170263182597,1.22218247163329,0.279110849768985,0.047954784580954,0.671103069591502,-0.235699247313557,-2.05340718404036,-1.33076382302446,-1.77257559115522,"Low"
"30017",1.180051639,0.988571428571429,3,7.516323791,341.6069277,-222.502273122918,0.81058871546987,47.0358683285468,12.6477623587237,2,46.25064756,"Northwestern Great Plains","Douglas-fir group",1.46088422684302,0.00115573750894059,-1.48380004507734,2.12444755305811,1.6772408083169,-0.233812578909393,-2.19773615400295,-1.17078288704412,-1.9716024842363,"Low"
"30023",4.797172678,0.960154952960708,8,2.686018822,364.8225806,-770.12215154221,0.742472496812611,24.707360544579,15.8132399229663,2,46.05957518,"Middle Rockies","Douglas-fir group",1.28806438782671,-0.881183138275476,-1.04496838466811,0.906438033365541,1.13138326043876,-0.222859284562961,-2.12568058424523,-2.29267356120866,-1.63989099576784,"Low"
"30027",0.993610442,0.690729204836937,8,6.427402217,399.4445893,-484.021888682478,0.636758735036591,27.2577606986581,17.3525472822568,1,47.26237123,"Northwestern Great Plains","Douglas-fir group",-0.350496109803478,-0.78040089046372,-0.831573473268949,1.54277878263777,0.284233258316884,-0.234377156452424,-2.01822254402638,-1.42369672304568,-1.63989099576784,"Low"
"30029",7.741515166,0.808800115790997,18,3.673995445,647.2273684,-1018.62854719472,0.695949156073448,39.1952293416169,23.5238605932993,8,48.29436646,"Canadian Rockies","Douglas-fir group",0.367573087204588,-0.308676905858588,0.0239586264628353,0.353713109495098,0.758562848566532,-0.213943284910185,-1.24916688140487,-2.06320528399846,-0.976468018830924,"Low"
"30031",16.50915676,0.821135914100028,8,4.050608102,522.2754881,-976.427418907786,0.756821968969948,48.449975351279,23.1288423895745,6,45.54133713,"Middle Rockies","Douglas-fir group",0.442595433645752,0.0570359428835363,-0.0308029350122969,0.447576349346112,1.24637448924672,-0.187393286149386,-1.63698621029027,-1.97573291312907,-1.63989099576784,"Low"
"30033",0.086771777,0.937354988399072,4,6.986391321,315.7405281,-174.968161408644,0.854086395095274,27.5990332983619,24.2470093174726,1,47.27545646,"Northwestern Great Plains","Douglas-fir group",1.14940235742231,-0.766915077400346,0.124209078064981,2.23017235023902,2.02581471929957,-0.237123227351179,-2.27801897735438,-1.29386544598098,-1.90526018654261,"Low"
"30035",1.766859041,0.920016240357288,9,4.72929174,468.059246,-454.968371899303,0.685058155249636,62.4623488603089,34.3750326248564,3,48.70582336,"Northwestern Glaciated Plains","Aspen / birch group",1.04395368439282,0.610752385050176,1.52826176662225,1.6073992637726,0.671286497635516,-0.232035620347745,-1.80525984151077,-1.81810128343554,-1.57354869807415,"Low"
"30037",0.267609936,0.843621399176955,3,6.928789048,353.1884058,-472.004111009094,0.708815432639168,29.344771543118,14.7440583798731,1,46.38128339,"Northwestern Great Plains","Douglas-fir group",0.579344901258551,-0.697930050044513,-1.1931895305497,1.56950857859401,0.861668310304276,-0.236575616816934,-2.16179014780073,-1.30724419811033,-1.9716024842363,"Low"
"30039",0.743294316,0.755698924731183,8,3.556809363,392.2675585,-1118.78449833736,0.6786896919449,46.0130265751066,20.0295116012947,2,46.4054465,"Middle Rockies","Douglas-fir group",0.0446287708070584,-0.0392631320172974,-0.460464636406689,0.130947452598701,0.620252047517745,-0.235135158791349,-2.04049824937442,-2.09042302146668,-1.63989099576784,"Low"
"30041",2.18685476,0.725490196078431,4,5.56165586,309.0722222,-1456.70728243912,0.757158096307794,56.7709142851987,23.8560379448509,1,48.62867551,"Northwestern Glaciated Plains","Douglas-fir group",-0.139090973125097,0.385848238602513,0.0700085307105709,-0.620656322532737,1.2490680862788,-0.230763797623305,-2.29871572807739,-1.62477569639077,-1.90526018654261,"Low"
"30043",2.812235878,0.72909604519774,10,4.747696967,343.465035,-1070.68672447961,0.722006328001726,36.0592311452591,19.7647597588374,2,46.14837349,"Middle Rockies","Douglas-fir group",-0.117161361837166,-0.432599791785746,-0.497167310257337,0.237925940311495,0.967375143990289,-0.22887003089825,-2.1919690545055,-1.81382647001077,-1.50720640038046,"Low"
"30045",0.406404459,0.595383890720678,7,5.324727135,483.5853659,-636.772414843067,0.643461008756885,43.7015490294867,20.6903668582408,1,47.04425715,"Northwestern Great Plains","Douglas-fir group",-0.930355556916432,-0.130604054515826,-0.36884995779651,1.20303290719825,0.33794273853005,-0.236155321989169,-1.75707065551888,-1.67980496032443,-1.70623329346153,"Low"
"30047",7.870646859,0.654635527246992,15,5.947983343,540.06,-1065.42588645982,0.678334426668312,38.4538642335588,22.8899750625313,7,47.64443743,"Northern Rockies","Douglas-fir group",-0.570006214999195,-0.337972874148035,-0.0639172261789639,0.249627032697258,0.617405086301352,-0.213552250872996,-1.58178754138626,-1.53504695190512,-1.175494911912,"Low"
"30049",7.671400727,0.718642196771078,11,4.88004758,416.7177814,-818.528001372454,0.676276769809007,43.9099330959523,21.2282981541008,5,47.1246842,"Middle Rockies","Douglas-fir group",-0.180738296110994,-0.12236949783539,-0.294276286381211,0.798774326795519,0.600915804457237,-0.21415560406678,-1.96461088366684,-1.78308660588261,-1.44086410268676,"Low"
"30051",0.662859366,0.920454545454545,3,6.009385227,306.8168498,-547.05997721295,0.651035411989663,32.249996778949,6.89320554239929,1,48.55985403,"Northwestern Glaciated Plains","Douglas-fir group",1.04661931462036,-0.58312644591275,-2.28155699371364,1.40257022747179,0.398641133960487,-0.235378730315108,-2.30571583890769,-1.52078569894535,-1.9716024842363,"Low"
"30053",2.120988987,0.724609375,18,4.618753091,690.4992571,-1314.18233405738,0.653768715264461,51.5047869908324,26.5765989664387,5,48.54177177,"Northern Rockies","Douglas-fir group",-0.144447842817945,0.177750640607852,0.447161199184354,-0.303654053689359,0.420544789985432,-0.230963251053601,-1.11486178095383,-1.84377508255251,-0.976468018830924,"Low"
"30057",0.917867353,0.751455531017868,10,3.675099355,430.549273,-834.242283406307,0.719848852164653,45.6960308868665,22.517121189519,3,45.3002976,"Middle Rockies","Douglas-fir group",0.0188218189364593,-0.0517896125997169,-0.115606135944826,0.763822810485309,0.950085950707897,-0.234606520175556,-1.9216813993172,-2.0629488889381,-1.50720640038046,"Low"
"30059",0.289754011,0.675705589374654,9,4.314741765,433.9012048,-959.841320121834,0.682258761960137,44.8785979316275,20.680615218988,0,46.59814047,"Northwestern Great Plains","Douglas-fir group",-0.441864893223444,-0.0840914968874158,-0.370201832184551,0.48446694994696,0.648853221292899,-0.236508560567257,-1.91127784285991,-1.91438500753007,-1.57354869807415,"Low"
"30061",1.370773793,0.597728473322768,13,4.786315588,534.162037,-1503.28276802081,0.640651109516042,45.7116185247428,27.5809795216916,5,47.15044012,"Northern Rockies","Douglas-fir group",-0.916096561768534,-0.0511736476184034,0.586398953298662,-0.724248955047378,0.315425271477029,-0.233235037857097,-1.60009334076246,-1.80485687678073,-1.30817950729938,"Low"
"30063",17.72847828,0.647567775427802,17,4.517358391,463.8845316,-1138.23454785934,0.665077531278745,38.1865565014278,23.1455253025188,9,47.03646478,"Middle Rockies","Douglas-fir group",-0.612990001881578,-0.348535873079217,-0.0284901748555019,0.0876868873601896,0.511169353424909,-0.183700960853246,-1.81821710900453,-1.86732510042297,-1.04281031652462,"Low"
"30065",0.967239913,0.99025974025974,3,7.556815756,358.2771084,-444.189399638982,0.038977530917461,82.2204321283554,13.0517413510513,1,46.49675433,"Northwestern Great Plains","Douglas-fir group",1.47115199397151,1.39151772535207,-1.42779624521594,1.63137372369081,-4.50615864364658,-0.234457011166461,-2.14599608994029,-1.16137818936899,-1.9716024842363,"Low"
"30067",2.275022964,0.843214756258234,10,3.227785865,550.5245902,-866.149468751893,0.742445888497613,32.2632084835233,20.0788954524453,1,45.48783948,"Middle Rockies","Douglas-fir group",0.576871830188332,-0.58260436890366,-0.453618529631959,0.692855234199186,1.13117003149176,-0.230496808412826,-1.54930807538158,-2.16684229444348,-1.50720640038046,"Low"
"30071",0.302847529,0.994219653179191,4,6.049415694,316.9914621,-208.639019382165,0.796685098429159,0.939705450224338,5.94470064873605,1,48.25711208,"Northwestern Glaciated Plains","Douglas-fir group",1.4952349070897,-1.82039171767917,-2.41304867828418,2.15528203459463,1.56582249335337,-0.236468911035174,-2.27413639164862,-1.5114881891819,-1.90526018654261,"Low"
"30073",1.404836067,0.868458274398868,8,6.357911699,344.5438596,-591.383260093658,0.678315907844924,42.5548865529548,29.4028660231947,1,48.22838113,"Northwestern Glaciated Plains","Douglas-fir group",0.730394765299389,-0.175915854580395,0.838967945593211,1.30398691700366,0.617256683472724,-0.233131891153072,-2.18862065325414,-1.43983664890696,-1.63989099576784,"Low"
"30077",1.135876773,0.734573119188504,11,3.931296068,431.2451923,-1038.44531710434,0.695729886380205,44.6112921163305,19.4813032152652,4,46.85332193,"Middle Rockies","Douglas-fir group",-0.0838515644389575,-0.0946544200725083,-0.536463025720546,0.30963688919947,0.756805704387994,-0.233946348364381,-1.91952144017744,-2.00344442598784,-1.44086410268676,"Low"
"30081",7.01217636,0.783311652109273,12,3.643578628,396.3066038,-1157.11827426521,0.727025266046269,46.1872092333871,24.4069783934738,8,46.08383717,"Middle Rockies","Douglas-fir group",0.212560472319063,-0.0323800867025224,0.146385667161272,0.0456859311567539,1.0075950103885,-0.216151854248689,-2.02796206477421,-2.07026991936809,-1.37452180499307,"Low"
"30085",1.818676232,0.1875,2,6.932336421,328.7302326,-144.903596122183,0.734542013475586,-12.1878754739415,13.3111083413904,2,48.29628408,"Northwestern Glaciated Plains","Elm / ash / cottonwood group",-3.4109738185667,-2.33914447565407,-1.39184007597578,2.29704159324391,1.06783137407204,-0.231878708555435,-2.23770218924751,-1.30642028228886,-2.03794478192999,"Low"
"30089",1.651046409,0.66890205864005,17,5.625597844,642.4291498,-1186.94121673545,0.683795324489603,48.1418045554486,27.442302902831,6,47.67592191,"Northern Rockies","Douglas-fir group",-0.483241772693084,0.0448581889479231,0.567174147663656,-0.0206458972985014,0.661166650767251,-0.232386321868002,-1.2640593497121,-1.60992447767941,-1.04281031652462,"Low"
"30093",18.7651083,0.701739850869925,9,3.504514653,343.472,-1074.10286083077,0.737022389736725,52.789092238108,19.7498733051218,1,45.90015538,"Middle Rockies","Douglas-fir group",-0.283532912081357,0.228501566688941,-0.499231026416761,0.230327811097685,1.08770816891488,-0.180561858341889,-2.19194743689063,-2.10256903457221,-1.57354869807415,"Low"
"30095",2.054774948,0.758032128514056,11,6.400358226,438.8344156,-444.562908934974,0.672397826853623,33.5811727258243,16.6415396336622,2,45.67002317,"Northwestern Great Plains","Douglas-fir group",0.058818563646682,-0.530523365590447,-0.930140801788644,1.63054296882572,0.569831426437974,-0.231163759096106,-1.89596639258711,-1.42997798302611,-1.44086410268676,"Low"
"30097",0.764906459,0.735769501054111,10,5.783763984,461.7677419,-556.882247579928,0.729498619206612,48.0025949060827,27.5195692032762,1,45.81285512,"Northwestern Great Plains","Douglas-fir group",-0.076575555821681,0.0393571457654474,0.577885611646551,1.38072365235018,1.0274155247646,-0.235069713327627,-1.8247870938569,-1.57318867764744,-1.50720640038046,"Low"
"30099",1.04139444,0.712206952303961,10,6.322512188,362.5097561,-692.98580591248,0.607516910284094,32.3534088684903,14.3861927664317,2,47.83713428,"Northwestern Glaciated Plains","Douglas-fir group",-0.219875377291398,-0.579039988021734,-1.24280061076199,1.07800376169977,0.0499003627227294,-0.234232457895339,-2.13285901199891,-1.44805856895461,-1.50720640038046,"Low"
"30101",0.970263913,0.609756097560976,4,6.415105683,317.9804469,-317.724982641743,0.768850128267197,38.6170794063813,9.71309436346717,1,48.65527645,"Northwestern Glaciated Plains","Douglas-fir group",-0.842948430625502,-0.331523222720698,-1.89063446515207,1.91265435260009,1.34276359699388,-0.234447853949507,-2.27106683062647,-1.42655272632242,-1.90526018654261,"Low"
"30107",0.580314621,0.584045584045584,5,6.085559161,383.6793893,-348.9044403938,0.682324518818023,43.4450331205264,18.0991637159388,0,46.46657469,"Northwestern Great Plains","Douglas-fir group",-0.999311480977895,-0.140740601074273,-0.728069681935056,1.84330537923836,0.649380171818183,-0.235628690678333,-2.06715377474548,-1.50309347729113,-1.83891788884891,"Low"
"30111",23.51535141,0.957393483709273,3,7.919565995,379.9314159,-197.692556265734,0.961608479644732,41.0007422007111,24.0694741650394,2,45.93913621,"Northwestern Great Plains","Douglas-fir group",1.27127002254302,-0.237329809952281,0.0995972954375128,2.17962902565211,2.88745593444441,-0.166177266164866,-2.07878654509818,-1.07712551530454,-1.9716024842363,"Low"
"31003",2.844561776,0.363636363636364,8,9.065988868,625.4477612,-605.697727647481,0.652243867648713,17.5055531698858,14.2608605744466,0,42.17683076,"Northwestern Glaciated Plains","Oak / pine group",-2.33976926718066,-1.16577155251627,-1.26017547215189,1.27214885115365,0.408325239387531,-0.228772142253665,-1.31676532512106,-0.81085637947938,-1.63989099576784,"Low"
"31019",19.77685265,0.85981308411215,10,9.858878274,628.0921053,-665.105920680132,0.577247848034499,38.061061152328,20.0066198554253,3,40.85493257,"Central Great Plains","Elm / ash / cottonwood group",0.677817506455498,-0.353494978556046,-0.46363813002516,1.14001386571381,-0.192664424663244,-0.177498114123931,-1.30855794359353,-0.626699222541229,-1.50720640038046,"Low"
"31021",5.107597523,0.887931034482759,11,9.625480762,744.4358974,-522.570909942099,0.789282174103024,35.6924759850428,22.4378102032094,1,41.85053916,"Western Corn Belt Plains","White / red / jack pine group",0.848821811249859,-0.447092580058223,-0.12660105570167,1.45703851512853,1.50649826485906,-0.221919262190729,-0.947455963664346,-0.680908323988547,-1.44086410268676,"Low"
"31025",18.02675836,0.697368421052632,17,10.43002381,809.0952381,-954.692894007244,0.634863722934824,138.600759913795,31.6577939961959,4,40.90920217,"Western Corn Belt Plains","Oak / hickory group",-0.310118538238693,3.61945680286984,1.1515696830603,0.495918017130834,0.269047349887722,-0.182797715018039,-0.746769570980696,-0.494044482407551,-1.04281031652462,"Low"
"31037",10.01818965,0.892857142857143,8,9.75046767,731.7164179,-947.907074103718,0.734392557741232,12.1746282679334,16.9924653684077,1,41.57480459,"Western Corn Belt Plains","Oak / hickory group",0.878780813481535,-1.37642970891386,-0.881491800260958,0.511010955804411,1.06663369248785,-0.20704910429378,-0.986934041077973,-0.65187876014573,-1.63989099576784,"Low"
"31039",6.010914615,0.847457627118644,9,9.330539725,718.4431818,-900.515885663596,0.485159078631798,58.0076306301417,28.4801698248098,0,41.91635196,"Western Corn Belt Plains","Oak / hickory group",0.602675602236207,0.434718629764287,0.711054132725165,0.616417864765112,-0.930628904256628,-0.21918385524964,-1.02813084023042,-0.749411576052821,-1.57354869807415,"Low"
"31041",1.617207718,0.938524590163934,11,9.303887838,579.1082353,-395.555398013744,0.706920172987427,12.2557042394211,13.8554761245885,1,41.39379457,"Central Great Plains","White / red / jack pine group",1.1565154981047,-1.37322589062794,-1.31637411125925,1.73954488272775,0.846480418103489,-0.23248879152241,-1.46059160282298,-0.7556017656301,-1.44086410268676,"Low"
"31043",29.40075992,0.857142857142857,8,9.07831254,683.375,-980.736669238128,0.67423755003976,23.9005992603074,17.2422848658922,1,42.39040801,"Western Corn Belt Plains","Oak / hickory group",0.661578047301876,-0.913063318154836,-0.846859204496549,0.437991766806403,0.584574270461837,-0.148355188588814,-1.13697368995988,-0.807994073108044,-1.63989099576784,"Low"
"31047",9.009037188,0.588785046728972,9,9.642208842,565.5316456,-233.923408285557,0.222968637683198,112.930364777623,24.4799662442544,1,40.87060587,"Central Great Plains","Elm / ash / cottonwood group",-0.970487597636855,2.60505907398736,0.156504007632093,2.0990448021683,-3.03172368013403,-0.21010499980779,-1.50272993554247,-0.677023046129463,-1.57354869807415,"Low"
"31055",669.2038512,0.895522388059702,10,10.27371017,775.5869565,-691.427166687733,0.860696395269931,-4.6659259696259,-5.89107107225972,5,41.29540049,"Western Corn Belt Plains","Unknown",0.894989975136735,-2.04190524526939,-4.05384734172119,1.08147046823896,2.07878475430647,1.78908387053785,-0.850770881333245,-0.530350019239322,-1.50720640038046,"Low"
"31061",1.991476401,0.876404494382023,9,10.57678218,639.125,-744.307890637066,0.651033574953873,45.3261257703818,27.1194473993898,0,40.17639326,"Central Great Plains","Elm / ash / cottonwood group",0.778721112207762,-0.0664068753287723,0.522416535653458,0.963853800698624,0.398626412652237,-0.231355438503435,-1.27431460281351,-0.45995826058196,-1.57354869807415,"Moderate"
"31063",1.044256773,0.943661971830986,5,9.980509093,532.2727273,-435.357226165792,0.590229389244055,1.90705053184431,2.10756783749055,0,40.5301683,"Central Great Plains","White / red / jack pine group",1.18775939635682,-1.7821658684612,-2.94499222506224,1.65101813725916,-0.0886352757760722,-0.234223790235195,-1.60595728469153,-0.598449146737973,-1.83891788884891,"Low"
"31065",2.529875421,0.956521739130435,8,10.67980358,581.1696429,-461.741784956959,0.975480583050868,-46.8170532705487,-7.06343022381557,0,40.17647994,"Central Great Plains","Elm / ash / cottonwood group",1.2659683531931,-3.70755969184401,-4.216372048541,1.59233392025577,2.99862171108986,-0.229725069246142,-1.45419351013265,-0.436030424008258,-1.63989099576784,"Moderate"
"31083",2.357912702,0.85,10,10.56686741,599.8636364,-974.563443348918,0.60463146681123,-1.66701407657268,16.3786449932203,0,40.1766095,"Central Great Plains","Elm / ash / cottonwood group",0.618137494065945,-1.92339949585281,-0.966586010840508,0.451722181271952,0.026777512839302,-0.230245803348627,-1.39617203821921,-0.462261073358974,-1.50720640038046,"Moderate"
"31089",1.620177987,0.955089820359281,12,9.164199673,595.0792079,-555.352077961752,0.585118091626272,0.572888540048204,12.1202649884265,0,42.45491288,"Nebraska Sand Hills","Oak / pine group",1.257259885088,-1.83488694607844,-1.5569272564289,1.38412703713428,-0.129595276773148,-0.232479797012607,-1.41102170551125,-0.788045855725948,-1.37452180499307,"Low"
"31095",4.80919538,0.984732824427481,9,11.18678221,766.6590909,-643.356234556377,0.755353396893584,-46.3983767852953,3.88502735496528,1,40.17588068,"Central Great Plains","Oak / hickory group",1.43753907456966,-3.69101516755739,-2.6985821666955,1.18838925490809,1.23460590948277,-0.222822877654697,-0.878480739216601,-0.318279143157875,-1.57354869807415,"Moderate"
"31097",5.254458848,0.558441558441558,10,10.97473014,807.6984127,-914.590844432053,0.657133216641785,23.7182024078686,13.0242996753514,0,40.39266119,"Western Corn Belt Plains","Elm / ash / cottonwood group",-1.15502690620071,-0.920270957612186,-1.43160049777102,0.585112511462844,0.447506628265088,-0.221474539632792,-0.751104967037941,-0.367530534384119,-1.50720640038046,"Moderate"
"31107",2.925958206,0.926680244399185,14,9.232443513,501.0282486,-441.725001060377,0.676119542214777,28.2075312322524,15.084375079672,3,42.6376855,"Western Corn Belt Plains","Oak / hickory group",1.08448200752133,-0.742869521463483,-1.14601126458291,1.63685500924553,0.599655842134945,-0.228525659195198,-1.7029323180541,-0.772195484340179,-1.24183720960569,"Low"
"31109",145.6598613,0.938271604938272,11,10.63955935,764.3333333,-727.713531962125,0.48835078078349,-7.8747885774049,6.10901317267183,8,40.78403357,"Western Corn Belt Plains","Elm / ash / cottonwood group",1.15497692356184,-2.16870745942932,-2.39026995493473,1.0007627728448,-0.905051813448839,0.203698321409004,-0.885699308072199,-0.445377582544974,-1.44086410268676,"Moderate"
"31111",5.276541199,0.975609756097561,10,9.442266576,501.4387755,-334.993057107675,0.566301135757443,38.2317949874193,12.8250675142156,3,41.04654583,"Nebraska Sand Hills","White / red / jack pine group",1.38205551560513,-0.346748217797542,-1.45922014703524,1.87424690992841,-0.28038722605578,-0.22140767029451,-1.70165814541688,-0.723461804145019,-1.50720640038046,"Low"
"31119",23.61497099,0.839285714285714,9,9.210515141,675.7159091,-886.070233117425,0.765669146459092,94.7353073697031,30.7567559316959,0,41.91683636,"Western Corn Belt Plains","Elm / ash / cottonwood group",0.552976664212046,1.8860586529353,1.02665834759454,0.648547710690712,1.31727241495464,-0.16587560012421,-1.1607455890748,-0.777288586370857,-1.57354869807415,"Low"
"31125",3.082012394,0.888,15,9.706472554,676.6329114,-513.145250452583,0.783150875421226,25.0760544852699,22.2185940776874,1,41.39759731,"Central Great Plains","Oak / pine group",0.8492412372811,-0.866613736670801,-0.156991091454241,1.47800295312656,1.45736436210097,-0.228053098991454,-1.15789944369692,-0.662097102603599,-1.175494911912,"Low"
"31127",6.613587286,0.648148148148148,19,11.11065066,830.5205479,-847.687845350948,0.701070400579992,32.7017888666157,20.6727433697745,1,40.38525097,"Western Corn Belt Plains","Elm / ash / cottonwood group",-0.609460362193896,-0.565273317231828,-0.37129311038531,0.733917353997023,0.799602560158458,-0.217358853794383,-0.680270777622419,-0.335961520668787,-0.910125721137233,"Moderate"
"31129",2.822148545,0.882352941176471,7,10.87443371,703.7613636,-949.017788200878,0.567613359571372,20.7602645469954,14.8776466503755,1,40.17638505,"Central Great Plains","Oak / hickory group",0.814897646958108,-1.03715756696621,-1.17467012506789,0.508540518924174,-0.269871561982547,-0.228840013556215,-1.07369952529119,-0.390825467145329,-1.70623329346153,"Moderate"
"31131",10.01215575,0.878571428571429,15,10.70504433,815.2553191,-731.152248044628,0.696535713417031,3.77704346440004,14.7895914299386,1,40.64870938,"Western Corn Belt Plains","Oak / hickory group",0.791899707009673,-1.70827076190953,-1.18687726216105,0.993114422065246,0.763263296706044,-0.207067376030347,-0.727650223007989,-0.430167986291456,-1.175494911912,"Moderate"
"31133",2.364578246,0.545454545454545,11,11.21993679,807.5,-1195.45077921861,0.54295215911075,-17.0551779761511,13.9053495294139,0,40.13146156,"Western Corn Belt Plains","Unknown",-1.23400973026604,-2.53148201381172,-1.30946013742572,-0.039572763399172,-0.467497071391703,-0.230225618880199,-0.751720790345054,-0.310578632662874,-1.44086410268676,"Moderate"
"31139",4.803640518,0.886075949367089,9,9.054180126,601.1111111,-616.972503479321,0.485512086762348,-13.5764795872437,6.66466458832675,0,42.26438024,"Western Corn Belt Plains","Oak / hickory group",0.837539781928437,-2.39401690170667,-2.31323973488358,1.24707163091976,-0.927800030952714,-0.222839698777873,-1.3923001893139,-0.813599087778015,-1.57354869807415,"Low"
"31145",5.775331358,0.944444444444444,5,10.52591341,545.0865385,-549.088205833715,0.419418991768525,-20.9843732185927,13.933190924425,1,40.17567145,"Central Great Plains","Elm / ash / cottonwood group",1.1925181424077,-2.68674907180306,-1.3056004715924,1.39805906586945,-1.45744503292406,-0.219897243806227,-1.56618642531657,-0.471773083669836,-1.83891788884891,"Moderate"
"31147",5.536426404,0.815126050420168,15,11.43639354,848.253012,-407.490600623696,0.709984279493415,41.0802638781219,20.7645109690699,0,40.12490693,"Western Corn Belt Plains","Oak / hickory group",0.406045381208162,-0.23418741153829,-0.358571324445183,1.71299874923029,0.871035005788573,-0.220620691059932,-0.625233652048676,-0.260304206773935,-1.175494911912,"Moderate"
"31151",9.564758004,0.683333333333333,11,10.76128286,732.6666667,-593.908992277593,0.606315863176087,24.1156391897666,14.8248590217302,1,40.52425994,"Central Great Plains","Elm / ash / cottonwood group",-0.395475414772457,-0.904565746734321,-1.18198809913574,1.29836921398472,0.0402756266145545,-0.208422177030654,-0.983984706894243,-0.417105978252493,-1.44086410268676,"Moderate"
"31155",11.00986032,0.925531914893617,11,10.1650591,787.4596774,-947.907156404986,0.75418258187398,63.9064969299743,21.2886549846733,2,41.22785742,"Western Corn Belt Plains","Elm / ash / cottonwood group",1.07749823785867,0.667819699918827,-0.285908990249858,0.511010772750924,1.2252234418676,-0.204046146796334,-0.813920930452741,-0.555585407678208,-1.44086410268676,"Low"
"31159",11.63314197,0.837837837837838,9,10.40518746,723.9318182,-429.381895850014,0.298202902952722,119.795330421726,30.7320670431585,3,40.87249024,"Central Great Plains","Oak / pine group",0.544171146664225,2.87633676649244,1.02323571523318,1.66430839478037,-2.42882480574005,-0.202158737638727,-1.01109548806098,-0.499812993841945,-1.57354869807415,"Low"
"31167",5.368845312,0.91304347826087,10,9.320898175,690.6944444,-560.280296819567,0.703746647856158,-33.6387282935352,15.4844162045063,0,41.91692828,"Western Corn Belt Plains","Elm / ash / cottonwood group",1.00154759436569,-3.18680171923607,-1.09055337316518,1.37316575227137,0.821048991044971,-0.221128156806248,-1.11425596848017,-0.751650930524,-1.50720640038046,"Low"
"31169",3.364390574,0.983606557377049,8,11.03973104,746.5909091,-851.037442661217,0.882878541316219,-27.0705015389287,-4.51340185467595,1,40.1762988,"Central Great Plains","Oak / hickory group",1.43068948164296,-2.92725003460814,-3.86286040279098,0.726467220114336,2.25654406165186,-0.227198006975123,-0.94076734730077,-0.352433370956486,-1.63989099576784,"Moderate"
"31173",7.080793517,0.875739644970414,13,9.14739911,709,-1052.30878684326,0.757991053368729,-3.55028058085355,12.1322236767683,1,42.15732076,"Western Corn Belt Plains","Oak / hickory group",0.774677712531519,-1.99781912417131,-1.55526941777586,0.278801927242436,1.25574308832284,-0.215944069131815,-1.0574401104825,-0.791947968547267,-1.30817950729938,"Low"
"31177",20.34287467,0.605263157894737,14,9.90284599,767.4545455,-1111.47330059678,0.646767628767099,16.6951521802201,12.5036507166345,2,41.52820253,"Western Corn Belt Plains","Elm / ash / cottonwood group",-0.870273040491494,-1.19779555990066,-1.50377831056772,0.147208930312194,0.364440737481257,-0.175784097444706,-0.876011847444903,-0.616487244030289,-1.24183720960569,"Low"
"31181",2.348527779,0.801980198019802,7,10.68650833,676.85,-677.312640456825,0.617117374820379,54.030366638678,11.4609726544611,0,40.17643316,"Central Great Plains","Elm / ash / cottonwood group",0.326096547063991,0.277552075112316,-1.64832526628286,1.11286382701334,0.126834845193579,-0.230274222586725,-1.15722565507559,-0.434473173162632,-1.70623329346153,"Moderate"
"32001",1.919217852,0.991228070175439,3,10.48045897,167.6192308,-142.853623526571,0.741957965624729,-0.956312736418639,-1.2249895255345,5,39.58057912,"Central Basin and Range","White / red / jack pine group",1.47704106418691,-1.89531524465442,-3.40698623744918,2.30160111753249,1.12726000260002,-0.231574250411499,-2.73775037134862,-0.482330369941126,-1.9716024842363,"Low"
"32003",109.0481569,0.806759098786828,9,17.1113414,177.6336717,-128.886301314931,0.637121266910965,9.46348821190227,11.6640514613552,4,36.2128815,"Mojave Basin and Range","White / red / jack pine group",0.355160280109082,-1.48356379473263,-1.62017235468748,2.33266706690507,0.287138451292572,0.0928314827010981,-2.70666805598309,1.05776393206287,-1.57354869807415,"High"
"32005",26.34897242,0.883495145631068,10,8.493533354,350.4869565,-272.271338637711,0.557853338381107,1.28640994464408,19.0122797614332,4,38.91561461,"Central Basin and Range","White / red / jack pine group",0.821844166036381,-1.80669125651107,-0.601483970219078,2.01375179862677,-0.34808467097739,-0.15759655110056,-2.17017476956095,-0.943815376199545,-1.50720640038046,"Low"
"32007",1.181163632,0.915794718485301,9,6.924927491,317.8463779,-110.893829948035,0.7017747376614,23.9263223278387,10.6483472515843,6,41.14407955,"Central Basin and Range","White / red / jack pine group",1.01827975000648,-0.912046839010467,-1.76097991241378,2.37268570441497,0.805246850456948,-0.233809211594198,-2.27148294721054,-1.30814108657055,-1.57354869807415,"Low"
"32011",0.170041885,0.854867256637168,4,8.121733347,300.98125,-110.836665333705,0.608093106753276,23.3771209036738,14.7254043274422,2,39.9777405,"Central Basin and Range","White / red / jack pine group",0.647738579014322,-0.933749219297823,-1.1957755507111,2.37281284925975,0.0545177827434483,-0.236871070458072,-2.32382807853663,-1.03016995695265,-1.90526018654261,"Low"
"32013",0.674181546,0.757377049180328,4,8.912628018,254.8051118,-210.360944958304,0.721590742571733,22.1909256763797,19.9827972212706,3,41.40712829,"Central Basin and Range","Aspen / birch group",0.0548345824328023,-0.980623205389406,-0.466940673129404,2.15145214852476,0.964044799936821,-0.235344444713701,-2.46714724175568,-0.846476098834816,-1.90526018654261,"Low"
"32015",0.389302862,0.958925750394945,5,8.792357849,283.5011494,-130.28983879254,0.728854570832806,34.8415298947552,13.6641778320082,1,39.9301909,"Central Basin and Range","White / red / jack pine group",1.2805887742973,-0.480718777738867,-1.34289388455183,2.32954533579862,1.02225436530844,-0.236207108706759,-2.37808193103781,-0.874410148930461,-1.83891788884891,"Low"
"32017",0.187978782,0.958878504672897,7,11.61215932,254.0128755,-94.0140409025706,0.609068841716618,18.9797406222852,16.5398257910821,1,37.64042409,"Central Basin and Range","White / red / jack pine group",1.28030144105477,-1.10751719391648,-0.944241440166319,2.41022952734397,0.0623369527585777,-0.236816754301553,-2.46960614473054,-0.21948069962795,-1.70623329346153,"Moderate"
"32019",10.73007812,0.95800933125972,5,10.28105808,180.0064516,-129.25759191806,0.565918767714573,33.7296787627397,13.6906880672958,4,39.02200044,"Central Basin and Range","White / red / jack pine group",1.27501540870508,-0.524654964041768,-1.33921875802416,2.33184124682986,-0.283451378564277,-0.204893377717404,-2.69930354169006,-0.528643387513891,-1.83891788884891,"Low"
"32021",0.461826139,0.950292397660819,3,9.662589506,172.614094,-127.752351878591,0.65201493578141,27.4281581594798,12.3903363099637,2,38.53742819,"Central Basin and Range","White / red / jack pine group",1.22808350763011,-0.773667421954647,-1.51948714066317,2.33518918354609,0.406490666209799,-0.235987495154604,-2.72224756747366,-0.672289416054008,-1.9716024842363,"Low"
"32023",0.966512895,0.867914625612316,10,10.0783115,200.0975089,-113.703037671258,0.588965441185663,32.5583372083747,12.9750880014411,1,38.03654731,"Central Basin and Range","White / red / jack pine group",0.727088468731848,-0.570941988693727,-1.43842273553303,2.36643749852522,-0.0987640762497268,-0.234459212707981,-2.6369459337855,-0.575733477845774,-1.50720640038046,"Low"
"32031",28.37637342,0.907504363001745,14,8.890624601,300.1871401,-231.191158447407,0.677000676384025,77.7655599261609,18.9048502910954,8,40.65750875,"Northern Basin and Range","White / red / jack pine group",0.967860481984533,1.21547788566919,-0.616376968791475,2.10512183925953,0.606716917257119,-0.15145721551521,-2.32629279669645,-0.851586630879993,-1.24183720960569,"Low"
"32033",0.415791266,0.822173293614817,12,7.235400171,309.1680912,-127.151359263739,0.674802331135565,21.40047899781,35.3946085478093,3,39.4409272,"Central Basin and Range","White / red / jack pine group",0.44890444125108,-1.01185869324576,1.66960606178858,2.33652590406154,0.589100212008816,-0.236126897045979,-2.29841817472203,-1.23603044210601,-1.37452180499307,"Low"
"33001",58.77709279,0.993753003363767,27,6.862604195,1084.55,-1134.81806484451,0.624787473143656,2.29347698648346,12.4539894354082,12,43.51682432,"Northeastern Highlands","Maple / beech / birch group",1.49239689342877,-1.76689574441805,-1.51066287760581,0.0952857876191475,0.188300104793424,-0.0593983587579673,0.108172992843573,-1.32261634745249,-0.3793873395877,"Low"
"33003",20.07900978,0.996821490823336,35,6.224502003,1233.96988,-937.641628892774,0.595011103338132,67.0726842518889,30.3154229829612,11,43.87243906,"Northeastern Highlands","Maple / beech / birch group",1.51105844442654,0.792935546851817,0.965476150988798,0.533843235061518,-0.0503164321658503,-0.176583127882642,0.571934862169655,-1.47082249653896,0.151351041961832,"Low"
"33005",41.54357548,0.970806794055202,35,6.952213714,1134.040323,-1309.28935167437,0.652919320732231,19.7034435826707,19.7087310130299,12,42.92378143,"Northeastern Highlands","Maple / beech / birch group",1.35284544964435,-1.07891916745423,-0.504934601939038,-0.292771141368139,0.413738064279222,-0.111584554819839,0.261778555289692,-1.30180356558309,0.151351041961832,"Low"
"33007",6.774208475,0.990864740769084,38,4.122170476,1129.76873,-660.020830977722,0.596482661500991,66.4854275181589,17.042467880764,9,44.68845771,"Northeastern Highlands","Maple / beech / birch group",1.47483141192826,0.769729363471833,-0.874559928189011,1.15132406081466,-0.0385239230370029,-0.216872463888593,0.248520600895135,-1.95911177625947,0.350377935042906,"Low"
"33009",20.41263254,0.99340812315755,44,5.507867462,1111.037543,-745.570269105271,0.547148065338074,39.0692543012873,18.8484016438154,17,43.93499865,"Northeastern Highlands","Maple / beech / birch group",1.49029944325462,-0.313654966933549,-0.624202471614037,0.961046033756038,-0.433872669897866,-0.1755728580433,0.190383689676786,-1.63726863472111,0.748431721205055,"Low"
"33011",182.9383441,0.982721382289417,40,7.638610712,1115.164384,-1457.64295318892,0.373226900961564,80.9339066695692,33.9622466441953,18,42.91519,"Northeastern Highlands","Maple / beech / birch group",1.42530613227052,1.34067906483985,1.47103704977909,-0.622737430113864,-1.82761093344363,0.316584285272053,0.203192370131967,-1.14238042444131,0.483062530430289,"Low"
"33013",62.45432571,0.98522076482542,31,7.119991577,1054.018987,-1377.86113536927,0.453032779746256,57.4353221176451,21.7771638615061,15,43.29606213,"Northeastern Highlands","Maple / beech / birch group",1.44050657068623,0.412103144018272,-0.218186772292368,-0.445287674485548,-1.18807688181246,-0.0482630348031218,0.0134123782499939,-1.26283533872392,-0.114018148812934,"Low"
"33015",171.1280219,0.958767013610889,36,8.328226132,1079.155738,-1482.71794256424,0.536758720422765,49.8048309972463,23.8456536402053,20,42.98568355,"Northeastern Coastal Zone","Oak / pine group",1.27962338837674,0.110574756093943,0.0685689496181947,-0.678508918638876,-0.517128940597009,0.280820501315691,0.0914305551655706,-0.982209769912587,0.217693339655523,"Low"
"33017",136.7605973,0.976284584980237,30,7.695352185,1120.064516,-1180.770668091,0.476911757575004,38.9814689015878,24.1021206023098,17,43.29167573,"Northeastern Coastal Zone","Maple / beech / birch group",1.38615960720555,-0.317123916656053,0.104123086564781,-0.00692143752841311,-0.996719807970432,0.176749746283202,0.21840115209769,-1.12920160244029,-0.180360446506626,"Low"
"33019",30.99078967,0.969598965071151,29,6.491451857,1095.888889,-1190.88081820967,0.543399929543447,36.2581134059251,23.3080753204959,10,43.36029383,"Northeastern Highlands","Maple / beech / birch group",1.34549982334493,-0.424740710830256,-0.00595578854545155,-0.029408311316863,-0.463908808930539,-0.14354029196701,0.143366063261787,-1.40882050006167,-0.246702744200317,"Low"
"34001",183.9412808,0.913945895522388,30,12.31105472,1075.326733,-1152.00496174428,0.508662633238246,45.6075426595008,21.8025741479435,6,39.47479533,"Atlantic Coastal Pine Barrens","White / red / jack pine group",1.00703580507829,-0.0552863354353589,-0.214664132196997,0.0570588991096943,-0.742280329764402,0.319621358338587,0.0795462830295013,-0.0571546691788165,-0.180360446506626,"Moderate"
"34003",1544.6111,0.841628959276018,18,11.30593418,1235.447368,-1563.99549857947,0.548091093792304,40.0544645699736,17.9302581970121,17,40.95854102,"Northern Piedmont","Oak / hickory group",0.567227524436504,-0.274723152533121,-0.751485134364781,-0.859285477096999,-0.426315597445042,4.43997477679244,0.576520614726724,-0.290604806897694,-0.976468018830924,"Moderate"
"34005",215.587968,0.904317010309278,49,11.9086769,1154.046154,-954.221022881072,0.563046778721432,34.3731721572579,22.2847332826862,12,39.87632437,"Atlantic Coastal Pine Barrens","White / red / jack pine group",0.948476030979901,-0.499226518765118,-0.14782218200575,0.496967547190635,-0.3064664093489,0.415453230220574,0.32387164211309,-0.150611278367224,1.08014320967351,"Moderate"
"34007",883.8434283,0.859623733719247,33,12.34626391,1148.111111,-1376.11079257015,0.57063986535952,52.5317270667836,24.6774973193348,13,39.8033806,"Atlantic Coastal Pine Barrens","Oak / hickory group",0.676665938440258,0.218331460467356,0.183887834527322,-0.441394583171538,-0.245618292192719,2.43905119013302,0.305450755707541,-0.0489769532458896,0.0186664465744486,"Moderate"
"34009",142.3021212,0.732899022801303,32,12.70798857,1048.963636,-1114.09793270801,0.527943684853234,32.8280057190359,19.9198204755801,8,39.14998397,"Atlantic Coastal Pine Barrens","Oak / hickory group",-0.0940328786911972,-0.560285700650059,-0.475671169339742,0.141371255269432,-0.587769293148786,0.193530479288828,-0.00227816460052545,0.0350375189818037,-0.0476758511192429,"Moderate"
"34011",119.8859413,0.795003673769287,36,12.53858641,1093.162791,-1199.83382900591,0.503297881927975,43.3946934220892,21.1909896143564,9,39.37198569,"Atlantic Coastal Pine Barrens","White / red / jack pine group",0.283667576829114,-0.142729837137701,-0.299448386992006,-0.0493214897997326,-0.78527141254801,0.125650246938304,0.134904938112669,-0.00430796845781722,0.217693339655523,"Moderate"
"34013",2445.81173,0.861111111111111,15,11.34119965,1266.47619,-1948.83681232873,0.642173687126558,57.1877167734289,21.3631839419652,14,40.78668115,"Northern Piedmont","Elm / ash / cottonwood group",0.685711687988505,0.402318709555939,-0.27557700545034,-1.71524487921113,0.327626631113745,7.16897268953843,0.672826303726783,-0.282414019324871,-1.175494911912,"Moderate"
"34015",349.8238435,0.762278978388998,38,12.31113209,1124.943396,-1451.08037322058,0.556841152485074,66.012580451647,26.3822174290705,12,39.71554986,"Atlantic Coastal Pine Barrens","White / red / jack pine group",0.0846465347775221,0.751044221001917,0.420213994200264,-0.608141019007944,-0.356195944945568,0.821943651843038,0.23354397318025,-0.0571366991578723,0.350377935042906,"Moderate"
"34019",112.8639546,0.763196480938416,42,10.45374881,1231.464789,-1703.63475223222,0.698172687044063,26.9659421504717,20.9282818410921,14,40.56142626,"Northern Piedmont","Oak / hickory group",0.0902264893454149,-0.79193246490797,-0.335867690558154,-1.16986941857618,0.776381382642214,0.104386405780503,0.564159687373691,-0.48853409405415,0.615747125817672,"Low"
"34021",633.2124789,0.723684210526316,40,11.58940192,1202.323529,-1111.70684847146,0.658307528848891,30.399145813395,16.0992638433591,15,40.27984763,"Northern Piedmont","Unknown",-0.150074394737893,-0.656265133727973,-1.00531675253508,0.146689475950009,0.456917121014833,1.68009550921861,0.473712517879797,-0.224766352395651,0.483062530430289,"Moderate"
"34023",1030.13392,0.790505675954592,35,11.63295424,1225.352941,-2042.78909349186,0.57038618873859,33.0104971899364,17.3591407020985,17,40.43909715,"Atlantic Coastal Pine Barrens","Oak / gum / cypress group",0.256312204935703,-0.553074322226006,-0.830659424340094,-1.92421240826403,-0.247651160443254,2.882045161968,0.54519004254787,-0.214650854107279,0.151351041961832,"Moderate"
"34025",511.9812888,0.730538922155689,43,11.62753645,1189.744186,-1536.24018722268,0.583231945567153,50.8695617816994,22.6928391590531,11,40.26384341,"Atlantic Coastal Pine Barrens","White / red / jack pine group",-0.10838624957451,0.152648923004548,-0.0912462702470141,-0.797552448792433,-0.144710136098373,1.31298561855796,0.434669389049992,-0.21590919454636,0.682089423511364,"Moderate"
"34027",412.6895819,0.883674818241904,45,9.899273376,1291.76,-2073.92556139568,0.601815955575841,45.8498504183679,25.2378822200783,18,40.8637338,"Northeastern Highlands","Oak / hickory group",0.822936876902629,-0.0457112416753474,0.261574259867812,-1.99346576412452,0.00421507338995638,1.01231243673485,0.751300914931701,-0.617317022347541,0.814774018898747,"Low"
"34029",369.9597724,0.916560994166878,37,11.87225596,1135.878049,-803.750854424749,0.619857047393533,46.7829568157926,20.665493586676,7,39.88623451,"Atlantic Coastal Pine Barrens","White / red / jack pine group",1.02293999154193,-0.00883837683114535,-0.372298151264658,0.831641478565381,0.148789542360426,0.882918873242186,0.267482396338615,-0.15907043636916,0.284035637349215,"Moderate"
"34031",1043.569753,0.903970452446907,36,10.1361212,1287.151515,-1618.21784019347,0.559333627002529,43.416271126115,23.6015056617518,13,41.035081,"Northeastern Highlands","Oak / hickory group",0.946368377842149,-0.141877167210255,0.0347225992347451,-0.979886154443682,-0.336222199264051,2.92273128555959,0.736997332179786,-0.562306548547835,0.217693339655523,"Low"
"34033",73.01058766,0.695414847161572,31,12.39412094,1133.333333,-1848.18099940072,0.480490001607016,35.818925166773,22.943739156071,6,39.58521829,"Atlantic Coastal Pine Barrens","Oak / hickory group",-0.321999544524781,-0.442095782693564,-0.0564638843183436,-1.4913674357688,-0.968045117103464,-0.016296771277596,0.259584235470972,-0.0378616394106786,-0.114018148812934,"Moderate"
"34035",422.280217,0.739292364990689,37,10.93116667,1248.255319,-1292.55809221233,0.647137320308608,59.5137619202007,25.4534094443929,19,40.56403153,"Northern Piedmont","Oak / hickory group",-0.0551506336485008,0.49423528901048,0.291452901491354,-0.255557676144716,0.367403305314548,1.04135460814324,0.616273285509198,-0.37764862238082,0.284035637349215,"Moderate"
"34037",104.9604323,0.858861502347418,53,9.138452945,1204.105882,-1654.9077314628,0.604070558860252,52.3671614805338,24.5166239227613,15,41.13881545,"Ridge and Valley","Oak / hickory group",0.672030293092213,0.211828445766629,0.161585879039948,-1.06149136748219,0.0222826092063387,0.0804531159646252,0.479244495010811,-0.794025812316439,1.34551240044828,"Low"
"34039",2085.965432,0.730769230769231,10,11.61013757,1253.444444,-1782.40512459183,0.520091286233073,13.3764637283707,18.9105658141428,14,40.65968148,"Northern Piedmont","Oak / hickory group",-0.106985586872294,-1.3289376794733,-0.615584623112791,-1.34506952942803,-0.650695438202875,6.0792932513967,0.632379029337708,-0.219950272974778,-1.50720640038046,"Moderate"
"34041",114.4963041,0.758095238095238,47,9.699956269,1205.508197,-1746.02903990274,0.668122919634405,25.7452656496084,18.4304188057556,10,40.85611025,"Northeastern Highlands","Oak / hickory group",0.0592023757636271,-0.840169021595449,-0.682147631270295,-1.26416228119528,0.535573940950849,0.109329454231736,0.483596929411,-0.663610580410615,0.94745861428613,"Low"
"35001",225.7728514,0.763684913217624,10,12.08545447,310.1180124,-150.295972925837,0.737002667910963,33.7659061134045,42.7528406603761,8,35.05105869,"Arizona/New Mexico Plateau","White / red / jack pine group",0.0931969769252067,-0.523223395028402,2.68968127954068,2.28504793388374,1.08755012568139,0.446294892570678,-2.29546985732662,-0.10955277202916,-1.50720640038046,"Moderate"
"35003",0.197785586,0.802212101496422,21,8.693869996,392.9309665,-311.383847102128,0.724042056743691,38.8104663121816,46.0150972485406,1,33.91460859,"Arizona/New Mexico Mountains","White / red / jack pine group",0.327506909209029,-0.323881297577013,3.14192946206972,1.92675822968214,0.983688702216787,-0.23678705753176,-2.03843919716392,-0.89728502008421,-0.777441125749849,"Low"
"35005",4.130861131,0.502857142857143,5,15.02795477,357.7837838,-93.8731055000619,0.634801159267801,43.9667589439691,25.5759899981107,2,33.36228938,"Chihuahuan Deserts","White / red / jack pine group",-1.49307339320032,-0.120123953469427,0.308446301959423,2.41054299416408,0.268545988383214,-0.224876996003089,-2.14752724589276,0.573874809972932,-1.83891788884891,"High"
"35006",2.276054619,0.644533485975959,12,9.348369173,324.9569892,-305.683946462477,0.764391196912252,30.0860610138128,45.00433208658,1,34.91324098,"Arizona/New Mexico Plateau","White / red / jack pine group",-0.631443571626819,-0.668637070659957,3.00180660689064,1.93943587984422,1.30703141186167,-0.230493684375572,-2.24941339134864,-0.745270493540417,-1.37452180499307,"Low"
"35007",1.243795244,0.793368572801538,15,7.931837351,432.9862543,-433.634991152433,0.678059611172256,30.8347321215605,19.2285127953457,1,36.60577699,"Southwestern Tablelands","Douglas-fir group",0.273723420140127,-0.639052396666799,-0.571507481875256,1.65484871157555,0.615202819121037,-0.233619551786237,-1.91411761996468,-1.07427535989115,-1.175494911912,"Low"
"35015",5.349604238,0.498765432098765,11,16.36786492,349.6598985,-146.955931662557,0.566627139635621,32.9458638880031,22.7811597063233,4,32.47112132,"Chihuahuan Deserts","White / red / jack pine group",-1.51795785826387,-0.555628387885826,-0.0790023507687515,2.29247681332212,-0.277774754590851,-0.221186422245748,-2.1727417503678,0.885083462666888,-1.44086410268676,"High"
"35017",2.669823742,0.75783378746594,24,12.643298,393.5656743,-240.465607155708,0.648046936026941,37.6337939875905,51.8238887000966,3,32.73582606,"Arizona/New Mexico Mountains","White / red / jack pine group",0.0576123173663445,-0.370378974273161,3.9472049839852,2.08449372245482,0.374692620771399,-0.229301280510108,-2.03646922318319,0.0200124330596589,-0.578414232668775,"Moderate"
"35027",1.5696266,0.492195629552549,17,12.94009914,365.853352,-241.444781483325,0.67368307137643,30.9154890779632,35.750826894811,3,33.74541441,"Southwestern Tablelands","White / red / jack pine group",-1.55791327828005,-0.635861184660446,1.71898878067081,2.08231585474133,0.580130888702215,-0.232632875722294,-2.1224813280866,0.0889477142032714,-1.04281031652462,"Moderate"
"35028",67.14155732,0.642857142857143,9,7.949980427,505.7647059,-423.069492041011,0.872956201000361,20.6910228143496,47.3465695668606,2,35.86615473,"Southern Rockies","Aspen / birch group",-0.641638549776065,-1.03989374052206,3.32651210288116,1.6783483670942,2.17703018873299,-0.0340692528033833,-1.68823154134734,-1.07006143387701,-1.57354869807415,"Low"
"35031",5.096687541,0.687644341801386,7,9.003272963,304.8712029,-163.764678296125,0.811814850491205,24.1191613616359,20.3236432227911,1,35.58112242,"Arizona/New Mexico Plateau","White / red / jack pine group",-0.369257251772476,-0.904426563713336,-0.419689029813184,2.25509100206764,1.6870665894496,-0.22195229958231,-2.31175463938988,-0.825422828056198,-1.70623329346153,"Low"
"35033",0.901991121,0.831489915419649,13,8.472012152,471.2919708,-519.248633813295,0.702313773093187,29.9693948840759,30.7731079452448,2,36.01178669,"Southwestern Tablelands","Douglas-fir group",0.505565130019939,-0.673247278505019,1.02892523501075,1.46442788156937,0.809566476014779,-0.234654596267103,-1.79522627371333,-0.948813908585298,-1.30817950729938,"Low"
"35035",3.900631875,0.687149095446039,17,14.32945147,357.6036132,-355.811604821202,0.704134362062018,31.4801277540763,46.6807712085648,4,32.61233841,"Arizona/New Mexico Mountains","White / red / jack pine group",-0.372269180365485,-0.613548782079574,3.23421215977966,1.82794254754032,0.824155985676501,-0.225574171679805,-2.14808645029216,0.411639848997913,-1.04281031652462,"Moderate"
"35037",1.110363471,0.115537848605578,4,13.91637949,417.4192771,-139.493378608005,0.716751577589087,23.6915441199141,11.4154215712387,1,35.10355232,"Southwestern Tablelands","White / red / jack pine group",-3.84862441217371,-0.921324393159769,-1.65464003461662,2.30907493369696,0.925265566689948,-0.234023607240582,-1.96243361677868,0.315699405258888,-1.90526018654261,"Moderate"
"35039",2.566735445,0.831369314164506,15,6.91839082,463.8264278,-375.522111901831,0.731144396479976,25.4795832387682,50.1484892618347,5,36.51087883,"Southern Rockies","White / red / jack pine group",0.504831672085728,-0.850667793925624,3.71494356294523,1.78410267574554,1.04060415978429,-0.229613450450936,-1.81839744864142,-1.30965929924698,-1.175494911912,"Low"
"35043",15.08467008,0.658442016214311,14,9.915091717,356.1371115,-509.768848537756,0.773748939266081,30.2641635692328,57.147153820452,4,35.6876225,"Southern Rockies","White / red / jack pine group",-0.546856376871443,-0.661599125713342,4.68517175966286,1.48551270548697,1.3820208107982,-0.191706888522761,-2.15263810412673,-0.613643041229879,-1.24183720960569,"Low"
"35045",8.790191699,0.898717083051992,9,10.56480726,262.5655836,-160.104417307377,0.696627930649431,28.5345731606165,31.5169359575861,1,36.50829832,"Arizona/New Mexico Plateau","White / red / jack pine group",0.914419079640655,-0.729946051153732,1.13204246616786,2.26323211035196,0.764002290639387,-0.210767703386565,-2.44306068172886,-0.462739565521935,-1.57354869807415,"Moderate"
"35047",2.25257599,0.620045443069932,17,10.9742835,412.4598025,-376.067353139421,0.700056954203367,29.6933433096056,45.3633736647255,0,35.48146523,"Southwestern Tablelands","White / red / jack pine group",-0.780371950037245,-0.684155801288235,3.05158071164922,1.78288995677005,0.791481185176766,-0.230564781895261,-1.9778265833061,-0.367634271364273,-1.04281031652462,"Moderate"
"35049",30.38060109,0.572317262830482,12,9.645226106,401.5384615,-561.440027422792,0.679768800625074,20.0911165289455,48.850079585156,6,35.50684225,"Arizona/New Mexico Plateau","White / red / jack pine group",-1.07063934767368,-1.0635997867371,3.53494441187096,1.37058629347034,0.628899615302118,-0.145388052949159,-2.01172368935188,-0.676322253867936,-1.37452180499307,"Low"
"35053",0.971473225,0.428940568475452,14,12.02785182,298.2823409,-238.038765395279,0.748356354421497,27.2588942147193,42.1512034051479,1,34.00697589,"Chihuahuan Deserts","White / red / jack pine group",-1.9426101570227,-0.780356098160679,2.60627602067605,2.08989147458815,1.17853426426373,-0.234444191934841,-2.33220481615251,-0.122931611720838,-1.24183720960569,"Moderate"
"35055",5.743042258,0.852048558421851,13,5.459969646,449.8955224,-588.76684185655,0.740382246336997,28.2505891504175,28.9670516592069,3,36.57937566,"Southern Rockies","Douglas-fir group",0.630596165631332,-0.741168034043232,0.778550793015882,1.3098063228468,1.11463278571246,-0.219995021019836,-1.86163548851743,-1.64839342154681,-1.30817950729938,"Low"
"35057",1.786344685,0.440900562851782,11,10.75358231,351.304878,-159.82430965027,0.746083849425636,31.718218053768,24.3758903973456,0,34.64005597,"Southwestern Tablelands","White / red / jack pine group",-1.8698733288858,-0.604140346486937,0.142075923470829,2.26385512241989,1.16032327091979,-0.23197661430621,-2.16763614616089,-0.418894514439417,-1.44086410268676,"Moderate"
"35059",0.414461355,0.729528535980149,5,11.14638491,401.8636364,-106.257010994059,0.718306069341694,30.0084340290589,15.7969947726613,2,36.48042736,"Southwestern Tablelands","White / red / jack pine group",-0.114531092397146,-0.671704597926936,-1.047220457582,2.38299886113115,0.937722674160115,-0.23613092425615,-2.01071442793712,-0.327661853860883,-1.83891788884891,"Moderate"
"35061",27.69527259,0.389830508474576,4,12.75525309,257.3703704,-307.157022915841,0.774617004409965,13.4090938442666,0.822054246796569,4,34.71529131,"Arizona/New Mexico Plateau","White / red / jack pine group",-2.18046492711669,-1.32764825968515,-3.12320358560235,1.93615948098775,1.38897715570664,-0.153519711569434,-2.45918532180473,0.0460152159485941,-1.90526018654261,"Moderate"
"36001",226.0732547,0.904109589041096,42,7.896977267,1001.136364,-1233.99519195546,0.508736084096896,69.4125528966622,29.5516322214876,22,42.60118493,"Northeastern Coastal Zone","Maple / beech / birch group",0.947214561729919,0.88539837909692,0.859591474424085,-0.125302780687728,-0.741691722434421,0.44720456789867,-0.150722033431681,-1.08237199217238,0.615747125817672,"Low"
"36003",17.36687583,0.920807453416149,41,6.750762922,978.931677,-1342.25749451776,0.530133383236863,72.1259246801166,29.7416239184331,10,42.25739665,"Northern Allegheny Plateau","Maple / beech / birch group",1.04876558701344,0.992620654412484,0.885930113742322,-0.366098486507147,-0.570221880596503,-0.18479595823612,-0.219639818340359,-1.34859269510976,0.549404828123981,"Low"
"36005",13065.33378,0.264150943396226,11,11.76784187,1156.777778,-1684.57264132694,0.608924245997346,38.3111848774231,20.5216527002719,12,40.84981969,"Northeastern Coastal Zone","Oak / hickory group",-2.94480750436036,-0.343611027127555,-0.392238881765633,-1.1274717017236,0.0611782174924194,39.3267991979487,0.332349918581629,-0.183321740287684,-1.44086410268676,"Moderate"
"36007",105.0790897,0.934364744491327,41,7.65038979,1028.785124,-1473.98432901544,0.557405069230911,96.4328868382284,29.7506913333882,11,42.15908557,"Northern Allegheny Plateau","Maple / beech / birch group",1.13121665846952,1.9531406260929,0.887187133790518,-0.659083720863988,-0.351676929971486,0.0808124319550411,-0.0649072099814931,-1.13964460592814,0.549404828123981,"Low"
"36009",22.65264126,0.880084151472651,52,6.883136931,1088.483568,-1576.84603457393,0.676398932509267,67.0625651263886,21.5099170778151,12,42.24772386,"North Central Appalachians","Maple / beech / birch group",0.801099599770718,0.7925356769678,-0.255235321032977,-0.887867484053328,0.601894770015229,-0.168789707967814,0.120381802332654,-1.31784739700706,1.27917010275459,"Low"
"36011",42.9647151,0.81864406779661,45,8.256057544,992.5971223,-1546.41871364524,0.579981297791764,58.8715896168239,27.443097204671,12,42.91400144,"Eastern Great Lakes Lowlands","Maple / beech / birch group",0.427440828165839,0.468859048300467,0.56728426210555,-0.820191404330179,-0.170759594783353,-0.107281087947317,-0.177225700101867,-0.998971706553118,0.814774018898747,"Low"
"36013",46.45407971,0.867578125,46,8.229866522,1110.731707,-1393.56408353984,0.692931173214094,56.9705315270668,21.9621224048508,10,42.22758307,"Erie Drift Plain","Maple / beech / birch group",0.725041980544995,0.393736363258274,-0.192545881451859,-0.480213982153929,0.734377878296318,-0.0967146630908455,0.18943445136213,-1.00505485523984,0.881116316592438,"Low"
"36015",79.73073282,0.962781586679726,40,7.909544738,902.2985075,-1519.15673761967,0.47533895368169,95.3300987038095,32.3897633850001,11,42.13892742,"Northern Allegheny Plateau","Maple / beech / birch group",1.30403872689303,1.90956257546069,1.25304294759583,-0.759555646511047,-1.00932366199259,0.00405303930230796,-0.457489975492824,-1.07945306084129,0.483062530430289,"Low"
"36017",20.53539805,0.913198959687906,36,7.016472813,1059.122449,-1537.34547150212,0.644661275334883,49.7437348661037,21.1350542468959,11,42.49410963,"Northern Allegheny Plateau","Maple / beech / birch group",1.00249318225486,0.108160466156223,-0.307202733589046,-0.800010808737675,0.347561219766696,-0.175201101955483,0.0292522455899666,-1.28687869347646,0.217693339655523,"Low"
"36019",29.88358692,0.880746043707611,46,5.802556154,924.3368984,-832.354498657756,0.593801400759529,32.3704227399491,20.0441997512273,10,44.74506245,"Northeastern Highlands","Maple / beech / birch group",0.80512501485241,-0.57836766363889,-0.458428411195027,0.768021598523287,-0.0600105299333826,-0.146893101422699,-0.389088332011897,-1.5688239925177,0.881116316592438,"Low"
"36021",36.51117481,0.842704149933066,51,8.362209529,1052.380952,-1403.37679677439,0.708416789849556,48.3199279295192,26.3551902933856,10,42.2480176,"Northeastern Highlands","Oak / hickory group",0.573766487213182,0.0518969565695207,0.416467209524648,-0.502039300417017,0.858473738146479,-0.126823570936074,0.00832832803109719,-0.9743167576876,1.2128278050609,"Low"
"36023",36.86123102,0.92757151552039,29,7.05123694,1040.73494,-1298.79926475101,0.745138943035172,50.2029038528096,25.5688309550088,14,42.59501813,"Northern Allegheny Plateau","Maple / beech / birch group",1.0899024310037,0.126305102217216,0.307453840408965,-0.26943921672739,1.15275114939807,-0.125763537648665,-0.0278179752273042,-1.27880434824835,-0.246702744200317,"Low"
"36025",11.95726264,0.930818878580073,34,6.615872001,1091.177215,-1344.14647936811,0.649947413604949,45.3383279429196,18.5280694982285,12,42.19772144,"Northern Allegheny Plateau","Maple / beech / birch group",1.10965184570558,-0.0659246912391191,-0.668610269324643,-0.370299943797052,0.389922327454747,-0.201177241840275,0.128742207708596,-1.37992257329977,0.0850087442681401,"Low"
"36027",142.4374938,0.825157232704403,45,9.16164199,1150.207407,-1441.17184685046,0.622155365115165,41.7219577958403,21.508785043297,19,41.76424667,"Northeastern Highlands","Oak / hickory group",0.467051796333432,-0.208830074835123,-0.25539225551668,-0.586102594325905,0.167207389100972,0.193940411917085,0.311957133249946,-0.788639905319832,0.814774018898747,"Low"
"36029",340.2400995,0.861363636363636,37,8.123316012,993.9108911,-1349.29061729773,0.733344909182725,37.0506830570252,18.7957809401452,17,42.76338052,"Eastern Great Lakes Lowlands","Maple / beech / birch group",0.687247465123107,-0.393421331062539,-0.631497304793188,-0.381741473251706,1.0582382341894,0.792922347927292,-0.17314809092061,-1.02980236585535,0.284035637349215,"Low"
"36031",8.023021344,0.975913937547601,51,5.363130033,1033.294118,-918.17856338832,0.638999565785376,34.0818112760106,20.9893503317942,15,44.11602703,"Northeastern Highlands","Maple / beech / birch group",1.38390544907147,-0.510740007928594,-0.32740173664453,0.577132750291047,0.302190426255057,-0.213090833473054,-0.0509124223654135,-1.67088547109889,1.2128278050609,"Low"
"36033",11.94092552,0.944009632751355,42,4.877881039,1071.110345,-875.440414514311,0.598721890509129,41.4728602958257,20.148493668829,15,44.58955498,"Northeastern Highlands","Maple / beech / birch group",1.18987375793753,-0.218673473697693,-0.44397009578988,0.672190424845958,-0.020579590841024,-0.201226713583742,0.0664596711229458,-1.78358980850826,0.615747125817672,"Low"
"36035",41.65411093,0.953307392996109,34,6.378472209,1164.130952,-1259.10639456214,0.65536715592528,33.3297463476445,20.6076398986242,10,43.11372784,"Northeastern Highlands","Maple / beech / birch group",1.24641973678173,-0.540458792982733,-0.38031843555773,-0.181154814244564,0.433354087341377,-0.111249833557677,0.355172328288557,-1.43506124764905,0.0850087442681401,"Low"
"36037",45.08008875,0.833941605839416,32,8.082978067,900.1710526,-1238.14045076866,0.707273337573967,67.3813033660567,17.7170070797867,11,43.00110152,"Eastern Great Lakes Lowlands","Maple / beech / birch group",0.520475520367646,0.805131016646531,-0.781048238179904,-0.134522615275619,0.849310545186381,-0.100875355324241,-0.464093062453748,-1.03917129071639,-0.0476758511192429,"Low"
"36039",28.2404727,0.933988212180747,42,7.207366057,1100.579439,-1172.68041639904,0.577309865701353,40.4956932325701,25.2971671608331,18,42.27592303,"Northeastern Highlands","Maple / beech / birch group",1.12892671040593,-0.2572874507887,0.269792959403885,0.0110728025747034,-0.192167438597057,-0.151868747385999,0.157924355211743,-1.24254166888297,0.615747125817672,"Low"
"36041",1.001351327,0.987715517241379,29,4.599347265,1229.190635,-1079.1179864038,0.654932476179095,32.1964218614821,20.2389484528179,12,43.66063855,"Northeastern Highlands","Maple / beech / birch group",1.45567885020526,-0.585243525697272,-0.431430306060141,0.219173229368409,0.429870728678167,-0.234353715657661,0.55710128316285,-1.84828229593833,-0.246702744200317,"Low"
"36043",16.88735466,0.956454121306376,38,5.617149295,1221.05,-1043.23369001302,0.684368085354699,35.1619059882004,18.4966180207859,10,43.41926021,"Northeastern Highlands","Maple / beech / birch group",1.2655571233971,-0.468058716222279,-0.672970402602593,0.298986648007632,0.665756539159544,-0.186248034753252,0.531834791815772,-1.61188674474001,0.350377935042906,"Low"
"36045",33.91856567,0.8378024852845,44,7.159120981,1046.03871,-986.543687395713,0.555609393671728,58.0817906670274,29.0601179024013,11,44.04156559,"Eastern Great Lakes Lowlands","Maple / beech / birch group",0.543956143837682,0.437649156255665,0.791452610577435,0.425075867154655,-0.366066793015005,-0.13467445862534,-0.0113564020438992,-1.25374711060687,0.748431721205055,"Low"
"36049",8.013795289,0.904123298638911,44,5.651028034,1203.182243,-1046.97627340342,0.683655243664345,42.6479182721132,22.9356903403743,9,43.78452541,"Eastern Great Lakes Lowlands","Maple / beech / birch group",0.947297939081841,-0.172239589991256,-0.0575796954668442,0.290662439231813,0.660044096149756,-0.213118771630218,0.47637775097901,-1.60401804046968,0.748431721205055,"Low"
"36051",38.63579262,0.858778625954199,39,7.961501475,873.4196429,-1356.26315920704,0.676078072014194,44.1479096946455,25.1418401369457,11,42.72573506,"Northern Allegheny Plateau","Maple / beech / birch group",0.671526265600184,-0.112965555279733,0.24825990020015,-0.39724971675541,0.599323515672225,-0.12038984533063,-0.547122735410117,-1.06738554562756,0.416720232736598,"Low"
"36053",41.85597775,0.863870967741936,42,7.145811734,1090.185185,-1191.76651805427,0.630592512023512,49.8906926066449,24.2203203103435,11,42.91606157,"Northern Allegheny Plateau","Maple / beech / birch group",0.702496245833789,0.113967684839687,0.120509168311888,-0.0313782742141684,0.234819485210582,-0.110638544448355,0.125663195148637,-1.25683832745244,0.615747125817672,"Low"
"36055",436.7292619,0.901800327332242,33,8.900079607,844.8873874,-1537.04035811962,0.690634100584261,31.4353614379381,18.8989707792206,20,43.14473964,"Eastern Great Lakes Lowlands","Elm / ash / cottonwood group",0.933170376862036,-0.615317778979705,-0.617192048319303,-0.79933217923733,0.715970009249333,1.08510891995866,-0.63567970752634,-0.849390603274356,0.0186664465744486,"Low"
"36057",47.21415021,0.933691756272401,26,7.55328167,1047.901408,-1291.09954353958,0.556268804991552,101.466698796599,26.2565908001586,8,42.90287993,"Eastern Great Lakes Lowlands","Maple / beech / birch group",1.12712376119232,2.15205799339892,0.402798314879152,-0.25231358980243,-0.360782520734811,-0.0944130326447596,-0.00557505416388547,-1.16219901914073,-0.445729637281392,"Low"
"36059",1839.562201,0.328358208955224,8,11.6290708,1086.338983,-802.874322673233,0.604006046600239,-20.6107705671881,11.3655531078526,20,40.73842218,"Northeastern Coastal Zone","Aspen / birch group",-2.55431962508946,-2.67198569636303,-1.66155332341607,0.833591049900777,0.0217656324164802,5.33313986367341,0.113725547833396,-0.215552825131395,-1.63989099576784,"Moderate"
"36063",155.3307209,0.692561983471074,37,8.718294316,891.7021277,-1168.34096885464,0.678545301080288,44.5503693623686,26.8895525729579,12,43.20029352,"Eastern Great Lakes Lowlands","Elm / ash / cottonwood group",-0.339349741307852,-0.0970618587943666,0.490546106514359,0.0207245493932123,0.619094953879155,0.232983427060627,-0.4903784833951,-0.891612207082409,0.284035637349215,"Low"
"36065",72.95531759,0.898391193903472,45,7.104317237,1183.512077,-1353.53099191745,0.601542113543842,62.8110642087545,28.8356552184648,12,43.24332198,"Eastern Great Lakes Lowlands","Maple / beech / birch group",0.912437126953913,0.624532307626874,0.760335241936305,-0.391172863267697,0.00202060718147432,-0.0164641390097593,0.415326484212404,-1.26647587404882,0.814774018898747,"Low"
"36067",228.9606326,0.882786885245902,38,8.043904603,1036.473282,-1245.64195350033,0.740369141811187,46.8326068419122,24.0438051358033,19,43.00660612,"Eastern Great Lakes Lowlands","Maple / beech / birch group",0.817536754821042,-0.0068763940308218,0.0960387857048857,-0.151207367051883,1.11452777101162,0.45594806851341,-0.0410450938711453,-1.04824652616223,0.350377935042906,"Low"
"36069",65.80594642,0.793168880455408,43,8.175636905,884.9821429,-1301.88975201987,0.67302431094627,41.6237926680415,20.0826176606437,13,42.85251131,"Northern Allegheny Plateau","Oak / hickory group",0.272508955701125,-0.212709192478865,-0.453102518138924,-0.27631304118538,0.574851832404982,-0.0381137232986389,-0.511235632475201,-1.01765027146434,0.682089423511364,"Low"
"36071",181.6047591,0.864864864864865,45,9.523264881,1215.261194,-1470.73727024286,0.584393288767765,34.1658954893141,18.678458021776,15,41.40301774,"Ridge and Valley","Oak / hickory group",0.708540807556938,-0.507417315209705,-0.647761836772056,-0.651861651958419,-0.135403572049057,0.312545949567085,0.513867788417523,-0.704649070045241,0.814774018898747,"Low"
"36073",40.08814822,0.839147286821705,30,8.740662871,846.5378788,-1460.08169966594,0.706359217026958,54.7168907751496,19.7295815960882,9,43.25178143,"Eastern Great Lakes Lowlands","Elm / ash / cottonwood group",0.552134793025303,0.304680933907267,-0.502044075691962,-0.628161660574054,0.841985129740669,-0.115991850845246,-0.630556995762881,-0.886416867779799,-0.180360446506626,"Low"
"36075",47.72489467,0.861675579322638,46,7.79335597,1131.936652,-1433.99561067246,0.670740314863633,36.7040483290008,18.7812044582058,14,43.4289053,"Eastern Great Lakes Lowlands","Unknown",0.689144601583501,-0.407119035324375,-0.633518049417837,-0.570141296489902,0.556548753848835,-0.0928664063787675,0.255249287595146,-1.1064391613253,0.881116316592438,"Low"
"36077",22.96908657,0.928518791451732,39,6.654709579,1066.532934,-1513.35927238304,0.645662429469667,35.2597269447786,21.0159964953769,13,42.63319544,"Northern Allegheny Plateau","Maple / beech / birch group",1.09566345767714,-0.464193198934226,-0.323707766312654,-0.746660994350712,0.35558408938327,-0.167831454542616,0.0522525342812233,-1.37090212493368,0.416720232736598,"Low"
"36079",165.5652193,0.914835164835165,22,9.548883319,1251.925,-1472.96690930268,0.448109264877329,84.0097333277447,39.644359902077,14,41.42678946,"Northeastern Highlands","Oak / hickory group",1.01244405420748,1.46222419727503,2.25875111345027,-0.65682078822677,-1.22753206306403,0.263975332571837,0.627663055869008,-0.698698910197505,-0.711098828056158,"Low"
"36083",94.09834087,0.929070929070929,50,7.68160299,1026.427273,-1483.15063035092,0.586761366865387,51.2854449561391,31.659555351215,18,42.71402963,"Northeastern Highlands","Maple / beech / birch group",1.09902138058678,0.169083066125221,1.1518138605444,-0.679471297588216,-0.116426692107202,0.0475607456602169,-0.0722253887094667,-1.13239500197651,1.1464855073672,"Low"
"36085",3192.29054,0.454545454545455,3,11.81895777,1217.384615,-560.937991522249,0.525110730314711,14.662378518259,3.11047326714684,17,40.58579641,"Northern Piedmont","Aspen / birch group",-1.78688949872335,-1.27812315030537,-2.80595896831104,1.37170291565698,-0.610471516615261,9.4294450489498,0.520458355163569,-0.171449518579207,-1.9716024842363,"Moderate"
"36087",723.9540306,0.90547263681592,18,10.5224755,1251.088235,-1610.38558512674,0.517195394819965,8.7013798965484,17.9742402723498,13,41.15342422,"Northern Piedmont","Oak / hickory group",0.95550417864947,-1.51367945676886,-0.74538787834038,-0.962465747318443,-0.673902013917747,1.95487728027511,0.625065946966319,-0.472571575523325,-0.976468018830924,"Low"
"36089",15.61287204,0.870508715759516,51,5.831899161,997.6310273,-929.714716897698,0.579511318504406,33.1164018580791,23.2687796705278,16,44.49714149,"Eastern Great Lakes Lowlands","Maple / beech / birch group",0.742864888291203,-0.548889366978059,-0.0114033631917394,0.551474176983562,-0.174525830584574,-0.190107397800758,-0.161601720261902,-1.56200876115726,1.2128278050609,"Low"
"36091",109.3069918,0.915732508697333,50,7.362725063,1057.29927,-1392.18109086744,0.655419522441807,35.7934463920467,21.0510760283981,17,43.10918294,"Northeastern Coastal Zone","Maple / beech / birch group",1.01790141014164,-0.443102608302596,-0.318844673964136,-0.477137946555092,0.433773732748385,0.0936152814228609,0.0235935547841913,-1.20645785614289,1.1464855073672,"Low"
"36093",292.6909736,0.922699386503067,33,7.80534762,1027.771429,-1259.28983285488,0.566226170694981,46.6488214723318,26.7200371203638,11,42.81709916,"Eastern Great Lakes Lowlands","Maple / beech / birch group",1.06027171381079,-0.0141389024774289,0.467046098690203,-0.181562815479797,-0.280987967640951,0.648935025887807,-0.0680534652731353,-1.10365397066153,0.0186664465744486,"Low"
"36095",19.36599268,0.929653150952614,40,6.839199043,1026.533981,-1157.89662887255,0.571952298832066,34.7955152911437,17.4694475185693,12,42.58914795,"Northern Allegheny Plateau","Maple / beech / birch group",1.10256226627728,-0.48253710227775,-0.815367537904653,0.0439547242396978,-0.235100947994829,-0.178742272154048,-0.0718941938139008,-1.32805244764176,0.483062530430289,"Low"
"36097",20.98410936,0.907099697885196,45,7.704966692,887.4,-1658.90098781973,0.605844480916698,38.7682366341166,23.4789488509033,13,42.39197577,"Northern Allegheny Plateau","Maple / beech / birch group",0.965399439269189,-0.325550056055149,0.0177324902519398,-1.07037312004266,0.0364981479274588,-0.173842323246667,-0.503731209847775,-1.12696852899892,0.814774018898747,"Low"
"36099",40.90662439,0.682666666666667,28,8.652723151,903.0806452,-1225.3436502699,0.621492095307462,75.6055805302044,27.2115962468438,11,42.78081556,"Eastern Great Lakes Lowlands","Elm / ash / cottonwood group",-0.399529866407807,1.13012360179205,0.535191174207155,-0.106060126159835,0.161892196361984,-0.113513357505131,-0.455062416042084,-0.906841820736147,-0.313045041894009,"Low"
"36101",26.61271783,0.910281759762729,48,7.260705279,886.1845494,-1491.72246321542,0.571396956629395,65.5365759227617,24.4688219761605,12,42.26773694,"Northern Allegheny Plateau","Maple / beech / birch group",0.984751713243929,0.732234307462307,0.154959072445398,-0.698536664718992,-0.23955124983129,-0.156797882469596,-0.507503663970542,-1.23015305654627,1.01380091197982,"Low"
"36103",627.7151017,0.83182135380321,36,11.04299808,1116.570213,-866.67874133383,0.550139020750154,43.7956559259517,27.1289890148233,19,40.88373461,"Atlantic Coastal Pine Barrens","White / red / jack pine group",0.50758083136431,-0.126885302952405,0.52373929433953,0.691678032514739,-0.409904287341786,1.66344846037625,0.207555711107698,-0.351674565512182,0.217693339655523,"Moderate"
"36105",30.04166553,0.942065491183879,43,7.588240635,1178.69375,-1380.39481878264,0.615813695184483,37.9149329939044,20.5362997119356,9,41.71558303,"Northern Allegheny Plateau","Maple / beech / birch group",1.17805011600111,-0.359269415265896,-0.390208359571756,-0.450923062532964,0.116387650923306,-0.146414410904318,0.400371604469866,-1.15407942067569,0.682089423511364,"Low"
"36107",36.04569775,0.936522539098436,35,7.810007924,970.4285714,-1399.93640822041,0.595082099626341,52.6013842973009,21.6194401078247,8,42.16859526,"Northern Allegheny Plateau","Unknown",1.14433966927984,0.221084052940599,-0.240052091287464,-0.494387229746601,-0.0497474948326553,-0.128233119357241,-0.246031327610297,-1.10257156455468,0.151351041961832,"Low"
"36109",83.16570304,0.869150779896014,44,7.754436981,955.7560976,-1400.02578073725,0.640227085359985,42.4895180770487,23.8125789145004,32,42.44967107,"Northern Allegheny Plateau","Maple / beech / birch group",0.734606360367481,-0.178498971558062,0.0639837846615341,-0.494586011019159,0.312027302672698,0.014454748143462,-0.291571009994769,-1.11547851827838,0.748431721205055,"Low"
"36111",61.25887332,0.920695830135585,60,8.135826253,1190.047872,-1272.44975050606,0.637816039175431,25.3341668604368,17.3397233595819,18,41.88978743,"Northern Allegheny Plateau","Maple / beech / birch group",1.0480867302248,-0.856414103756042,-0.833351259769145,-0.210832945380441,0.292706092774894,-0.0518830800721727,0.435611954303345,-1.02689672681195,1.80990848430412,"Low"
"36113",28.57731369,0.957548146614206,37,6.152658171,1073.566879,-1209.08618296411,0.613140311529116,27.5464488911407,19.9532743190539,12,43.56165735,"Northeastern Highlands","Maple / beech / birch group",1.27221063244477,-0.768993015935256,-0.471033447106449,-0.0699004637281118,0.0949641680080422,-0.150848732166262,0.0740841371572047,-1.48750900507917,0.284035637349215,"Low"
"36115",28.47754507,0.918284789644013,48,7.482165484,978.3453237,-1287.66695093376,0.580953508521761,54.0710963621948,24.311196959708,10,43.31386766,"Northeastern Coastal Zone","Maple / beech / birch group",1.03342355962886,0.279161561012876,0.133107441439309,-0.244678858785756,-0.162968666637925,-0.151150849526896,-0.221459712068647,-1.17871652401207,1.01380091197982,"Low"
"36117",57.61381981,0.706827309236948,36,8.865828174,943.1894273,-1630.4513438561,0.667783587115612,35.5086267104685,22.5958128128338,11,43.15590495,"Eastern Great Lakes Lowlands","Maple / beech / birch group",-0.252592631237402,-0.454357613790488,-0.104697078774556,-1.00709576553977,0.532854658814011,-0.062920958974496,-0.330574805939007,-0.857345869764998,0.217693339655523,"Low"
"36119",868.3807503,0.855218855218855,34,10.50237656,1234.631579,-1829.8396966236,0.704974297560878,36.563396972578,19.7735124730761,28,41.16119821,"Northeastern Coastal Zone","Oak / hickory group",0.649876888181086,-0.412677049362051,-0.495953917319146,-1.4505729316493,0.830886910275979,2.39222741462427,0.573988610072352,-0.47723977214679,0.0850087442681401,"Low"
"36121",26.07249427,0.852380952380952,33,7.10207045,989.4329897,-1399.28483247922,0.713187896280199,25.7108086779753,17.9593650394265,11,42.70147179,"Northern Allegheny Plateau","Maple / beech / birch group",0.63261767847792,-0.841530631869984,-0.74745003895603,-0.492938002852463,0.896707575964175,-0.158433776762808,-0.187046374896757,-1.26699771467758,0.0186664465744486,"Low"
"36123",28.52437734,0.866019417475728,38,8.108745761,862.0338983,-1160.40626802349,0.670704393264617,29.5970155171206,22.558907441613,10,42.63342914,"Northern Allegheny Plateau","Maple / beech / birch group",0.715562424138761,-0.687962314332024,-0.109813287941155,0.0383728151503834,0.556260891775143,-0.151009032973706,-0.582461233870732,-1.03318646454519,0.350377935042906,"Low"
"37001",151.4895418,0.804705882352941,43,14.64383334,1145.428571,-1172.93928320044,0.479105660421093,86.9798035978094,33.6029544037443,4,36.04336446,"Piedmont","White / red / jack pine group",0.34267328001692,1.57959023393294,1.42122819558588,0.0104970341614973,-0.97913870245025,0.221351644528048,0.297124823676663,0.484658445203119,0.682089423511364,"High"
"37003",55.35092746,0.710485133020344,38,13.80177644,1243,-1334.46428813553,0.386272372601825,49.0477046616714,24.3296987823268,3,35.92207673,"Piedmont","White / red / jack pine group",-0.230346926806764,0.0806559632117066,0.135672357909456,-0.348764930994363,-1.72306947032605,-0.0697734048054747,0.599962092090057,0.289081604964503,0.350377935042906,"Moderate"
"37005",18.22530482,0.830784913353721,28,10.8639693,1240.210526,-1522.81377400225,0.620842787319835,16.5822045477325,18.8416133301311,4,36.49420474,"Blue Ridge","Oak / hickory group",0.501277534851244,-1.20225882668212,-0.625143538768993,-0.767689582665268,0.156688888355015,-0.182196480557159,0.591304263716239,-0.393255939768689,-0.313045041894009,"Moderate"
"37007",17.74819319,0.906679764243615,49,15.94676676,1189.775,-1444.79565031458,0.450378528698051,84.4225430013231,31.6604295271474,1,34.97400187,"Piedmont","White / red / jack pine group",0.962845538309417,1.47853688717004,1.15193504796971,-0.594162614224258,-1.20934704326866,-0.183641260552948,0.434765027985329,0.787278851644646,1.08014320967351,"High"
"37009",24.46425616,0.784663865546218,42,10.32687375,1303.272727,-1815.95480061766,0.57122175118685,34.870208192308,23.2886622148186,5,36.43224943,"Blue Ridge","Oak / hickory group",0.220784198290217,-0.479585518988799,-0.00864703661945483,-1.41969031364794,-0.240955279813103,-0.163303811580014,0.787033534945589,-0.518002201660518,0.615747125817672,"Low"
"37011",27.33365843,0.821127673363577,40,10.25714529,1319.153846,-1382.84120751589,0.598724217797708,30.6088139783805,18.6470604015758,8,36.07568746,"Blue Ridge","Oak / hickory group",0.442545316144682,-0.647979834290547,-0.652114503794874,-0.456364290807161,-0.020560940832818,-0.154614744412298,0.83632454919637,-0.534197392129837,0.483062530430289,"Low"
"37013",21.86596602,0.881759853345555,43,16.26350082,1295.950355,-1130.29987136939,0.625298194076689,62.8218267795472,28.9975756944714,1,35.48476173,"Middle Atlantic Coastal Plain","White / red / jack pine group",0.811290678069159,0.624957604055353,0.782782354543539,0.105335098977957,0.192392828694587,-0.171171902361052,0.764306726929006,0.860843769467597,0.682089423511364,"High"
"37015",10.53699064,0.871484294805995,50,15.56400635,1205.901786,-1170.06765155736,0.636959109148399,59.5949710537184,28.5510248734133,1,36.06978326,"Middle Atlantic Coastal Plain","White / red / jack pine group",0.748798045381823,0.49744436936035,0.720876801815695,0.0168840825798599,0.285838980470666,-0.205478081403083,0.484818531050528,0.698378598518953,1.1464855073672,"High"
"37017",14.65326054,0.86051548624648,50,16.54663305,1240.093023,-1062.31034269142,0.513471343104452,73.2372286922589,28.9289132741544,1,34.61371877,"Southeastern Plains","White / red / jack pine group",0.682089289678814,1.03653522059018,0.773263650555304,0.256556587518905,-0.703745152272648,-0.19301327435407,0.590939563845435,0.92660429813628,1.1464855073672,"High"
"37019",62.36215565,0.866711022399645,43,17.17265718,1400.142857,-1027.92886415244,0.573428792688445,68.546946319181,27.0289970069989,2,34.07051073,"Middle Atlantic Coastal Plain","White / red / jack pine group",0.719768542210952,0.8511928539523,0.509877354733039,0.333027456842461,-0.223268886089638,-0.0485421423547418,1.08769414697834,1.07200518643555,0.682089423511364,"High"
"37021",152.6631199,0.744257950530035,52,11.98881975,1319.734694,-1707.76962706733,0.573817777632466,30.4964876750707,23.8650158701746,10,35.61110777,"Blue Ridge","Oak / hickory group",-0.0249515440327664,-0.652418548473433,0.0712531447685989,-1.17906615724542,-0.220151708244327,0.224905450505019,0.838127355852849,-0.131997232961602,1.27917010275459,"Moderate"
"37023",68.75507347,0.777575536949399,50,13.70043808,1277.653846,-1460.97873389908,0.497234681518555,45.2897516540964,23.4882490320676,3,35.74986426,"Piedmont","Oak / pine group",0.177675270083271,-0.0678442439689623,0.0190217787904332,-0.630156833281459,-0.8338596015729,-0.0291832351299026,0.707518947311049,0.265544672669592,1.1464855073672,"Moderate"
"37025",226.1734162,0.868834080717489,42,15.24601888,1163.754717,-1468.62293675133,0.581606769687009,97.29468751587,36.0978905316953,5,35.38616628,"Piedmont","Oak / hickory group",0.732680298114053,1.98719575635138,1.76710237773496,-0.647158976942454,-0.157733679364475,0.447507874970745,0.354004589116862,0.624522562640532,0.615747125817672,"High"
"37027",67.1388131,0.761736334405145,51,13.32739352,1260.375,-1541.28264061163,0.472797111499804,42.9213371583042,23.9362672588485,4,35.95207068,"Piedmont","Oak / pine group",0.0813463490959003,-0.161435101173906,0.0811307586716094,-0.808767812719826,-1.02969302141753,-0.0340775627960784,0.653889738662525,0.178901030995253,1.2128278050609,"Moderate"
"37029",17.11617624,0.756077795786062,30,15.52059056,1234.078947,-1075.35498071946,0.507927102569107,95.9520645350214,30.0955940892393,1,36.33796071,"Middle Atlantic Coastal Plain","Oak / gum / cypress group",0.0469329423591218,1.93414033218305,0.935001166889207,0.227542861163758,-0.748174593646923,-0.185555121773141,0.572273378810157,0.688294810802632,-0.180360446506626,"High"
"37031",52.71282891,0.791152263374486,29,17.19774571,1440.776119,-1099.56878076304,0.41108477185132,75.5685314739904,27.9966440490573,1,34.89324616,"Middle Atlantic Coastal Plain","White / red / jack pine group",0.260244541068685,1.12865956205751,0.644022724440679,0.173686819549375,-1.52423231115472,-0.0777620426258546,1.21380961127892,1.07783226940777,-0.246702744200317,"High"
"37033",20.53109477,0.877266387726639,45,14.32878039,1138.571429,-1334.23064294942,0.529042781599344,78.7783683693313,30.1345978957857,3,36.39310638,"Piedmont","White / red / jack pine group",0.78396286952863,1.25550027640744,0.940408283143128,-0.34824526019327,-0.578961548583116,-0.175214133062816,0.275841973013456,0.411483983395544,0.814774018898747,"Moderate"
"37035",152.4760764,0.78578110383536,39,14.53818646,1207.610169,-1346.71885705668,0.551369859260986,49.5192600826492,21.4286491133003,5,35.66202657,"Piedmont","Unknown",0.227578881202954,0.0992900646949387,-0.266501537609256,-0.376021395184037,-0.400040814227734,0.224339049079964,0.490120923835243,0.460120812447579,0.416720232736598,"High"
"37037",41.26385425,0.907083015993907,51,15.07761481,1171.726415,-1277.85263404514,0.382842873534815,94.7417821726624,31.3092500123083,3,35.70401428,"Piedmont","White / red / jack pine group",0.965297985387063,1.88631451286196,1.10325086478694,-0.222849973694653,-1.7505521754449,-0.112431601112761,0.378746742344284,0.585408892419526,1.2128278050609,"High"
"37039",24.08196436,0.765645371577575,50,12.83456563,1563.045455,-1762.82235500254,0.510406643056283,50.6670672563947,22.8886371326406,4,35.13489502,"Blue Ridge","Oak / hickory group",0.105119852330525,0.144647098899753,-0.0641027040361059,-1.30151376981873,-0.72830449637971,-0.16446146004311,1.59330299478732,0.0644364128588015,1.1464855073672,"Moderate"
"37041",31.29612664,0.896396396396396,21,15.73241755,1227.75,-1462.64796729951,0.560595514121927,89.1809076309935,26.9548863735546,2,36.12899306,"Middle Atlantic Coastal Plain","White / red / jack pine group",0.900305411931768,1.66656960921922,0.499603362367492,-0.633869522050502,-0.326109914374024,-0.142615676597163,0.552629913084005,0.737493924759725,-0.777441125749849,"High"
"37043",20.02498173,0.72972972972973,41,12.17705756,1707.310345,-1808.14764770797,0.511346489171732,30.1020384780294,20.8604823544443,3,35.05717332,"Blue Ridge","Oak / hickory group",-0.113307496906628,-0.668005701203871,-0.345266765641368,-1.40232573843722,-0.720772925983192,-0.176746734554421,2.04106506677213,-0.0882769616910542,0.549404828123981,"Moderate"
"37045",81.30817612,0.834448160535117,44,14.81487379,1253.542857,-1266.63750252357,0.483486493158589,37.8061514489798,24.3576727990728,2,35.33544911,"Piedmont","White / red / jack pine group",0.523556222639218,-0.363568053893408,0.139550409156962,-0.197905413615303,-0.944032370024691,0.00882982188531075,0.632684478631643,0.524384443249083,0.748431721205055,"High"
"37047",22.90755564,0.85413904148513,47,16.85224995,1278.42029,-1159.59522428776,0.576454756751424,53.9744865934692,26.7789474106533,1,34.26795109,"Middle Atlantic Coastal Plain","White / red / jack pine group",0.643309809343218,0.275343905325721,0.475212860254068,0.0401767288320007,-0.199019957479902,-0.168017781287127,0.709897797449155,0.99758713507464,0.94745861428613,"High"
"37049",55.8957306,0.799621331650363,46,16.51776351,1351.440678,-1194.75798668569,0.502691272997493,79.4654996514329,31.0340946213873,1,35.1216855,"Middle Atlantic Coastal Plain","White / red / jack pine group",0.311750682650261,1.28265312732035,1.06510594206426,-0.0380318626146638,-0.79013254650173,-0.0681236427187377,0.936534786033243,0.919899034617458,0.881116316592438,"High"
"37051",197.9524663,0.905770635500365,48,16.30481818,1194.343434,-1088.53998279241,0.53947441659798,56.6630906766532,29.6931455294627,2,35.04654249,"Southeastern Plains","White / red / jack pine group",0.957316510529692,0.381587454027586,0.879209531620321,0.19821693879517,-0.495366381191827,0.362049752984291,0.448944302468301,0.870440174076123,1.01380091197982,"High"
"37053",40.11251388,0.783549783549784,20,15.58162328,1222.209677,-1230.67726414607,0.507310963141168,105.657144915996,37.9539711948353,3,36.36105251,"Middle Atlantic Coastal Plain","White / red / jack pine group",0.214008710931677,2.31764870612352,2.02441172292189,-0.117923085726407,-0.753112101393472,-0.115918067235837,0.535434138658606,0.702470321422838,-0.843783423443541,"High"
"37057",116.4473369,0.876860119047619,51,14.72854314,1140.458824,-1296.54465711616,0.539141988806003,76.974600257159,30.9843102310041,3,35.79520293,"Piedmont","White / red / jack pine group",0.781492074463562,1.18422212635512,1.05820430834519,-0.264424545656015,-0.498030331466111,0.115237533145195,0.281699974193464,0.504333214237426,1.2128278050609,"High"
"37059",62.29048176,0.848953594176524,41,14.42429168,1147.9,-1987.7300889382,0.492520004219928,99.4283052193454,33.4176537927792,3,35.92515779,"Piedmont","Oak / hickory group",0.611773591362592,2.07150832502155,1.39553988374844,-1.80175083531176,-0.871641237723529,-0.0487591838099929,0.304795520058876,0.433667515536085,0.549404828123981,"Moderate"
"37061",27.94396409,0.829651162790698,41,16.418196,1306.912,-1149.08527206283,0.457088769381286,54.6606158939366,25.9554383083874,1,34.93354081,"Southeastern Plains","White / red / jack pine group",0.494382429614747,0.302457161682773,0.361049401699933,0.063552837636578,-1.15557371883542,-0.152766628890811,0.798328926492336,0.896773401425417,0.549404828123981,"High"
"37063",428.0649599,0.9171875,42,15.00234052,1137.304348,-1644.2922403484,0.374367486867059,91.1690333732951,33.2105399696244,6,36.03754252,"Piedmont","White / red / jack pine group",1.02675019794143,1.74513288130854,1.36682759592957,-1.0378805203543,-1.81847071048659,1.05887185211129,0.271909271065444,0.567925622833581,0.615747125817672,"High"
"37065",39.77543982,0.888597640891219,49,15.5326624,1162.311688,-1303.86235498774,0.493836434318733,59.4096150839034,27.3771029287739,3,35.91201285,"Southeastern Plains","White / red / jack pine group",0.852875896414236,0.490119796683624,0.558135444247364,-0.280700480882373,-0.861091866078248,-0.116938788233537,0.349525788661851,0.691098626462911,1.08014320967351,"High"
"37067",358.3156255,0.83248730964467,34,14.37180506,1134.101695,-2035.4582852459,0.512099411335729,17.0566500652245,20.1283109519485,6,36.13091811,"Piedmont","White / red / jack pine group",0.511630959990032,-1.18351051942509,-0.446768035431053,-1.90790731310131,-0.71473929325542,0.847658298040627,0.261969038600509,0.421476929253371,0.0850087442681401,"Moderate"
"37069",53.40638005,0.901118838826731,50,14.86108904,1147.178082,-1559.82789752912,0.425833372640184,89.9307606833527,30.6296171304736,2,36.08153444,"Piedmont","White / red / jack pine group",0.92902578358357,1.69620098923007,1.00903303510676,-0.850015949175078,-1.40604261683608,-0.0756618447892834,0.30255486746847,0.53511843588763,1.1464855073672,"High"
"37071",241.0687715,0.818318318318318,40,15.15568478,1187.218182,-1736.33576821615,0.462979338076092,37.6259116871343,26.2840077920933,4,35.29384661,"Piedmont","White / red / jack pine group",0.425459724908374,-0.370690453221526,0.406599145512115,-1.24260262338061,-1.10836893491261,0.492613695106834,0.426829305541926,0.603541488981734,0.483062530430289,"High"
"37073",13.05740063,0.838287153652393,34,15.26084729,1225.55102,-1315.0184152179,0.646140757858885,68.3034977568375,32.4126491504773,1,36.44670987,"Middle Atlantic Coastal Plain","White / red / jack pine group",0.546903740522894,0.841572679917932,1.25621561214968,-0.305513655308804,0.359417231720968,-0.197845825751004,0.545804830133794,0.627966621555746,0.0850087442681401,"High"
"37075",11.24189809,0.764184397163121,42,11.78215937,1639.543478,-1887.09917463986,0.571341376198198,55.0349021990882,27.4857115304222,4,35.35074555,"Blue Ridge","Oak / hickory group",0.0962346771746867,0.317247552554576,0.573191906354197,-1.57792877110083,-0.239996650331807,-0.203343494613314,1.83073369106568,-0.179996345756606,0.615747125817672,"Moderate"
"37077",43.41763681,0.919948186528497,45,14.52194371,1117.7125,-1227.1132334473,0.464405773172662,85.5699764794887,30.8666885757224,2,36.30408811,"Piedmont","White / red / jack pine group",1.04353980295667,1.52387915432723,1.04189836232605,-0.109996011690839,-1.09693802492715,-0.105909559388546,0.211101083747717,0.456348257740426,0.814774018898747,"High"
"37079",30.37900393,0.793051359516616,26,15.9444833,1237.85,-959.109294849556,0.534276414045405,73.0965015858175,31.3871674459261,1,35.48545547,"Southeastern Plains","White / red / jack pine group",0.271794231257414,1.0309742131959,1.11405259567126,0.486095111716514,-0.537021202659379,-0.145392889437462,0.583977782458504,0.786748493314216,-0.445729637281392,"High"
"37081",318.5762625,0.847690941385435,47,14.5196406,1132.729167,-1667.61049238526,0.543092155946716,76.8329350651412,30.6681871349041,5,36.07966896,"Piedmont","Oak / hickory group",0.604094544352019,1.17862404933752,1.01438001316701,-1.08974469490813,-0.466375189832546,0.727320345457465,0.25770905558498,0.455813335484553,0.94745861428613,"High"
"37083",27.03586656,0.889518413597734,54,15.08058924,1137.0625,-1239.42314762023,0.6237755881221,80.0708364442006,31.9780755621325,2,36.25668164,"Southeastern Plains","White / red / jack pine group",0.858475739022814,1.30657376681714,1.19597046888993,-0.13737557412109,0.180191241919217,-0.155516511859645,0.271158635470149,0.58609973602037,1.41185469814197,"High"
"37085",87.176703,0.888888888888889,48,15.73888632,1186.534091,-1413.41471824792,0.43722556601223,70.2746197022184,27.7059036711702,2,35.36935158,"Southeastern Plains","White / red / jack pine group",0.854647172794906,0.919464025732369,0.603717247561796,-0.52436552412529,-1.31474989886669,0.0266007788434897,0.424706058481701,0.73899636669308,1.01380091197982,"High"
"37087",43.14808025,0.776236214870153,57,10.77004472,1549.109756,-1619.63617233516,0.612774414316088,39.9203476179925,21.4770555056969,6,35.5525965,"Blue Ridge","Oak / hickory group",0.169529945191576,-0.280022951417111,-0.259790936406526,-0.9830407916633,0.0920320064844579,-0.106725825228936,1.55005007677798,-0.41507094131685,1.61088159122304,"Moderate"
"37089",120.3994924,0.75,45,12.67017903,1477.37037,-1579.73977683155,0.537993911839672,32.6152795787319,22.7292977156467,6,35.33541146,"Blue Ridge","Oak / hickory group",0.0099697487629051,-0.568691839801935,-0.0861920032047135,-0.89430371063351,-0.507230584944215,0.127205372215999,1.32738899743789,0.0262558435818688,0.814774018898747,"Moderate"
"37091",25.96728676,0.845518380834366,43,15.29137177,1195.596154,-1329.82642319402,0.5933203060687,110.174471204078,31.8418280081086,1,36.36085201,"Middle Atlantic Coastal Plain","White / red / jack pine group",0.59088173183324,2.49615649702209,1.17708240566863,-0.338449447805343,-0.0638658403632597,-0.158752364062503,0.452832431470562,0.635056262823845,0.682089423511364,"High"
"37093",54.02320886,0.885491606714628,37,16.10244933,1196.214286,-1415.87138131307,0.492036752098606,73.0573521366329,30.4112167801444,1,35.01898642,"Southeastern Plains","White / red / jack pine group",0.833985998394121,1.02942717380951,0.978756090657196,-0.52982960444441,-0.875513836983318,-0.0737939759940612,0.454750958321274,0.823437815630129,0.284035637349215,"High"
"37095",3.208768036,0.823428079242033,21,16.5131347,1336.806202,-949.772469100937,0.488870863373762,88.2907912146043,26.2657022215951,1,35.4200959,"Middle Atlantic Coastal Plain","White / red / jack pine group",0.456535642708507,1.63139554717473,0.404061435566796,0.506861966780933,-0.900884068776334,-0.22766926006488,0.891113039299357,0.918823943333407,-0.777441125749849,"High"
"37097",120.2202087,0.764785859959211,44,14.42731272,1174.910112,-1711.03459718474,0.531083033386008,37.1434890732026,21.9065888220317,5,35.80966556,"Piedmont","Oak / hickory group",0.0998925799005036,-0.389753985408621,-0.20024452845295,-1.18632806434783,-0.562611744391457,0.126662468863736,0.388628140134778,0.434369184814532,0.748431721205055,"Moderate"
"37099",34.1480574,0.715379494007989,53,11.23854342,1762.712329,-1786.37197636143,0.578639847207041,44.4415603184332,23.0174431116134,5,35.28806245,"Blue Ridge","Oak / hickory group",-0.200581001941212,-0.101361584079639,-0.046246269903775,-1.35389255322426,-0.181509471115464,-0.133979516310262,2.21301894375432,-0.306257041208794,1.34551240044828,"Moderate"
"37101",99.11111195,0.878908320084791,52,15.65762884,1199.655462,-1405.84999112836,0.466782732747834,58.0294367669005,27.0576156572747,4,35.51581968,"Southeastern Plains","White / red / jack pine group",0.793948572530605,0.435580326496514,0.513844771833405,-0.507540149429074,-1.07788997219191,0.0627403198404895,0.465431506414607,0.72012343639092,1.27917010275459,"High"
"37103",7.743048683,0.860514265586474,46,16.43562137,1344.285714,-1074.93052236386,0.514175296145956,58.2908506717354,26.6543744837418,1,35.02287901,"Middle Atlantic Coastal Plain","White / red / jack pine group",0.682081866018378,0.445910423480069,0.457943256142471,0.228486936311881,-0.698103939524327,-0.213938641144354,0.914327570503417,0.900820632443403,0.881116316592438,"High"
"37105",92.46489713,0.837647058823529,32,15.45625207,1177.268293,-1321.54304607999,0.458151432243445,47.4351653254694,27.0925153391615,2,35.47624437,"Piedmont","White / red / jack pine group",0.54301089023439,0.0169344571071105,0.518682931333614,-0.320025660470934,-1.14705794160066,0.0426143836530709,0.395947343100068,0.673351499275912,-0.0476758511192429,"High"
"37107",54.51660584,0.84375,39,16.27861385,1284.183333,-1009.75683074532,0.586838391299955,102.967161124234,33.0571498196227,3,35.2382137,"Southeastern Plains","White / red / jack pine group",0.580127009984505,2.21135063651379,1.34556304647389,0.37344547407356,-0.115809447494851,-0.0722998810236936,0.727784838950504,0.864353934462184,0.416720232736598,"High"
"37109",110.3831846,0.829059829059829,36,14.71695632,1203.238095,-1555.337916474,0.440251913479219,55.7582377368184,27.0196355474606,4,35.48536896,"Piedmont","White / red / jack pine group",0.490786128596505,0.345831059851648,0.508579571144411,-0.840029387540096,-1.2904978978026,0.0968741871616555,0.476551101592901,0.501642049728218,0.217693339655523,"High"
"37111",39.84460625,0.756507936507936,51,13.17665658,1311.30303,-1380.73875752802,0.474651134350446,51.5390183136482,25.0919081060029,3,35.67731285,"Blue Ridge","Oak / hickory group",0.049548919488973,0.179103334087512,0.241337799000082,-0.451688046936513,-1.0148355853045,-0.116729339819034,0.811957583409119,0.14389074317214,1.2128278050609,"Moderate"
"37113",26.33927046,0.733147048550472,49,11.64858228,1809.16,-1854.20827948262,0.569841695361224,42.2361931820045,21.9016098220736,7,35.14868992,"Blue Ridge","Oak / hickory group",-0.0925244660847055,-0.188509421215696,-0.200934769585433,-1.5047732393324,-0.252014523907401,-0.157625930383827,2.35718087675013,-0.211021072459124,1.08014320967351,"Moderate"
"37115",18.55562995,0.713650511338373,53,11.80887012,1213.647059,-1747.77929975679,0.569995282946138,23.0531136699767,19.9344338260664,5,35.8540614,"Blue Ridge","Oak / hickory group",-0.211096116859696,-0.946552769857148,-0.473645313610899,-1.26805518802387,-0.250783731239541,-0.181196196535722,0.508857917810314,-0.173792484609689,1.34551240044828,"Moderate"
"37117",19.15569864,0.785971223021583,46,15.77340004,1216.953846,-1304.63285539267,0.65672640178223,58.3573380695706,27.6751740766779,2,35.84348931,"Middle Atlantic Coastal Plain","White / red / jack pine group",0.228735124771194,0.448537756055417,0.599457189260614,-0.282414218577288,0.444246568237468,-0.179379080404196,0.51912135611975,0.747012552181828,0.881116316592438,"High"
"37119",807.5700237,0.825654923215899,46,15.6429521,1161.1625,-1518.41514662125,0.498916368570902,100.798958337136,34.4058806372076,6,35.24560393,"Piedmont","Oak / hickory group",0.470078589495784,2.12567139506379,1.53253824124754,-0.757906208768938,-0.82038319920078,2.20808157579594,0.345958997046926,0.716714604476825,0.881116316592438,"High"
"37121",26.1048069,0.77666999002991,36,10.81169263,1296.5625,-1724.24000946804,0.594428668225763,60.7596971536618,27.3397298583056,4,36.01055409,"Blue Ridge","Oak / hickory group",0.172168025800354,0.543469976067427,0.55295439771162,-1.21569938285978,-0.0549838463074893,-0.158335928296118,0.766206671631803,-0.405397762888715,0.217693339655523,"Moderate"
"37123",21.38364716,0.880842469705713,42,15.37561936,1184.459459,-1392.67639997037,0.424291008203959,67.7580110658688,27.3658722060385,3,35.33151917,"Piedmont","White / red / jack pine group",0.805711446670953,0.820017091952924,0.556578523812595,-0.478239607079725,-1.41840254059123,-0.172632450787675,0.41826692056723,0.654623678576769,0.615747125817672,"High"
"37125",54.9330014,0.872797986730725,57,15.58327832,1184.85,-1190.17253449219,0.483329040052992,97.7675640733467,35.448778831791,1,35.30883055,"Southeastern Plains","White / red / jack pine group",0.756787495940681,2.00588206419361,1.67711571402338,-0.0278329552267515,-0.945294139509569,-0.0710389602294896,0.419479061978456,0.702854722398198,1.61088159122304,"High"
"37127",67.36023069,0.838533541341654,43,15.23732921,1139.395062,-1487.74423743218,0.525881610358198,46.8548765387749,26.3942755530416,3,35.96110025,"Southeastern Plains","White / red / jack pine group",0.548402190977377,-0.00599637914205241,0.421885617661896,-0.689688342978993,-0.60429397625056,-0.0334070704319583,0.278398323478459,0.622504292614699,0.682089423511364,"High"
"37129",464.8133682,0.948412698412698,23,17.35790485,1416.432432,-917.324605607819,0.375513108658664,71.1045333658314,24.5145802029961,1,34.25749774,"Middle Atlantic Coastal Plain","White / red / jack pine group",1.21665178309433,0.95225910080121,0.16130255719679,0.579032112872749,-1.80929013184778,1.17015265486377,1.13825290631162,1.11503096528751,-0.644756530362466,"High"
"37131",14.1521865,0.901647920481297,50,15.10190943,1149.740741,-1187.70510547549,0.441311198704331,103.212659409257,36.7350590212267,2,36.41743558,"Southeastern Plains","White / red / jack pine group",0.932243487552956,2.22105180790016,1.85543334851169,-0.0223449294082199,-1.2820091876704,-0.194530616845598,0.31050871891237,0.591051581190793,1.1464855073672,"High"
"37135",142.1362603,0.888669950738916,40,14.60620688,1153.689655,-1266.4805689963,0.497497324487336,46.5534819535748,25.3878804842893,5,36.06082588,"Piedmont","White / red / jack pine group",0.853315661584607,-0.0179063626503955,0.282368590582951,-0.197556363959316,-0.831754880410564,0.193028222593883,0.322765158540402,0.475919292117188,0.483062530430289,"High"
"37137",14.54041418,0.896065766294774,38,16.63592676,1375.261538,-1055.25529430571,0.488364238568323,65.0002513699938,29.7444392242233,1,35.15260351,"Middle Atlantic Coastal Plain","White / red / jack pine group",0.89829462629744,0.711040772832797,0.886320400923135,0.272248340930944,-0.904943967864136,-0.19335499346816,1.0104687669905,0.947343729943066,0.350377935042906,"High"
"37139",67.68801733,0.922043010752688,18,15.6826784,1233.815789,-1116.77097840864,0.433934150946993,90.0723154131595,33.4944159752614,2,36.26718263,"Middle Atlantic Coastal Plain","White / red / jack pine group",1.05627984820899,1.70179470119543,1.40618146161834,0.135425899305841,-1.34112605115429,-0.0324144734157023,0.57145660231423,0.725941468158331,-0.976468018830924,"High"
"37141",27.4261083,0.817808219178082,54,16.78331098,1360.585938,-1119.59286338266,0.550264279445498,72.5653860490533,28.5268149204865,1,34.52267891,"Middle Atlantic Coastal Plain","White / red / jack pine group",0.42235746646839,1.0099865193404,0.717520564525844,0.129149496827986,-0.408900511653135,-0.154334789545573,0.964919381664514,0.981575312213376,1.41185469814197,"High"
"37143",21.10832433,0.753006475485661,23,15.71750584,1235.666667,-1038.70671641202,0.729985834790597,21.9887835265639,12.9973633891731,1,36.17845134,"Middle Atlantic Coastal Plain","White / red / jack pine group",0.0282541629371383,-0.988611104936602,-1.43533468793632,0.309055488016382,1.0313198857113,-0.173466177932763,0.577201263875828,0.734030518516804,-0.644756530362466,"High"
"37145",38.93205702,0.873994638069705,43,14.38461105,1121.4,-1179.99121308854,0.4495413658253,141.53129663575,40.0246617514042,3,36.38985642,"Piedmont","White / red / jack pine group",0.764065143408095,3.73526062199256,2.31147253971535,-0.00518778312582141,-1.21605574909383,-0.119492703337708,0.222546159818852,0.424451259206997,0.682089423511364,"Moderate"
"37147",106.5096841,0.854618015963512,44,16.01549245,1236.9375,-1152.81246589536,0.589134641960172,79.105484329796,27.9126438264396,2,35.59530668,"Middle Atlantic Coastal Plain","White / red / jack pine group",0.64622277762897,1.26842667218812,0.63237773362398,0.0552628581295064,-0.0974081654006926,0.0851445296052459,0.581145611091749,0.803241137914634,0.748431721205055,"High"
"37149",33.59614621,0.774561403508772,47,14.38561604,1353.666667,-1438.73383027946,0.494076758251958,80.9571622634157,35.4237753381069,4,35.27835514,"Piedmont","White / red / jack pine group",0.159344282696986,1.34159803867943,1.67364946780089,-0.58067998731387,-0.859166001203882,-0.135650802853338,0.943443698152161,0.424684679025386,0.94745861428613,"Moderate"
"37151",70.80099239,0.847789591494124,49,14.91263004,1158.01626,-1418.35522344839,0.451310086363962,64.1814152017174,29.7705661845642,3,35.71020244,"Piedmont","White / red / jack pine group",0.604694502493773,0.678683438829162,0.889942393862638,-0.535354136123146,-1.20188189336391,-0.0229878239456832,0.33619385639932,0.547089391677837,1.08014320967351,"High"
"37153",36.4828768,0.901187038819378,47,15.9692823,1194.625,-1307.62064590056,0.516895018290005,67.7345487752442,28.6423430475346,1,35.00412619,"Southeastern Plains","White / red / jack pine group",0.929440553941148,0.819089950231976,0.733536283730164,-0.289059626139851,-0.676309117531486,-0.12690926240993,0.449818212783975,0.792508329806355,0.94745861428613,"High"
"37155",53.66088036,0.84026622296173,46,16.57170367,1206.621429,-1094.69104243126,0.593989188258146,45.8643728924968,23.3170251134297,2,34.64237356,"Southeastern Plains","White / red / jack pine group",0.558939801719474,-0.0451373679700161,-0.00471507449401628,0.184535826235959,-0.0585056721250979,-0.0748911719871759,0.487052122610951,0.932427221316915,0.881116316592438,"High"
"37157",62.15064011,0.783557046979866,51,14.15854601,1151.862069,-1555.88478342867,0.500317489382138,67.609026364695,28.966909162752,4,36.39594665,"Piedmont","White / red / jack pine group",0.214052884770638,0.814129775388171,0.77853103866456,-0.841245722415879,-0.809155148299267,-0.0491826495270163,0.317092789510832,0.37194520384231,1.2128278050609,"Moderate"
"37159",106.3937721,0.866017052375152,45,14.83970891,1143.987342,-1395.34532361617,0.558060468231003,74.4281573108714,28.5028155664655,3,35.63740624,"Piedmont","White / red / jack pine group",0.715548040359914,1.08359625255223,0.714193522662477,-0.484175794818747,-0.346424810900225,0.0847935271807778,0.292651609970649,0.530152669002648,0.814774018898747,"High"
"37161",45.57329441,0.837225514116417,47,14.47515076,1307.761905,-1394.84425730849,0.458036580327361,66.3783164018011,25.0670863698298,3,35.40124932,"Piedmont","White / red / jack pine group",0.540447191293703,0.765496733915683,0.237896749907798,-0.483061329188841,-1.14797832130638,-0.0993818397053107,0.800966818662706,0.445480088016452,0.94745861428613,"High"
"37163",25.83076776,0.878370625358577,46,16.25197938,1244.576642,-1234.12991199139,0.468085418027458,78.5045260250059,31.4566386278693,2,34.99289885,"Southeastern Plains","White / red / jack pine group",0.790678486637575,1.24467905411296,1.12368341866843,-0.12560242336456,-1.06745074631576,-0.159165768196553,0.604855593819398,0.8581677901719,0.881116316592438,"High"
"37165",42.24808618,0.89041095890411,30,16.30284657,1193.04,-1130.06993632748,0.40696021003522,82.1833375996214,31.8364926809599,1,34.83864545,"Southeastern Plains","White / red / jack pine group",0.863903911688409,1.3900518887141,1.17634276672823,0.105846517721129,-1.55728498558952,-0.109451169460568,0.444898769916789,0.869982246287653,-0.180360446506626,"High"
"37167",60.6401149,0.874321179208689,42,15.48661575,1187,-1271.21586745053,0.455789418896416,65.6002574271175,24.8307203551686,1,35.31644571,"Piedmont","White / red / jack pine group",0.766051061290541,0.734750761651955,0.205129216866412,-0.208088557590573,-1.1659862209309,-0.0537567920742094,0.426152123280949,0.680403793001451,0.615747125817672,"High"
"37169",39.25768664,0.787054063994115,44,13.7667452,1190.6,-1554.39745410141,0.505139818141225,64.6384657984985,27.4404499145662,4,36.40186231,"Blue Ridge","Oak / pine group",0.23532061429906,0.69674436406618,0.566917267019122,-0.83793762248943,-0.770510834164003,-0.118506638166728,0.43732562127582,0.280945219847488,0.748431721205055,"Moderate"
"37171",52.12158353,0.755902192242833,47,13.35129559,1187.88,-1650.24089999967,0.453009056547823,43.9208101793145,24.9493236662355,4,36.41692849,"Piedmont","Oak / hickory group",0.0458649782495932,-0.121939676299688,0.221571250293988,-1.05111145730563,-1.18826699052929,-0.0795524401846543,0.428883422790807,0.184452545775028,0.94745861428613,"Moderate"
"37173",10.41914753,0.783453046022878,48,11.02816468,1632.926829,-1724.19983996238,0.53954265000907,38.2741341002207,24.0721766395363,4,35.48666928,"Blue Ridge","Aspen / birch group",0.213420384495431,-0.345075134869102,0.0999719407624661,-1.21561003833044,-0.494819584508231,-0.205834931576636,1.81019727041727,-0.355119783408972,1.01380091197982,"Moderate"
"37175",34.73567265,0.73732921992067,34,12.08530358,1787.964286,-1903.72525022823,0.583050988027381,30.5337299917849,19.9566159112345,5,35.2038087,"Blue Ridge","Oak / hickory group",-0.0670898487578628,-0.650946871808824,-0.470570200593005,-1.6149082876228,-0.146160261206271,-0.132200111439287,2.29139469122822,-0.109587817866827,0.0850087442681401,"Moderate"
"37177",3.930415757,0.613724643936124,20,16.10123798,1287.492537,-877.657124161317,0.502876219160559,42.2781124949763,22.0678309552076,1,35.87135914,"Middle Atlantic Coastal Plain","Oak / gum / cypress group",-0.818813011614459,-0.186852927201898,-0.177891454834993,0.667260046021433,-0.788650458079167,-0.225483980717764,0.738055779022343,0.823156466465455,-0.843783423443541,"High"
"37179",143.8674778,0.840932642487047,48,15.70536663,1204.833333,-1561.35157454867,0.601353940580635,46.5473289742724,21.3843461531937,4,34.98965927,"Piedmont","Oak / hickory group",0.562992750320853,-0.0181495053132609,-0.272643278041801,-0.853404893199728,0.00051266040612554,0.19827066116609,0.481502320646886,0.731211055443949,1.01380091197982,"High"
"37181",68.24827738,0.926726726726727,38,14.59020615,1112.157895,-1328.37065941076,0.549985854432686,65.8535322505687,28.0638290068498,2,36.36591116,"Piedmont","White / red / jack pine group",1.08476469804471,0.744759232668048,0.653336607096379,-0.335211555580626,-0.41113170413207,-0.03071790502,0.193860981572772,0.47220294917776,0.350377935042906,"High"
"37183",505.0318757,0.842639593908629,43,15.33821222,1155.828125,-1613.90419251842,0.380185100263864,56.3342437665497,27.2916215537641,5,35.79027379,"Piedmont","White / red / jack pine group",0.573373878294906,0.368592657609787,0.54628512057003,-0.970291791382982,-1.77185056265863,1.29194154333942,0.329402433611817,0.645935464937568,0.682089423511364,"High"
"37185",17.75531874,0.894417124674573,48,14.5942282,1117.446154,-1274.23668758192,0.424119211341037,67.3525987619435,28.6684899871016,2,36.39724796,"Piedmont","White / red / jack pine group",0.888268119727736,0.803996718359868,0.737161046399285,-0.214807429242809,-1.41977925550841,-0.183619683103455,0.210274412498566,0.473137113876466,1.01380091197982,"High"
"37187",13.13490284,0.857142857142857,27,16.04956798,1256.241379,-1195.07559786138,0.569994457018744,80.2730840371791,31.3117494432865,1,35.83809636,"Middle Atlantic Coastal Plain","White / red / jack pine group",0.661578047301876,1.31456583308262,1.10359736209231,-0.0387382895556796,-0.2507903499085,-0.197611135092473,0.64106001478612,0.811155549027299,-0.3793873395877,"High"
"37189",68.79417502,0.751389992057188,37,10.4537803,1313.25,-1787.22386110414,0.649237305304301,42.4738488582116,20.2001307290332,8,36.23108847,"Blue Ridge","Oak / hickory group",0.0184232321169969,-0.179118160312944,-0.436811625572296,-1.35578730498034,0.384231788793609,-0.0290648285900235,0.818000490462196,-0.488526780160399,0.284035637349215,"Low"
"37191",86.28230002,0.864665127020785,42,16.05128244,1240.792683,-1280.38361608391,0.399852562764728,84.480046343802,30.1356227323741,2,35.36454024,"Southeastern Plains","White / red / jack pine group",0.70732606641408,1.48080920357594,0.940550356726847,-0.22847935337731,-1.61424297572364,0.0238923654399462,0.593111133180738,0.811553750941583,0.615747125817672,"High"
"37193",35.01039344,0.714591254752852,52,13.08996315,1250.911504,-1654.99818799029,0.519496119937779,50.2988558469464,25.872294351756,5,36.20792407,"Piedmont","Oak / hickory group",-0.205374818846772,0.130096765119863,0.349523115444203,-1.06169255979814,-0.65546487521704,-0.131368207379812,0.624517418223505,0.123755254574105,1.27917010275459,"Moderate"
"37195",85.69105431,0.885159010600707,26,15.63996679,1186.254545,-1164.2317693708,0.186780081743031,77.2649092698322,26.6042180854719,2,35.70187219,"Southeastern Plains","White / red / jack pine group",0.831963256107122,1.195694049618,0.450990050793125,0.0298641812562484,-3.32172504539104,0.0221019668818471,0.423838417739903,0.716021233878078,-0.445729637281392,"High"
"37197",43.33045357,0.752636625119847,39,13.9300256,1184.461538,-1732.94269220897,0.469726165452111,40.4384642124456,26.2955894838385,2,36.16226484,"Piedmont","Oak / hickory group",0.026004852306372,-0.259548927004103,0.408204720947653,-1.23505578470537,-1.05430241859641,-0.106173565950533,0.418273373262323,0.318868862186737,0.416720232736598,"Moderate"
"37199",22.07235517,0.732558139534884,45,10.75314893,1334.595745,-1588.15873557691,0.611957401139805,38.7793660543064,24.3063105172573,6,35.90247493,"Blue Ridge","Oak / hickory group",-0.0961060207666931,-0.32511026311451,0.132430031598103,-0.913029056994834,0.0854847726863814,-0.170546918821523,0.884252334616788,-0.418995171640876,0.814774018898747,"Moderate"
"38099",3.206052857,0.901960784313726,7,3.64593926,467.0666667,-1239.24170614787,0.104020018409051,55.9714192271471,6.33888817287905,1,48.36938476,"Lake Agassiz Plain","Elm / ash / cottonwood group",0.934146224468508,0.354255192728531,-2.35840227431459,-0.136972014189629,-3.98493281182672,-0.227677482116193,-1.80834055896029,-2.06972163700436,-1.70623329346153,"Low"
"38101",13.22702622,0.975806451612903,5,4.233308476,437.4842932,-562.486143419213,-0.245429339490867,-15.4860178914701,1.7982322840675,4,48.22110318,"Northern Glaciated Plains","Oak / hickory group",1.3832517542859,-2.46947469301632,-2.98787555997058,1.36825953490558,-6.78528746114503,-0.197332168896306,-1.90015683423412,-1.93329877137769,-1.83891788884891,"Low"
"39001",18.30750607,0.789319248826291,49,11.57659221,1091.638298,-1565.5136739728,0.618008162417471,50.9636465650556,28.6233429910566,7,38.84531585,"Interior Plateau","Oak / hickory group",0.249096737819851,0.156366800740853,0.730902296863129,-0.862662184471057,0.13397327922609,-0.181947560358695,0.130173293813032,-0.22774154635959,1.08014320967351,"Moderate"
"39003",98.60852058,0.719546742209632,25,10.03922217,895.28,-1140.50765268111,0.610675806517945,40.8957260000368,27.2921196074994,8,40.77290689,"Eastern Corn Belt Plains","Oak / hickory group",-0.175237142512098,-0.241479656298423,0.546354165996257,0.0826310750690679,0.0752145593443525,0.0612183826002835,-0.479273664236779,-0.584812398342055,-0.512071934975083,"Low"
"39005",48.86489562,0.820754716981132,38,9.379266183,982.2777778,-2212.9304576239,0.715238601937273,33.0596836334589,20.934534612573,12,40.84760861,"Erie Drift Plain","Oak / hickory group",0.440277115722603,-0.551130658471071,-0.335000865873589,-2.30263877548153,0.91314115350938,-0.0894142780629247,-0.209254359846071,-0.738094328142781,0.350377935042906,"Low"
"39007",53.57399073,0.807594936708861,44,9.114903513,1018.434211,-1541.75482259933,0.596299174854055,47.4727460109679,26.5989355232063,10,41.70836478,"Erie Drift Plain","Unknown",0.360243576753898,0.0184195048368905,0.450257726673563,-0.809818034194083,-0.0399943154507222,-0.0751542894451711,-0.0970338504399892,-0.799495423099242,0.748431721205055,"Low"
"39009",50.55457165,0.726530612244898,52,11.27397889,1032.772152,-1773.29685094581,0.616585141463333,47.6484871588405,24.4226345316135,7,39.33473387,"Western Allegheny Plateau","Oak / hickory group",-0.132763497583726,0.025364135814618,0.148556085038514,-1.32481101718986,0.122569728883499,-0.0842976345480539,-0.0525324740471888,-0.298026769293713,1.27917010275459,"Moderate"
"39011",43.96828606,0.714788732394366,28,10.0719613,896.375,-1484.26763737981,0.587169322568348,9.69418448589727,26.7452157751347,6,40.55999805,"Eastern Corn Belt Plains","Oak / hickory group",-0.204173823526899,-1.47444754330133,0.470536627577471,-0.681955731131203,-0.113157489793116,-0.104242094227203,-0.475875058596672,-0.577208380611708,-0.313045041894009,"Low"
"39013",48.9217263,0.629680998613038,45,10.43175494,976.0941176,-1199.14059636541,0.629412028855938,28.6170441392179,22.8102313424639,6,40.01629621,"Western Allegheny Plateau","Unknown",-0.721771609143316,-0.726687107419201,-0.0749721360224831,-0.0477796101332602,0.225359540723564,-0.0892421845224442,-0.228446891747644,-0.493642408705118,0.814774018898747,"Low"
"39015",34.31469025,0.672268907563025,44,11.48360737,1107.630137,-1290.73838394806,0.64151187030611,55.0688203392803,26.8907948692411,5,38.93304546,"Eastern Corn Belt Plains","Unknown",-0.462765683510467,0.318587870231661,0.490718326639005,-0.251510303000882,0.322323082063673,-0.133474922011604,0.179807955202144,-0.249338283108963,0.748431721205055,"Moderate"
"39017",316.2558428,0.652802893309222,34,11.32001607,1045,-1069.07795158515,0.697529351308211,41.0631035953102,19.187756711803,6,39.44032469,"Eastern Corn Belt Plains","Oak / hickory group",-0.58115170349819,-0.234865521548627,-0.577157517122655,0.241504153553373,0.7712259339964,0.720293696443699,-0.0145802976278584,-0.287334135342378,0.0850087442681401,"Moderate"
"39019",26.60852392,0.640605296343001,38,9.863437215,985.6721311,-1360.02454690288,0.63775036564755,25.9289411644999,19.4524839344666,9,40.57895311,"Western Allegheny Plateau","Oak / hickory group",-0.655333553948808,-0.832910854194094,-0.540458256325718,-0.405615749840279,0.292179810024674,-0.156810582384859,-0.198719137681784,-0.625640359089585,0.350377935042906,"Low"
"39021",34.97595683,0.542553191489362,28,10.15622216,970.173913,-1051.5043709179,0.61290798496287,-6.28284310169285,14.9885498320768,7,40.13954528,"Eastern Corn Belt Plains","Oak / hickory group",-1.25165482925936,-2.10579974544593,-1.15929556423688,0.280591099428276,0.0931023910001894,-0.131472487640704,-0.246821723477458,-0.557637882757479,-0.313045041894009,"Low"
"39023",130.7598203,0.564986737400531,26,10.53063757,991.9047619,-1308.8950542605,0.701075539118635,38.5852853093391,14.1819614103771,7,39.91644801,"Eastern Corn Belt Plains","Oak / hickory group",-1.11522123889988,-0.332779606179558,-1.2711133007957,-0.291894149822342,0.799643738458701,0.158578312128907,-0.179374613307735,-0.470675846314994,-0.445729637281392,"Moderate"
"39025",175.421501,0.594184576485461,39,11.56928872,1101.816901,-1540.70775866895,0.651930243071562,26.404063845257,24.2717604648938,6,39.0490647,"Eastern Corn Belt Plains","Unknown",-0.93764939925985,-0.814135787984793,0.127640341405013,-0.807489167246063,0.405811970947024,0.293821929757123,0.161765127205001,-0.229437861058649,0.416720232736598,"Moderate"
"39027",39.67468661,0.75,31,10.93279684,1043.890625,-1774.33177809292,0.584209131001422,108.991615496773,29.544301932681,6,39.41495505,"Eastern Corn Belt Plains","Maple / beech / birch group",0.0099697487629051,2.44941447623429,0.85857527300013,-1.32711288965112,-0.136879342559227,-0.117243887110124,-0.0180235196662085,-0.377269997732472,-0.114018148812934,"Moderate"
"39029",74.41176617,0.650887573964497,40,9.678993066,983.4166667,-1525.4858177071,0.624174008361982,34.6655583167753,16.3509690408561,9,40.76934203,"Erie Drift Plain","Maple / beech / birch group",-0.592800057972356,-0.487672514450116,-0.970422741280989,-0.773632710001946,0.183384030647865,-0.0120537502433402,-0.205719534057035,-0.668479511481687,0.483062530430289,"Low"
"39031",25.02735048,0.625644804716286,45,10.19102055,1011.078652,-1820.75968861872,0.61735556406303,41.4597451008887,20.5650336579379,8,40.30109993,"Western Allegheny Plateau","Unknown",-0.74631843856125,-0.219191737007913,-0.386224958969984,-1.43037728750879,0.128743603467122,-0.161598660503989,-0.119863662589338,-0.549555579576315,0.814774018898747,"Low"
"39033",39.97906432,0.632352941176471,20,9.526392882,962.5428571,-1333.26004276387,0.601473279700694,14.2294092459572,15.6173446602038,7,40.85063427,"Eastern Corn Belt Plains","Maple / beech / birch group",-0.705521716299492,-1.29523247192544,-1.07212543812363,-0.346086462983009,0.00146899886303731,-0.116322176552424,-0.270506608976735,-0.703922557915427,-0.843783423443541,"Low"
"39035",1048.392557,0.774468085106383,35,10.04001958,936.6887755,-1922.42304525337,0.649864269496446,25.9974596690375,23.794264691374,14,41.42473052,"Eastern Great Lakes Lowlands","Oak / hickory group",0.158776750273223,-0.83020325990033,0.0614448751982519,-1.6564956974948,0.38925604209595,2.93733560518771,-0.350751200342523,-0.584627191228172,0.151351041961832,"Low"
"39037",33.17264555,0.621621621621622,26,10.15828078,953.3478261,-1070.25978293395,0.592540015842279,30.5329279178366,22.5869930640216,7,40.13398868,"Eastern Corn Belt Plains","Elm / ash / cottonwood group",-0.770786140477482,-0.650978566762767,-0.105919764747557,0.238875538540958,-0.070118790365822,-0.13693323917075,-0.299045681321535,-0.557159745953598,-0.445729637281392,"Low"
"39039",35.68151269,0.673130193905817,25,9.476241009,871.5846154,-1674.10759457675,0.606427882625164,25.2411273165982,10.9404649716141,7,41.32413723,"Huron/Erie Lake Plains","Oak / hickory group",-0.457527617778907,-0.860090677547193,-1.72048349393852,-1.10419547113359,0.0411733080037037,-0.129335937348606,-0.552818200991168,-0.715570873906173,-0.512071934975083,"Low"
"39041",179.0067738,0.72,24,10.23284447,960.8,-816.222713873832,0.708118284498587,42.9191499487129,26.2650814983135,11,40.27936179,"Eastern Corn Belt Plains","Maple / beech / birch group",-0.172480574828007,-0.161521531492966,0.403975384403017,0.803901719407808,0.856081629451657,0.304678781896502,-0.275916000730123,-0.539841520918293,-0.578414232668775,"Low"
"39043",114.3442067,0.656716417910448,20,10.02073532,894.9705882,-1381.59295255701,0.617955276728472,-12.4858634897601,10.2708989648672,7,41.36830746,"Huron/Erie Lake Plains","Oak / hickory group",-0.557350909169034,-2.35091984431813,-1.8133057479369,-0.453587937203439,0.133549473367751,0.108868875895107,-0.480234000938693,-0.589106169593101,-0.843783423443541,"Low"
"39045",119.577436,0.742718446601942,39,10.7569022,994.72,-2139.887638115,0.644316521057715,39.135276730875,26.4913558864213,10,39.75094319,"Eastern Corn Belt Plains","Unknown",-0.0343143103611013,-0.311046008159295,0.435343910455163,-2.14017781850563,0.344798489714073,0.124716037294252,-0.170636819622892,-0.418123434009888,0.416720232736598,"Moderate"
"39047",27.18272552,0.694444444444444,16,10.8896086,1003.272727,-790.729174340195,0.592901866928861,-23.1491672168357,4.3096627829667,5,39.56023917,"Eastern Corn Belt Plains","Oak / hickory group",-0.327901220849898,-2.77229361070351,-2.63971475533129,0.860604142139902,-0.0672190529653569,-0.155071796463354,-0.144091297960342,-0.387300934495376,-1.10915261421831,"Moderate"
"39049",946.1624491,0.609154929577465,31,11.08206513,966.045977,-1091.40694365329,0.651706398257855,70.7244427891675,24.679755953546,17,39.97099798,"Eastern Corn Belt Plains","Elm / ash / cottonwood group",-0.846604540396305,0.937239346890441,0.184200950062353,0.191840279074166,0.404018163487891,2.62776441560821,-0.259633802538279,-0.342600819787346,-0.114018148812934,"Moderate"
"39051",40.17319299,0.578488372093023,22,9.263521471,874.8387097,-1573.31142036861,0.696028216552552,27.0338237558159,18.8993995755971,8,41.60161236,"Huron/Erie Lake Plains","Oak / hickory group",-1.0331086516115,-0.789250038481388,-0.617132604073669,-0.880005837827214,0.759196409267764,-0.115734319955792,-0.542718307620009,-0.764977291808643,-0.711098828056158,"Low"
"39053",24.82401248,0.66816431322208,54,11.82480595,1065.246575,-1176.15035892432,0.634143897762585,32.8821151495282,23.4191916821984,5,38.826955,"Western Allegheny Plateau","Oak / hickory group",-0.487728502367629,-0.558147498915674,0.0094483255305258,0.00335499831826061,0.263278943902116,-0.162214404611472,0.0482599982514493,-0.170091215398571,1.41185469814197,"Moderate"
"39055",90.3350232,0.852376980817348,36,8.83588207,1069.615385,-1780.08772011003,0.635405251169998,57.7874629264389,27.5257607794585,13,41.49983875,"Erie Drift Plain","Maple / beech / birch group",0.632593524709096,0.426018427939396,0.578743952797763,-1.33991518636809,0.27338695182667,0.0361647415690633,0.061819689855609,-0.864301176939344,0.217693339655523,"Low"
"39057",156.7222322,0.478260869565217,21,10.8285521,1007.71875,-1335.04618837824,0.624503748849332,39.9121209473132,18.4368376409465,8,39.69150993,"Eastern Corn Belt Plains","Oak / hickory group",-1.6426599939084,-0.280348038584998,-0.681257785094623,-0.350059186486289,0.186026445881845,0.237197174040878,-0.130291956550439,-0.401481968278282,-0.777441125749849,"Moderate"
"39059",28.82973534,0.634146341463415,50,10.55868545,961.3125,-1236.47803215181,0.614571110203846,39.013268577858,20.4119922686075,6,40.04850837,"Western Allegheny Plateau","Oak / hickory group",-0.694614834210127,-0.31586731272703,-0.407441159567907,-0.130825083865908,0.106430046054286,-0.150084353921229,-0.274325329140576,-0.464161422235349,1.1464855073672,"Moderate"
"39061",776.9430947,0.595015576323987,36,11.95548654,1073.225806,-1281.54796530183,0.690949638678803,21.1627185636518,21.5333229366223,13,39.19690998,"Eastern Corn Belt Plains","Oak / hickory group",-0.932595526278414,-1.02125409378981,-0.251990555693399,-0.231069084845362,0.71849861189264,2.11533771551389,0.0730255320234255,-0.139739232209884,0.217693339655523,"Moderate"
"39063",55.05677253,0.794223826714801,24,9.787656575,898.9634146,-1782.17698626558,0.724551023444433,38.6831798653804,17.642490565385,7,41.00254562,"Eastern Corn Belt Plains","Unknown",0.278924798581034,-0.328911180516786,-0.791378498015636,-1.34456210691812,0.987767368365543,-0.0706641589430899,-0.467841268223618,-0.643241233950251,-0.578414232668775,"Low"
"39065",25.77351932,0.72992700729927,20,9.85209399,900.3333333,-1182.5899511105,0.519595191204241,36.9954462925722,33.0305111963557,7,40.66016457,"Eastern Corn Belt Plains","Maple / beech / birch group",-0.112107718359969,-0.395604080806542,1.34187012145957,-0.0109678648479656,-0.65467095565365,-0.159339126789597,-0.46358938382151,-0.62827494602025,-0.843783423443541,"Low"
"39067",14.52161804,0.554169914263445,39,10.19709262,981.2380952,-1379.36536408201,0.62983415075028,17.4468516900896,15.2302390166419,6,40.29396873,"Western Allegheny Plateau","Oak / hickory group",-1.18100566828611,-1.16809121481486,-1.12579007761972,-0.448633361821079,0.228742265523814,-0.193411911567327,-0.212481274136738,-0.548145275516925,0.416720232736598,"Low"
"39069",25.12201326,0.581151832460733,33,9.577204732,877.2428571,-1236.84220163249,0.591988944204846,31.3902157455831,14.5950246764111,9,41.33401236,"Huron/Erie Lake Plains","Oak / hickory group",-1.01691034474615,-0.617101767404924,-1.2138501437494,-0.131635065226574,-0.0745348695117874,-0.161312004546997,-0.535256436466322,-0.692120955114383,0.0186664465744486,"Low"
"39071",30.07371873,0.552112676056338,39,11.12002999,1070.58427,-1508.29198005815,0.661970671306667,40.1971911382248,18.6449115102834,5,39.18402533,"Eastern Corn Belt Plains","Unknown",-1.19351712750579,-0.269083133907884,-0.652412405616873,-0.735390383961994,0.486272155673922,-0.14631734803842,0.0648268661347092,-0.333783069634237,0.416720232736598,"Moderate"
"39073",25.9381142,0.733731343283582,48,10.89082618,1018.2,-2181.60129378401,0.613641323043158,48.9219873911909,26.0032017065579,9,39.49672299,"Western Allegheny Plateau","Oak / hickory group",-0.0889709739804257,0.0756880882343158,0.367670864307254,-2.23295682764731,0.0989790843070483,-0.158840703831362,-0.0977607827007882,-0.387018138345689,1.01380091197982,"Moderate"
"39075",40.15679393,0.654574132492114,38,9.736078016,993.2096774,-1789.92803871042,0.674455293077784,38.6764970722558,18.1900948309312,10,40.56347053,"Erie Drift Plain","Oak / hickory group",-0.570379598095671,-0.32917525943463,-0.715463858211733,-1.36180190415248,0.586319180604329,-0.115783979264742,-0.175324482551423,-0.655220913225227,0.350377935042906,"Low"
"39077",45.70619923,0.811688311688312,31,9.569460404,941.425,-1557.32422134108,0.724682057945975,11.901902920829,15.7764742089171,8,41.14689628,"Eastern Corn Belt Plains","Oak / hickory group",0.385138163073224,-1.3872067916679,-1.05006523309458,-0.844447302835827,0.988817429174981,-0.0989793799596114,-0.336051146188632,-0.693919659216221,-0.114018148812934,"Low"
"39079",29.79977219,0.780350877192982,48,11.45859748,1047.892308,-1521.65823258881,0.654321414354591,38.4322873579469,22.2092333160041,6,39.01907611,"Western Allegheny Plateau","Oak / hickory group",0.194553994267158,-0.338825511339671,-0.158288778298899,-0.765119441409564,0.424973910920211,-0.147146907529367,-0.00560329828381692,-0.255147101088977,1.01380091197982,"Moderate"
"39081",62.38475452,0.615384615384615,44,10.20602379,992.0634921,-1385.28292520335,0.698249952157201,38.9385954383553,25.7664130972863,8,40.38595591,"Western Allegheny Plateau","Unknown",-0.808717600683497,-0.318818115109239,0.334844746774019,-0.461795129797726,0.777000555961365,-0.0484737089038459,-0.178881954537895,-0.546070914499001,0.748431721205055,"Low"
"39083",45.38893977,0.701688555347092,39,9.723227084,1016.9375,-1385.49029797255,0.689175424024707,35.9401293111209,15.1136131930247,7,40.39594503,"Erie Drift Plain","Maple / beech / birch group",-0.283844874906012,-0.437306249532682,-1.14195797102154,-0.462256365806433,0.7042807284049,-0.0999400987777273,-0.101679266372601,-0.658205681445382,0.416720232736598,"Low"
"39085",386.9183006,0.820253164556962,41,9.655289621,966.6646341,-1367.06038180929,0.695460200022616,53.7831477418895,26.8808664857798,14,41.69717777,"Eastern Great Lakes Lowlands","Unknown",0.437226835653015,0.267782911602803,0.48934195011727,-0.42126476886371,0.754644540178477,0.934272352723269,-0.257713645908734,-0.67398489345275,0.549404828123981,"Low"
"39087",51.01073756,0.728481714074621,52,11.9845333,1092.085714,-1618.26771082192,0.555196943367794,47.2650242394436,25.7526819991034,6,38.59735497,"Western Allegheny Plateau","Oak / hickory group",-0.120897525577334,0.0102111195683371,0.332941198101645,-0.979997076093167,-0.369372013357018,-0.0829162819670466,0.13156196097383,-0.132992807425562,1.27917010275459,"Moderate"
"39089",99.24248848,0.666666666666667,42,10.234156,1023.715596,-1524.23448362783,0.743313703687888,31.1207172786185,19.4005405499998,11,40.08899101,"Erie Drift Plain","Oak / hickory group",-0.496836705656293,-0.627751335959519,-0.547659192421531,-0.77084950785584,1.13812437336676,0.0631381516486562,-0.0806417546878662,-0.539536903862986,0.615747125817672,"Low"
"39091",38.15923325,0.730878186968839,33,9.945368078,924.3333333,-1453.50103348633,0.562372915368001,35.317465234177,19.3363493443162,7,40.38972267,"Eastern Corn Belt Plains","Maple / beech / birch group",-0.10632295040977,-0.461911598307332,-0.556558049798378,-0.613525022335463,-0.31186649474647,-0.121832952983617,-0.389099397189036,-0.60661102828835,0.0186664465744486,"Low"
"39093",243.3200303,0.710900473933649,37,9.945611493,912.7862069,-1555.49183171593,0.701993753502569,27.7490570889987,22.4928643821863,11,41.29507265,"Erie Drift Plain","Oak / hickory group",-0.227820957338996,-0.760986699917529,-0.118968868683253,-0.840371723962283,0.807001960361221,0.499430912451934,-0.424938784321515,-0.606554492516757,0.284035637349215,"Low"
"39095",489.152433,0.693877551020408,30,9.865596792,857.1612903,-1967.18142550349,0.761527627829066,41.0202851302249,17.4574251487601,11,41.62231563,"Huron/Erie Lake Plains","Oak / hickory group",-0.331348883805128,-0.236557546681328,-0.817034204749814,-1.75604674627708,1.28408385504275,1.24385572921403,-0.597584588236786,-0.625138773928402,-0.180360446506626,"Low"
"39097",36.67615496,0.830357142857143,12,10.56071928,968.4868421,-1057.77905230077,0.773445395553903,11.8697451177663,15.6111190686242,6,39.89235092,"Eastern Corn Belt Plains","Oak / hickory group",0.498675972667135,-1.38847754742447,-1.07298849484555,0.266635028879058,1.3795883265871,-0.126323981310849,-0.252057968843667,-0.463689043177612,-1.37452180499307,"Moderate"
"39099",214.3583285,0.775561097256858,24,9.589552134,985,-1665.15904167236,0.675577997711615,-8.32557741069508,15.7159121781448,8,41.01639813,"Erie Drift Plain","Oak / hickory group",0.165424097624655,-2.18652094326038,-1.05846097622724,-1.08429220783994,0.59531610983051,0.411729660221593,-0.200805264209045,-0.68925313719339,-0.578414232668775,"Low"
"39101",62.32137423,0.765432098765432,24,9.901867226,937.390625,-1576.45667480151,0.696169073491723,-1.36848786470918,12.1790218143376,6,40.58594325,"Eastern Corn Belt Plains","Oak / hickory group",0.103822795877571,-1.91160285969977,-1.54878176970481,-0.887001474750011,0.76032518336787,-0.0486656358437097,-0.348572835347814,-0.616714572575972,-0.578414232668775,"Low"
"39103",164.0900818,0.848049281314168,31,9.44290192,959.3382353,-2120.78897998172,0.567233343223999,22.3029413490233,21.5618470757369,11,41.11789898,"Erie Drift Plain","Unknown",0.606273852217116,-0.976196766165306,-0.248036240720265,-2.09769881374993,-0.272916868895052,0.259508350387733,-0.280452952103574,-0.723314238615914,-0.114018148812934,"Low"
"39105",20.62376016,0.707818930041152,53,11.61337681,1056.173913,-1385.43456235811,0.642004646892524,33.2308335415707,24.8314926859417,6,39.09274599,"Western Allegheny Plateau","Oak / hickory group",-0.246561913350518,-0.544367456067443,0.205236285448851,-0.462132399325943,0.326272006775204,-0.174933525562693,0.0201007286222432,-0.219197924381738,1.34551240044828,"Moderate"
"39107",34.25974489,0.41025641025641,14,10.10505864,908.7887324,-835.175827011785,0.627373417284957,25.2830802290426,27.7160305020994,6,40.54043016,"Eastern Corn Belt Plains","Unknown",-2.0562411807923,-0.858432855808265,0.605121134950399,0.761746434072893,0.209022880598448,-0.133641306463371,-0.437345943574376,-0.569521164727006,-1.24183720960569,"Low"
"39109",100.7461951,0.65625,32,10.50033584,960.4153846,-1472.22268436646,0.634932868074752,42.5399638788804,22.7883561319686,6,40.05437257,"Eastern Corn Belt Plains","Oak / hickory group",-0.560187512458695,-0.176505542686465,-0.0780047068585207,-0.655165492112018,0.269601452820516,0.0676916462765531,-0.27710975056365,-0.477713751481692,-0.0476758511192429,"Low"
"39111",11.71464216,0.669559412550067,50,10.6955617,1006.643836,-1644.62909009132,0.600652602103202,57.6737215130123,27.5807926563775,7,39.72999711,"Western Allegheny Plateau","Unknown",-0.479243958239873,0.42152379391262,0.586373048071284,-1.0386297374842,-0.00510760021712503,-0.201911940376282,-0.133628220279234,-0.432370429870449,1.1464855073672,"Moderate"
"39113",445.2175202,0.725190839694656,24,11.0079452,995.9868421,-1370.91452305222,0.62175628654448,14.4597534267173,18.2879281034662,10,39.75459551,"Eastern Corn Belt Plains","Maple / beech / birch group",-0.140911562094722,-1.28613013389812,-0.701901185105226,-0.429837103267784,0.164009324758896,1.11081289575764,-0.166704859160624,-0.359815976753707,-0.578414232668775,"Moderate"
"39115",13.49697108,0.698036006546645,47,10.90169531,1029.15625,-1516.39259559692,0.62963297717044,30.2224698268877,23.8909019771958,5,39.62083489,"Western Allegheny Plateau","Unknown",-0.306058498591783,-0.663246706022065,0.074841748097829,-0.753407675208015,0.227130136736368,-0.19651472721354,-0.0637553278657029,-0.384493665116454,0.94745861428613,"Moderate"
"39117",33.41442473,0.781563126252505,33,9.572055513,993.8181818,-1684.14674223936,0.728135214131604,58.5806208257336,21.5343539010201,7,40.52400969,"Erie Drift Plain","Maple / beech / birch group",0.201926502039917,0.457361053069307,-0.251847632608547,-1.12652442211681,1.01648971347209,-0.136201088242754,-0.173435837358848,-0.693316917028259,0.0186664465744486,"Low"
"39119",49.98530572,0.612650602409639,45,10.61756782,1006.876106,-1600.77918273382,0.617708921064443,51.3857758757925,21.4592541013246,10,39.96637102,"Western Allegheny Plateau","Oak / hickory group",-0.825344985749701,0.173047767739403,-0.262258753562002,-0.941099303137586,0.131575272489845,-0.0860214743713432,-0.132907312396103,-0.450485353705584,0.814774018898747,"Moderate"
"39121",13.97880381,0.663987138263666,49,10.80078963,983.704918,-1407.68209205358,0.627195943140389,15.2923706176942,17.0547684419788,5,39.76629574,"Western Allegheny Plateau","Oak / hickory group",-0.513132733129579,-1.25322822556849,-0.872854695536968,-0.511615086179721,0.207600670098873,-0.195055650876163,-0.20482487424521,-0.407930102792493,1.08014320967351,"Moderate"
"39123",61.47975974,0.496774193548387,24,9.904306716,874.2553191,-1198.43130747415,0.649041343452994,11.2493941326209,22.4106894761542,7,41.53823716,"Huron/Erie Lake Plains","Oak / hickory group",-1.53006792885931,-1.4129914914874,-0.130360814993467,-0.0462020183477673,0.382661424822433,-0.0512141961865346,-0.544529005869822,-0.616147974587173,-0.578414232668775,"Low"
"39125",17.37685294,0.682634730538922,17,9.700121698,862.7619048,-1200.44275178364,0.650426056177324,-6.13057358550139,7.18696481632312,7,41.11684177,"Huron/Erie Lake Plains","Oak / hickory group",-0.39972409163585,-2.09978262531266,-2.24083300584123,-0.0506758484876852,0.393757987537132,-0.184765745749068,-0.580201684101843,-0.663572157732641,-1.04281031652462,"Low"
"39127",34.14528621,0.730103806228374,48,10.66602278,1030.590909,-1739.30409650671,0.608703837525998,34.9813142522396,23.7510909432822,6,39.73729273,"Western Allegheny Plateau","Oak / hickory group",-0.111032484299117,-0.475195024247217,0.0554596779644351,-1.24920474331444,0.0594119475779524,-0.133987907972977,-0.0593025057935296,-0.439231164148217,1.01380091197982,"Moderate"
"39129",44.76437749,0.72289156626506,18,11.11508659,979.2727273,-1213.31553176324,0.7236143070604,-13.9151785659428,13.7600659069699,7,39.64174814,"Eastern Corn Belt Plains","Oak / hickory group",-0.154895001469848,-2.40740101492132,-1.32960087511015,-0.0793073302471104,0.980260878449854,-0.101831385913756,-0.218581283661692,-0.334931227854941,-0.976468018830924,"Moderate"
"39131",24.47898471,0.737680060652009,46,11.3779714,1039.185714,-1708.94991799748,0.5597614849728,52.4282748111777,27.5627005829455,6,39.07618495,"Western Allegheny Plateau","Maple / beech / birch group",-0.064956148592474,0.214243415364127,0.583864935325804,-1.18169134607728,-0.332793507726322,-0.163259210876387,-0.0326263845619162,-0.273873381898773,0.881116316592438,"Moderate"
"39133",128.7068378,0.751515151515151,38,9.324969941,1004.680556,-1503.08380599735,0.698939380280788,22.6817658223104,15.7096992885531,13,41.16788099,"Erie Drift Plain","Oak / hickory group",0.0191844115705239,-0.96122704391097,-1.05932227206653,-0.723806426117766,0.782525371525085,0.152361511151521,-0.139721749485725,-0.750705218745531,0.350377935042906,"Low"
"39135",37.31088117,0.507462686567164,33,10.43105468,1017.625,-1547.97444480071,0.652269516123794,65.0074043037749,18.9954512164288,5,39.74199521,"Eastern Corn Belt Plains","Unknown",-1.46506396186014,0.711323429945939,-0.603816919417635,-0.823651642776808,0.408530776541392,-0.124401915963141,-0.0995454386305247,-0.493805051678705,0.0186664465744486,"Low"
"39137",27.0734867,0.821428571428571,10,9.871386706,884.0266667,-1152.78696247134,0.764732193948793,24.7334244015367,6.83446758512438,7,41.02097796,"Huron/Erie Lake Plains","Oak / hickory group",0.444375281122217,-0.88015319241124,-2.28969986466972,0.0553195825371935,1.30976403281259,-0.15540259129621,-0.51420119119877,-0.623794003657684,-1.50720640038046,"Low"
"39139",94.37082353,0.776679841897233,38,9.350073826,993.8481013,-1586.75286126049,0.660491322981155,28.3796969077001,18.5647892921391,7,40.77161324,"Erie Drift Plain","Unknown",0.172227941679723,-0.736066179744774,-0.663519786828828,-0.909902128319721,0.474417219135463,0.0483858722587185,-0.173342974727387,-0.74487456940816,0.350377935042906,"Low"
"39141",43.03583497,0.639460154241645,50,11.24614923,1012.066667,-1755.90062870321,0.623820487956736,53.2664837505317,28.0833892672917,7,39.33721741,"Western Allegheny Plateau","Maple / beech / birch group",-0.66229793884714,0.247366288615562,0.656048255305394,-1.28611854978102,0.180551052168783,-0.107065724164466,-0.116797111583393,-0.304490509413549,1.1464855073672,"Moderate"
"39143",55.61161693,0.851851851851852,17,9.789927496,886.4492754,-862.749670284733,0.678552829758837,64.2434492701451,14.5952344121769,8,41.35661048,"Huron/Erie Lake Plains","Oak / hickory group",0.629399859719706,0.681134792530287,-1.21382106798043,0.700417024888724,0.619155285854308,-0.0689839901115404,-0.50668202079549,-0.642713787938453,-1.04281031652462,"Low"
"39145",47.73939402,0.785591766723842,50,11.75441304,1061.380435,-1436.50253975115,0.595291748132774,60.0781546023092,25.7978782940011,8,38.8024239,"Western Allegheny Plateau","Oak / hickory group",0.226427393960813,0.516537970830988,0.3392067819612,-0.575717177869249,-0.0480674511970323,-0.0928224997340439,0.0362604683798133,-0.186440731580911,1.1464855073672,"Moderate"
"39147",38.71417377,0.727777777777778,25,9.679571436,919.452381,-1081.40071716436,0.566579657801945,70.0476801686752,25.6475976353463,8,41.12369899,"Huron/Erie Lake Plains","Oak / hickory group",-0.125178639082214,0.910496226592593,0.318373302769994,0.214096007180487,-0.278155256001675,-0.120152493083386,-0.404248650171567,-0.668345178781499,-0.512071934975083,"Low"
"39149",46.03558691,0.683937823834197,19,10.09754103,924.2923077,-879.483670239752,0.662077165788889,46.5563452073484,16.0502038619976,6,40.3316735,"Eastern Corn Belt Plains","Oak / hickory group",-0.391799098522781,-0.0177932176010208,-1.01211796108689,0.663197464293916,0.487125562073662,-0.0979819347057125,-0.389226730372185,-0.571267211116443,-0.910125721137233,"Low"
"39151",249.3513098,0.62568306010929,28,9.739976421,966.8181818,-2414.47570457676,0.676319006895649,24.1217908825133,18.2766760095884,14,40.81399419,"Erie Drift Plain","Oak / hickory group",-0.746085781600162,-0.904322654911311,-0.703461068231631,-2.75091327958822,0.601254276454046,0.517694713673076,-0.257237072320381,-0.65431546641769,-0.313045041894009,"Low"
"39153",505.8414237,0.591379310344828,37,9.681799005,968.7058824,-1594.86142721986,0.609104059222374,22.156994608679,21.2332984022379,18,41.12441603,"Erie Drift Plain","Oak / hickory group",-0.954710123097087,-0.981964033913142,-0.293583099603566,-0.92793710279522,0.0626191724958633,1.29439300057183,-0.251378122634544,-0.667827801741499,0.284035637349215,"Low"
"39155",124.3970517,0.808607021517554,47,9.309851841,1002.509259,-1711.84615005428,0.593214188844695,42.5342341524397,24.2784219260589,9,41.31718776,"Erie Drift Plain","Oak / hickory group",0.366398750115481,-0.176731959983812,0.128563822934894,-1.18813311043872,-0.064716223558699,0.13931070217541,-0.146460911340106,-0.754216561302562,0.94745861428613,"Low"
"39157",62.71731889,0.673625608907446,46,10.14057981,978.606383,-1424.61731762046,0.620905409727149,36.4974848268852,20.8105590114674,8,40.44375501,"Western Allegheny Plateau","Oak / hickory group",-0.454514663533606,-0.41528165013044,-0.352187662424592,-0.549282210350124,0.157190720581943,-0.0474666440601566,-0.220649449411676,-0.561270988058209,0.881116316592438,"Low"
"39159",51.75136765,0.75,15,10.16312935,926.9253731,-1131.05783163187,0.621361621205839,12.7136897705718,10.2384308690474,6,40.30013179,"Eastern Corn Belt Plains","Oak / hickory group",0.0099697487629051,-1.35512802029147,-1.81780681550405,0.103649252916426,0.160846626385003,-0.0806735205857914,-0.381054355103501,-0.556033613028049,-1.175494911912,"Low"
"39161",26.62375222,0.803571428571429,19,9.97092902,886.5588235,-1295.92070834655,0.747142228857757,-9.25780188646738,13.0932661323315,8,40.85547905,"Eastern Corn Belt Plains","Oak / hickory group",0.335773898032394,-2.22335895786887,-1.42203964503556,-0.2630367663384,1.16880472237043,-0.156764468348171,-0.506342010941131,-0.600674222509687,-0.910125721137233,"Low"
"39163",12.21432606,0.743442098528471,42,11.20278648,1031.390625,-1880.10686904925,0.56591769378213,58.0305642853931,26.3437057713496,10,39.25209473,"Western Allegheny Plateau","Oak / hickory group",-0.0299132927556878,0.435624881798141,0.414875104772116,-1.56237656945588,-0.28345998465166,-0.20039880747919,-0.0568203877039556,-0.314561978015086,0.615747125817672,"Moderate"
"39165",223.6625448,0.709534368070953,37,11.21309632,1048.015625,-1188.56977016412,0.703991273028535,35.9220889982227,19.194734301045,5,39.42657086,"Eastern Corn Belt Plains","Unknown",-0.236129172562607,-0.43801913503114,-0.576190210607104,-0.0242681061656695,0.823009324418948,0.439904503888133,-0.00522055321375192,-0.312167405949272,0.284035637349215,"Moderate"
"39167",36.78934979,0.687845303867403,51,11.26447957,1029.887755,-1665.52626095711,0.604454193394033,60.7054852331304,24.1083790930012,7,39.45699854,"Western Allegheny Plateau","Oak / hickory group",-0.368035065306666,0.541327724311126,0.104990704106218,-1.08510897253798,0.0253569108927659,-0.125981206966801,-0.0614849196293869,-0.300233089306072,1.2128278050609,"Moderate"
"39169",80.77335789,0.706422018348624,38,9.551092831,969.25,-1778.3992476181,0.748521452683235,44.7013716457578,18.9227044660356,24,40.82939635,"Erie Drift Plain","Unknown",-0.255057479694841,-0.0910948149481954,-0.61390183602707,-1.3361597062441,1.17985729913102,0.00721029590543155,-0.249689317936606,-0.698185727091435,0.350377935042906,"Low"
"39171",33.74012782,0.772182254196643,29,9.054792867,885.6,-1503.77388750387,0.603999684551623,57.9517826278797,20.3828292192585,8,41.56071818,"Eastern Corn Belt Plains","Oak / hickory group",0.144875063968018,0.432511726194759,-0.411484046970737,-0.725341297070097,0.0217146493712453,-0.135214800591374,-0.50931795884521,-0.813456772040605,-0.246702744200317,"Low"
"39173",81.74334779,0.69758064516129,21,9.731328319,863.6464646,-1510.32229747211,0.57765083611894,39.2624775156691,21.4664311678463,8,41.36304132,"Huron/Erie Lake Plains","Unknown",-0.308827859662077,-0.306019510260734,-0.261263793416284,-0.739906191432933,-0.189435030960345,0.0101476001242321,-0.577456232115275,-0.656324081825058,-0.777441125749849,"Low"
"39175",20.78833314,0.776923076923077,18,9.791309834,913.53125,-1098.33645056204,0.731499915095216,21.3228592762781,9.92114875595334,6,40.84338115,"Eastern Corn Belt Plains","Maple / beech / birch group",0.173707218652186,-1.01492593349745,-1.8617917857594,0.176427753498952,1.04345315116058,-0.174435168921603,-0.422626357214864,-0.642392724957814,-0.976468018830924,"Low"
"40001",14.91652861,0.797117516629712,45,14.80178876,1168.918605,-842.591019682987,0.49287030576348,62.7191009709506,25.7476492790264,2,35.88475354,"Ozark Highlands","Oak / hickory group",0.296523287292609,0.620898265413106,0.332243509723527,0.74525365209071,-0.868834053981528,-0.192216051194647,0.370032003620679,0.521345303231553,0.814774018898747,"High"
"40013",20.20705205,0.767908309455587,39,16.86542758,1059.797101,-778.506122507889,0.646749022312191,41.9978298311532,21.0573594918689,1,33.96475383,"East Central Texas Plains","Elm / ash / cottonwood group",0.118882310600839,-0.197928646765975,-0.317973594434412,0.887790506401218,0.364291632406856,-0.176195392814621,0.0313461963591992,1.00064778244566,0.416720232736598,"High"
"40017",62.27518463,0.781456953642384,12,15.42078336,817.1615385,-505.27734121277,0.611250670613736,29.2036042310787,15.8426335071486,1,35.54145408,"Central Great Plains","Elm / ash / cottonwood group",0.201280794470814,-0.703508452712859,-1.04089353811169,1.49550266183295,0.0798213022299283,-0.0488055062763243,-0.721733795606965,0.665113507010615,-1.37452180499307,"High"
"40019",22.71896568,0.841935483870968,28,16.7332801,928.4672131,-406.872126037715,0.576831438981545,70.8851690536806,22.3619717251626,1,34.25109697,"Cross Timbers","Oak / hickory group",0.569091708154411,0.943590645997018,-0.137114579986321,1.71437435293479,-0.196001368918818,-0.168588865671749,-0.376268870062275,0.969955098158059,-0.313045041894009,"High"
"40021",25.18826473,0.729210196406185,48,15.15258121,1150.231405,-796.023053331442,0.560303218651197,64.6801159429291,25.0105441401199,1,35.90683373,"Ozark Highlands","Oak / hickory group",-0.11646713100653,0.698390221548853,0.230058273708466,0.848829560424477,-0.328452259443285,-0.161111383156679,0.31203161702908,0.602820651216425,1.01380091197982,"High"
"40027",202.1778533,0.802083333333333,26,15.79124419,934.8372093,-523.504098466022,0.488638702158202,114.253540659944,34.5398435250316,4,35.20403207,"Cross Timbers","Oak / hickory group",0.326723782774903,2.65734602176586,1.55110958010683,1.45496292848422,-0.902744520726487,0.374844986276066,-0.356497997904487,0.751157049393054,-0.445729637281392,"High"
"40031",43.82474854,0.7,20,16.22914539,788.9593023,-326.312195873747,0.598152621000681,49.3497942915187,19.4719228450156,1,34.6643235,"Central Great Plains","Oak / hickory group",-0.294114123888615,0.0925934122774689,-0.537763430910077,1.89355477664167,-0.025141500825,-0.104676751704618,-0.809266470504627,0.852864348546707,-0.843783423443541,"High"
"40035",7.239648966,0.422818791946309,24,14.57869707,1070.130435,-752.568693589283,0.529083475197095,45.9138658620702,18.3446443645374,1,36.76254147,"Central Irregular Plains","Oak / hickory group",-1.97984082731248,-0.0431815914552961,-0.694038582855498,0.945480222542279,-0.578635445521018,-0.215463026204948,0.0634182760062363,0.469529840626006,-0.578414232668775,"High"
"40039",11.29630923,0.674418604651163,14,15.11302642,693.9862069,-436.879997472518,0.664826199587271,33.7040021810727,9.84976286476667,1,35.63898065,"Central Great Plains","Unknown",-0.449691919198694,-0.525669606239144,-1.87168804580974,1.64763120771004,0.509155276549878,-0.203178727875978,-1.10403916245424,0.593633622591041,-1.24183720960569,"High"
"40041",22.36698485,0.769533445756043,38,14.59314762,1128.675439,-873.446183726951,0.565216255242456,48.3586837023325,22.645236143902,3,36.40813987,"Ozark Highlands","Oak / hickory group",0.128765865397424,0.0534284393423549,-0.0978454988800691,0.676625968877851,-0.289081047135768,-0.169654727055353,0.245127299562827,0.472886137461422,0.350377935042906,"High"
"40043",1.886811373,0.956395348837209,17,14.63826502,662.5465839,-347.77550474844,0.581343404493597,5.80027062489268,19.449935661208,1,35.98804855,"Central Great Plains","White / red / jack pine group",1.2651996881965,-1.62832041343495,-0.54081152465966,1.84581634426603,-0.159844188161149,-0.231672383069873,-1.20161987482924,0.483365142540273,-1.04281031652462,"High"
"40047",22.45286202,0.733333333333333,10,14.98091457,838.7405063,-508.383225042229,0.490761221047765,90.7737165858476,33.1281239179317,3,36.37927052,"Central Great Plains","Elm / ash / cottonwood group",-0.0913915421209372,1.72951144465949,1.35540221948172,1.48859459253083,-0.885735459166397,-0.169394675508693,-0.654758086316774,0.562949213757056,-1.50720640038046,"High"
"40051",19.4061391,0.605990783410138,24,15.95179161,841.2560976,-480.350564410792,0.485431839152048,36.4136865518113,20.6055306793497,1,35.01473219,"Central Great Plains","Elm / ash / cottonwood group",-0.86584785680023,-0.418593043643018,-0.380610837629017,1.55094449774238,-0.928443104873213,-0.178620701559513,-0.646950321220533,0.788445927510509,-0.578414232668775,"High"
"40061",8.49427909,0.837158469945355,44,16.04127895,1155.282609,-630.764735582827,0.545196740425854,31.968873094208,20.9208494846119,1,35.22260705,"Arkansas Valley","Oak / hickory group",0.540039450270199,-0.594235399468922,-0.336898041672249,1.21639511485104,-0.449509847837197,-0.211663780092943,0.327709288630659,0.809230331983126,0.748431721205055,"High"
"40063",6.366477312,0.844961240310077,38,15.9868793,1049.03937,-577.409177264409,0.530133148422499,57.3052520373061,24.1323435062879,0,35.04920221,"Cross Timbers","Oak / hickory group",0.587493382868502,0.406963262322196,0.108312902118969,1.33506790326027,-0.570223762309778,-0.218107147327273,-0.00204310524020775,0.796595423751763,0.350377935042906,"High"
"40069",6.621480303,0.796420581655481,33,16.44783149,1012.369565,-565.865102492618,0.574197734869784,45.6563906006047,19.8110195371839,1,34.3144259,"Cross Timbers","Oak / hickory group",0.292284753573601,-0.0533560480263209,-0.490754295181423,1.36074409494395,-0.21710687501739,-0.217334952316509,-0.115856992084601,0.903656565132197,0.0186664465744486,"High"
"40071",18.50491516,0.597902097902098,22,14.65314714,889.2551724,-641.853270688789,0.664330128640014,31.7876074193858,17.9112763518945,2,36.81811419,"Central Great Plains","Elm / ash / cottonwood group",-0.915040633079131,-0.60139833902979,-0.754116596582262,1.19173212899031,0.505179952079713,-0.18134977005914,-0.497973219544569,0.486821676185033,-0.711098828056158,"High"
"40073",6.797475565,0.471698113207547,9,15.42776573,811.1538462,-551.02345257952,0.64012633173183,45.4170285481653,20.2466034977485,1,35.94532312,"Central Great Plains","Oak / hickory group",-1.68257256127858,-0.0628147385173388,-0.430369083540245,1.3937547134304,0.311219901300622,-0.216802006947118,-0.740380167236925,0.666735238109757,-1.57354869807415,"High"
"40077",5.474689377,0.874004550625711,41,15.94755605,1207.271028,-579.403721860898,0.507320080201647,37.8711086362237,21.765005749722,3,34.87842748,"Ouachita Mountains","Oak / hickory group",0.764125428376459,-0.361001189500972,-0.219872257112076,1.33063166125791,-0.753039040727818,-0.2208076419033,0.489068315145387,0.787462172800535,0.549404828123981,"High"
"40079",12.14583565,0.852171637885924,59,15.79525417,1247.920833,-828.907906309867,0.536585251752808,59.5489330307337,24.8256101043333,1,34.89821958,"Arkansas Valley","White / red / jack pine group",0.631344695232916,0.495625119375681,0.204420780362393,0.775687467597189,-0.518519052741854,-0.200606208783307,0.615235124773,0.75208841070346,1.74356618661043,"High"
"40081",14.16343643,0.892052194543298,30,15.66814348,937.5416667,-537.815339246553,0.512057558507301,88.4624467466365,25.3516053662161,1,35.70287536,"Cross Timbers","Oak / hickory group",0.873885377470369,1.63817872993915,0.277339753709987,1.42313203958439,-0.715074685952605,-0.194496550030211,-0.348104039755567,0.722565575476113,-0.180360446506626,"High"
"40083",24.60768598,0.824053452115813,21,15.50545515,895.6134454,-430.284907582666,0.513992750510389,56.887134892768,19.3035014688316,1,35.91899656,"Central Great Plains","Oak / hickory group",0.460338958814712,0.390440841082617,-0.561111766401097,1.66229992699074,-0.69956679102975,-0.162869480237608,-0.478238733262251,0.684779447810516,-0.777441125749849,"High"
"40087",27.0073957,0.432926829268293,23,15.98378942,922.2763158,-494.280292515016,0.594023908390901,88.0235071703207,27.0677195424633,1,35.01150734,"Central Great Plains","Oak / hickory group",-1.91836700463698,1.62083348429843,0.515245478243074,1.51996216472947,-0.0582274381464467,-0.15560272675445,-0.395483864108943,0.79587776563731,-0.644756530362466,"High"
"40089",6.866223869,0.867996011964108,61,16.1546337,1289.176259,-881.896949000011,0.483357969448878,67.9001875802439,28.2101117699692,1,34.11637556,"Ouachita Mountains","White / red / jack pine group",0.727583434272526,0.825635374512171,0.673615856127889,0.65782987882176,-0.945062310300443,-0.216593824693494,0.743281630242044,0.835558201074917,1.87625078199781,"High"
"40091",12.28772288,0.82572347266881,42,15.83769466,1079.859813,-629.506492667635,0.54278660813511,48.2154342334915,18.512376660757,0,35.37230692,"Cross Timbers","Oak / hickory group",0.47049548515797,0.0477677576471529,-0.670785774847709,1.21919368354656,-0.468823734136539,-0.20017654868141,0.0936158275546651,0.761945674425636,0.615747125817672,"High"
"40095",17.34441712,0.881889763779528,25,16.93430328,994.6721311,-693.395359840552,0.511274621244584,86.7521622474772,18.1841944598442,1,34.02314608,"Cross Timbers","Oak / hickory group",0.812080751426366,1.57059470162611,-0.71628182946207,1.07709283679935,-0.721348848300335,-0.184863967257277,-0.170785392694606,1.01664491016378,-0.512071934975083,"High"
"40097",24.21139158,0.696442687747036,45,15.114614,1089.489796,-775.023970800947,0.576319131140072,87.7123408336883,27.9614918130084,2,36.30172287,"Central Irregular Plains","Oak / hickory group",-0.315748549610855,1.60853735782627,0.639149553236849,0.895535466172057,-0.200106809702492,-0.164069531096908,0.123504881927205,0.594002355250349,0.814774018898747,"High"
"40099",12.95616176,0.817857142857143,26,16.33871744,977.5084746,-318.725964191365,0.61199953454487,81.7418328172383,30.0750455401628,1,34.48116554,"Cross Timbers","Oak / hickory group",0.422655004504254,1.37260527575141,0.932152511756693,1.9104279815268,0.0858224138183451,-0.198152395293592,-0.224057081996663,0.878313644571082,-0.445729637281392,"High"
"40101",32.60339485,0.739427012278308,41,15.74638847,1104.130769,-700.079016160949,0.559791358249349,66.1419368203161,23.3343582257243,1,35.61255142,"Central Irregular Plains","Oak / hickory group",-0.0543317522752765,0.756155899489855,-0.00231217689201756,1.06222712913348,-0.332554114615466,-0.138657032874855,0.168946793721223,0.74073882232998,0.549404828123981,"High"
"40105",6.989612237,0.645161290322581,19,14.70175547,1029.711111,-1028.81144343797,0.639682171121362,80.8738631074949,30.0266167522981,1,36.79839018,"Central Irregular Plains","Elm / ash / cottonwood group",-0.627625468087054,1.33830636848364,0.925438805859567,0.33106443465495,0.307660566586022,-0.216220182479407,-0.0620331783459993,0.498111487586941,-0.910125721137233,"High"
"40109",431.7280487,0.816842105263158,20,15.72257372,915.6442308,-382.112207800171,0.380461951638595,81.9628206179122,31.396383443444,5,35.55146966,"Cross Timbers","Oak / hickory group",0.416481873254938,1.3813378847325,1.11533021379082,1.76944506404044,-1.76963198071858,1.06996434512187,-0.416068194233753,0.735207588566475,-0.843783423443541,"High"
"40111",21.3428045,0.794947994056464,29,15.63655846,1044.684211,-500.362751706097,0.582076519111764,79.7829530956228,30.4052407269388,1,35.64645727,"Central Irregular Plains","Oak / hickory group",0.283328950775047,1.29519769670091,0.977927627558758,1.50643363245766,-0.153969285594995,-0.172756129722399,-0.0155604275607202,0.715229612300141,-0.246702744200317,"High"
"40113",8.090140301,0.837329876863253,39,14.85881019,967.7947977,-457.279780968757,0.604285157642621,59.3369641719636,24.5586640414462,4,36.62862687,"Flint Hills","Oak / hickory group",0.541081891858072,0.487248905149542,0.167413920689868,1.6022582556364,0.024002322476258,-0.21288758517577,-0.254205901264712,0.534589148279658,0.416720232736598,"High"
"40115",25.65419859,0.798387096774194,30,14.35257991,1114.493151,-1001.74157771772,0.562795627683766,49.7764660423473,19.7240793268575,1,36.83533229,"Central Irregular Plains","Oak / hickory group",0.30424446423212,0.109453879470238,-0.502806857892601,0.391272903053205,-0.308479038532813,-0.159700451462792,0.20110903108208,0.417011679826505,-0.180360446506626,"Moderate"
"40119",46.17659022,0.75984990619137,30,15.40647112,913.1836735,-534.99399002131,0.570781863273602,81.9431007417169,25.3695096744373,3,36.07706914,"Central Great Plains","Oak / pine group",0.0698737011614249,1.3805586291924,0.279821836474983,1.42940725045629,-0.244480374752313,-0.0975549512728666,-0.423705147583146,0.661789334171539,-0.180360446506626,"High"
"40121",12.99949166,0.859775641025641,42,16.09005933,1134.057692,-506.163755626038,0.542962134180038,35.5977329712669,18.8292549775589,0,34.92039229,"Arkansas Valley","Oak / hickory group",0.677589789680505,-0.450836468591763,-0.626856783064401,1.49353110960065,-0.467417134968795,-0.198021184547923,0.261832464313768,0.820560103862009,0.615747125817672,"High"
"40123",20.57232352,0.735647530040053,32,16.1155802,1022.277778,-537.133451169071,0.61364783126653,22.3710627872677,18.1741155440106,0,34.72991606,"Cross Timbers","Oak / hickory group",-0.0773173441878006,-0.973504862442096,-0.717679074358179,1.42464868681081,0.0990312387413506,-0.175089284977995,-0.08510438150453,0.826487602484419,-0.0476758511192429,"High"
"40125",35.53806398,0.86272439281943,32,15.86160212,972.7924528,-562.88636778586,0.533977375935655,53.6294369283057,24.3184667807883,1,35.20601415,"Cross Timbers","Oak / hickory group",0.695523146979375,0.261708836802747,0.134115260193605,1.367369360703,-0.53941758068106,-0.129770325893336,-0.238694432031682,0.767498441091323,-0.0476758511192429,"High"
"40127",3.058578566,0.91175516383692,53,16.0514397,1228.005025,-697.183415007798,0.522122497049226,48.0805390613557,22.5737184826903,1,34.41638495,"Ouachita Mountains","White / red / jack pine group",0.99371248158114,0.0424372064216694,-0.107760026271649,1.06866749024665,-0.634418084920718,-0.228124060845641,0.553421446785711,0.81159027628078,1.34551240044828,"High"
"40131",52.5958381,0.397810218978102,30,15.13932509,1061.970297,-945.559500569864,0.610369180348296,33.4850057866362,18.2503937607539,2,36.36999638,"Central Irregular Plains","Unknown",-2.13193490166569,-0.534323522315286,-0.707104588888866,0.516232400505553,0.0727573734878972,-0.0781163118814148,0.0380912522337719,0.599741773692324,-0.180360446506626,"High"
"40133",15.02352974,0.722846441947566,38,15.91779469,993.7894737,-527.158596251987,0.558115042969094,56.1394613338255,19.9884163146657,0,35.16456757,"Cross Timbers","Oak / hickory group",-0.155169433014135,0.360895586476542,-0.466161695539286,1.44683463864593,-0.34598746964292,-0.191892032490364,-0.173524940108233,0.780549774422226,0.350377935042906,"High"
"40135",23.89603113,0.776518585675431,55,15.61635356,1168.070707,-823.65947751384,0.537995018885933,37.5784936718455,20.5707026991467,0,35.49454799,"Arkansas Valley","Oak / hickory group",0.171247233351429,-0.37256423532585,-0.385439057090695,0.787360959537331,-0.507221713495251,-0.165024499370523,0.367400340675441,0.710536805318407,1.47819699583566,"High"
"40137",19.25655269,0.75,25,16.49608117,853.6470588,-435.054721553708,0.470901613784375,62.7675500146449,26.0580759878082,1,34.48569254,"Cross Timbers","Oak / hickory group",0.0099697487629051,0.622812789892738,0.375278112018262,1.65169096436385,-1.04488282137044,-0.179073676165917,-0.608491882297554,0.914863076184982,-0.512071934975083,"High"
"40143",440.321646,0.623700623700624,29,15.54787548,1019.195402,-513.890904069405,0.581143755141463,50.2924317368625,18.3666908834843,5,36.11933426,"Central Irregular Plains","Oak / hickory group",-0.758142320408812,0.129842908385495,-0.690982263447332,1.47634447935767,-0.161444102365719,1.09598730639596,-0.0946713042977077,0.694632029154222,-0.246702744200317,"High"
"40145",55.15076178,0.725848563968668,28,15.4947442,1074.825581,-684.993490962146,0.645236098521031,60.4425596557831,22.9028856656157,1,35.95922332,"Central Irregular Plains","Oak / hickory group",-0.136911495207153,0.530937891700003,-0.0621274231323683,1.09578017208499,0.352167634817905,-0.0703795425563142,0.0779908327886329,0.682291713600448,-0.313045041894009,"High"
"40147",48.31344195,0.682403433476395,27,14.91235001,1018.585714,-737.964511230089,0.666044722357238,67.9314387093862,25.5520406087206,2,36.71339156,"Central Irregular Plains","Elm / ash / cottonwood group",-0.401130765765973,0.826870301916241,0.305126186716604,0.977962668563358,0.518920055986545,-0.0910841791529917,-0.0965636230881232,0.547024351675704,-0.3793873395877,"High"
"40153",6.322850898,0.722222222222222,13,14.40116223,605.0962567,-279.31921589599,0.593187926056763,40.5146553163887,18.0214445100507,2,36.42303801,"Central Great Plains","White / red / jack pine group",-0.158965736043496,-0.256538140360931,-0.738843932414927,1.99807599514975,-0.0649266835828111,-0.218239255970768,-1.37993129587755,0.428295450124048,-1.30817950729938,"Moderate"
"41001",2.024919016,0.818871208354053,16,6.517192108,416.6927481,-1374.29888954619,0.850844728553117,48.5990738519715,26.7568772816118,4,44.70765836,"Blue Mountains","Douglas-fir group",0.428822223772708,0.0629277563784183,0.472153267767256,-0.437364570348933,1.99983723281219,-0.231254168238531,-1.96468858075777,-1.40284204782462,-1.10915261421831,"Low"
"41003",52.70620624,0.221476510067114,17,10.595359,1784.769231,-1892.16236654017,0.995645660922058,49.2389130231644,30.6801789092808,7,44.49195711,"Willamette Valley","Douglas-fir group",-3.20433964335887,0.0882118004558527,1.01604243855282,-1.58919026137472,3.16021699891588,-0.0777820972640841,2.28147804105156,-0.455643592823425,-1.04281031652462,"Moderate"
"41005",85.67230163,0.487527575089089,32,8.735550413,1920.166667,-1549.11910500862,0.949624411967754,51.0187107456677,30.2138110578413,8,45.18905327,"Cascades","Douglas-fir group",-1.58630287986,0.158542730618807,0.951389641477109,-0.82619758218659,2.79142016022336,0.0220451803873921,2.70171775762286,-0.887604291553053,-0.0476758511192429,"Low"
"41007",18.48896698,0.367134353741497,13,9.67068246,2208.936709,-2123.05004115243,0.844301148893151,81.9025913318888,32.0983719380268,5,45.99699583,"Coast Range","Douglas-fir group",-2.31849561962735,1.37895784926245,1.21264721269984,-2.10272783869782,1.94739946662457,-0.181398064022197,3.59798761464116,-0.670409739785674,-1.30817950729938,"Low"
"41009",30.54951839,0.142716049382716,8,9.773442127,1723.876033,-1978.71532181999,0.757378659933401,58.9840637839825,25.9660769230688,5,45.94454189,"Coast Range","Douglas-fir group",-3.68333536129346,0.473303605508036,0.362524237913536,-1.78170029916343,1.25083559954066,-0.144876540924221,2.09248081167536,-0.646542693537574,-1.63989099576784,"Low"
"41011",15.52450146,0.268112859775982,26,11.21268014,1680.640569,-1708.425914546,0.879550813972122,75.6094083797735,34.1773336973637,4,43.17352387,"Coast Range","Douglas-fir group",-2.9207124068428,1.13027486404917,1.50085467026727,-1.18052586392915,2.22987691653043,-0.190374999842234,1.95828876436666,-0.312264068264337,-0.445729637281392,"Moderate"
"41013",3.076059326,0.829771417952054,11,6.73040749,356.5651303,-1102.46648309457,0.81993700794909,44.1660768649934,22.4539963829815,4,44.14234247,"Blue Mountains","Douglas-fir group",0.495113782718176,-0.112247656850692,-0.12435715790081,0.167241785020631,1.75215447954152,-0.228071125954158,-2.15130964101462,-1.35332046477978,-1.44086410268676,"Low"
"41015",5.427161829,0.522578728461081,33,11.16061675,1959.610714,-812.109430970339,0.970779892225011,66.696424427203,33.7329403239248,3,42.45984645,"Klamath Mountains/California High North Coast Range","Douglas-fir group",-1.37313307069484,0.77806716989048,1.43924820552908,0.813050433563519,2.96095215722859,-0.220951563883569,2.82414219652956,-0.324356354793086,0.0186664465744486,"Moderate"
"41017",24.53415834,0.990120596852218,22,6.037913942,551.1714286,-991.539811824866,0.933772968365663,40.7894177819272,28.3592017396413,7,43.91547836,"Eastern Cascades Slopes and Foothills","Douglas-fir group",1.47030576864724,-0.24568055832739,0.694284269539065,0.413963547540104,2.66439270177762,-0.163092135181923,-1.54730045105786,-1.51415959572624,-0.711098828056158,"Low"
"41019",8.435161024,0.355854440324304,43,10.23394334,1430.402367,-1443.25815036097,0.93048293296413,62.6433438875042,30.5904218796283,9,43.27819761,"Klamath Mountains/California High North Coast Range","Douglas-fir group",-2.38709641472882,0.617904629631999,1.00359937883862,-0.590742925396618,2.63802760559179,-0.211842800250441,1.18161208428689,-0.539586296452543,0.682089423511364,"Low"
"41023",0.611754526,0.831901717938474,18,5.845284727,436.1793548,-1235.70247234246,0.810797751597647,39.5894113525155,24.1774463720313,6,44.48967044,"Blue Mountains","Douglas-fir group",0.508069580113778,-0.293100311322323,0.114565533850424,-0.129100093104787,1.67891594458218,-0.235533484980217,-1.9042070360663,-1.55889981839687,-0.976468018830924,"Low"
"41025",0.278496636,0.818528138528139,11,7.460292498,280.9515939,-1231.89092740824,0.776592424784623,27.2533296557641,17.2668004689689,5,43.06031085,"Northern Basin and Range","Douglas-fir group",0.426735783747632,-0.780575988658524,-0.843460594781033,-0.120622500896089,1.40480742554538,-0.236542649927445,-2.38599511250088,-1.18379676204404,-1.44086410268676,"Low"
"41027",17.20899089,0.640269587194608,25,6.980627816,1636.588889,-1619.45308513698,0.873777197925362,57.9350938450126,28.410888666032,5,45.51861624,"Cascades","Douglas-fir group",-0.657375228707366,0.431852248093686,0.701449652729803,-0.982633571328347,2.18360934678273,-0.185274062286839,1.82156338710258,-1.29520408247526,-0.512071934975083,"Low"
"41029",30.35003974,0.497335131317023,35,9.838381772,903.2606838,-1434.55172511286,0.837890971333154,78.3953952770359,34.9563569887284,9,42.43133217,"Klamath Mountains/California High North Coast Range","Douglas-fir group",-1.52665648627924,1.24036661629092,1.60885103969623,-0.571378199511759,1.89603073428243,-0.145480598224411,-0.454503621337612,-0.631459757247499,0.151351041961832,"Low"
"41031",5.211305064,0.7628125,25,8.087271586,600.8306709,-871.062096882639,0.893006813263884,50.71250330058,33.3225367166973,4,44.63007903,"Blue Mountains","Douglas-fir group",0.0878912411298571,0.146442560940228,1.38235375824821,0.681928626043123,2.33770819258246,-0.221605217067475,-1.39317060542845,-1.03817407440057,-0.512071934975083,"Low"
"41033",20.52199402,0.433511068023913,33,10.91385906,1393.891892,-861.789861264821,0.871128707013253,64.093272186588,33.6021299559331,5,42.36463389,"Klamath Mountains/California High North Coast Range","Douglas-fir group",-1.91481385296974,0.675200357486244,1.42111390199366,0.702551820518704,2.16238534487306,-0.175241691773859,1.06829271784126,-0.381668502362663,0.0186664465744486,"Moderate"
"41035",4.387046207,0.963171092782259,23,6.180399909,639.7568359,-1147.4875038722,0.903978893057853,59.5518230175033,33.7504608420356,5,42.68506765,"Eastern Cascades Slopes and Foothills","Douglas-fir group",1.30640757737462,0.495739320812785,1.44167708328852,0.0671065743491069,2.42563427963663,-0.224101221425922,-1.2723535424908,-1.48106568579663,-0.644756530362466,"Low"
"41037",0.374592582,0.954632282712512,17,7.005524105,340.3744493,-1078.95543905572,0.810074769384879,62.9554552137589,29.6850254022957,2,42.79025009,"Northern Basin and Range","Douglas-fir group",1.25447728869773,0.630238098549474,0.878083834528773,0.21953476521684,1.67312223927086,-0.236251654085534,-2.20156145815048,-1.28942164955857,-1.04281031652462,"Low"
"41039",32.02608338,0.31703465049433,37,9.419887282,1646.592021,-1611.57936357933,0.979998341076485,55.8267657160916,30.989194917833,8,43.93714778,"Willamette Valley","Douglas-fir group",-2.62318585526915,0.348539028551424,1.05888147480371,-0.965120934934816,3.03482531085482,-0.140405236043149,1.85261060247603,-0.728659637696755,0.284035637349215,"Low"
"41041",19.41803631,0.210657193605684,14,10.07919341,2366.296089,-2495.66586721906,0.91648390005775,61.0143701954117,34.2982270187935,3,44.64178304,"Coast Range","Douglas-fir group",-3.27013923633955,0.553533699426117,1.51761416892071,-2.93149545876176,2.52584466406077,-0.17858467466364,4.0863917026701,-0.57552864469118,-1.24183720960569,"Low"
"41043",21.45584985,0.440970684616066,31,9.210355504,1708.961637,-1567.02235881171,0.956037958884497,58.1078020796167,31.444107903013,8,44.48936947,"Cascades","Douglas-fir group",-1.86944687093299,0.438677029715175,1.12194627832129,-0.866017783068596,2.84281589331286,-0.172413808030729,2.04619026339739,-0.777325663794064,-0.114018148812934,"Low"
"41045",1.196139585,0.767441860465116,5,8.393455923,288.9463625,-411.4604360534,1.08918269389199,-36.725912464915,6.42361463965282,5,43.18514298,"Northern Basin and Range","Hemlock / Sitka spruce group",0.116045518292503,-3.30879565799227,-2.34665660392509,1.70416908921329,3.90978731358163,-0.233763861709701,-2.36118135391156,-0.967059444069754,-1.83891788884891,"Low"
"41047",112.3696802,0.440113240418118,28,9.623516021,1590.883838,-1142.63432134562,0.957433704338363,56.1406363791135,31.1581081850772,11,44.90510361,"Cascades","Douglas-fir group",-1.87466156997888,0.360942019858855,1.08229800138638,0.0779009643103384,2.85400086813865,0.102889653824255,1.67970636051814,-0.681364656377329,-0.313045041894009,"Low"
"41049",2.17244721,0.752102919346858,12,9.44679024,352.3304598,-1108.96465158018,0.800118703761686,51.2762795539183,25.5175649511516,5,45.41774788,"Columbia Plateau","Douglas-fir group",0.022759025940233,0.168720883807895,0.300346809909261,0.152788637156668,1.59333810452705,-0.230807426281085,-2.16445299722037,-0.722411134158915,-1.37452180499307,"Low"
"41051",725.2355639,0.640224859462836,16,10.42063078,1588.810127,-2349.07648230151,1.07200983511849,35.5797524150283,33.3897284181888,13,45.5463737,"Willamette Valley","Douglas-fir group",-0.657647248345208,-0.451546992731174,1.39166857578611,-2.60545311926373,3.77217053500901,1.95875799405225,1.6732700811569,-0.496226115415566,-1.10915261421831,"Low"
"41053",44.15358722,0.165945165945166,17,10.33644913,1867.732824,-1769.10554952536,0.829457484839142,76.7141476491139,33.2090441654885,6,44.90357718,"Willamette Valley","Douglas-fir group",-3.54206336684179,1.17393001621498,1.36662023189072,-1.31548877519101,1.82844797134534,-0.103680968921655,2.53897624661623,-0.51577821588891,-1.04281031652462,"Low"
"41057",9.380329911,0.284467944481163,13,9.364999394,2430.17619,-2560.82974935517,0.880679311904539,48.4035143842592,26.4257067733643,2,45.46201244,"Coast Range","Douglas-fir group",-2.8212460569489,0.0551999797370184,0.426242942685679,-3.0764321783911,2.23892027105477,-0.208980658531992,4.28465953056889,-0.741407944494563,-1.30817950729938,"Low"
"41059",9.284252052,0.728835731638946,20,8.782698318,470.2676311,-1062.28694119709,0.856624083039712,28.2277667982935,27.7438518633714,12,45.59217483,"Columbia Plateau","Douglas-fir group",-0.118744504938402,-0.742069887794977,0.608978023496933,0.256608636839962,2.04615078824082,-0.209271599603207,-1.79840556748667,-0.876653679683748,-0.843783423443541,"Low"
"41061",5.023455406,0.835477318889641,13,5.920379465,565.1271186,-1332.59922515427,0.809607600861603,51.7651890194248,30.6468411787863,8,45.30763586,"Blue Mountains","Douglas-fir group",0.529815231799525,0.188040752037742,1.01142081311707,-0.344616680436772,1.6693785278672,-0.222174059684232,-1.5039854859934,-1.5414582517087,-1.30817950729938,"Low"
"41063",0.867101471,0.700058997050148,23,5.930215082,517.0558659,-1569.95248606131,0.835786186883185,40.9485968623117,28.2276400033493,4,45.57845829,"Blue Mountains","Douglas-fir group",-0.293755322858935,-0.239390398134253,0.676045803458781,-0.872534936708499,1.87916378979667,-0.234760248414757,-1.65318660978629,-1.5391738230737,-0.644756530362466,"Low"
"41065",4.260339668,0.654482336124158,24,8.805486917,674.3137255,-1285.86682641266,0.885577595833003,45.8485471356111,24.0721948563871,8,45.16192511,"Columbia Plateau","Douglas-fir group",-0.57093787399694,-0.0457627425214223,0.0999744661731576,-0.240675043566957,2.27817326111659,-0.224484911659763,-1.16509761564231,-0.8713607806102,-0.578414232668775,"Low"
"41067",317.5942755,0.146835443037975,18,10.16805637,1569.090226,-1861.07941771612,0.857370442385945,65.2169621874055,30.7122989753942,8,45.5619612,"Willamette Valley","Douglas-fir group",-3.65828253778011,0.719604371477873,1.02049525859622,-1.52005594200507,2.05213182903553,0.724346711857871,1.61206444941175,-0.554889259239852,-0.976468018830924,"Low"
"41069",0.318822806,0.797003210845523,9,7.606537104,409.5719178,-1262.96725844994,0.863853517969601,44.91973709732,26.880151029704,3,44.72670318,"Blue Mountains","Douglas-fir group",0.295828116382156,-0.0824658313678466,0.489242766101171,-0.189742101074165,2.10408473849766,-0.236420535017517,-1.98678985383523,-1.14982986747502,-1.57354869807415,"Low"
"41071",57.21196546,0.112353567625133,12,10.42991094,1587.474138,-1457.73707819162,0.932472055300851,41.2021460446135,30.8799110009778,5,45.23372743,"Willamette Valley","Douglas-fir group",-3.8679901820166,-0.229371085485476,1.04373139342853,-0.622946781808073,2.65396767775897,-0.0641378463643527,1.66912350604227,-0.494070697688202,-1.37452180499307,"Low"
"42001",76.39343607,0.642679900744417,40,11.08148812,1074.404762,-1407.97204666901,0.564851257223743,23.5551020172439,21.2596415072136,11,39.87147966,"Northern Piedmont","Oak / hickory group",-0.642716479136758,-0.926716073277601,-0.28993114243053,-0.512259999733429,-0.292006002857071,-0.00605289666997821,0.0766847160517702,-0.342734836612796,0.483062530430289,"Moderate"
"42003",644.4505209,0.573275862068966,47,10.54976907,979.0175439,-1341.1671591841,0.710221646565437,33.330738953289,22.8655869230234,21,40.46794435,"Western Allegheny Plateau","Unknown",-1.0648094562985,-0.54041956893082,-0.0672981655593079,-0.363673375826563,0.872937175498446,1.71412632559892,-0.21937330899731,-0.466232348115496,0.94745861428613,"Moderate"
"42005",38.6243398,0.635540069686411,53,9.367790205,1067.455357,-1589.91962141751,0.639995024553965,19.5179441207956,21.5925116979444,10,40.81248894,"Western Allegheny Plateau","Unknown",-0.68613862870068,-1.08624941039895,-0.243785189557829,-0.91694559801437,0.310167655366524,-0.1204245265335,0.0551155041537019,-0.740759748396314,1.34551240044828,"Low"
"42007",146.3607893,0.569426751592357,40,10.03686973,973.96875,-1439.30052114422,0.667338239862835,36.3761002263804,19.6382587750924,8,40.6808242,"Western Allegheny Plateau","Maple / beech / birch group",-1.08821850469831,-0.420078314241772,-0.514704201804853,-0.581940414291052,0.529285814797899,0.205820857707037,-0.235043500252357,-0.585358778025009,0.483062530430289,"Low"
"42009",18.36751979,0.784918276374443,50,9.804797774,972.2134146,-1120.18011502275,0.606274360923943,30.0869707096581,21.1885917743015,11,40.00562506,"Ridge and Valley","Oak / hickory group",0.222331442888039,-0.668601122892322,-0.299780800699364,0.127843338822639,0.0399430433027782,-0.18176582799948,-0.24049162152242,-0.639260004726523,1.1464855073672,"Low"
"42011",188.9307205,0.658730158730159,44,10.57206667,1142.525926,-1785.99939228166,0.607232239043081,35.5472551542959,23.5935820791974,14,40.41541622,"Ridge and Valley","Oak / hickory group",-0.54510398702955,-0.452831162581579,0.0336241492163292,-1.35306385621392,0.0476191153394492,0.334730280895679,0.288115740874629,-0.461053488880563,0.748431721205055,"Moderate"
"42013",90.0395267,0.774323546344272,52,9.272117615,1001.541176,-1312.2753992493,0.632296232525298,26.4787047087073,21.7914842015025,9,40.4821101,"Ridge and Valley","Oak / hickory group",0.157897712142604,-0.81118626103111,-0.216201536747112,-0.299412672320262,0.24847245529182,0.0352699249157242,-0.149465598412153,-0.762980744209833,1.27917010275459,"Low"
"42015",20.43141206,0.911266783420899,50,7.951738976,938.973545,-1499.11906295012,0.638288678860414,49.1465954735987,23.4954632409603,11,41.78880851,"Northern Allegheny Plateau","Maple / beech / birch group",0.990742309416523,0.0845637571702438,0.0200218880007099,-0.714988092516363,0.296493647993907,-0.175515990272488,-0.34365984827947,-1.0696529918147,1.1464855073672,"Low"
"42017",400.9879646,0.673031026252983,49,11.13373503,1171.44,-1832.76850296923,0.650496283149741,28.4017558733354,23.4271663309422,17,40.33726825,"Northern Piedmont","Oak / hickory group",-0.458130723457217,-0.735194492163681,0.0105538548790681,-1.45708714735055,0.394320759865281,0.976877830805367,0.377857781947562,-0.330599925575274,1.08014320967351,"Moderate"
"42019",91.84354495,0.69442780107849,40,9.323320147,1030,-1506.08496744934,0.594967357907543,36.1718068230183,22.2188769002234,9,40.91189331,"Western Allegheny Plateau","Oak / hickory group",-0.328002440433363,-0.428151223259996,-0.156951883631549,-0.730481573172707,-0.0506669914591129,0.0407328172783335,-0.061136539273155,-0.751088401280541,0.483062530430289,"Low"
"42021",73.91204812,0.77989518818485,42,8.624461095,1088.543689,-1171.81197467625,0.662426083905736,34.6573044167476,23.5161016057409,8,40.49382956,"Central Appalachians","Maple / beech / birch group",0.191782640700808,-0.487998677619717,0.0228829943270055,0.0130043801659146,0.48992165955862,-0.0135669865527861,0.120568402852918,-0.913405989512779,0.615747125817672,"Low"
"42023",4.396632662,0.938216560509554,37,7.86663539,1068.625,-1569.17639770768,0.60072313853698,56.2138235980389,32.791590442207,9,41.43622455,"North Central Appalachians","Oak / hickory group",1.15464216110079,0.363834104233378,1.30874842366786,-0.870808770365574,-0.00454234798297145,-0.22407219191261,0.0587457829634837,-1.08941922191489,0.284035637349215,"Low"
"42025",64.7655587,0.884267631103074,34,8.597347252,1190.216667,-1221.88953219992,0.557471628366952,26.5664967471859,17.243892165037,11,40.91783163,"Ridge and Valley","Oak / hickory group",0.826542173514274,-0.807717048968957,-0.846636383851584,-0.0983775184657502,-0.351143550293277,-0.0412642048027703,0.436135851690579,-0.919703473377189,0.0850087442681401,"Low"
"42027",56.50766366,0.892796916405685,52,8.837421935,1040.612717,-1390.9937853453,0.546095346178891,42.1139423249251,26.5105422927186,24,40.91994477,"Ridge and Valley","Oak / hickory group",0.878414535629627,-0.19334031653762,0.438003731086286,-0.474497155952449,-0.442308762067447,-0.0662705991367772,-0.0281973247954786,-0.863943526605864,1.27917010275459,"Low"
"42029",268.5212425,0.689300411522634,33,11.27119219,1169.677419,-1951.32823948703,0.660452304302284,56.8908933969187,28.3476176520849,17,39.97365203,"Northern Piedmont","Oak / hickory group",-0.359185569888116,0.390589363068907,0.692678361971081,-1.72078628140637,0.474104538238169,0.575744724496727,0.372387172150535,-0.298674010567661,0.0186664465744486,"Moderate"
"42031",24.82591306,0.766184789440603,43,8.637755235,1122.96875,-1332.37677230246,0.553414809649907,26.4045501956898,23.6234785689748,13,41.19306083,"Western Allegheny Plateau","Unknown",0.108400417785865,-0.814116569239937,0.0377687138146137,-0.344121903490454,-0.383653357219213,-0.162208649312729,0.227415166757589,-0.910318281431662,0.682089423511364,"Low"
"42033",26.78888868,0.839290177455636,47,8.432023918,1075.111702,-1495.06801676606,0.560258121005018,37.9154892967492,25.8689162661625,10,41.00118377,"Central Appalachians","Maple / beech / birch group",0.55300380777193,-0.359247432264102,0.34905480983157,-0.70597780452035,-0.328813654879549,-0.156264405388098,0.0788788806830187,-0.958101609276834,0.94745861428613,"Low"
"42035",16.76139393,0.913919912830292,42,8.48466201,1038.326389,-1487.02978711167,0.562753738464643,41.4959502092991,24.6363229798219,8,41.23213488,"North Central Appalachians","Oak / hickory group",1.0068777867256,-0.217761046925013,0.178179816255829,-0.6880992712049,-0.308814722851229,-0.186629466543039,-0.0352935140520389,-0.945875841980646,0.615747125817672,"Low"
"42037",52.24879968,0.842746400885936,39,9.21667496,1054.9125,-1507.775976104,0.629131411316181,34.2701920000199,22.1236779494857,11,41.04825715,"Ridge and Valley","Oak / hickory group",0.574023443880621,-0.503295908311638,-0.170149359454265,-0.734242694199219,0.223110778165059,-0.0791672067568686,0.0161856187260748,-0.775857901655297,0.416720232736598,"Low"
"42039",32.44637222,0.820682628629648,45,8.358204694,1115.302013,-1689.52902808437,0.641687937461026,34.7850709397164,19.7310898641339,9,41.68508467,"Erie Drift Plain","Unknown",0.439838697620757,-0.482949823870515,-0.50183498377537,-1.13849563728864,0.323734017481682,-0.139132525695498,0.20361953606406,-0.975246924016,0.814774018898747,"Low"
"42041",178.0079017,0.727272727272727,24,10.91095184,1054.084337,-1236.41457930581,0.443840044524592,29.9373860238516,16.6550202753503,17,40.16316559,"Ridge and Valley","Oak / hickory group",-0.128250193351424,-0.674512148599281,-0.928271974019276,-0.130683952812188,-1.26174397615953,0.301654017171248,0.0136152082760955,-0.382343735712664,-0.578414232668775,"Moderate"
"42043",203.8174925,0.807357212003872,44,10.63064075,1078.944444,-1451.12561480919,0.571825188572388,32.5915369838498,18.6487335731528,20,40.41525364,"Ridge and Valley","Oak / hickory group",0.358797811775538,-0.569630058095749,-0.651882551223301,-0.608241644802925,-0.236119561417972,0.379810109252573,0.0907747515307574,-0.447449024044179,0.748431721205055,"Moderate"
"42047",14.04374808,0.728978580279696,43,7.655366171,1111.507576,-1556.89996107425,0.651834495987351,50.9937240141905,24.5952731040801,8,41.42850101,"North Central Appalachians","Maple / beech / birch group",-0.117875745580757,0.157555348713378,0.172489052456125,-0.843503668274354,0.405044690119724,-0.194858987923015,0.191842554338737,-1.13848878751277,0.682089423511364,"Low"
"42049",131.4756045,0.845919610231425,43,8.880436698,1091.205426,-1587.88590778842,0.702904478070336,51.666185380868,24.7541565178388,13,41.99322846,"Erie Drift Plain","Unknown",0.593321879610827,0.184128499594007,0.194515135679336,-0.912422236722756,0.814300161716981,0.160745835677771,0.128829767584133,-0.853952881756148,0.682089423511364,"Low"
"42051",63.63551031,0.718021873514028,49,9.907138314,1090.96124,-1297.84225878927,0.589900139459985,48.66450360809,26.4522512676703,9,39.91990941,"Central Appalachians","Oak / hickory group",-0.184510902076985,0.0655132949202237,0.429922818557367,-0.267310655625542,-0.0912737587000316,-0.0446861949733852,0.12807187542264,-0.615490305266174,1.08014320967351,"Low"
"42053",6.497405224,0.775731822474032,35,7.972171573,1136.602941,-1677.65062969647,0.650663687834008,61.4285026003456,21.8401775635834,7,41.51106754,"North Central Appalachians","Maple / beech / birch group",0.166462393328607,0.569898658702869,-0.209451152800549,-1.11207584705581,0.395662277528161,-0.217710674015255,0.269732279479865,-1.0649072997372,0.151351041961832,"Low"
"42055",77.46748982,0.588888888888889,51,10.85337661,1022.370079,-1328.0618840701,0.625182244128711,34.096575185264,23.0290126154163,11,39.9293932,"Ridge and Valley","Oak / hickory group",-0.969856063114214,-0.510156593612739,-0.0446423840884756,-0.334524781197168,0.19146364977762,-0.00280046836006128,-0.0848179023271898,-0.395716206812196,1.2128278050609,"Moderate"
"42057",12.78796758,0.745634016704632,47,10.46120471,971.0285714,-1128.44303767926,0.525664736050429,25.371933045098,22.6778186230219,9,39.9290125,"Ridge and Valley","Aspen / birch group",-0.0165827534048416,-0.85492172579514,-0.0933285743016271,0.109465046045607,-0.606031924718197,-0.198661717580857,-0.244169077944485,-0.486802380480952,0.94745861428613,"Low"
"42059",24.45868884,0.631025957972806,45,10.48945973,1041.142857,-1461.93466495006,0.658473885143976,28.4682295472496,23.5027424921599,6,39.85715729,"Western Allegheny Plateau","Unknown",-0.713592000129772,-0.732567701906214,0.0210310140569295,-0.632283003579776,0.458250237284339,-0.16332067042826,-0.0265519030657559,-0.480239845891568,0.814774018898747,"Low"
"42061",19.92859918,0.843496545509162,56,9.865348714,986.0070922,-1360.53758474204,0.589506219818018,40.4779144864446,24.7988048712399,11,40.42146792,"Central Appalachians","Oak / hickory group",0.578585581522206,-0.25799000014941,0.200704758148586,-0.406756842405916,-0.0944304813435341,-0.177038598284893,-0.197679502354225,-0.625196392732277,1.54453929352935,"Low"
"42063",39.41406592,0.7168818747011,51,9.218074614,1130.619403,-1325.3515840512,0.639280006663504,28.364468464542,18.5992308290267,12,40.65230676,"Western Allegheny Plateau","Maple / beech / birch group",-0.191444007154051,-0.736667950698125,-0.658745140187778,-0.328496564628822,0.304437773114254,-0.118033093525823,0.251160876745077,-0.775532816846008,1.2128278050609,"Low"
"42065",25.78411971,0.857721518987342,40,8.370758881,1117.825243,-1702.93708740418,0.6400023917571,63.9799758148364,29.4815174211368,10,41.1290425,"Western Allegheny Plateau","Maple / beech / birch group",0.665097281994409,0.670723309837161,0.84987142630093,-1.16831768089171,0.310226693338939,-0.159307026898384,0.211451009771171,-0.972331078037866,0.483062530430289,"Low"
"42067",24.32382473,0.733412322274882,43,10.17808892,1040.566667,-1273.00254370619,0.636765672646173,42.9898087201699,25.1581703444359,9,40.53359789,"Ridge and Valley","Oak / hickory group",-0.0909111568560799,-0.158729361878459,0.250523764632077,-0.212062461339802,0.284288853689458,-0.163729063257162,-0.0283402524573294,-0.552559090781478,0.682089423511364,"Low"
"42069",176.7793544,0.866035182679296,39,7.812299095,1073.890411,-1484.04223620897,0.546222442133476,48.0587251471617,24.8887864713574,13,41.44220977,"Ridge and Valley","Oak / hickory group",0.715658303021843,0.0415752023543752,0.213178950173159,-0.681454396569307,-0.441290263279895,0.297933754550693,0.0750882994220042,-1.10203941526094,0.416720232736598,"Low"
"42071",222.1289038,0.700554528650647,35,11.26018864,1083.251572,-1900.87754595196,0.57771597909465,31.1989603712258,18.6634514195992,17,40.03832999,"Northern Piedmont","Oak / hickory group",-0.290741659496915,-0.624659462421127,-0.649842209169805,-1.60857445816471,-0.188912999854046,0.43526036256313,0.104142997661772,-0.301229704298581,0.151351041961832,"Moderate"
"42073",93.07549458,0.710823909531502,41,9.486741032,994.3035714,-1390.48748065775,0.664378548083252,68.8879100588691,28.9546246981751,6,40.99208443,"Erie Drift Plain","Oak / hickory group",-0.228286597337238,0.864666462026354,0.776828037497085,-0.473371039181303,0.505567967138044,0.0444633827672615,-0.1719293096582,-0.713132129777632,0.549404828123981,"Low"
"42075",149.8267759,0.765,44,10.66837717,1089.122807,-1542.94937137853,0.592358824977231,36.8875372487394,22.2952672160918,14,40.36588206,"Ridge and Valley","Oak / hickory group",0.101194910558361,-0.399868241463564,-0.146361857807204,-0.812474935161598,-0.0715707852540096,0.216316489736284,0.12236584002286,-0.438684331556632,0.748431721205055,"Moderate"
"42077",410.7061082,0.700396825396825,36,10.22555062,1154,-2134.76210567866,0.706269977288924,31.5708489193331,23.6016728026846,9,40.61324109,"Ridge and Valley","Oak / hickory group",-0.291700759819954,-0.609963821913986,0.0347457700617606,-2.12877767116442,0.841269996318164,1.00630612093003,0.323728391661297,-0.541535596622885,0.217693339655523,"Low"
"42079",137.8112716,0.870544720914593,43,8.469330964,1086.319149,-1399.40350451396,0.557617093254605,36.2133183527409,21.137125337527,13,41.17834526,"Ridge and Valley","Oak / hickory group",0.743083860031028,-0.426510843310655,-0.30691561730973,-0.493201951758868,-0.349977849841287,0.179931377405315,0.113663988066942,-0.949436643553833,0.682089423511364,"Low"
"42081",35.82094116,0.915066899360093,52,8.528976341,1001.690355,-1472.56389977909,0.610715629231895,46.2402114713216,23.3528262583211,16,41.34496872,"North Central Appalachians","Oak / hickory group",1.01385338884282,-0.030285637065061,0.00024805525130665,-0.655924419311755,0.0755336834738939,-0.128913722815081,-0.149002584173993,-0.935583358379753,1.27917010275459,"Low"
"42083",16.16657488,0.796281325788197,38,6.965894791,1113.05,-1547.89929202655,0.729405702989075,47.2381698522496,18.7553156897227,9,41.80966545,"North Central Appalachians","Maple / beech / birch group",0.291437844305337,0.00914993491435646,-0.637107021706797,-0.823484488884181,1.02667092942941,-0.188430685818608,0.196629851969637,-1.29862598719056,0.350377935042906,"Low"
"42085",63.45030888,0.715630885122411,42,8.897347274,1044.009259,-1552.74285183196,0.578618065337585,43.5603913460603,24.4595904158486,8,41.30253924,"Erie Drift Plain","Unknown",-0.199052122268739,-0.136182076697505,0.153679296848312,-0.834257476105204,-0.181684022757993,-0.0452470182785216,-0.0176553094547855,-0.850025217223389,0.615747125817672,"Low"
"42087",43.37676332,0.926680244399185,26,9.787787203,1027.353846,-1051.06508389469,0.54407337923964,19.7288712415979,15.7040301206211,9,40.60862653,"Ridge and Valley","Oak / hickory group",1.08448200752133,-1.07791436174985,-1.06010819151352,0.281568156319803,-0.458512038425222,-0.106033331682066,-0.0693495382767996,-0.64321089418166,-0.445729637281392,"Low"
"42089",107.1465102,0.815048339638504,45,8.389648337,1190.28,-1311.26873908728,0.625330829724953,34.1463854228171,18.9868827548668,16,41.05808926,"North Central Appalachians","Oak / hickory group",0.405572769299458,-0.5081882798575,-0.605004769319615,-0.297173670945851,0.192654358404926,0.087072953798294,0.436332421454054,-0.967943797180354,0.814774018898747,"Low"
"42091",661.2743133,0.64390243902439,35,11.39138677,1136,-1103.5939694506,0.70369185098131,32.8771457758854,24.1961575690153,22,40.21044448,"Northern Piedmont","Oak / hickory group",-0.63528139564398,-0.558343869922449,0.117159475988408,0.164734043484783,0.820609869667925,1.7650718007969,0.267860901686941,-0.270757516836409,0.151351041961832,"Moderate"
"42093",53.8890733,0.820359281437126,23,9.689000029,1034.210526,-1382.80997949862,0.622625419124236,42.4285906732992,14.5234458445463,9,41.03082122,"Ridge and Valley","Unknown",0.437872204290495,-0.180906594022085,-1.22377315125772,-0.456294833828306,0.170974223693667,-0.0742001626422719,-0.0480681215458345,-0.666155285881344,-0.644756530362466,"Low"
"42095",317.6553184,0.740983606557377,27,10.05029171,1172.766667,-1908.85347646387,0.627721464250815,33.2556083764794,22.4033354277756,17,40.75130199,"Ridge and Valley","Oak / hickory group",-0.044865047944746,-0.5433884475196,-0.13138031021819,-1.62631442647987,0.211811997009704,0.724531560759594,0.381975423909885,-0.582241377718514,-0.3793873395877,"Low"
"42097",76.968354,0.772763262074426,46,9.836899143,1066.776316,-1450.72586335551,0.527910948347948,44.5163828924287,24.2174029111206,9,40.84897114,"Ridge and Valley","Oak / hickory group",0.148408566478364,-0.0984048766067876,0.12010472786994,-0.607352522447654,-0.588031631089055,-0.00431194157214363,0.053007931028164,-0.631804113899723,0.881116316592438,"Low"
"42099",32.30042281,0.786516853932584,48,10.35899998,1056.384615,-1235.80342123223,0.620689417226414,25.3558928551479,22.3932222454421,12,40.40446435,"Ridge and Valley","Oak / hickory group",0.232053475980306,-0.855555573936935,-0.132782305495478,-0.129324622406202,0.155459838581512,-0.139574486810479,0.0207546948373859,-0.510540536597054,1.01380091197982,"Low"
"42101",4544.86917,0.25,4,12.52584063,1141.043478,-1125.67643821427,0.677688943311859,99.5108111238165,37.5317152517006,17,40.00738496,"Northern Piedmont","Aspen / birch group",-3.0308689777523,2.07476864889545,1.96587418067657,0.115618483161989,0.61223242743838,13.5252968883952,0.283514593720324,-0.0072683139864588,-1.90526018654261,"Moderate"
"42103",39.43957998,0.955613577023499,32,8.095736284,1131.736264,-1536.01316876961,0.601504852652983,23.8925534085,19.3238698437669,13,41.33157882,"North Central Appalachians","Oak / hickory group",1.26044520418365,-0.913381260039138,-0.558288088895477,-0.797047517090934,0.00172201253078798,-0.117955832354262,0.254627333451757,-1.03620805655972,-0.0476758511192429,"Low"
"42105",5.958028977,0.903197737654992,39,7.01212963,1011.916667,-1619.37750790852,0.708360354115268,66.9466744899891,25.6226398342807,10,41.74448543,"North Central Appalachians","Maple / beech / birch group",0.941668975714536,0.78795611371064,0.314913390936943,-0.982465473369591,0.858021483571307,-0.219344002492009,-0.117262673999846,-1.28788744479448,0.416720232736598,"Low"
"42107",70.38646295,0.817998656816656,44,9.392345352,1160.544,-1232.42901510738,0.478816571507786,48.4238260342042,23.5940513620375,14,40.70502762,"Ridge and Valley","Oak / hickory group",0.423515646761114,0.056002619956024,0.0336892061196695,-0.121819309057754,-0.981455351384192,-0.0242430937922342,0.344039328016418,-0.735056549406015,0.748431721205055,"Low"
"42109",47.50411962,0.799112097669256,39,9.925691375,1073.722222,-1145.17665488503,0.555237687880141,36.8448403944928,21.9532076142496,11,40.771208,"Ridge and Valley","Oak / hickory group",0.308653685829046,-0.401555460992069,-0.193781743113277,0.0722463367570556,-0.369045502284653,-0.0935349530159757,0.0745662829069322,-0.611181155792861,0.416720232736598,"Low"
"42111",26.52101716,0.724048442906574,48,8.652360295,1080.988827,-968.642456401728,0.619642521685921,36.5126447114416,23.1702943519987,9,39.97087571,"Central Appalachians","Unknown",-0.147859250883215,-0.414682588355873,-0.0250564297445573,0.46489156892908,0.147070414683902,-0.157075568623707,0.0971200041283262,-0.90692609797435,1.01380091197982,"Low"
"42113",5.181331993,0.892724375995751,30,7.485522509,1027.297297,-1305.97976624609,0.735077043220289,41.8838573510903,21.6257626524414,11,41.44650397,"North Central Appalachians","Maple / beech / birch group",0.877973368254098,-0.202432411679511,-0.239175593919895,-0.285410001430128,1.07211889957247,-0.221695980927901,-0.0695250522040527,-1.17793681857637,-0.180360446506626,"Low"
"42115",19.03744228,0.920767306088407,39,7.5326831,1042.65493,-1491.82778054335,0.729991667620771,43.8724402981615,21.3207454627007,9,41.82146772,"Northern Allegheny Plateau","Maple / beech / birch group",1.04852142391551,-0.123851072572618,-0.281460272016893,-0.698770910247802,1.03136662780061,-0.179737181973221,-0.021858807334201,-1.16698326024609,0.416720232736598,"Low"
"42117",13.87993608,0.920305676855895,45,7.43584054,912.8540541,-1352.97609291717,0.599354837697981,50.7368520680195,26.1113425653298,9,41.77268501,"Northern Allegheny Plateau","Maple / beech / birch group",1.04571394382048,0.147404732899821,0.382662482996647,-0.389938663613076,-0.0155073920717184,-0.195355040179528,-0.424728203612304,-1.18947599427085,0.814774018898747,"Low"
"42119",54.78465769,0.92814371257485,34,9.528036652,1070.02,-1395.79333412406,0.621109939235829,36.3871581052807,23.5612070654315,8,40.96161226,"Ridge and Valley","Oak / hickory group",1.0933823489285,-0.41964134834455,0.0291359856585942,-0.485172254379542,0.158829742510605,-0.0714881717163469,0.0630755134364962,-0.703540774519698,0.0850087442681401,"Low"
"42121",29.40725497,0.771043771043771,47,8.574694709,1114,-1654.79394372177,0.601951833896523,48.6102314960502,21.9468410518357,7,41.40310913,"North Central Appalachians","Oak / hickory group",0.137951176646541,0.0633686646212823,-0.194664342689009,-1.06123828216287,0.00530395072929396,-0.148335520406943,0.199578413940506,-0.924964771970324,0.94745861428613,"Low"
"42123",17.23195328,0.865847234416155,39,7.703663298,1160.486486,-1813.45928913499,0.75578634473594,36.5760903196958,16.9204057569409,8,41.81314091,"North Central Appalachians","Maple / beech / birch group",0.714515262307562,-0.412175455895339,-0.891481458474184,-1.41413982714777,1.2380753893254,-0.185204528031874,0.343860818970952,-1.12727125638006,0.416720232736598,"Low"
"42125",93.2946631,0.559972583961618,43,10.31753791,988.3712121,-1070.61430223657,0.64681639116036,28.856165505866,19.6854638268872,10,40.19174205,"Western Allegheny Plateau","Unknown",-1.14571570281535,-0.717237927927869,-0.508160143021176,0.238087020989783,0.364831500811031,0.0451270645421174,-0.190341866531368,-0.520170551671275,0.682089423511364,"Low"
"42127",27.27407132,0.938275862068966,37,7.39482095,1108.933884,-1406.56803834878,0.705257626955058,29.8442767665935,19.5441048630833,9,41.64897954,"Northern Allegheny Plateau","Maple / beech / birch group",1.1550028140576,-0.678191477203283,-0.527756803411544,-0.509137221384505,0.833157404607543,-0.154795184919554,0.183854459227232,-1.19900323857,0.284035637349215,"Low"
"42129",131.7630584,0.580545774647887,47,9.887273452,1059.958084,-1242.10038448961,0.652036176174602,28.1585213315156,17.9510813014958,12,40.31075305,"Western Allegheny Plateau","Maple / beech / birch group",-1.02059619288177,-0.74480620890972,-0.748598417485572,-0.143330252031595,0.406660878666865,0.161616297888956,0.0318458472557849,-0.620104134737479,0.94745861428613,"Low"
"42131",26.30978948,0.939778129952456,44,8.150774256,1005.790323,-1340.71195324926,0.555567072156152,67.040382450485,24.0559500205492,6,41.51859087,"Northern Allegheny Plateau","Maple / beech / birch group",1.16413912277303,0.791659100820928,0.0977224368539967,-0.362660912284048,-0.366405941593276,-0.157715204104026,-0.136277310777594,-1.02342489112648,0.748431721205055,"Low"
"42133",191.1065063,0.616125150421179,45,11.26409476,1083.890411,-2310.2873422077,0.584024980881338,47.253854437923,24.7882089611547,15,39.92126631,"Northern Piedmont","Oak / hickory group",-0.804213905448447,0.00976973090897073,0.199235842093467,-2.51917878234353,-0.138355051795177,0.341318952395811,0.106125793852202,-0.300322465598687,0.814774018898747,"Moderate"
"44001",778.3103863,0.942857142857143,11,10.14076349,1196.444444,-1605.0542532828,0.379072381955892,32.2382379388415,15.8520206614949,10,41.71017907,"Northeastern Coastal Zone","Oak / hickory group",1.18286468613305,-0.58359111116765,-1.0395921924396,-0.950607863420395,-1.78076746525601,2.11947812087791,0.455465311085581,-0.561228326387704,-1.44086410268676,"Low"
"44003",375.9225322,0.96211251435132,26,9.607129928,1237.16129,-1335.51681780348,0.583089133714119,46.6490240593826,23.00252140344,11,41.67116419,"Northeastern Coastal Zone","Oak / hickory group",1.29996964479891,-0.0141308969970636,-0.0483148734054529,-0.351105954769874,-0.145854576136909,0.900975184463812,0.581840199179603,-0.685170504049613,-0.445729637281392,"Low"
"44005",311.8467384,0.831081081081081,19,10.17834184,1206.514286,-1006.11294330514,0.566323140679812,51.4416561753978,21.9316839115105,13,41.5641326,"Northeastern Coastal Zone","Oak / gum / cypress group",0.503078731441045,0.175255947578794,-0.196765584261875,0.381550164508901,-0.280210886951784,0.706942133757065,0.486719577584378,-0.552500347370631,-0.910125721137233,"Low"
"44007",599.8392557,0.950140731805388,39,9.353466573,1229.275362,-1410.91735924506,0.63898318250423,44.8653732820117,22.1177170715932,19,41.87065419,"Northeastern Coastal Zone","Oak / hickory group",1.22716112481674,-0.0846140854359899,-0.170975718791829,-0.51881092839302,0.302059136852198,1.57903537519007,0.557364254541909,-0.744086567150844,0.416720232736598,"Low"
"44009",147.9068032,0.937958262831359,33,9.897023131,1211.647059,-1212.19474769654,0.60742317649481,43.3418826965736,20.4340839081057,19,41.45952133,"Northeastern Coastal Zone","Oak / hickory group",1.15307127793514,-0.14481671892271,-0.404378585076252,-0.0768144958622432,0.0491492156775691,0.210502466402957,0.502650418924274,-0.617839666134276,0.0186664465744486,"Low"
"45001",19.32267504,0.909277410531115,53,16.09112219,1214.853333,-1367.97308938773,0.473787748965961,76.7446921121997,29.7575345637157,2,34.22396358,"Piedmont","White / red / jack pine group",0.978643585167054,1.17513701882713,0.888135814065843,-0.423294802036436,-1.0217544283956,-0.178873445774227,0.512601890065944,0.820806964615025,1.34551240044828,"High"
"45003",61.28478353,0.833050367855122,62,17.17335048,1193.187097,-1256.16104068827,0.520541451113264,72.9154237976291,30.2450985040813,1,33.54343902,"Southeastern Plains","White / red / jack pine group",0.515055298413281,1.02381869821006,0.95572703503142,-0.17460379373086,-0.647087987547424,-0.0518046192870213,0.445355322148609,1.07216621287371,1.9425930796915,"High"
"45005",8.315351799,0.88543599257885,46,17.99591524,1210.95082,-1353.15177252244,0.622919270929929,40.689149252153,21.6536585653188,1,32.98833693,"Southeastern Plains","White / red / jack pine group",0.83364777115849,-0.249642794527565,-0.235308370248844,-0.390329408069344,0.173329040641189,-0.212205604174527,0.500489467515816,1.26321579236464,0.881116316592438,"High"
"45007",108.2730097,0.848067355530042,43,15.83171729,1308.098214,-1481.11625102181,0.436009218592032,55.904167948157,27.5353190335337,3,34.51956682,"Piedmont","White / red / jack pine group",0.606383773768278,0.351597674435178,0.580069018106649,-0.674946455654657,-1.32449724587516,0.0904841972904445,0.802010637534139,0.760557365467492,0.682089423511364,"High"
"45009",13.97309477,0.906763469621704,37,17.79126481,1216.482143,-1207.97481493982,0.5244621941154,81.6272884881776,31.9444271984155,1,33.21920012,"Middle Atlantic Coastal Plain","White / red / jack pine group",0.963354607420038,1.36807891351042,1.19130578022279,-0.0674285723910503,-0.615668639803314,-0.195072938878107,0.517657308196228,1.21568351223859,0.284035637349215,"High"
"45011",14.90535475,0.868983104877271,41,17.6013008,1193.756098,-1427.39590278396,0.52991694382261,55.9773569098541,24.1709497379848,1,33.26681433,"Southeastern Plains","White / red / jack pine group",0.733586614986556,0.354489827677501,0.113664902382395,-0.555462305912375,-0.571956343992405,-0.192249887656365,0.447121358685436,1.17156231231153,0.549404828123981,"High"
"45013",127.1722855,0.853205512282804,46,18.77035804,1269.943925,-1333.15985163492,0.593278656559838,57.2997199905773,34.1170140782845,2,32.3861713,"Southern Coastal Plain","White / red / jack pine group",0.637632385841686,0.406744656585588,1.49249253278293,-0.345863619084058,-0.0641996037345373,0.147714610245893,0.683589284301573,1.44308852515686,0.881116316592438,"High"
"45015",77.70287536,0.782645453846745,68,17.87284084,1277.140449,-1472.69087443823,0.616704672910876,37.3011054115489,21.2832171566195,2,33.20006658,"Middle Atlantic Coastal Plain","White / red / jack pine group",0.208508869366599,-0.383525578919157,-0.286662838939492,-0.656206834815076,0.123527608579941,-0.00208767852618092,0.705925491658251,1.23463042923032,2.34064686585365,"High"
"45017",14.79772123,0.869799314733235,47,17.34399404,1183.581818,-1139.82201931141,0.553339953460108,68.8088452658211,26.1032782997408,1,33.66981863,"Southeastern Plains","White / red / jack pine group",0.738550540064513,0.861542117968656,0.381544530022228,0.0841560525292066,-0.384253226340145,-0.19257582135153,0.415542942802309,1.11180002891615,0.94745861428613,"High"
"45019",171.41268,0.852788844621514,57,18.39032397,1292.306748,-1327.0631388316,0.628116499046505,55.8755635627856,27.3516022880632,3,32.82992102,"Southern Coastal Plain","White / red / jack pine group",0.635098347520612,0.350467336417282,0.554600278296108,-0.332303384100058,0.214977656072297,0.281682497340645,0.752997883732173,1.35482149404101,1.61088159122304,"High"
"45021",56.11282946,0.801297648012976,48,15.28931846,1258.75,-1153.94370616321,0.470209604157034,48.3708437947302,22.1835462958394,2,35.05149603,"Piedmont","White / red / jack pine group",0.321945498076911,0.0539089605827095,-0.161849782122516,0.0527467671883264,-1.05042832412639,-0.0674662282473347,0.648846145817618,0.634579359325007,1.01380091197982,"High"
"45023",21.45081176,0.93906878712397,54,15.84293114,1201.967391,-1222.44577063453,0.52232642172049,77.8430022368197,28.8106128241105,1,34.6937002,"Piedmont","White / red / jack pine group",1.15982512848656,1.21853811530863,0.756863602895404,-0.0996146972740312,-0.632783909929764,-0.172429064275162,0.472607154760658,0.763161903652393,1.41185469814197,"High"
"45025",22.14835076,0.889059753954306,60,16.35519494,1190.864407,-1128.78848083386,0.479087808501188,66.4942539932052,29.2019033909516,1,34.64136789,"Southeastern Plains","White / red / jack pine group",0.855686319010763,0.770078152658502,0.811108400296276,0.10869671555324,-0.979281760967243,-0.17031679047986,0.438146274354801,0.882140722509678,1.80990848430412,"High"
"45027",21.53362124,0.819828722002635,50,17.43431379,1196.421569,-1130.42311956234,0.625814299215446,40.9092952909204,22.8075755769975,1,33.66552638,"Southeastern Plains","White / red / jack pine group",0.434645512940258,-0.240943448819658,-0.0753403060523209,0.10506097183573,0.196528699578828,-0.172178302246649,0.455394312817072,1.13277776963194,1.1464855073672,"High"
"45029",13.74979534,0.865817091454273,54,18.14487561,1273.651613,-1408.68336416935,0.557804414519424,65.541801335761,30.5005948793688,1,32.8691524,"Middle Atlantic Coastal Plain","White / red / jack pine group",0.714331942535917,0.732440796184075,0.9911466190659,-0.513842103526737,-0.348476728253872,-0.195749129792873,0.695097018866464,1.29781345255289,1.41185469814197,"High"
"45031",46.04808109,0.793727915194346,50,16.89458521,1170.616279,-1388.95092891267,0.58236890976552,65.6540555147389,26.6554652006809,2,34.333221,"Southeastern Plains","White / red / jack pine group",0.275908824668385,0.736876660283896,0.458094462750545,-0.469953459347624,-0.151626177765055,-0.0979441000770999,0.375301158352608,1.00741995798896,1.1464855073672,"High"
"45033",29.04631681,0.783653846153846,33,16.82395837,1187.333333,-1162.13785943206,0.557809395864208,56.9112027857164,23.2598440861084,2,34.39011421,"Southeastern Plains","White / red / jack pine group",0.214641586124504,0.391391913935853,-0.0126421075100644,0.0345214304527643,-0.348436809645609,-0.149428506199984,0.42718670539404,0.991016109029063,0.0186664465744486,"High"
"45035",109.5363464,0.8693967902601,50,17.9129424,1274.103448,-1301.51598410239,0.625732922056411,43.6716934587126,24.9860336987553,2,33.07970564,"Middle Atlantic Coastal Plain","White / red / jack pine group",0.736102516051955,-0.131783834687774,0.226660379563554,-0.275481711097509,0.195876573883072,0.0943098084835873,0.696499401496051,1.24394445111344,1.1464855073672,"High"
"45037",20.83613564,0.93046357615894,55,16.62505183,1190.972973,-1179.87909993981,0.422655282112132,61.2266653098722,23.9894875539153,1,33.77221809,"Piedmont","White / red / jack pine group",1.10749101098197,0.56192280605339,0.0885087134912706,-0.00493842241446437,-1.43151062925331,-0.174290414337129,0.438483236016832,0.944817909600977,1.47819699583566,"High"
"45039",12.60519382,0.945058271530195,53,16.25522175,1176.386792,-1223.02776303976,0.447026471121486,81.0051886728295,30.2995508435193,2,34.39298116,"Piedmont","White / red / jack pine group",1.19625124075517,1.34349586223755,0.96327578874829,-0.100909157752721,-1.2362091616475,-0.199215189463743,0.393211384862296,0.858920865741359,1.34551240044828,"High"
"45041",66.6748804,0.863404689092762,61,17.22169822,1199.586207,-1198.90819162988,0.603053705236527,60.1717504968217,31.0206583693569,3,34.02420279,"Middle Atlantic Coastal Plain","White / red / jack pine group",0.699660489486278,0.52023652951396,1.06324326805425,-0.0472626983273666,0.0141339298383547,-0.0354824346168566,0.465216556246931,1.08339549942415,1.87625078199781,"High"
"45043",29.49346532,0.815847801994828,51,17.70760144,1330.275362,-1377.71545770725,0.544368961752037,84.5727040941844,31.3938479975974,1,33.43436805,"Middle Atlantic Coastal Plain","White / red / jack pine group",0.410434841486461,1.48447069032176,1.1149787237271,-0.444963659989107,-0.456143352250428,-0.1480744599312,0.870842948286906,1.19625178791175,1.2128278050609,"High"
"45045",253.555051,0.788972089857046,54,15.06039671,1395.132231,-1312.7605594192,0.502757083699484,57.663824450635,28.0169617201092,6,34.89448522,"Piedmont","Oak / hickory group",0.246985428943977,0.421132699130288,0.646839372842825,-0.300491759710624,-0.789605164490205,0.530424399581667,1.07214241932166,0.581409802105187,1.41185469814197,"High"
"45047",59.89106452,0.919759277833501,53,16.15133344,1192.313433,-1281.0630356078,0.508628537538486,63.3454563832124,29.2447014426262,2,34.15254257,"Piedmont","White / red / jack pine group",1.04239092120563,0.645649481913717,0.817041514557074,-0.229990510076646,-0.742553559773804,-0.0560250516110027,0.442643687995222,0.834791679925614,1.34551240044828,"High"
"45049",13.25424604,0.846835027877993,50,18.2386686,1245.817073,-1532.36830770734,0.669300637691882,35.4797444462616,21.5980824516744,1,32.77420111,"Middle Atlantic Coastal Plain","White / red / jack pine group",0.598889154472066,-0.455498932537669,-0.243012913318477,-0.788940661137099,0.545011726894031,-0.19724974237607,0.608705580844752,1.31959789089754,1.1464855073672,"High"
"45051",117.2595927,0.796673732268058,54,17.16610878,1299.712644,-1091.37821756651,0.588576212077793,41.8348358263469,25.7469976214057,3,33.92124852,"Middle Atlantic Coastal Plain","White / red / jack pine group",0.293824333946331,-0.204369558462888,0.332153170117605,0.191904171289442,-0.101883210731542,0.117697190083979,0.775983929317235,1.07048424957176,1.41185469814197,"High"
"45053",17.41925768,0.891343904341045,49,18.56710467,1263.265306,-1527.35094589714,0.635079504775005,56.5475476866014,28.2696566897443,1,32.43904562,"Middle Atlantic Coastal Plain","White / red / jack pine group",0.869577784917124,0.377021628450103,0.681870596679207,-0.777781105596118,0.270776543734352,-0.184637336554602,0.662860524300182,1.39588072735549,1.08014320967351,"High"
"45055",35.03130919,0.888581167447806,59,16.52000757,1181.036036,-1244.64408215095,0.500191347093399,71.9711387210611,28.5423768062268,1,34.33929196,"Southeastern Plains","White / red / jack pine group",0.852775710244857,0.986504093896142,0.719677916148126,-0.148987913648399,-0.810166004770342,-0.131304870719591,0.407641473337759,0.920420241870918,1.74356618661043,"High"
"45057",67.06934687,0.908830424589737,50,15.89314806,1203.185185,-1183.87859571053,0.459821793069465,64.2635879078137,27.7001511256571,1,34.6826153,"Piedmont","White / red / jack pine group",0.975925160845554,0.68193059595308,0.602919769441083,-0.0138340526037271,-1.13367230331162,-0.0342879190590077,0.476386882209871,0.774825327513792,1.1464855073672,"High"
"45059",36.28289594,0.903728546064313,50,15.80933484,1214.698113,-1241.59025317152,0.471008779985859,62.060815824429,27.2550485034968,2,34.48322679,"Piedmont","White / red / jack pine group",0.944897181249382,0.594885305579556,0.541214981215285,-0.142195624115018,-1.04402403206724,-0.127514840492503,0.512120126077398,0.755358798900555,1.1464855073672,"High"
"45061",16.13746885,0.888888888888889,43,16.88913555,1177.288136,-1262.25014338062,0.522394393634102,65.5171068230089,25.4486975521877,1,34.16381456,"Southeastern Plains","White / red / jack pine group",0.854647172794906,0.731464961666582,0.290799689633707,-0.188147102397952,-0.632239208787801,-0.188518824122638,0.396008930800265,1.00615421539701,0.682089423511364,"High"
"45063",162.9659099,0.849626400996264,51,17.04328182,1189.627273,-1379.69066342633,0.441744799120019,86.2366060757772,33.2296866012014,1,33.89655134,"Southeastern Plains","White / red / jack pine group",0.615865385428449,1.55022185551643,1.3694819025723,-0.449356888693907,-1.27853447835253,0.256104155287838,0.43430652039136,1.0419563570589,1.2128278050609,"High"
"45065",10.21563644,0.936941813261164,43,16.4910356,1195.464286,-1532.60953093852,0.464300450383705,72.6960485182678,27.7676446433486,1,33.90151776,"Piedmont","White / red / jack pine group",1.14688955950195,1.01514981002285,0.612276427902349,-0.789477186934512,-1.09778204182135,-0.206451199831831,0.452423146239009,0.913691187874581,0.682089423511364,"High"
"45067",24.42194771,0.773408863712096,54,17.16430522,1236.507042,-1196.23325905858,0.701167635795395,35.517507843389,22.3626682405742,1,34.07835314,"Southeastern Plains","White / red / jack pine group",0.152334907401821,-0.454006664729647,-0.137018021723509,-0.0413131456088207,0.800381766304858,-0.163431929191008,0.579809577314006,1.07006535321692,1.41185469814197,"High"
"45069",21.2218962,0.866549295774648,47,16.61744611,1168.632353,-1214.3378484302,0.467047067589627,92.2998561702459,27.9599433012212,1,34.59900948,"Southeastern Plains","White / red / jack pine group",0.718784973042153,1.78981875664901,0.638934882311231,-0.0815811546307174,-1.07577169300078,-0.173122261843649,0.369143549135115,0.943051398709207,0.94745861428613,"High"
"45071",23.47940367,0.907753767931723,57,16.22397728,1196.494737,-1431.79882312873,0.423255956605687,74.2674963091498,31.1647383623238,3,34.28620825,"Piedmont","White / red / jack pine group",0.969377282323855,1.07724753238638,1.08321714601176,-0.565255228166873,-1.42669705162689,-0.166286122399718,0.455621407956318,0.851663998993363,1.61088159122304,"High"
"45073",48.2593544,0.767525035765379,53,15.02560416,1538.864583,-1799.35849144673,0.491061201965973,41.6926775106832,22.2951343761952,4,34.75246187,"Piedmont","White / red / jack pine group",0.116551363640762,-0.209987121877322,-0.146380273465255,-1.38277700323214,-0.88333152583523,-0.0912479660014935,1.51825162678558,0.57332885532731,1.34551240044828,"High"
"45075",30.3448056,0.863261421319797,55,17.58477753,1207.865854,-1212.42579452582,0.587605622362185,54.7144489050535,27.9573971749885,2,33.43996721,"Middle Atlantic Coastal Plain","White / red / jack pine group",0.698789181101691,0.304584440360262,0.638581911620511,-0.0773283874294564,-0.109661148682315,-0.145496448143573,0.490914506011581,1.16772460379444,1.47819699583566,"High"
"45077",97.41590704,0.79003941239699,50,14.98552849,1515.052632,-1529.3435057524,0.526316516299669,37.3542940806473,23.9354369337401,7,34.88824284,"Piedmont","White / red / jack pine group",0.253476540370265,-0.381423762221381,0.0810156503068829,-0.782212933161014,-0.600808804944098,0.0576069338806209,1.44434529713212,0.564020846677247,1.1464855073672,"High"
"45079",211.4163179,0.869888475836431,65,17.03271923,1172.243243,-1332.32373050095,0.480619501111586,74.3400132597124,30.4553127696874,6,34.01624903,"Southeastern Plains","White / red / jack pine group",0.739092789135508,1.08011313026931,0.984869138662062,-0.344003928556148,-0.967007357177716,0.40282072194591,0.380350846961421,1.03950308106658,2.14161997277258,"High"
"45081",17.30622734,0.908803789972365,44,16.40694527,1198.223881,-1327.26079997346,0.528859398135004,72.4755938927941,28.0975993177219,2,34.00775297,"Piedmont","White / red / jack pine group",0.975763177693612,1.00643827012578,0.658018201355628,-0.332743019624528,-0.580431114130635,-0.184979612793287,0.460988237683219,0.894160297460855,0.748431721205055,"High"
"45083",149.8756033,0.824685534591195,49,15.38493935,1288.132231,-1408.41949940889,0.43357339123292,50.5330934637267,26.3698294081921,3,34.92921298,"Piedmont","Oak / hickory group",0.464183080553698,0.139352957134842,0.418496636973455,-0.513255218713352,-1.3440170427093,0.216464347902656,0.740041228918546,0.656788347253263,1.08014320967351,"High"
"45085",61.9287209,0.821439325504366,61,17.12924646,1187.306122,-1276.35942486418,0.574614236122945,69.6853436612893,28.2090804171467,1,33.91858684,"Southeastern Plains","White / red / jack pine group",0.444440683942508,0.896178046906081,0.673472879195537,-0.219528795868619,-0.213769191904318,-0.0498546608868933,0.427102249267945,1.06192257628167,1.87625078199781,"High"
"45087",20.54233205,0.909794339238444,55,15.7380689,1210.813333,-1358.58060235805,0.547539140247887,64.1602518165258,27.1933646884557,1,34.68759029,"Piedmont","White / red / jack pine group",0.981787378831241,0.677847141227978,0.532663724595863,-0.402404145822931,-0.430738743859175,-0.175180104553909,0.500062742316144,0.738806512039851,1.47819699583566,"High"
"45089",12.73415427,0.914334181509754,62,17.47740078,1250.639706,-1124.64279755121,0.48437890065084,81.6820652681656,29.118190118519,1,33.62198203,"Middle Atlantic Coastal Plain","White / red / jack pine group",1.00939723521298,1.37024348639372,0.799503189520227,0.117917494240956,-0.936880954766611,-0.198824673981218,0.623673825332391,1.14278518998512,1.9425930796915,"High"
"45091",155.2762953,0.889716018748277,52,15.51560608,1208.79798,-1329.26885404736,0.488944448271464,77.6294940919233,28.6267141031994,3,34.97323103,"Piedmont","White / red / jack pine group",0.859677509811474,1.21010107426847,0.731369635742975,-0.337209309243392,-0.900294387308215,0.232818616535806,0.493807591564906,0.687137111306751,1.27917010275459,"High"
"46007",1.117916275,0.976744186046512,6,8.380383756,457.6717949,-556.891200406647,0.531956907236224,-12.4612160218994,14.7577745128915,2,43.19547798,"Northwestern Great Plains","Douglas-fir group",1.38895475264771,-2.34994586883829,-1.1912880565052,1.38070373958112,-0.555608850713023,-0.234000735988982,-1.83749988707679,-0.97009559651614,-1.77257559115522,"Low"
"46023",3.280232814,0.939393939393939,6,9.100735442,592.2222222,-491.286461813681,0.727114108669768,1.25822844840947,7.43217241724782,2,43.20770887,"Northwestern Glaciated Plains","Oak / hickory group",1.16180259971563,-1.8078048835365,-2.20683975949058,1.52662100681734,1.0083069614857,-0.227452851838449,-1.41988907328634,-0.802786111125736,-1.77257559115522,"Low"
"46045",1.329092343,0.666666666666667,3,6.177186636,472.4635417,-413.053910435604,0.597727848128513,7.66746709960958,4.99050696539534,2,45.41921755,"Northwestern Glaciated Plains","Aspen / birch group",-0.496836705656293,-1.55453581240786,-2.54532900247362,1.7006249027376,-0.0285454695563453,-0.233361256799099,-1.791590011185,-1.48181200327252,-1.9716024842363,"Low"
"46053",1.595080501,0.979591836734694,12,8.886209287,602.0625,-413.988468628884,0.710256032285086,-5.88456610105438,15.28075878863,2,43.19420784,"Northwestern Glaciated Plains","Oak / hickory group",1.40627324563213,-2.09006133227501,-1.11878649759898,1.69854626969125,0.873212729617269,-0.232555796723026,-1.38934731654543,-0.852612135404427,-1.37452180499307,"Low"
"46071",0.682764451,0.985611510791367,8,8.870571656,440.0155763,-431.832784793998,0.765105074556525,-19.616241003704,0.0255109101622644,2,43.69359369,"Northwestern Great Plains","Douglas-fir group",1.44288296161719,-2.63268561838787,-3.23362876724055,1.65885715719181,1.31275215661336,-0.235318454130638,-1.89230036572237,-0.856244144666269,-1.63989099576784,"Low"
"46073",1.474303602,0.857142857142857,3,7.779608235,530.4536082,-411.309345109693,0.710545345261997,46.5056114231381,18.9960364403048,2,44.06653077,"Northwestern Glaciated Plains","White / red / jack pine group",0.661578047301876,-0.0197980264560284,-0.60373578955334,1.70450514386548,0.875531174111972,-0.232921530938368,-1.61160337458494,-1.10963222176069,-1.9716024842363,"Low"
"46079",8.743518591,0.956521739130435,4,6.905126545,608.4351852,-449.478658492507,0.479282471274343,-0.4246980397097,-4.94600030120416,5,44.02188738,"Northern Glaciated Plains","White / red / jack pine group",1.2659683531931,-1.8743078258702,-3.92283173120122,1.6196094180299,-0.97772180731579,-0.210909037968536,-1.36956809840539,-1.31274007085821,-1.90526018654261,"Low"
"46099",91.72697899,0.526315789473684,4,7.246834636,614.4453125,-984.295254120273,0.700705654701629,-25.7567687536652,28.6276290715998,5,43.67449059,"Western Corn Belt Plains","Aspen / birch group",-1.3504054709939,-2.87533624260531,0.731496478247533,0.430076805290401,0.796679624994313,0.0403798345451354,-1.35091416914554,-1.23337466369659,-1.90526018654261,"Low"
"46111",1.608867291,0.904761904761905,9,7.887580236,556.5185185,-559.036553914436,0.724080887276288,12.0230628368896,16.8069429964345,2,44.02355276,"Northern Glaciated Plains","Aspen / birch group",0.951181735541421,-1.38241900624304,-0.907210854932425,1.37593207021964,0.983999875381182,-0.232514047838392,-1.53070442375896,-1.084554554456,-1.57354869807415,"Low"
"46121",2.866163134,0.979865771812081,8,8.547362615,488.7962963,-577.631730652047,0.467959223960076,-24.6180164384751,6.96067322739841,2,43.19411711,"Northwestern Great Plains","Oak / hickory group",1.40793923041587,-2.8303370224468,-2.27220391645081,1.33457290270338,-1.06846201772124,-0.228706729448867,-1.74089723319227,-0.93131294699463,-1.63989099576784,"Low"
"46123",1.304520413,0.783783783783784,7,8.881382882,527.3791822,-1637.88660425217,0.639591112389065,6.5827246931626,13.606533092578,2,43.34413217,"Northwestern Great Plains","Elm / ash / cottonwood group",0.215431824878798,-1.59740076355822,-1.3508852021981,-1.02363318191324,0.306930856433221,-0.23343566503124,-1.62114562257005,-0.853733120268528,-1.70623329346153,"Low"
"47001",87.60837151,0.787187839305103,52,13.3223856,1254.254902,-1807.74527674049,0.580516483062171,40.8199970219728,22.8138546780301,4,36.12993687,"Ridge and Valley","Oak / hickory group",0.236134192591668,-0.244472181460238,-0.0744698312894797,-1.40143078979099,-0.16647082295891,0.0279079488826276,0.634894487903798,0.177737887305358,1.27917010275459,"Moderate"
"47003",39.89256721,0.629032258064516,42,14.43497822,1420.028986,-1062.93597289698,0.658044322055584,34.4753087382854,23.6358198069915,2,35.51121034,"Interior Plateau","White / red / jack pine group",-0.725717039910128,-0.495190464186272,0.0394795855110521,0.255165068371757,0.454807881576538,-0.116584105389123,1.14941570878591,0.436149580259126,0.615747125817672,"Moderate"
"47005",15.7973324,0.775112443778111,49,14.41618902,1369.41791,-1409.4175546444,0.529222384510469,62.6729041932269,28.2807343395717,1,36.07051986,"Southeastern Plains","Oak / hickory group",0.162695531878736,0.619072742036624,0.68340629654393,-0.515475081114146,-0.577522278955544,-0.189548818589129,0.99233160984028,0.431785584944069,1.08014320967351,"Moderate"
"47007",14.20833521,0.820658342792281,47,13.34940435,1511.5,-1285.76445062008,0.499418537530769,53.7517453981752,24.3182850954426,4,35.59899391,"Southwestern Appalachians","White / red / jack pine group",0.439690998991214,0.266542008766037,0.134090073067711,-0.240447340565546,-0.816359007569815,-0.194360588433175,1.43331881754087,0.184013284790013,0.94745861428613,"Moderate"
"47009",90.95398115,0.750370736529906,56,13.6584856,1356.074074,-1434.35683031966,0.578829452979886,49.3383719773067,26.0893398045642,5,35.68869053,"Ridge and Valley","Oak / hickory group",0.0122244487578494,0.0921420452636863,0.379612229805968,-0.570944716866568,-0.179990042346973,0.0380390577838973,0.950915686287533,0.255800754558388,1.54453929352935,"Moderate"
"47011",125.572938,0.843984962406015,39,14.66947095,1428.630435,-1154.59616289263,0.495894120779436,85.6139153045413,27.2127776788107,4,35.15362263,"Ridge and Valley","White / red / jack pine group",0.581555975551476,1.52561545188349,0.535354956682681,0.0512955808108067,-0.844602347019754,0.142871497797941,1.17611245132882,0.490613057955618,0.416720232736598,"High"
"47013",32.01613782,0.740477727566172,54,12.69982885,1311.136986,-1513.9077232981,0.565525361694496,51.494233600878,30.0688231172184,3,36.40821107,"Central Appalachians","Oak / hickory group",-0.0479416407995194,0.177333610221488,0.931289894304178,-0.747880852252064,-0.28660398523671,-0.140435352991115,0.811442224436603,0.0331423355864395,1.41185469814197,"Moderate"
"47015",20.89267329,0.613157894736842,45,14.02182056,1432,-1523.37424744711,0.550878115512145,43.8076668148192,24.7979952943091,3,35.80985859,"Interior Plateau","Oak / hickory group",-0.822259797441255,-0.126410677675917,0.200592526113589,-0.768936180932199,-0.403981462170588,-0.174119208144295,1.18657073682079,0.340189236411602,0.814774018898747,"Moderate"
"47017",17.98600214,0.850036049026676,58,14.53740249,1359.329787,-1698.96679531525,0.590199123487502,57.6306249499206,26.1176078025667,2,35.97370031,"Southeastern Plains","White / red / jack pine group",0.618356732618684,0.419820779389822,0.383531035814896,-1.15948700517878,-0.0888778140728589,-0.182921132196866,0.961020603697915,0.459938726919342,1.67722388891674,"High"
"47019",63.87020597,0.753662297609869,49,11.5219433,1199.38,-1737.266859404,0.564402841760788,35.7407359150065,22.0354210037908,5,36.28964449,"Blue Ridge","Oak / hickory group",0.0322426615631327,-0.445185528643879,-0.182384461815891,-1.24467354515536,-0.295599434346139,-0.0439754942204679,0.464576541385534,-0.240434347927137,1.08014320967351,"Moderate"
"47021",51.74221985,0.714285714285714,43,14.05711854,1301.422222,-1809.65469008431,0.605892206649782,55.2619449764745,25.8089365913551,2,36.26250597,"Interior Plateau","Oak / hickory group",-0.207233017416754,0.326219431503774,0.34073979898333,-1.40567768388935,0.0368806038556578,-0.0807012217727138,0.781290031082534,0.34838757478423,0.682089423511364,"Moderate"
"47023",23.32263898,0.834101382488479,40,15.00057543,1380.428571,-1516.9534799512,0.524212830757149,51.6079185827063,28.7573557685606,0,35.42527769,"Southeastern Plains","Oak / hickory group",0.521447230411773,0.181826014283168,0.749480551952485,-0.754655187414715,-0.617666943202251,-0.166760834131558,1.02650594278631,0.56751566155313,0.483062530430289,"High"
"47025",28.2750985,0.711930164888458,48,12.69116414,1277.96875,-1409.07630328208,0.554748295358733,40.3980863806697,26.3948948913684,3,36.4849913,"Ridge and Valley","Oak / hickory group",-0.221558709075545,-0.26114450746297,0.421971476828732,-0.514716073955543,-0.372967308382402,-0.151763894223694,0.708496330425654,0.0311298627910929,1.01380091197982,"Moderate"
"47027",12.47088621,0.737388724035608,49,13.94815819,1356.102564,-1355.72774209475,0.620317020736181,26.6809850911291,19.9392996282755,2,36.55157933,"Interior Plateau","Oak / hickory group",-0.0667279639236822,-0.803192899049821,-0.472970765136204,-0.396058848480763,0.152475594314815,-0.199621897110359,0.951004112109165,0.323080352713734,1.08014320967351,"Moderate"
"47029",31.69041183,0.804432855280313,64,12.98124614,1200.061538,-1584.20119925699,0.53976093260572,49.757661996101,25.4903260777764,5,35.92943156,"Ridge and Valley","Oak / hickory group",0.341012817425252,0.108710814094545,0.296570671936925,-0.904226752509275,-0.4930703505475,-0.141421709987822,0.466691864573431,0.0985045508556383,2.07527767507889,"Moderate"
"47031",50.42617058,0.7421875,47,14.11554731,1476.462687,-2053.30010200417,0.5685704660246,47.2164882893165,23.277870358119,4,35.49082107,"Interior Plateau","Oak / gum / cypress group",-0.0375433563388949,0.00829316087245772,-0.0101431168469315,-1.94759086645024,-0.262201673783877,-0.0846864561271338,1.32457177683221,0.361958289798416,0.94745861428613,"Moderate"
"47033",20.80804215,0.7,15,15.21271373,1325.384615,-1733.02539082832,0.616112478161423,56.0422861130648,19.9099919744753,2,35.81832651,"Mississippi Valley Loess Plains","Oak / hickory group",-0.294114123888615,0.35705558624591,-0.477033699122886,-1.23523972197573,0.118781984407389,-0.174375486487568,0.855663295009705,0.616787080631332,-1.175494911912,"High"
"47035",34.01160644,0.738069608898457,49,12.78738627,1503.634615,-1558.91000031381,0.509609790608903,45.7086227558356,24.879097895931,3,35.95266823,"Southwestern Appalachians","Oak / hickory group",-0.0625870418051837,-0.0512920291688083,0.211835818353369,-0.847974373274703,-0.734690169740943,-0.13439271440693,1.40890663322798,0.0534784952248744,1.08014320967351,"Moderate"
"47037",529.3260969,0.682519280205656,49,14.55005068,1277.151899,-1470.29970600386,0.595617886090231,32.4319776115154,20.0494394451293,6,36.16811742,"Interior Plateau","Oak / hickory group",-0.400426223324619,-0.575935246000311,-0.457702029937102,-0.650888426862724,-0.0454539052716005,1.36550882318763,0.705961029589374,0.462876406112919,1.08014320967351,"High"
"47039",13.48729416,0.786212238574748,50,14.76276184,1395.326531,-1463.65860916111,0.548063565057109,46.5908854703872,24.0369046197212,2,35.60029137,"Interior Plateau","Oak / hickory group",0.230200903626708,-0.0164283159625497,0.0950821638781523,-0.63611737947303,-0.426536202290495,-0.196544030671175,1.07274547783844,0.512280878134098,1.1464855073672,"High"
"47041",25.49874516,0.676691729323308,55,14.09381633,1406.387755,-1566.20380973168,0.580679001110928,46.7363853247653,25.4155274691087,3,35.97625428,"Interior Plateau","Oak / hickory group",-0.435867508132182,-0.0106787074718762,0.286201305238918,-0.864197176090832,-0.165168464940083,-0.16017119246305,1.10707674566756,0.356911034198837,1.47819699583566,"Moderate"
"47043",41.99851363,0.66236722306525,45,13.98754228,1355.88,-1491.71151417969,0.577573554829166,27.7698881999141,22.0805988653286,3,36.14667278,"Interior Plateau","Oak / hickory group",-0.522984534867607,-0.760163532549415,-0.176121433381787,-0.698512312005958,-0.190054333912924,-0.110206920117366,0.950313329218129,0.332227734414273,0.814774018898747,"Moderate"
"47045",28.03428993,0.683168316831683,35,15.08000654,1288.526316,-1075.42987334254,0.632612692768228,73.7094063281908,27.8785218956995,1,36.05794359,"Mississippi Valley Loess Plains","Elm / ash / cottonwood group",-0.39647899190992,1.05519390967454,0.627647394135181,0.22737628589602,0.251008447682647,-0.152493105969697,0.741264370017799,0.585964397630758,0.151351041961832,"High"
"47047",22.24876628,0.87746170678337,51,15.52628757,1352.647059,-1178.66031649209,0.589673872127833,37.5386898056033,24.2554011816758,3,35.19619906,"Mississippi Valley Loess Plains","White / red / jack pine group",0.785150737032098,-0.374137134819708,0.125372446191111,-0.00222761898992178,-0.093086979303408,-0.170012714189448,0.940279090390062,0.689618003112567,1.2128278050609,"High"
"47049",14.25213328,0.772619611558503,52,12.94887503,1394.526316,-1515.82900703758,0.486486086331687,67.1414499452193,29.9019885110225,4,36.38121994,"Southwestern Appalachians","Oak / hickory group",0.147534930374559,0.795652909119494,0.908161533491365,-0.752154148341081,-0.919994767727095,-0.194227959984378,1.07026181097789,0.0909860097584552,1.27917010275459,"Moderate"
"47051",29.2443293,0.690201729106628,51,14.31551418,1513.109756,-1561.65719770792,0.555829063905065,42.5098172464215,22.6615965461963,4,35.15706751,"Interior Plateau","Oak / hickory group",-0.353704047059519,-0.177696824524456,-0.0955774485280874,-0.854084656539363,-0.364306439060031,-0.148828888696491,1.43831509682926,0.4084027623596,1.2128278050609,"Moderate"
"47053",31.51170011,0.765243902439024,43,14.87419959,1340.626374,-1306.58137407943,0.627161553076369,36.2026160629046,24.6327481129527,2,35.9943335,"Mississippi Valley Loess Plains","Unknown",0.102678246522512,-0.426933757661844,0.177684230761345,-0.286748090307115,0.207325081165909,-0.14196288128157,0.902969896016596,0.538163503201716,0.682089423511364,"High"
"47055",18.58238575,0.575903614457831,52,14.61529355,1424.125,-1358.0610034968,0.637757868295618,38.1820346445466,20.8915219399183,2,35.20214048,"Interior Plateau","Oak / hickory group",-1.04882831384299,-0.348714559902162,-0.340963733142944,-0.401248460311202,0.292239933401421,-0.181115175151667,1.16212870995701,0.478029769695236,1.27917010275459,"High"
"47057",32.0180204,0.666666666666667,46,13.25699997,1221.042553,-1317.7719338578,0.587473687442029,52.8008554817371,30.4540632440336,3,36.27668701,"Ridge and Valley","Oak / hickory group",-0.496836705656293,0.228966405954498,0.984695916326331,-0.311637998212005,-0.110718425105105,-0.140429652199616,0.53181167819367,0.162551366165977,0.881116316592438,"Moderate"
"47059",42.86743393,0.734170305676856,57,13.0938807,1122.473684,-1312.42193353615,0.560319168032005,48.1111132180747,24.4599571047376,5,36.1746507,"Ridge and Valley","Oak / hickory group",-0.0863013462905229,0.0436453824148214,0.153730131103412,-0.299738592111303,-0.328324447153207,-0.107575672861089,0.225878605935832,0.124665148015363,1.61088159122304,"Moderate"
"47061",14.32281076,0.742598684210526,46,13.34965437,1542.592593,-1280.04705682505,0.468275388348682,68.0059398290602,29.4810107797561,3,35.38441523,"Southwestern Appalachians","Oak / hickory group",-0.0350426665966969,0.829814306720048,0.849801190365337,-0.227730782338553,-1.06592839619479,-0.194013935838169,1.52982243574666,0.184071354644433,0.881116316592438,"Moderate"
"47063",154.4499208,0.81619937694704,30,13.53297622,1167.428571,-1189.33502699107,0.524635725485194,68.5501399214011,29.1995118769755,4,36.22134708,"Ridge and Valley","White / red / jack pine group",0.412573006946379,0.851319053133178,0.810776863576231,-0.0259701811577704,-0.614278025205749,0.230316205629095,0.365407311423098,0.22664984093164,-0.180360446506626,"Moderate"
"47065",259.7341127,0.700072098053353,48,14.59573661,1457.17284,-1539.28146045237,0.533234980948785,34.4191145525865,20.614158018518,6,35.17774127,"Ridge and Valley","Oak / hickory group",-0.29367564678313,-0.497411047626729,-0.37941482549647,-0.804316811978885,-0.545366852603052,0.549135711936196,1.26470092495002,0.473487458445324,1.01380091197982,"High"
"47067",11.4064213,0.738955823293173,43,12.62355358,1218.214286,-1412.68785016915,0.573830570733246,42.5508387535561,23.9322742514965,3,36.52700259,"Ridge and Valley","Oak / hickory group",-0.0571973717022882,-0.17607580842977,0.0805772061631042,-0.52274883292325,-0.220049189185589,-0.202845288684754,0.523033446067709,0.0154265775480608,0.682089423511364,"Moderate"
"47069",14.59777758,0.807598636142231,57,15.29203992,1375,-1179.00756091501,0.532024783373084,62.2500088425853,25.4499574411443,1,35.20761227,"Southeastern Plains","White / red / jack pine group",0.360266075514414,0.602361504014373,0.290974348639034,-0.00299995584153019,-0.555064917089634,-0.193181286755518,1.00965701856867,0.635211447901962,1.61088159122304,"High"
"47071",17.15945449,0.80370942812983,63,15.13074224,1441.5,-1285.36896590527,0.506312946001631,60.1276034296463,25.5039968922761,2,35.19724145,"Southeastern Plains","White / red / jack pine group",0.336613166835249,0.518492003010102,0.298465863453623,-0.239567708239339,-0.761109832319628,-0.18542406743298,1.21605635652948,0.597748313769079,2.00893537738519,"High"
"47073",44.97537461,0.662790697674419,51,13.01447491,1146.493151,-1542.2305308957,0.559582355858109,62.7655262218955,26.7525747152058,3,36.44361983,"Ridge and Valley","Oak / hickory group",-0.520409098885092,0.622732817194311,0.471556800939851,-0.810876098841495,-0.334228980528927,-0.101192448610666,0.300429013258713,0.106222292782123,1.2128278050609,"Moderate"
"47075",12.59540591,0.760601915184679,45,15.36898174,1319.643836,-1413.73633512626,0.599649962668551,32.941097167212,17.6606077972065,2,35.58340706,"Mississippi Valley Loess Plains","Oak / hickory group",0.0744471773005081,-0.555816750812032,-0.788866897550652,-0.52508086050176,-0.013142372463635,-0.1992448290191,0.837845355385955,0.653082019401119,0.814774018898747,"High"
"47077",20.75709256,0.822950819672131,52,14.72973688,1359.253012,-1571.73462810241,0.482583852025791,50.1333080257552,24.5399952821081,1,35.65580261,"Southeastern Plains","White / red / jack pine group",0.453633103942991,0.123554936178509,0.164825861702921,-0.876498755512465,-0.951265793797702,-0.174529771027699,0.960782313334427,0.504610473288764,1.27917010275459,"High"
"47079",22.16075638,0.783712784588441,52,14.33706126,1349.850575,-1738.27652635499,0.59400906594303,48.5396904763751,26.3115313404067,2,36.33174419,"Southeastern Plains","Oak / hickory group",0.215000030673297,0.0605811481155218,0.410414748106541,-1.24691923419348,-0.0583463798956963,-0.170279224026886,0.931599504732649,0.413407305191289,1.27917010275459,"Moderate"
"47081",15.77041561,0.758440514469453,51,14.23887861,1383.065217,-1459.4518544514,0.564216619810573,41.6575224926995,24.1232995322376,2,35.80410126,"Interior Plateau","Oak / hickory group",0.0613022353037545,-0.211376316325336,0.107059131694556,-0.626760766454839,-0.297091746443158,-0.189630327479916,1.03468943134025,0.390603320741718,1.2128278050609,"Moderate"
"47083",15.80890694,0.726457399103139,41,14.10918891,1355.666667,-1504.45743648362,0.580914817943827,37.089828183198,23.4707271132035,1,36.28883528,"Interior Plateau","Oak / hickory group",-0.133208756297228,-0.39187446250536,0.0165927068438977,-0.726861638455284,-0.163278718258718,-0.189513768796165,0.949651197038201,0.360481482493621,0.549404828123981,"Moderate"
"47085",13.47815633,0.6578073089701,44,14.24813092,1382.892857,-1489.55375818587,0.54858928357688,41.3411620021982,23.2196744613997,1,36.03837081,"Interior Plateau","Oak / hickory group",-0.550716461607836,-0.223877696275676,-0.0182108416903534,-0.693713057184835,-0.422323293416028,-0.196571701667141,1.03415446908625,0.392752270004776,0.748431721205055,"Moderate"
"47087",14.71274679,0.671,53,13.97957643,1388.208333,-1440.69024671861,0.624503692886455,26.4535235329352,18.7236342335861,2,36.36378527,"Interior Plateau","Oak / hickory group",-0.470482770026496,-0.812181326645734,-0.641499037040487,-0.585031425129178,0.186025997416568,-0.19283313926907,1.05065237476064,0.330377579427342,1.34551240044828,"Moderate"
"47089",76.02377291,0.639097744360902,42,13.72845753,1195.255319,-1024.35179996099,0.633962389387613,41.1669963808783,23.1710949756919,3,36.0524194,"Ridge and Valley","Oak / hickory group",-0.66450199884761,-0.230760068353672,-0.0249454389011473,0.340983519815035,0.261824404609792,-0.00717230333534982,0.45177456502915,0.272052493573647,0.615747125817672,"Moderate"
"47091",22.9702538,0.76509544215037,40,10.83231922,1220.234043,-1953.09510054161,0.552223871548717,30.6060530694956,18.3373877121973,5,36.45519737,"Blue Ridge","Oak / hickory group",0.101775358932335,-0.648088935053805,-0.695044576021076,-1.72471611242468,-0.393197083579909,-0.16782791995983,0.529302265731494,-0.400607013834705,0.483062530430289,"Moderate"
"47093",354.0885622,0.641843971631206,44,14.02981896,1212.518519,-1632.85338040955,0.571275154496474,23.8916486736027,17.3006600437813,9,35.99443753,"Ridge and Valley","Oak / pine group",-0.647800330376906,-0.913417011768715,-0.838766625819282,-1.01243834623132,-0.240527325939348,0.834857988610367,0.505355212413889,0.342046951488772,0.748431721205055,"Moderate"
"47095",16.93832731,0.573333333333333,17,14.82001104,1271.466667,-1365.26489216071,0.786419268154204,55.907052665548,24.4319713406925,1,36.34172668,"Mississippi Alluvial Plain","Oak / gum / cypress group",-1.0644599346058,0.351711667646204,0.149850451322244,-0.417271262472392,1.4835560221475,-0.186093680383285,0.688315493935936,0.525577625233004,-1.04281031652462,"High"
"47097",21.01859941,0.631048387096774,47,15.2989045,1275.413333,-1327.89342040812,0.647270164242315,58.9338810745329,27.1731289415828,3,35.75614559,"Mississippi Valley Loess Plains","Elm / ash / cottonwood group",-0.713455593432244,0.471320573060549,0.529858433381619,-0.334150086354815,0.368467866227252,-0.173737881159825,0.700564956335221,0.636805820997135,0.94745861428613,"High"
"47099",27.39059044,0.769607843137255,46,14.50444788,1444.166667,-1469.741044936,0.583069619557306,55.855278713034,25.8084356294195,1,35.21662102,"Interior Plateau","Oak / hickory group",0.129218326273306,0.349665755241394,0.340670350391912,-0.649645859662828,-0.146010955190193,-0.154442344026317,1.22433302274545,0.452284661623879,0.881116316592438,"High"
"47101",16.603826,0.759911894273128,44,14.27357085,1427.325,-1411.24092931965,0.488649845534656,55.5961258253079,26.3684457934731,1,35.52834381,"Interior Plateau","White / red / jack pine group",0.0702506926806088,0.339425005173147,0.418304825806836,-0.519530609045001,-0.902655221932952,-0.18710661063035,1.17206070817468,0.398660969435054,0.748431721205055,"Moderate"
"47103",23.12380223,0.663006756756757,47,14.65346095,1430.308642,-1378.78501392555,0.620617670854094,30.339577949233,18.1102268437806,2,35.13739327,"Interior Plateau","Oak / hickory group",-0.519095097235515,-0.658619032286986,-0.726535995260104,-0.447342554012268,0.154884890358669,-0.167362947642871,1.18132118537035,0.486894561958233,0.94745861428613,"High"
"47105",89.53853447,0.631313131313131,41,14.25003082,1312.157895,-1339.71520786022,0.596592542821434,39.0025120524493,21.9113722853486,7,35.74085664,"Ridge and Valley","Oak / hickory group",-0.711845504500806,-0.316292370264609,-0.199581394658045,-0.360443963227954,-0.0376433757999871,0.0337528301596187,0.814610870176727,0.393193542368638,0.549404828123981,"Moderate"
"47107",47.92830241,0.773598296664301,52,14.37429496,1430.215385,-1266.31236901176,0.54890259036679,72.3794511137416,31.7180323874897,3,35.42835818,"Ridge and Valley","White / red / jack pine group",0.153486977516107,1.00263906811888,1.15992055989811,-0.19718225558514,-0.419812571601971,-0.0922504510859973,1.18103173900854,0.422055235510953,1.27917010275459,"Moderate"
"47109",17.70807111,0.857906458797327,55,15.18472688,1425.204819,-1265.24908829129,0.517742482283014,75.9680161706314,31.007549948727,1,35.17460431,"Southeastern Plains","White / red / jack pine group",0.666222026266962,1.14444569884451,1.06142604146723,-0.19481731944846,-0.669517862434567,-0.183762757441577,1.16548019757683,0.610286831430557,1.47819699583566,"High"
"47111",30.43123863,0.637770897832817,38,13.84139629,1377.311111,-1705.4026475093,0.653892751961012,37.299472296366,23.7990968471704,2,36.53158986,"Interior Plateau","Oak / hickory group",-0.672571451461097,-0.383590113505545,0.0621147592547506,-1.17380154989968,0.421538773039114,-0.145234713352662,1.01683012804767,0.29828374447993,0.350377935042906,"Moderate"
"47113",67.79832807,0.84643644379133,53,15.11741364,1359,-1370.27010616277,0.670555469779207,52.8936032634285,24.3620901185463,2,35.61179413,"Mississippi Valley Loess Plains","Oak / hickory group",0.59646509461907,0.23263145039996,0.140162784256697,-0.428403799005224,0.555067475432166,-0.0320804326159156,0.95999702748035,0.594652601979526,1.34551240044828,"High"
"47115",22.19264137,0.774697580645161,56,13.98106532,1526.216216,-1613.92078763024,0.567904625146941,52.9879268725733,27.2035082332996,3,35.12949824,"Southwestern Appalachians","Oak / hickory group",0.160172468116981,0.236358765635621,0.53406992904241,-0.970328702030265,-0.267537470102589,-0.170182670531182,1.47899426475422,0.330723390264666,1.54453929352935,"Moderate"
"47117",34.66323847,0.696881091617934,41,14.39086015,1401.964286,-1014.71468185554,0.657537449939663,40.2365704057737,20.3103044315603,3,35.45785478,"Interior Plateau","White / red / jack pine group",-0.313082318673893,-0.267527012961761,-0.421538192786186,0.362418281512733,0.450746000636308,-0.13241945518967,1.09334740622259,0.425902680402328,0.549404828123981,"Moderate"
"47119",59.58040715,0.648992576882291,52,14.37837636,1381.612903,-1124.47373750354,0.705765665100188,34.9894787233182,21.8896829879383,2,35.61840499,"Interior Plateau","Oak / hickory group",-0.604324819000768,-0.474872394974246,-0.202588192274679,0.118293515557158,0.837228629663716,-0.0569657781108378,1.03018181257166,0.423003184890324,1.27917010275459,"Moderate"
"47121",24.21261667,0.815485996705107,40,14.45178643,1424.0625,-1459.13477904564,0.590586821267244,50.8138139626823,23.0935722413812,3,35.51128586,"Ridge and Valley","White / red / jack pine group",0.408234458413578,0.150445978301082,-0.0356924524327905,-0.626055531166831,-0.0857709510740095,-0.164065821303614,1.16193472561682,0.440053469179064,0.483062530430289,"Moderate"
"47123",28.18636896,0.810532687651332,64,13.71679631,1450.808081,-1462.33858418669,0.524103104384882,63.1472357606009,27.8199406545908,3,35.4454261,"Ridge and Valley","White / red / jack pine group",0.378110030423343,0.637816546412407,0.619526248815765,-0.633181395867548,-0.618546248743338,-0.152032583260739,1.24494630774881,0.26934404885818,2.07527767507889,"Moderate"
"47125",146.7959509,0.685660018993352,47,14.05365114,1309.026667,-1608.17404356025,0.662291702357863,38.1112486168613,22.3109865691241,2,36.49610742,"Interior Plateau","Oak / hickory group",-0.38132526305363,-0.351511758205487,-0.144182676419332,-0.957546863276184,0.488844776789024,0.207138605452184,0.804892323015759,0.347582233558663,0.94745861428613,"Moderate"
"47127",19.11051546,0.675078864353312,34,14.36082511,1467.65,-815.348160958972,0.635075170910393,28.2538615743958,22.1362005084543,3,35.27724026,"Interior Plateau","Oak / gum / cypress group",-0.44567643265499,-0.741038720122121,-0.168413351148018,0.805846889438613,0.270741813786675,-0.179515903215684,1.29721940446445,0.4189267168782,0.0850087442681401,"Moderate"
"47129",15.92529439,0.774675012036591,47,12.9798794,1395.763158,-1574.56436382739,0.504548933176147,45.0520164896011,24.5032095453038,4,36.1324365,"Southwestern Appalachians","Oak / hickory group",0.160035213119094,-0.0772386459507113,0.159726237512386,-0.882792619535788,-0.77524596222122,-0.189161326623416,1.0741006586465,0.0981871106795317,0.94745861428613,"Moderate"
"47131",21.50234559,0.725731895223421,50,14.5713416,1310.432099,-1620.5758781061,0.741456772139747,49.5728935422654,23.6176845208985,1,36.35735871,"Mississippi Valley Loess Plains","Oak / gum / cypress group",-0.137621036884595,0.101409457845616,0.0369654821738227,-0.985130873889713,1.1232436280549,-0.172273010551025,0.809254431802961,0.467821453008649,1.1464855073672,"High"
"47133",19.74755051,0.670454545454545,45,13.5549077,1397.938462,-1802.00899399435,0.573725596513694,56.0159566890382,26.7023949835979,3,36.34060927,"Interior Plateau","Oak / hickory group",-0.473800048637243,0.356015146167225,0.46460036087876,-1.38867221898707,-0.220890412776748,-0.177586846284381,1.0808522572249,0.231743664828999,0.814774018898747,"Moderate"
"47135",7.465823571,0.638830897703549,45,14.49890857,1415.612903,-1355.90317827955,0.512620884802749,48.2516806338755,26.7817336315241,1,35.6370974,"Interior Plateau","Oak / hickory group",-0.666124874147051,0.0492000794339682,0.47559911537867,-0.396449051524162,-0.710560402624052,-0.214778128742148,1.13570929363433,0.450998096847909,0.814774018898747,"High"
"47137",12.0062598,0.777372262773723,41,13.65500613,1345.074074,-1747.73210284516,0.650438330828895,29.1348871053011,18.8983377258245,4,36.55600222,"Interior Plateau","Oak / hickory group",0.176439022112279,-0.70622389577302,-0.61727980881272,-1.26795021322304,0.393856351940496,-0.201028869610031,0.916774442414316,0.254992609944521,0.549404828123981,"Moderate"
"47139",14.93129138,0.823423423423423,54,13.90939894,1484.622951,-1558.75394798808,0.4775947935794,50.2477014439691,25.4275277790215,3,35.12245787,"Blue Ridge","White / red / jack pine group",0.456507327521441,0.128075334988879,0.287864913910148,-0.847627283576539,-0.991246216426131,-0.192171346866692,1.3498991916771,0.314078096874469,1.41185469814197,"Moderate"
"47141",75.60398441,0.716842105263158,50,13.61630117,1433.807018,-1708.22866478485,0.572691772760568,41.6139894828055,24.7297402689024,4,36.13998003,"Interior Plateau","Oak / hickory group",-0.191685872048103,-0.213096577588695,0.191130299475549,-1.18008714339269,-0.229175084326985,-0.00844349856331454,1.19217926793182,0.246002963546086,1.1464855073672,"Moderate"
"47143",40.3440937,0.77736890524379,47,13.84455123,1469.288462,-1491.4492856992,0.554214647439552,53.6851922936248,26.4067570679121,4,35.60547263,"Ridge and Valley","White / red / jack pine group",0.176418602698188,0.263912079707763,0.4236159360053,-0.69792906658672,-0.377243760457057,-0.115216801807945,1.30230477998436,0.299016513484427,0.94745861428613,"Moderate"
"47145",57.07691073,0.771971496437055,43,14.06098306,1356.661017,-1681.74292332897,0.533791684079332,39.1358321419171,22.6555500231441,4,35.85030842,"Ridge and Valley","Oak / hickory group",0.14359330325348,-0.311024060398199,-0.0964156808948785,-1.12117787712848,-0.540905644806631,-0.0645468164249667,0.952737410296867,0.349285151433313,0.682089423511364,"Moderate"
"47147",57.5356883,0.702040816326531,36,13.92182192,1282.136986,-1924.47918225849,0.631584083768135,48.6063584774659,23.122800475733,1,36.52475992,"Interior Plateau","Oak / hickory group",-0.281702537249775,0.0632156174541083,-0.0316405284020163,-1.66106893258856,0.242765565185876,-0.0631575552668329,0.721433490589029,0.316963468604986,0.217693339655523,"Moderate"
"47149",202.0951734,0.771764705882353,39,14.47757527,1375.666667,-768.530896313912,0.640987236611626,39.2984525655769,24.3885410712673,3,35.84591522,"Interior Plateau","White / red / jack pine group",0.14233566979945,-0.304597911226932,0.143829692413963,0.909977284025912,0.31811886656771,0.374594616639145,1.0117261858986,0.446043206737915,0.416720232736598,"High"
"47151",15.97212149,0.814876723777685,51,12.74312554,1361.896104,-1612.87759793746,0.541685074946269,65.6386735845747,31.2423454277632,3,36.42261647,"Southwestern Appalachians","Oak / hickory group",0.404529056988134,0.736268824099777,1.09397585040789,-0.968008452114723,-0.477651003430399,-0.189019525725918,0.968985808657277,0.0431984610370959,1.2128278050609,"Moderate"
"47153",21.69193465,0.82190635451505,41,13.40030003,1528.525,-1485.1187905081,0.420099984977604,77.1583195948288,29.8673414745602,3,35.36975511,"Southwestern Appalachians","White / red / jack pine group",0.447281003746695,1.1914820254683,0.903358398346527,-0.68384885563933,-1.45198781156684,-0.171698900711555,1.48616015180828,0.195834358017008,0.549404828123981,"Moderate"
"47155",63.86741434,0.761904761904762,63,12.87454408,1351.885057,-1452.67739590354,0.563037432624223,32.8572222775217,22.1035304691166,6,35.78273206,"Blue Ridge","Oak / pine group",0.0823706708227912,-0.559131171846877,-0.172942414241102,-0.611693097571318,-0.306541305428062,-0.0439839477791868,0.937914027106983,0.0737218411103097,2.00893537738519,"Moderate"
"47157",475.478861,0.786015164279697,53,16.10972952,1331.552632,-1541.02020664633,0.650596099092034,72.0623760571175,24.9912690951663,4,35.18642157,"Mississippi Valley Loess Plains","Elm / ash / cottonwood group",0.229002361329924,0.990109451195629,0.227386165058258,-0.808184110263756,0.395120646978413,1.20244968908755,0.874807274337991,0.82512871865169,1.34551240044828,"High"
"47159",24.47849771,0.622436670687575,40,14.24137325,1381.96,-1171.42371817559,0.617231999773052,41.9740847065517,20.4028961123388,2,36.25356102,"Interior Plateau","Oak / hickory group",-0.765829274949962,-0.19886696502481,-0.408702164038077,0.0138679355855085,0.127753406100587,-0.163260685600149,1.03125911469208,0.391182727915666,0.483062530430289,"Moderate"
"47161",11.3812854,0.747853239656518,53,14.14869946,1326.140845,-1549.68703657916,0.575632201560057,53.2299582948199,27.0745464108338,1,36.50232829,"Interior Plateau","Oak / hickory group",-0.00308615521510946,0.245922939608899,0.516191890252517,-0.827460768726583,-0.205611602885429,-0.202921404719687,0.858010443450999,0.369658235899584,1.34551240044828,"Moderate"
"47163",147.2782252,0.822727272727273,54,12.64999454,1110.655738,-1737.33939310544,0.491248505452126,70.4199078942966,29.5578224705274,4,36.51255378,"Ridge and Valley","Oak / hickory group",0.452273563528754,0.925205270122873,0.860449631592901,-1.24483487373807,-0.881830546719302,0.208599018943096,0.189198662620693,0.0215677770438142,1.41185469814197,"Moderate"
"47165",136.8635391,0.617529880478088,45,14.08638753,1307.457831,-1549.27264813959,0.598304332013576,28.7583499261293,23.7501970206957,2,36.46678397,"Interior Plateau","Oak / hickory group",-0.795670790333749,-0.721103232743314,0.0553357530510691,-0.826539090964074,-0.0239257462937382,0.177061472604714,0.800023049154569,0.355185614894317,0.814774018898747,"Moderate"
"47167",52.16999542,0.727959697732998,40,15.5235643,1300.971429,-1020.85800582657,0.742635338616241,29.8600360320383,20.5023516364248,2,35.50102387,"Mississippi Valley Loess Plains","Oak / hickory group",-0.124072260592296,-0.677568730144219,-0.394914597427422,0.348754374532459,1.13268821290638,-0.0794058402574415,0.779890882559867,0.688985494143498,0.483062530430289,"High"
"47169",36.84023736,0.598971722365039,34,14.2552807,1351.105263,-1138.5058726416,0.691446428888888,26.2824684539649,17.7350419857313,2,36.39027839,"Interior Plateau","Oak / hickory group",-0.908535522099652,-0.818940781757385,-0.778548050590393,0.0870834100564161,0.722479700262377,-0.125827110234407,0.935493741913812,0.394412883890609,0.0850087442681401,"Moderate"
"47171",36.98047624,0.81467365412101,53,11.45726881,1228.677419,-1571.99188613118,0.591026561033942,40.2044159959309,21.7282184441556,3,36.10889915,"Blue Ridge","Oak / hickory group",0.403294052835738,-0.268797634631005,-0.224972098780847,-0.877070945713018,-0.0822470433250775,-0.125402441633358,0.555508389288701,-0.255455699095026,1.34551240044828,"Moderate"
"47173",33.98161082,0.676156583629893,44,13.29211707,1243.405405,-1600.94492753951,0.581201033557282,28.4438506325546,23.0451557449499,3,36.28784731,"Ridge and Valley","Oak / pine group",-0.439122091629911,-0.733531065172266,-0.0424044543626569,-0.941467950732616,-0.160985094860287,-0.134483546549792,0.601220367633004,0.170707693198442,0.748431721205055,"Moderate"
"47175",8.208801,0.764880952380952,47,13.32925601,1496.487805,-1277.97615037698,0.558646908487728,55.361882240272,25.8897493889475,3,35.69756831,"Southwestern Appalachians","Oak / hickory group",0.10047090133776,0.330168577315093,0.351942915552653,-0.223124697228161,-0.341725301050395,-0.212528259195387,1.38672472567111,0.17933361448121,0.94745861428613,"Moderate"
"47177",36.56103811,0.669962917181706,49,14.03937305,1432.777778,-1391.05444617625,0.602476578102706,54.1625842992184,27.4625993942591,4,35.67247018,"Interior Plateau","Oak / hickory group",-0.47678997321944,0.282776821122608,0.569987859924481,-0.474632077040016,0.00950905182410988,-0.126672575877823,1.18898476485509,0.344265992427164,1.08014320967351,"Moderate"
"47179",152.4043125,0.75614552605703,46,12.9462681,1123.434783,-1231.34601519566,0.475572938863989,68.8551706851304,29.5343123033582,5,36.2946815,"Ridge and Valley","Oak / hickory group",0.0473448560209553,0.86337272477808,0.857190405935483,-0.119410513734054,-1.00744859346461,0.224121735058212,0.228861616421768,0.0903805220151407,0.881116316592438,"Moderate"
"47181",8.750698484,0.780116959064327,53,14.59763359,1475.261261,-1218.97198573336,0.527668189976318,57.9657900086385,26.5609441667841,1,35.23854902,"Interior Plateau","White / red / jack pine group",0.193131379658262,0.433065245342164,0.444990966861938,-0.0918883468515404,-0.589977004629703,-0.210887295958646,1.32084285155388,0.473928052607542,1.34551240044828,"High"
"47183",22.2053269,0.788372093023256,46,14.48344899,1350.741176,-1525.39583237023,0.577844504322671,40.7404064535592,22.8899268011229,1,36.2989027,"Mississippi Valley Loess Plains","White / red / jack pine group",0.243336441728026,-0.247617302188257,-0.063923916680966,-0.773432565702479,-0.187883047411134,-0.170144256460286,0.934363707090352,0.447407441860323,0.881116316592438,"High"
"47185",27.76467722,0.723014256619145,49,13.68174175,1446.75,-1698.11620765972,0.528500039333572,49.5689866646344,26.938823009392,3,35.92720222,"Interior Plateau","Oak / hickory group",-0.154148838309705,0.101255072695918,0.497376490552995,-1.15759513838834,-0.583310879302938,-0.153309541842406,1.23235104110534,0.26120224741845,1.08014320967351,"Moderate"
"47187",153.9340831,0.690520446096654,51,14.17645686,1339.623529,-1463.91887072398,0.676572194516201,25.560450272196,18.2059074739103,3,35.89110682,"Interior Plateau","Oak / hickory group",-0.351765713127381,-0.847472232088127,-0.713271743994162,-0.636696250097853,0.603283226040971,0.228754156114532,0.899857316406411,0.376105192851352,1.2128278050609,"Moderate"
"47189",95.09597309,0.721621621621622,41,14.32366862,1350.47619,-951.459402336808,0.610084168874142,34.1944140319346,20.3205597669056,4,36.15447898,"Interior Plateau","Oak / hickory group",-0.162618395174442,-0.506290369375338,-0.420116490769256,0.503109910251672,0.0704733996052354,0.0505817558053919,0.933541256940444,0.410296719417746,0.549404828123981,"Moderate"
"48005",42.15855413,0.913870806209314,50,18.78569701,1169.132231,-1365.58127651794,0.472670560431259,62.3631180888734,24.6777671265713,1,31.25456726,"South Central Plains","White / red / jack pine group",1.006579136096,0.606831157167027,0.183925238032853,-0.417974960738607,-1.03070715369497,-0.109722288642513,0.370695045199193,1.44665116716492,1.1464855073672,"High"
"48009",3.741812117,0.0731707317073171,12,17.49315429,724.7555556,-166.13508310411,0.635689108232529,13.9896283611775,18.9154236054147,1,33.6158123,"Central Great Plains","Aspen / birch group",-4.10628755176377,-1.30470771309955,-0.61491118519813,2.24981877632232,0.275661674692317,-0.226055106527892,-1.00853881356454,1.14644411340047,-1.37452180499307,"High"
"48013",15.89123465,0.110902255639098,13,20.9952898,685.3566879,-485.524884194933,0.455593164325438,59.5023175166249,29.4053857256912,1,28.89333719,"Southern Texas Plains","Aspen / birch group",-3.87681659339938,0.493783049107895,0.839317253148812,1.53943583817142,-1.16755893064653,-0.189264465654032,-1.13082302724402,1.95985303758748,-1.30817950729938,"High"
"48015",17.85219572,0.867647058823529,18,20.01160429,1050.083333,-792.2567438698,0.545179536044817,30.357231764433,25.3759877879271,0,29.88531162,"East Central Texas Plains","Oak / pine group",0.725461213825303,-0.657921419727849,0.280719900429428,0.8572065404414,-0.449647717223237,-0.183326322149842,0.00119709433957573,1.73138141787353,-0.976468018830924,"High"
"48019",11.11456113,0.857627118644068,18,18.61461493,742.2831858,-157.83208060975,0.587102275899864,79.5147447058645,26.8498464205842,1,29.74639319,"Edwards Plateau","White / red / jack pine group",0.664523169555162,1.28459910715857,0.485041623724325,2.26828621419064,-0.113694776371459,-0.203729093875551,-0.954137441093828,1.40691550010032,-0.976468018830924,"High"
"48021",37.74788009,0.835487661574618,19,19.62930403,907.944,-586.719022307,0.525832876569852,84.3706250868381,30.854085293546,1,30.10213209,"East Central Texas Plains","Oak / hickory group",0.529878132673552,1.47648528592812,1.04015116332311,1.31436105835634,-0.604684510351392,-0.123078604481932,-0.439967781290377,1.6425880395719,-0.910125721137233,"High"
"48027",130.3212153,0.924223602484472,22,19.18304504,838.4210526,-258.122723928533,0.529976463150198,62.2014555083842,28.0658020304233,3,31.03730172,"Cross Timbers","White / red / jack pine group",1.06954150377845,0.600442858365095,0.653610128292853,2.04522097658281,-0.57147937866977,0.157250137148026,-0.655749590560219,1.53893955311893,-0.711098828056158,"High"
"48029",615.9936044,0.679094540612517,18,20.06500192,789.5872093,-241.863855669436,0.52474599917877,63.026639365031,25.3158682356954,3,29.45066642,"Texas Blackland Prairies","White / red / jack pine group",-0.421254384890713,0.63305102920363,0.272385498307324,2.08138375499796,-0.613394333639226,1.62795365422419,-0.807317604503109,1.74378359610119,-0.976468018830924,"High"
"48031",6.387204952,0.868721461187215,20,18.82914262,820.6907216,-226.342664385922,0.439603352888064,103.490075517527,42.3694724649805,0,30.26630604,"Edwards Plateau","Oak / hickory group",0.731995382456015,2.23201425194092,2.63653476426162,2.11590580119332,-1.29569521645764,-0.218044380298031,-0.710780095526026,1.45674188089939,-0.843783423443541,"High"
"48035",7.238281614,0.939632545931758,23,18.41273695,837.2857143,-208.978545301509,0.616069957888424,43.496004841351,20.7160680530787,0,31.89974639,"Cross Timbers","White / red / jack pine group",1.16325372771683,-0.138726389856743,-0.365286988931205,2.15452686514545,0.118441243062495,-0.215467166793214,-0.659273396176483,1.36002715153129,-0.644756530362466,"High"
"48037",40.8478453,0.894605550358591,52,17.18569987,1211.720588,-1082.59803840582,0.513206882091376,68.2438246108283,22.9087003439058,4,33.44778934,"South Central Plains","White / red / jack pine group",0.8894140639618,0.839214621015219,-0.0613213315152252,0.211432939735898,-0.705864442552595,-0.113691351182214,0.50287863451707,1.07503449252925,1.27917010275459,"High"
"48039",104.2373482,0.525157232704403,25,20.62282073,1285.717703,-834.144267163037,0.578677590852223,30.7333452159545,20.5720525372048,4,29.18734647,"Western Gulf Coastal Plain","Elm / ash / cottonwood group",-1.35745143957569,-0.643058826884938,-0.385251928398642,0.764040817029798,-0.181207007854685,0.0782634870030478,0.732547138983391,1.87334305970212,-0.512071934975083,"High"
"48041",149.1149143,0.826797385620915,25,19.74572687,1014.036145,-753.756067539813,0.633086623558466,29.2037065592906,21.0312235522632,4,30.66347834,"East Central Texas Plains","Oak / hickory group",0.477026677345305,-0.703504409085747,-0.321596832173666,0.942839279742038,0.25480634932961,0.21416084452711,-0.110684345337853,1.6696285058145,-0.512071934975083,"High"
"48043",0.576365772,0.237654320987654,14,18.14620725,366.1783217,-95.6832825769666,0.578804234109014,31.0762017298905,32.9748973718882,1,29.80935915,"Chihuahuan Deserts","Unknown",-3.10595141544403,-0.629510423472201,1.33416035052059,2.40651682017207,-0.1801921368156,-0.235640648504726,-2.12147270356123,1.29812274037363,-1.24183720960569,"High"
"48045",0.578294793,0.130353817504655,6,15.14236157,522.4461538,-59.5965555319156,0.610026108127488,40.3175183722783,19.9663161501801,1,34.53026328,"High Plains","White / red / jack pine group",-3.75851846817539,-0.26432825295264,-0.469225451854,2.48678048262767,0.0700081227971383,-0.235634807081509,-1.63645650671895,0.600447029078092,-1.77257559115522,"High"
"48049",15.4550865,0.703804347826087,15,17.95683336,704.2173913,-331.169461651928,0.68323854667854,38.8111498379413,20.9319145123549,0,31.77414671,"Cross Timbers","Unknown",-0.270977307491216,-0.323854287202822,-0.33536409161309,1.88275130476155,0.656704844509493,-0.190585200850364,-1.07228412957131,1.25413860221159,-1.175494911912,"High"
"48051",10.68355722,0.87220447284345,16,19.72699302,986.5789474,-635.056368053611,0.60386922340386,23.4425960887559,25.8100127997156,1,30.49453559,"East Central Texas Plains","Oak / hickory group",0.753177935914381,-0.931161885573775,0.340888994260251,1.20684971774178,0.0206691832015856,-0.205034251386122,-0.195904607095737,1.66527736613676,-1.10915261421831,"High"
"48053",18.45430727,0.913157894736842,17,18.62788738,772.9594595,-229.583558371163,0.3809348658431,90.3452152228172,27.8946979665675,1,30.78803929,"Edwards Plateau","White / red / jack pine group",1.00224343846786,1.71257867805518,0.629889890533856,2.10869744393329,-1.76584222560421,-0.181503019870093,-0.858925973683531,1.40999817044388,-1.04281031652462,"High"
"48055",30.35904394,0.546788990825688,17,19.85040765,899.9054054,-461.689353443874,0.617096457925932,47.1205797676111,24.1613508039401,0,29.83625994,"Texas Blackland Prairies","Aspen / birch group",-1.22589406394006,0.004503215837239,0.112334197589988,1.59245053779393,0.126667225132791,-0.145453331884166,-0.464917564802788,1.6939417513756,-1.04281031652462,"High"
"48057",16.35235448,0.191011235955056,8,21.56800509,1016.582609,-211.269056002749,0.591698027564698,8.840074798438,25.1658049530307,1,28.47036975,"Western Gulf Coastal Plain","Elm / ash / cottonwood group",-3.38961961402656,-1.50819875447588,0.251582154053021,2.14943233890743,-0.0768661651555925,-0.18786811171052,-0.102780759116183,2.09287237009879,-1.63989099576784,"High"
"48059",5.992624829,0.397260273972603,15,17.65365415,662.575,-178.960162765143,0.666181728766171,41.7206833949494,20.0047171952863,0,32.29768186,"Central Great Plains","Aspen / birch group",-2.13527948980604,-0.20888043437819,-0.463901896705241,2.22129338903535,0.520017973397375,-0.219239240017645,-1.20153167837469,1.18372194519253,-1.175494911912,"High"
"48067",12.36337581,0.895473550263588,50,17.47058043,1198.090909,-1099.6755672535,0.449132557549791,87.5091207399082,27.1934556793242,1,33.07704825,"South Central Plains","White / red / jack pine group",0.894692959413253,1.60050686197686,0.532676338703243,0.173449306327009,-1.21933178360104,-0.199947457975977,0.460575525912282,1.14120108978676,1.1464855073672,"High"
"48071",27.52864519,0.449023861171367,18,20.33149047,1306.652632,-1027.44252337392,0.438711048470401,36.6105854552903,21.3553813507411,2,29.70976337,"Western Gulf Coastal Plain","Oak / pine group",-1.82047004865134,-0.410812337524198,-0.276658682383085,0.334109170128257,-1.30284580571506,-0.15402428936451,0.797523913206799,1.80567844972542,-0.976468018830924,"High"
"48073",19.19262189,0.916265060240964,53,18.48610421,1098.777778,-1106.00962711525,0.512396742976344,56.3539162074833,20.5600903051319,1,31.83729847,"South Central Plains","White / red / jack pine group",1.02114021685712,0.369370038686267,-0.386910258320815,0.159361166882212,-0.712356590230325,-0.179267270149268,0.152332450886482,1.37706749273361,1.34551240044828,"High"
"48077",3.703714398,0.382207578253707,14,17.36682031,786.5628743,-393.636725972554,0.58619898539594,21.5007711068675,22.929231858091,1,33.78659468,"Central Great Plains","Aspen / birch group",-2.22682512996697,-1.00789552528076,-0.0584750379377937,1.74381236990897,-0.120933403958445,-0.226170473286602,-0.816704382574864,1.11710167748768,-1.24183720960569,"High"
"48083",2.531693383,0.275706214689266,21,18.00426134,674.6966292,-250.178279950666,0.634299569495259,44.9707559081508,17.5746101719861,0,31.76715485,"Central Great Plains","Aspen / birch group",-2.87453207147383,-0.0804497593299013,-0.800788789240239,2.06289091292923,0.264526438139854,-0.229719564129592,-1.1639091784967,1.26515426453477,-0.777441125749849,"High"
"48085",461.7311936,0.52247191011236,25,17.82404358,1016.380952,-754.177091879513,0.633377155693224,49.3818994677984,22.0468440866116,5,33.18811402,"Texas Blackland Prairies","Unknown",-1.37378270543783,0.0938620884209696,-0.180800874410986,0.941902842490605,0.257134563693016,1.16081927473717,-0.103406651917615,1.22329673678851,-0.512071934975083,"High"
"48087",1.235522896,0.0813008130081301,7,15.56737045,557.8461538,-279.129923666048,0.591073317293336,42.8856330011663,16.8554206576695,1,34.96494683,"Southwestern Tablelands","Unknown",-4.05684301962531,-0.162845995541532,-0.900490373696728,1.99849701664141,-0.081872356391424,-0.233644601946738,-1.52658377643605,0.699159947200077,-1.70623329346153,"High"
"48089",8.586962014,0.897097625329815,20,20.06450598,1049.594203,-784.566977447124,0.55955035474546,54.6170226372756,27.4928309942675,0,29.62208553,"Western Gulf Coastal Plain","Unknown",0.904570060125554,0.300734519693161,0.574178881013486,0.874310026045442,-0.334485425311452,-0.211383119496708,-0.000321042625488318,1.74366840866178,-0.843783423443541,"High"
"48091",102.7628856,0.929577464788732,13,19.30005825,871.5375,-166.113762816486,0.51475714898425,32.70201648613,11.3039411037326,0,29.80887754,"Edwards Plateau","White / red / jack pine group",1.1021019674409,-0.565264322562399,-1.67009462485334,2.24986619664856,-0.693441191506338,0.0737985485377673,-0.552964435387676,1.56611713919177,-1.30817950729938,"High"
"48093",5.598309438,0.692307692307692,18,17.93316178,747.0291971,-279.042936695626,0.619168937289567,40.1158093923921,22.3900897110406,1,31.94860012,"Cross Timbers","Oak / hickory group",-0.340896258142697,-0.272299035248992,-0.133216570229567,1.99869049201044,0.143275288906179,-0.220433298081056,-0.939407011164888,1.24864062123209,-0.976468018830924,"High"
"48095",1.184498376,0.16988416988417,8,18.31801327,620.781457,-291.217665316687,0.634629087652048,48.0129627275294,23.44997713835,1,31.32636226,"Central Great Plains","Aspen / birch group",-3.51810761539855,0.0397668431804346,0.0137161279601081,1.97161160765195,0.267167071701021,-0.233799113388412,-1.33124836418277,1.33802655034843,-1.63989099576784,"High"
"48097",17.84278422,0.86228813559322,30,17.33009076,933.7985075,-456.776821683844,0.670567266599497,39.0819771782018,19.8748766878699,1,33.63970171,"Cross Timbers","Oak / pine group",0.692869971243012,-0.313152206560035,-0.481901748007788,1.60337693160341,0.555162010676828,-0.183354821867886,-0.359721868037701,1.1085708414689,-0.180360446506626,"High"
"48099",27.73117226,0.855421686746988,23,18.55269608,793.9084967,-285.237417078198,0.649752582568434,72.2560084744976,34.0985132428689,0,31.39083715,"Cross Timbers","Unknown",0.651110444112496,0.99776107803606,1.48992775316923,1.98491280355745,0.38836102540453,-0.153411000899205,-0.793905411142231,1.39253417618479,-0.644756530362466,"High"
"48105",0.466652497,0.289294817332201,14,17.99895732,459.0456853,-89.4357336251757,0.522788169472105,30.3882314522702,18.6629570329934,1,30.72371084,"Edwards Plateau","White / red / jack pine group",-2.7918905731621,-0.656696428341027,-0.649910746220125,2.42041254309578,-0.629083638534738,-0.235972880072823,-1.83323567551302,1.26392234841109,-1.24183720960569,"High"
"48107",2.467506558,0.0508474576271186,4,15.6601373,543.8,-113.134922113347,0.542422845982549,23.2278064367505,36.0394866761023,1,33.61440396,"High Plains","Unknown",-4.24205050441513,-0.93964956696808,1.75900582345396,2.36770109428771,-0.471738786095118,-0.229913933402781,-1.57017951846937,0.720706053409633,-1.90526018654261,"High"
"48113",1159.840998,0.538847117794486,23,18.67824331,935.2374101,-625.026667014838,0.601629300592522,34.1155341221075,24.9898403402018,6,32.76667512,"Texas Blackland Prairies","Oak / hickory group",-1.27419397408875,-0.509407407541623,0.227188096077934,1.22915765765834,0.00271929112983953,3.27482156862717,-0.355255874894391,1.42169388088421,-0.644756530362466,"High"
"48121",378.711858,0.659459459459459,24,17.94627898,948.1818182,-496.032661633098,0.582453365920134,51.7603198578197,24.2802955285426,7,33.20548687,"Cross Timbers","Elm / ash / cottonwood group",-0.540668615227688,0.187848341034811,0.1288235613384,1.5160645665013,-0.150949378166228,0.909421765649812,-0.315079675463796,1.25168723308075,-0.578414232668775,"High"
"48123",8.587492131,0.392624728850325,21,20.82761246,880.5116279,-522.997962495976,0.494001548903958,63.993107163941,34.2989593853985,0,29.08103136,"Texas Blackland Prairies","Oak / hickory group",-2.1634713800587,0.671242211499492,1.51771569725152,1.45608866999593,-0.859768700400727,-0.2113815142069,-0.525110990916463,1.92090815828442,-0.777441125749849,"High"
"48129",1.3816941,0.462406015037594,10,14.94900129,546.9307692,-73.5614142725548,0.698631146593556,34.5890551181945,21.4010542411578,1,34.96523094,"Central Great Plains","Unknown",-1.73908410521012,-0.490695633902736,-0.270327027860036,2.45572001247754,0.780055303632261,-0.233201969199556,-1.56046239530864,0.555537008638791,-1.50720640038046,"High"
"48139",74.05751678,0.368794326241135,20,18.58074117,925.1136364,-464.165526383705,0.641482409474835,34.6631044477504,17.9022389332403,3,32.34912157,"Texas Blackland Prairies","Elm / ash / cottonwood group",-2.30840020230365,-0.487769482149781,-0.755369458228996,1.58694306384717,0.322086994132851,-0.0131264812354408,-0.386677531877024,1.3990479522567,-0.843783423443541,"High"
"48143",15.05158033,0.702564102564103,17,17.88073326,795.9533333,-281.597402792868,0.614758944119987,39.6646118447167,20.2325993189288,1,32.23596528,"Cross Timbers","White / red / jack pine group",-0.278520079137253,-0.290128669939513,-0.432310489511191,1.99300887936855,0.107935275835008,-0.191807090248855,-0.787558750683914,1.236463529304,-1.04281031652462,"High"
"48145",8.716230538,0.282828282828283,13,19.36586858,905.1743119,-472.976178001959,0.666194041354275,22.4694477311608,27.025937530023,0,31.2535909,"Texas Blackland Prairies","Oak / hickory group",-2.83121795025382,-0.969617058490813,0.509453217984612,1.56734651892864,0.520116641809729,-0.210991671110592,-0.44856419918809,1.58140230150854,-1.30817950729938,"High"
"48147",15.1895044,0.766091051805338,33,17.1754522,1099.032787,-722.393709312303,0.542148558046596,47.2771112449519,19.7640827978002,1,33.59558826,"Texas Blackland Prairies","Elm / ash / cottonwood group",0.107830335722973,0.0106887526889637,-0.497261157687925,1.01259505813229,-0.473936825608808,-0.191389431309638,0.153123934928198,1.07265436011966,0.0186664465744486,"High"
"48149",10.2616862,0.9055330634278,21,20.06477326,988.2857143,-471.048633683899,0.481644086894836,62.7844785710723,25.0591367312325,0,29.87787274,"East Central Texas Plains","Oak / hickory group",0.955871673812504,0.623481742945549,0.236794687727761,1.57163373972092,-0.958796715215193,-0.206311752859937,-0.190607230280498,1.74373048733824,-0.777441125749849,"High"
"48157",354.3681993,0.547445255474453,16,20.36122125,1130.764706,-672.513101763521,0.672667601079346,18.5172041511793,22.2239945563769,2,29.52656302,"Western Gulf Coastal Plain","Unknown",-1.22190287402245,-1.12579490032989,-0.156242420524746,1.12353890300848,0.571993294789399,0.835704780142488,0.251611860850396,1.81258374556734,-1.10915261421831,"High"
"48171",9.730249715,0.907265774378585,17,18.27181478,755.9084967,-280.963139798144,0.572790945908011,86.1150943610199,32.3891502754117,1,30.31837209,"Edwards Plateau","Oak / hickory group",0.966409462934512,1.54542016832663,1.25295795192196,1.9944195994611,-0.228380348328045,-0.207921038306533,-0.911847889976982,1.32729645040151,-1.04281031652462,"High"
"48175",3.434089258,0.315175097276265,16,21.30430815,877.3781513,-400.793017436406,0.433862786299309,44.5993866556089,22.7213698419153,0,28.65694785,"East Central Texas Plains","Oak / hickory group",-2.63449505814817,-0.0951248792241196,-0.0872910481110379,1.72789543286529,-1.34169794038065,-0.226986946799591,-0.534836517168428,2.03162589814922,-1.10915261421831,"High"
"48177",7.538988434,0.356390977443609,21,20.32781131,877.7218543,-471.992915613449,0.59421789047216,43.5374137266063,26.7017738200873,0,29.45626716,"East Central Texas Plains","Aspen / birch group",-2.38383336902763,-0.137090066031741,0.464514248685825,1.56953347925779,-0.0566729393017426,-0.214556572351965,-0.533769749173614,1.80482392494505,-0.777441125749849,"High"
"48179",9.199579926,0.170731707317073,7,14.10053735,561.3006993,-331.642440228252,0.799617658869582,79.5274173526132,36.0337647488822,1,35.4009295,"Southwestern Tablelands","Elm / ash / cottonwood group",-3.51295316610227,1.28509988262434,1.75821258996177,1.88169931152449,1.58932292074891,-0.209528002059474,-1.51586173276454,0.358472063928278,-1.70623329346153,"Moderate"
"48181",55.26703093,0.815104166666667,31,17.27649887,1019.572414,-574.766441077802,0.510310866469329,66.1807977477652,21.2170039794531,2,33.62722082,"Texas Blackland Prairies","Oak / hickory group",0.405912291277907,0.757691537579472,-0.295842003184763,1.34094584516884,-0.729072013630806,-0.0700274586172842,-0.0935011535126958,1.09612354425108,-0.114018148812934,"High"
"48183",174.6100199,0.82147024504084,39,18.10727086,1155.675,-1000.96824860152,0.57966721734387,37.9402538280501,28.1672589111975,2,32.479819,"South Central Plains","White / red / jack pine group",0.444628726590339,-0.358268830876192,0.667675143933151,0.392992932333562,-0.173276516399137,0.291364618749548,0.328927171978355,1.28907934184973,0.416720232736598,"High"
"48185",13.94783265,0.890814558058926,34,19.6425621,1075.2,-970.47203439884,0.640837409992592,39.9468291914405,23.5875767970374,1,30.5455662,"East Central Texas Plains","White / red / jack pine group",0.866358471568315,-0.278976498963988,0.0327916340940401,0.46082224364466,0.316918212854322,-0.195149437129947,0.0791529355513389,1.64566737000463,0.0850087442681401,"High"
"48187",88.50052076,0.392857142857143,15,20.12923936,857.5445545,-411.562882700481,0.542505931132261,56.215215962537,23.7131330625429,1,29.58442554,"Texas Blackland Prairies","Unknown",-2.16205791303367,0.363889125255733,0.0501975589026539,1.70394122861815,-0.471072973209716,0.030609537585587,-0.596395032189507,1.75870343767035,-1.175494911912,"High"
"48193",3.895596279,0.8101644245142,16,18.17661116,767.6153846,-288.674770729718,0.454291740039619,53.7146405629264,25.111673638335,0,31.70475567,"Cross Timbers","White / red / jack pine group",0.375870372805465,0.265075764853262,0.244077904148874,1.97726748308043,-1.17798805139648,-0.225589420371956,-0.875512643177862,1.30518437795263,-1.10915261421831,"High"
"48199",24.8659033,0.798371286382144,44,19.4352929,1397.609375,-1301.42488128593,0.44727161962396,94.9691481138359,24.6223413744748,0,30.33369285,"South Central Plains","White / red / jack pine group",0.304148310527267,1.89529916203188,0.176241539656126,-0.275279081313434,-1.23424463450456,-0.162087551659379,1.07983085363194,1.59752685216696,0.748431721205055,"High"
"48201",1058.717975,0.617775619232637,44,20.44580123,1201.751004,-1154.8191760341,0.468037337753191,65.1099534050323,22.926633265988,4,29.86138009,"Western Gulf Coastal Plain","White / red / jack pine group",-0.794176286490873,0.71537578577695,-0.0588352819970687,0.0507995576749936,-1.06783604340256,2.96860283163232,0.471935543729932,1.83222836249981,0.748431721205055,"High"
"48203",28.5469645,0.892902949978623,53,17.81145153,1227.746269,-1001.65272328632,0.551276374282925,68.8552094298544,25.4154958346871,3,32.5494153,"South Central Plains","White / red / jack pine group",0.879059397619428,0.863374255824245,0.286196919744004,0.391470532006384,-0.400789967394098,-0.1509406349828,0.552618332994833,1.22037209671831,1.34551240044828,"High"
"48209",127.1093869,0.953513513513514,18,19.28830766,866.443299,-253.609000354349,0.368972640238311,61.3445687843988,32.7765476073897,1,30.05653037,"Edwards Plateau","White / red / jack pine group",1.24767329528504,0.566581909123393,1.30666302832192,2.05526034604194,-1.86170296574087,0.147524141950155,-0.568775558904056,1.56338793732532,-0.976468018830924,"High"
"48213",36.22006888,0.860410557184751,42,18.43478817,1035.923611,-827.567889093716,0.580050800559701,43.4271726640228,21.1627570961203,1,32.21162785,"East Central Texas Plains","Oak / hickory group",0.681451144969929,-0.141446379322639,-0.303362274424042,0.778667917705273,-0.170202625955301,-0.12770509215223,-0.0427511349312394,1.36514878634125,0.615747125817672,"High"
"48217",14.54001398,0.493181818181818,25,18.65908557,877.1180556,-388.446159489419,0.590281207213964,60.9585043565206,21.4558194427908,1,31.99058436,"Texas Blackland Prairies","Elm / ash / cottonwood group",-1.55191559712899,0.551326091019911,-0.262734901908258,1.75535716519161,-0.0882200262136604,-0.19335620534588,-0.535643789052435,1.41724428816035,-0.512071934975083,"High"
"48221",55.08992002,0.932944606413994,11,18.211741,802.7678571,-235.362156377698,0.634583914081261,1.84947448567361,17.8628803283655,1,32.42999116,"Cross Timbers","White / red / jack pine group",1.12257983674441,-1.78444105784429,-0.760825760343945,2.09584475603826,0.266805067833737,-0.0705637823698703,-0.766408176235219,1.31334366398816,-1.44086410268676,"High"
"48223",18.46817013,0.801029159519726,40,17.40749016,1121.474576,-838.786089426715,0.547960926817279,40.1459206638814,19.6016676920987,1,33.14875387,"East Central Texas Plains","Oak / hickory group",0.320312637661114,-0.271109150743885,-0.519776841045037,0.753716532012606,-0.427358706225924,-0.181461040631791,0.222777625037315,1.12654769088177,0.483062530430289,"High"
"48225",7.195731826,0.927550047664442,49,18.9103996,1079.6875,-1525.08682760659,0.565780612271301,49.5317842455037,20.5854476451569,1,31.3196785,"South Central Plains","White / red / jack pine group",1.08977187042822,0.099784972634157,-0.38339495821178,-0.772745281039201,-0.284558503900607,-0.215596015219163,0.0930810111768899,1.47561469507114,1.08014320967351,"High"
"48227",15.52181416,0.143356643356643,8,17.27896506,481.5524476,-39.6030582191515,0.529958184527394,38.7335021365341,28.0302306487599,0,32.30626236,"High Plains","Aspen / birch group",-3.67943947536568,-0.326922633114234,0.648678850733117,2.53124977787894,-0.571625856621998,-0.190383137470912,-1.76338032456021,1.09669634360422,-1.63989099576784,"High"
"48231",44.19693501,0.630218687872763,36,17.53716933,1086.782258,-473.100741679877,0.559814825316704,48.1869702635161,18.1914168341575,2,33.12325983,"East Central Texas Plains","Elm / ash / cottonwood group",-0.718501556495709,0.0466429683190238,-0.715280588275652,1.56706946590063,-0.332366058435971,-0.103549704001842,0.11510136236775,1.15666708342325,0.217693339655523,"High"
"48233",9.182442193,0.0606060606060606,4,14.2534551,489.8076923,-485.721311309389,0.665743979454347,125.540605345121,16.9026036979429,2,35.84016978,"Southwestern Tablelands","Unknown",-4.18270182870502,3.10336848155495,-0.893949366380733,1.5389989473558,0.516510016399059,-0.209579898203384,-1.7377581134206,0.393988868506922,-1.90526018654261,"Moderate"
"48239",6.899580038,0.692857142857143,17,20.89209193,1069.913793,-639.429075412427,0.561973413091848,11.4649035821041,27.3284864310488,0,28.95470763,"Western Gulf Coastal Plain","Oak / hickory group",-0.337554677124546,-1.40447536639666,0.551395716043006,1.19712399484574,-0.315067954503506,-0.216492816202656,0.0627458735194013,1.93588421394391,-1.04281031652462,"High"
"48241",14.62791396,0.853796350794585,61,18.97429257,1357.022222,-1225.43500742875,0.450633151864454,107.103823297331,28.4862546174994,1,30.74557802,"South Central Plains","White / red / jack pine group",0.641225675097167,2.37481600941842,0.711897670429993,-0.106263321649181,-1.20730658976162,-0.19309002836601,0.953858500114434,1.49045452974984,1.87625078199781,"High"
"48245",111.4742683,0.526451612903226,31,20.10986652,1402.682432,-1073.91118147709,0.515523141813581,23.5704735909357,17.6889677888938,1,29.88360314,"Western Gulf Coastal Plain","Oak / gum / cypress group",-1.34957943670486,-0.926108646342426,-0.784935338413442,0.230754142001129,-0.687302815422739,0.100178185229135,1.0955763514701,1.75420388564049,-0.114018148812934,"High"
"48251",91.28553475,0.65843621399177,23,18.36970995,852.9711538,-489.2753934651,0.61731316802937,12.2912847377314,17.0859408613242,0,32.37889687,"Cross Timbers","Elm / ash / cottonwood group",-0.546891664117448,-1.37181988279335,-0.868533248215768,1.53109400074955,0.128403857729181,0.039043061833876,-0.610589722064838,1.35003366450571,-0.644756530362466,"High"
"48255",8.027698361,0.213541666666667,11,21.06925735,762.8058252,-161.649050091392,0.640963581828011,54.7351414715781,24.1716349496162,0,28.90707024,"East Central Texas Plains","Unknown",-3.25259680156069,0.305402132973716,0.113759893596781,2.25979655676908,0.317929306101287,-0.213076670622734,-0.890440310486783,1.97703280264753,-1.44086410268676,"High"
"48257",64.18284515,0.588235294117647,22,18.20275957,999.8141593,-514.53771344833,0.541904388742044,41.4404522975614,28.9131512848732,1,32.5990466,"Texas Blackland Prairies","Oak / hickory group",-0.973831015697896,-0.219954116230172,0.771078558483967,1.47490585374891,-0.475893505830893,-0.0430287664428113,-0.154825825532864,1.31125762954058,-0.711098828056158,"High"
"48259",26.51380639,0.922657952069717,15,18.60339574,854.2159091,-204.583819329597,0.396343204918834,82.0678130558676,33.1704198634808,0,29.94565971,"Edwards Plateau","White / red / jack pine group",1.06001972295171,1.38548679206512,1.36126572653151,2.16430156157481,-1.64236563881545,-0.157097404134718,-0.606726313495767,1.40430972164255,-1.175494911912,"High"
"48265",18.26521503,0.941138421733506,21,18.07914258,725.9473684,-184.862156215419,0.587018146540474,46.1270503664255,22.8632508243844,2,30.06058335,"Edwards Plateau","White / red / jack pine group",1.17241197862738,-0.0347573394753868,-0.0676220200248115,2.20816624648467,-0.114368957157275,-0.182075625249071,-1.00483972525035,1.2825462439988,-0.777441125749849,"High"
"48267",1.350298624,0.876252209781968,15,18.10917903,608.7142857,-152.615008417266,0.409254290102336,85.594591710572,25.285690660797,1,30.48699748,"Edwards Plateau","White / red / jack pine group",0.777794966389164,1.52485185593055,0.268201966745015,2.27988996315189,-1.53890109780543,-0.233297040358653,-1.36870184038397,1.28952253501071,-1.175494911912,"High"
"48269",0.118262905,0.216129032258065,6,16.81925971,595.825,-47.1220108028189,0.568796755801501,47.0981141642252,14.8003177940953,1,33.61650479,"Southwestern Tablelands","White / red / jack pine group",-3.23686127858074,0.00361545945749727,-1.18539026119595,2.51452621435262,-0.260388273316793,-0.237027866540587,-1.40870695369626,0.989924794325561,-1.77257559115522,"High"
"48277",21.15127403,0.804320203303685,38,17.02395914,1147.104895,-739.514054230284,0.608604491639302,19.2887982692118,18.0501127348286,1,33.66983325,"East Central Texas Plains","Oak / hickory group",0.340327704438954,-1.09530439495203,-0.734869642777755,0.974516193736954,0.0586158273121383,-0.17333611850121,0.302327713357984,1.03746845523261,0.350377935042906,"High"
"48281",11.46176496,0.838018741633199,19,18.29116668,741.7722772,-206.692624739708,0.545362310212888,42.8412048129354,24.4986139730197,0,31.19535009,"Cross Timbers","White / red / jack pine group",0.54527134519764,-0.164601630895048,0.15908915114073,2.15961118205077,-0.448183034344983,-0.202677698108809,-0.955723173376512,1.33179113888944,-0.910125721137233,"High"
"48285",7.991924468,0.939236111111111,20,20.3480178,1005.80916,-467.641456527862,0.455787076844385,80.2287617111154,32.8495826702199,1,29.38508259,"East Central Texas Plains","Oak / hickory group",1.1608427390065,1.31281438100487,1.31678791382163,1.57921194200114,-1.16600498924782,-0.213185000417541,-0.136218845449335,1.80951710122151,-0.843783423443541,"High"
"48287",10.54133916,0.864661654135338,15,19.73215004,932.0888889,-499.063021420347,0.612734063249122,70.8734004479631,29.6728429359394,0,30.31231124,"East Central Texas Plains","Oak / hickory group",0.70730494544496,0.943125594841841,0.876394973423136,1.50932447686172,0.0917086483341891,-0.205464913300877,-0.365028095815227,1.66647513991743,-1.175494911912,"High"
"48289",6.233220615,0.835922697991664,53,18.96998392,1025.833333,-1014.77703366986,0.606234070994197,26.0255618631654,20.3232900342012,1,31.29668668,"East Central Texas Plains","Oak / hickory group",0.532523883842348,-0.829092766596712,-0.419737992515399,0.362279599360377,0.0396201750830079,-0.21851067261994,-0.0740688296536537,1.4894537990953,1.34551240044828,"High"
"48291",28.72317043,0.710401683915103,65,19.8054645,1372.64497,-1165.93789415382,0.507487174348871,69.723855150963,25.0092251701426,0,30.15118614,"South Central Plains","White / red / jack pine group",-0.230854437348584,0.897699876525519,0.229875424273137,0.0260694391196041,-0.75170001159105,-0.15040705167274,1.00234759551787,1.68350321774756,2.14161997277258,"High"
"48293",9.963100282,0.589341692789969,23,18.93318874,960.1171875,-539.151489617535,0.550092821299525,34.2652542352733,27.6507931641687,2,31.54544987,"Texas Blackland Prairies","Unknown",-0.967102255838372,-0.503491030253398,0.596077251762537,1.42016019006663,-0.410274512221128,-0.207215924827723,-0.278035279646685,1.4809077197978,-0.644756530362466,"High"
"48299",8.8673409,0.594795539033457,16,18.85961534,716.8947368,-235.855547041837,0.467927953266124,68.1138496457407,29.3626918967615,1,30.70651089,"Edwards Plateau","Unknown",-0.933933722107056,0.834078497917112,0.833398587336714,2.09474736248202,-1.06871260920529,-0.210534081702902,-1.03293682553671,1.46381950034658,-1.10915261421831,"High"
"48307",2.887792557,0.624401913875598,13,18.25620654,661.1197183,-213.651528682239,0.571854690119057,72.9833821433907,24.6340737310637,0,31.19245273,"Central Great Plains","Oak / hickory group",-0.753877299763641,1.02650415713009,0.177868001830611,2.14413327194806,-0.23588314720942,-0.22864123165819,-1.20604850814051,1.32367126751792,-1.30817950729938,"High"
"48309",94.61904826,0.626984126984127,21,19.00319875,871.2649007,-411.124154254575,0.565533696580745,34.0023224808348,17.8156552127855,2,31.55262186,"Texas Blackland Prairies","Oak / hickory group",-0.738173112522581,-0.513881106959996,-0.767372600579707,1.70491704312879,-0.286537192618748,0.0491375414736656,-0.553810515313218,1.49716830330572,-0.777441125749849,"High"
"48315",10.12335842,0.892588614393126,40,17.75345909,1198.017544,-1028.42839552556,0.604802638239511,68.1612912602354,25.0331489978819,2,32.79891416,"South Central Plains","White / red / jack pine group",0.877147709976425,0.835953212573535,0.233191995892147,0.331916405195465,0.0281492157604282,-0.206730634305786,0.460347819334395,1.20690272407505,0.483062530430289,"High"
"48319",1.76582522,0.661181026137464,16,18.36918102,668.1714286,-171.547733255124,0.5229407465499,78.999092328942,24.3760617922873,2,30.71783807,"Edwards Plateau","Oak / hickory group",-0.530198601978177,1.26422245937935,0.142099684033122,2.2377800252278,-0.627860943687764,-0.232038750944037,-1.18416176622454,1.3499108147813,-1.10915261421831,"High"
"48321",12.99738902,0.391129032258065,21,21.10281872,1161.087629,-1130.91643524352,0.58161546974912,41.050993907035,15.4675063622603,1,28.81947969,"Western Gulf Coastal Plain","Elm / ash / cottonwood group",-2.17256772430042,-0.235344051007121,-1.09289759263901,0.103963745055677,-0.157663960365624,-0.198027551720759,0.345726616222378,1.98482779452834,-0.777441125749849,"High"
"48325",14.81909306,0.622377622377622,17,19.94010767,684.96875,-236.934604322937,0.495396715382442,81.8578736145859,30.5221307550635,0,29.35577447,"Southern Texas Plains","White / red / jack pine group",-0.766188387725243,1.377190772806,0.994132147757124,2.09234733630973,-0.848588365264112,-0.192511103598879,-1.13202708928507,1.71477555308299,-1.04281031652462,"High"
"48327",0.902305338,0.71551724137931,12,17.94580495,605.372093,-198.944842124399,0.569875748735546,37.1283591920503,19.8513271211889,0,30.89011129,"Edwards Plateau","Oak / hickory group",-0.199743266858835,-0.390351861561199,-0.485166435638267,2.17684370656977,-0.251741633078009,-0.234653644761402,-1.37907516911506,1.25157713447627,-1.37452180499307,"High"
"48333",2.516651078,0.666666666666667,14,18.17891278,704.8224299,-258.915740409768,0.59316658894804,73.5247819045827,21.9816934408721,0,31.49481021,"Cross Timbers","White / red / jack pine group",-0.496836705656293,1.04789824495996,-0.189832739419146,2.04345715890291,-0.0650976710814704,-0.229765114939902,-1.07040624135355,1.30571895413986,-1.24183720960569,"High"
"48335",3.498733641,0.0194552529182879,6,17.61137376,542.3636364,-32.8863974777019,0.669432616850456,48.5975863889663,34.0812749797073,1,32.30626363,"Southwestern Tablelands","Aspen / birch group",-4.43296776799374,0.0628689774197671,1.48753800454766,2.5461888935795,0.546069357826727,-0.226791191958322,-1.57463763119284,1.17390186643032,-1.77257559115522,"High"
"48339",218.6499255,0.885985748218527,53,19.6015924,1174.760274,-1579.31970483362,0.466925279708411,58.6711102556865,22.6618393474808,2,30.30277567,"South Central Plains","White / red / jack pine group",0.83699120763699,0.460936855924899,-0.0955437888705273,-0.89336939156914,-1.07674765490108,0.424725389325053,0.388163080525735,1.63615171319863,1.34551240044828,"High"
"48343",18.93360683,0.877551020408163,34,17.64612857,1172.542857,-1174.14675904276,0.534362990027865,63.8499732833425,24.1948840583755,1,33.11293378,"South Central Plains","White / red / jack pine group",0.785693913690251,0.665586097418075,0.11698292860266,0.00781138097631736,-0.536327415563996,-0.180051614427977,0.381280773747042,1.18197404768422,0.0850087442681401,"High"
"48347",26.55278569,0.892702374761657,57,18.38156918,1169.348148,-1220.36246892317,0.443208415938663,56.4115735939379,24.2971542411029,2,31.61788063,"South Central Plains","White / red / jack pine group",0.877839563844769,0.37164844233228,0.131160692679581,-0.0949810427687331,-1.26680560814501,-0.156979367789869,0.371365197467682,1.35278809918948,1.61088159122304,"High"
"48349",18.91885264,0.542974079126876,27,18.6440912,970.6540881,-532.524017149631,0.626182247845998,28.1959149670239,20.8927427307979,1,32.04636637,"Texas Blackland Prairies","Elm / ash / cottonwood group",-1.24909512640403,-0.743328552693948,-0.340794494322629,1.43490093428634,0.19947730038459,-0.180096292774146,-0.245331380278281,1.41376168323666,-0.3793873395877,"High"
"48351",5.701732059,0.894736842105263,62,18.84989229,1392.43609,-1104.06215826427,0.477813515150947,74.0785651525181,26.7143567802082,0,30.78483269,"South Central Plains","White / red / jack pine group",0.890212538017304,1.0697816817368,0.466258630432545,0.163692703579976,-0.989493464687027,-0.220120115746907,1.06377427319461,1.4615612166172,1.9425930796915,"High"
"48353",6.308471847,0.505698005698006,10,17.23881941,611.9545455,-85.3895842916623,0.569106479259389,40.2437530151805,26.3793739088639,2,32.30368703,"Edwards Plateau","White / red / jack pine group",-1.47579618171389,-0.267243183179201,0.419819795641485,2.42941193957595,-0.257906266966826,-0.218282798328441,-1.35864488583448,1.0873720813408,-1.50720640038046,"High"
"48363",11.67042625,0.835699797160243,23,17.92907259,785.3061224,-213.081187624888,0.605990315596808,52.607331962622,23.8287524599126,0,32.75304982,"Cross Timbers","White / red / jack pine group",0.531168272881634,0.221319082365034,0.0662259309550708,2.14540181763952,0.0376668117559815,-0.202045834119898,-0.820605025584503,1.24769086254081,-0.644756530362466,"High"
"48365",11.03359192,0.914844888611285,52,17.97012811,1228.504132,-1127.81599268943,0.556261963375849,93.5351093988402,33.1995266954792,1,32.1640079,"South Central Plains","White / red / jack pine group",1.01250319107746,1.83863133094067,1.36530082049629,0.110859711938841,-0.360837346848837,-0.203974283234869,0.554970549858968,1.25722645197182,1.27917010275459,"High"
"48367",59.14961085,0.874755381604697,20,17.98720719,832,-310.845091714378,0.573694873516165,50.7841588625183,28.1946561949893,2,32.77766241,"Cross Timbers","Oak / hickory group",0.768691740212395,0.149274119975701,0.671473242416889,1.92795652290875,-0.22113661522934,-0.058270306940915,-0.67567892899107,1.26119325338463,-0.843783423443541,"High"
"48371",1.27448935,0.0836212854181064,13,17.93644629,365.8716418,-48.4290964056249,0.55515720598308,24.0792375137975,16.0289594989962,2,30.78128981,"Chihuahuan Deserts","Unknown",-4.04273065488918,-0.906004204429838,-1.01506307723478,2.5116190103412,-0.369690453690417,-0.233526604501893,-2.12242456113004,1.24940348427322,-1.30817950729938,"High"
"48373",18.3199003,0.895959318306762,62,18.95726275,1238.410256,-1241.83453685165,0.45064006901411,55.5148058166659,25.8196160591541,1,30.79456284,"South Central Plains","White / red / jack pine group",0.897647243968827,0.336211543454246,0.342220298684058,-0.142738956926023,-1.20725115834714,-0.181910028396694,0.585716676706453,1.48649916950585,1.9425930796915,"High"
"48379",20.1941291,0.848214285714286,13,17.66109567,1087.075,-857.354589990792,0.697781863420305,-9.3123248267934,17.8951105635997,1,32.87090969,"East Central Texas Plains","Oak / hickory group",0.607277355756964,-2.22551349996086,-0.756357667502924,0.712416697319341,0.773249470314684,-0.176234525836062,0.116009960187199,1.18545031885489,-1.30817950729938,"High"
"48387",4.480934262,0.87452567670124,46,16.92619994,1188.566667,-984.297695986902,0.528514240964985,53.0825131002115,21.35738839916,1,33.61870522,"East Central Texas Plains","White / red / jack pine group",0.76729474908019,0.240096458569087,-0.276380444306109,0.430071374120136,-0.583197072813796,-0.223816911475843,0.431014665109597,1.01476282163439,0.881116316592438,"High"
"48395",7.717937829,0.827586206896552,27,19.42567625,951.7603306,-705.413387162864,0.668474469727346,20.6544548523909,18.789412855569,1,31.02512401,"East Central Texas Plains","Oak / hickory group",0.481824033911817,-1.04133876921617,-0.632380115387004,1.05036248557697,0.538391130094226,-0.214014681335486,-0.303972869595456,1.59529328099061,-0.3793873395877,"High"
"48399",3.776275064,0.02734375,6,18.08465388,627.1217949,-413.703239550386,0.546154568342125,45.1885604861133,22.6576593808068,1,31.83138473,"Central Great Plains","Aspen / birch group",-4.38499247315359,-0.0718429393704358,-0.0961232596387703,1.69918067276279,-0.441834178107266,-0.225950746513818,-1.31156954395709,1.28382630314874,-1.77257559115522,"High"
"48401",22.55455136,0.911713286713287,47,18.0802373,1166.715278,-1070.79573108524,0.381835439101769,58.1212034220616,24.0173601276999,3,32.10759178,"South Central Plains","White / red / jack pine group",0.993457798422543,0.439206600501599,0.0923727016527854,0.237683489135781,-1.75862537299037,-0.169086741861766,0.363193428671638,1.28280050458208,0.94745861428613,"High"
"48403",8.221285825,0.917659425367905,42,18.35999789,1306.345238,-1387.55506912536,0.487588213084555,60.1034963561427,25.6655104955788,1,31.34311218,"South Central Plains","White / red / jack pine group",1.02962029581093,0.517539381888287,0.320856571104384,-0.466848804867207,-0.911162741836191,-0.212490452895401,0.796569839250512,1.34777793332293,0.615747125817672,"High"
"48407",19.38097714,0.904509283819629,52,19.21125276,1222.448276,-1624.55014954567,0.522349880948914,73.4128771098972,26.2254042410156,4,30.57933323,"South Central Plains","White / red / jack pine group",0.949645376452618,1.04347618721687,0.398474907351085,-0.99397040042628,-0.632595916568491,-0.178696896508823,0.536174690171961,1.54549110177073,1.27917010275459,"High"
"48411",2.041866311,0.717706821480406,11,18.34525585,690.4713376,-197.928946524183,0.56708722639893,66.3925582801873,20.8803094613396,0,31.15643528,"Edwards Plateau","White / red / jack pine group",-0.186426946926395,0.766059519529747,-0.342518124381592,2.17910324929428,-0.274087793726291,-0.231202848775204,-1.1149484360864,1.34435393477619,-1.44086410268676,"High"
"48419",12.26022087,0.889425010052272,50,18.04934957,1243.123894,-1486.46376944589,0.444929678370159,42.440296497865,22.0357496287458,1,31.79219318,"South Central Plains","White / red / jack pine group",0.857907688786345,-0.180444023742537,-0.182338904382067,-0.686840341548759,-1.25301206369066,-0.200259829723819,0.60034662802355,1.27562649456501,1.1464855073672,"High"
"48423",96.44833082,0.904282933160286,51,18.21008764,1084.807407,-1006.09190352365,0.516160386299387,39.8971333336476,22.4379605959945,2,32.375677,"South Central Plains","White / red / jack pine group",0.948268784751212,-0.280940292860131,-0.126580206678336,0.381596960936783,-0.682196179745102,0.0546769387198289,0.108971919676453,1.312959653211,1.2128278050609,"High"
"48425",18.55755352,0.948586118251928,14,18.2664251,813.6551724,-159.744041385812,0.378478779160975,130.899133898359,16.5896928913143,0,32.22237032,"Cross Timbers","White / red / jack pine group",1.21770646662048,3.315117430713,-0.937328340341546,2.26403365412425,-1.785524372971,-0.181190371619116,-0.732616677436864,1.32604463881455,-1.24183720960569,"High"
"48433",0.594967544,0.0458265139116203,7,17.30359465,591.9545455,-40.4433145694006,0.633538502459032,50.8848513144752,24.8383832725492,1,33.17910683,"Southwestern Tablelands","Aspen / birch group",-4.27258626460261,0.15325310799045,0.206191530747797,2.52938088985293,0.258427535494419,-0.23558431898689,-1.42071987469487,1.102416832788,-1.70623329346153,"High"
"48439",926.8542307,0.665584415584416,26,18.53221853,858.5075758,-532.781407439775,0.5882263223363,46.1563407284589,18.2139611582261,8,32.77182865,"Cross Timbers","Unknown",-0.503418607661737,-0.0335998942328335,-0.71215525790668,1.43432844991164,-0.104687094447989,2.56929565076453,-0.593406055366015,1.3877780432859,-0.445729637281392,"High"
"48441",57.99568183,0.456944444444444,12,17.60856591,629.1654676,-134.104440637831,0.612439111203619,42.8910972616445,22.9148425115119,1,32.30167782,"Edwards Plateau","White / red / jack pine group",-1.77229961594462,-0.162630068463288,-0.0604698398984329,2.32106094444524,0.089345014482022,-0.0617646119626914,-1.30522649595275,1.17324971283968,-1.37452180499307,"High"
"48453",485.8586108,0.904255319148936,21,19.49850936,836.3636364,-245.736021978102,0.65931353367192,83.2260628207961,33.2921775252426,5,30.33573938,"Edwards Plateau","White / red / jack pine group",0.948100845240998,1.43125647830445,1.37814504909631,2.07277132946037,0.46497886220771,1.23388144201368,-0.662135294945029,1.61220956006694,-0.777441125749849,"High"
"48457",8.990214451,0.885079743627962,56,18.93964446,1313.882813,-1210.36684913454,0.490526913974571,66.6080472228551,24.8070607114885,1,30.77181773,"South Central Plains","White / red / jack pine group",0.831481179946209,0.774574834268066,0.201849269209189,-0.0727489059571163,-0.887613107205959,-0.210161998447466,0.819964583458481,1.48240713072723,1.54453929352935,"High"
"48463",6.692199568,0.635772357723577,16,19.98813728,625.6968326,-136.614146031226,0.5328387910605,83.2352206716278,32.011504925428,1,29.3574973,"Southern Texas Plains","White / red / jack pine group",-0.684725927782439,1.4316183622192,1.20060479742446,2.31547888802025,-0.54854176813971,-0.217120801637791,-1.31599226990203,1.72593095049342,-1.10915261421831,"High"
"48467",25.64783659,0.842020850040096,35,18.03437252,1053.268908,-785.753282456649,0.558413668857849,48.9766914323492,24.3444494676466,1,32.56489655,"East Central Texas Plains","Oak / hickory group",0.569610877660448,0.0778497867519002,0.137717252431591,0.871671460770873,-0.343594395003986,-0.159719716745286,0.0110843209715234,1.27214791239901,0.151351041961832,"High"
"48469",40.28809932,0.527972027972028,17,21.1612629,968.504065,-469.250070194212,0.665793745199957,50.6656490050886,31.5392419388659,2,28.79776778,"Western Gulf Coastal Plain","Oak / hickory group",-1.34033276266168,0.144591054927845,1.13513475496265,1.5756340829125,0.516908820214105,-0.115386362881316,-0.252004513277385,1.99840208868202,-1.04281031652462,"High"
"48473",40.33754083,0.571992110453649,29,19.85473891,1061.039474,-1124.49081905608,0.462349426405742,87.2615204247324,25.8158495746835,1,30.00938786,"Western Gulf Coastal Plain","Unknown",-1.07261681955266,1.59072262624334,0.341698149150348,0.118255522974301,-1.11341680818766,-0.115236645079196,0.0352022108659715,1.69494773344766,-0.246702744200317,"High"
"48477",22.54201767,0.753926701570681,20,19.89369164,1044.252874,-561.358021089687,0.552706692227221,28.2078997234646,21.8135506038243,1,30.2150656,"Texas Blackland Prairies","Oak / pine group",0.0338506811700947,-0.742854960072948,-0.213142460897225,1.370768690966,-0.389327941739268,-0.169124696133779,-0.0168991895342239,1.70399492711363,-0.843783423443541,"High"
"48481",14.8135768,0.488372093023256,10,20.45865691,1090.392157,-365.540913697451,0.574094122918033,30.3709904704467,14.9535650010519,1,29.27764519,"Western Gulf Coastal Plain","Elm / ash / cottonwood group",-1.58116679418109,-0.657377727273618,-1.16414552800261,1.80630273624364,-0.21793718191094,-0.192527807828243,0.126305584378358,1.83521423349441,-1.50720640038046,"High"
"48485",81.30252524,0.128,8,17.2689983,724.5684211,-582.113984683116,0.511453316765459,37.6621478039953,23.8981866774228,2,33.98852364,"Central Great Plains","Aspen / birch group",-3.772833627022,-0.369258537800968,0.0758516295553091,1.32460352742197,-0.71991685015416,0.00881271000232728,-1.00911963216468,1.0943814555863,-1.63989099576784,"High"
"48491",197.3834923,0.905525846702317,20,19.30457638,850.7133758,-266.84420744722,0.529174144205341,58.2835278300125,35.8913102422089,2,30.64726996,"Texas Blackland Prairies","White / red / jack pine group",0.955827784015849,0.445621052242374,1.73846405394232,2.0258227582744,-0.577908858468986,0.36032679717765,-0.6175972992748,1.5671665238464,-0.843783423443541,"High"
"48493",24.07210409,0.298295454545455,15,20.66419369,755.2522523,-521.57008968904,0.568499020146567,58.9031484014911,21.3733860143213,0,29.1742401,"East Central Texas Plains","Aspen / birch group",-2.73715160075935,0.470106133096898,-0.274162687306937,1.45926452744796,-0.262774213959446,-0.164491318717586,-0.913884708167967,1.88295237801318,-1.175494911912,"High"
"48497",28.98091497,0.831168831168831,28,17.76208855,864.5078125,-432.220178604614,0.504241918622846,60.8335140193042,25.8682793834482,1,33.21582617,"Cross Timbers","Oak / hickory group",0.503612399171216,0.546386941718468,0.348966518477949,1.65799552055699,-0.777706260436996,-0.149626554757551,-0.574782824050404,1.2089070096759,-0.313045041894009,"High"
"48499",26.95952052,0.866619866619867,42,17.67343334,1074.821053,-993.25962084374,0.567380493176819,33.0383214897277,22.5671069988786,1,32.78693237,"South Central Plains","White / red / jack pine group",0.719214162160363,-0.551974810264218,-0.108676579417257,0.410138369091344,-0.27173766496976,-0.155747701427063,0.0779767790111544,1.18831587641342,0.615747125817672,"High"
"49001",0.9856971,0.881699086939262,14,8.605329893,294.1111111,-118.25753083344,0.652114206665412,4.9662566074514,21.8253915288059,2,38.35829525,"Central Basin and Range","White / red / jack pine group",0.810921116386105,-1.6612775191071,-0.21150094783482,2.35630744984086,0.407286185432462,-0.234401119478061,-2.34515126832097,-0.917849418498547,-1.24183720960569,"Low"
"49003",3.692822793,0.904187366926898,9,8.681990985,306.6688073,-72.149940089156,0.71083165788945,52.5937599307616,43.3306935272556,8,41.52184586,"Central Basin and Range","Unknown",0.947687581744346,0.220782766573147,2.76978929733535,2.45885939630915,0.877825574943798,-0.226203455029315,-2.30617532573461,-0.900044049119587,-1.57354869807415,"Low"
"49005",41.87988073,0.765730880929332,12,5.613913211,447.453125,-723.911625529382,0.765121789563849,23.6083727963387,36.3929087236224,14,41.72386543,"Wasatch and Uinta Mountains","Unknown",0.105639892627129,-0.924611011900754,1.80800089000898,1.00921892721492,1.31288610434402,-0.110566161917366,-1.86921607808731,-1.61263836031785,-1.37452180499307,"Low"
"49007",5.325147325,0.87478944413251,14,6.857846139,327.2692308,-257.028240317087,0.715658436713037,39.3171075877047,27.4828942797181,4,39.64869273,"Colorado Plateaus","White / red / jack pine group",0.768898897519788,-0.303860734725428,0.572801349549045,2.04765531381274,0.916505550208581,-0.221260482185686,-2.24223677277051,-1.32372145752065,-1.24183720960569,"Low"
"49009",0.326836155,0.87406015037594,11,4.713836215,310.0344828,-472.750974423321,0.606817710894288,44.2785405246069,35.2762716466206,3,40.88839892,"Wasatch and Uinta Mountains","Douglas-fir group",0.76446356812382,-0.107803514861892,1.65320096088914,1.56784741400834,0.0442972439366175,-0.236396269152662,-2.2957291122761,-1.82169099660543,-1.44086410268676,"Low"
"49013",2.380809515,0.914797075875977,14,5.171889295,337.8600746,-459.980371016035,0.687118270200348,30.829601583197,20.098384810601,2,40.29713036,"Colorado Plateaus","White / red / jack pine group",1.01221240944317,-0.639255136298825,-0.450916710640605,1.59625163586967,0.687795477692102,-0.230176467672634,-2.20936544722515,-1.71530320493961,-1.24183720960569,"Low"
"49015",0.873824332,0.939098660170524,13,9.563982235,222.2423358,-107.122736003702,0.595839267816304,31.9742951783585,27.4095305991891,6,38.99609769,"Colorado Plateaus","White / red / jack pine group",1.16000680672024,-0.594021139040951,0.562630907621438,2.38107332602051,-0.0436798360628078,-0.234739890380124,-2.56821393962886,-0.695192023332367,-1.30817950729938,"Low"
"49017",0.373034873,0.916876087376764,16,8.542849164,279.5326757,-274.275292819148,0.668797725823082,29.2414559010062,28.306258037856,1,37.85624616,"Colorado Plateaus","White / red / jack pine group",1.0248562868121,-0.702012696694878,0.686944658977582,2.0092946279392,0.540981581872574,-0.2362563711091,-2.39039907907382,-0.932361244900807,-1.10915261421831,"Low"
"49019",1.01951548,0.873408239700375,10,10.36000261,283.0766551,-133.069059377951,0.647326348530813,6.05682183125887,22.5217277203401,3,38.98127641,"Colorado Plateaus","White / red / jack pine group",0.760498857666847,-1.61818247205542,-0.114967530385973,2.32336382693863,0.368918105811206,-0.23429871132902,-2.379399454985,-0.510307664914239,-1.50720640038046,"Low"
"49021",6.225260259,0.868071593533487,14,8.513997743,335.0543689,-192.663139935712,0.612648389272208,30.4248483100024,35.2323515354807,3,37.85969363,"Central Basin and Range","White / red / jack pine group",0.728043096998883,-0.655249467469357,1.64711229499095,2.19081539271049,0.0910220895692261,-0.218534778012441,-2.2180736547288,-0.939062300085527,-1.24183720960569,"Low"
"49023",1.32313989,0.856499356499356,13,9.758825854,278.2921147,-104.095314426982,0.61590801350189,29.0767515820816,28.3619366443556,5,39.70337876,"Central Basin and Range","White / red / jack pine group",0.657664483947285,-0.708521193590543,0.694663410680482,2.38780688052772,0.117143482155201,-0.233379281899473,-2.3942494695866,-0.649937481335649,-1.30817950729938,"Low"
"49025",0.741055233,0.982650314089141,15,10.85262885,287.447619,-112.251502535438,0.740721832871102,1.09947412727298,13.0876733056327,4,37.28562084,"Colorado Plateaus","White / red / jack pine group",1.42487391839928,-1.81407825883738,-1.42281498126108,2.36966598544338,1.11735410343169,-0.235141939138177,-2.36583307821491,-0.395889882175531,-1.175494911912,"Moderate"
"49027",0.737608503,0.911713791113676,10,10.11712785,251.8782359,-97.4064340533217,0.672254694575522,-10.0735603539578,27.104622183549,5,39.07279091,"Central Basin and Range","Aspen / birch group",0.993460866023016,-2.25559467268157,0.520361308929746,2.40268420746975,0.56868441863445,-0.235152376457752,-2.47623153120009,-0.566717959912727,-1.50720640038046,"Low"
"49029",7.574127842,0.906729634002361,9,5.597529969,459.62,-216.339558119902,0.835754477041123,43.21042844644,22.1193843076276,4,41.08300699,"Wasatch and Uinta Mountains","Unknown",0.96314883009677,-0.150011297817196,-0.170744589067349,2.13815458933753,1.87890967914618,-0.214450163892078,-1.83145314658277,-1.61644354581449,-1.57354869807415,"Low"
"49033",0.906293065,0.966597077244259,9,4.210629924,321.4293785,-894.790179409499,0.845849754444741,52.3682491428964,40.0222209886532,1,41.62537961,"Wyoming Basin","Aspen / birch group",1.3272433098316,0.211871426103494,2.31113417561421,0.629152911463168,1.95980940431173,-0.234641569205419,-2.26036221109395,-1.93856611084293,-1.57354869807415,"Low"
"49035",596.3803358,0.961325966850829,12,9.030642121,483.8294574,-230.6467551481,0.847119377198651,27.5088041222386,42.1980019073835,15,40.66637915,"Central Basin and Range","Aspen / birch group",1.29518611659944,-0.770480596000777,2.61276371930096,2.1063326945028,1.96998367964352,1.56856114240191,-1.75631305666171,-0.819066044516236,-1.37452180499307,"Low"
"49037",0.75519025,0.989096246592577,14,11.10844343,267.5813377,-107.942554622337,0.695272812630198,39.651873267519,23.0752125987062,1,37.62697759,"Colorado Plateaus","White / red / jack pine group",1.46407600076918,-0.290632050729329,-0.038237658429699,2.37924989535031,0.753142888669557,-0.235099135759434,-2.42749303773466,-0.336474173755627,-1.24183720960569,"Moderate"
"49039",7.387500725,0.968351440717997,13,6.345866943,388.872428,-358.599561950138,0.693610049281525,14.1525750582028,51.3113947866688,4,39.37282045,"Wasatch and Uinta Mountains","Aspen / birch group",1.33791278261425,-1.29826867082869,3.87615770899592,1.82174160696573,0.739818133683154,-0.215015304434373,-2.05103588377277,-1.44263417401474,-1.30817950729938,"Low"
"49041",4.34013738,0.916903633491311,15,6.226432772,329.4459016,-312.309065377863,0.632964344100083,41.2538029431581,42.7059994330922,5,38.74858288,"Wasatch and Uinta Mountains","White / red / jack pine group",1.02502381339586,-0.22732979861448,2.68318765792201,1.92470037036759,0.253826448116292,-0.224243269807504,-2.23548093198737,-1.47037405451533,-1.175494911912,"Low"
"49043",8.603080446,0.990084134615385,12,3.367901024,419.8993289,-666.067345946416,0.88292575411351,11.9269216692903,26.7926317906941,5,40.86768169,"Wasatch and Uinta Mountains","Douglas-fir group",1.47008401708361,-1.38621814457135,0.477109932368181,1.13787547524817,2.2569224071071,-0.211334309979914,-1.95473615738577,-2.13429903036388,-1.37452180499307,"Low"
"49045",3.878849762,0.921128798842258,11,10.05170371,241.3919156,-73.3954589193457,0.72794876458572,36.8874113298428,39.4159643503751,8,40.4490093,"Central Basin and Range","White / red / jack pine group",1.05071990624604,-0.39987321730605,2.22708852948013,2.45608912836982,1.01499557750968,-0.225640131843317,-2.50877844199055,-0.581913425416933,-1.44086410268676,"Low"
"49047",3.078216628,0.886469221835075,15,7.716984309,276.0955056,-252.079563313648,0.640897794029963,33.6911204837494,20.3707130277922,5,40.12273797,"Colorado Plateaus","White / red / jack pine group",0.839931538229885,-0.526178642599495,-0.413163720356849,2.05866210143607,0.317402107633276,-0.228064593254935,-2.40106719385726,-1.124177307218,-1.175494911912,"Low"
"49049",119.7381257,0.913653136531365,13,7.515339242,422.6390533,-212.841977250319,0.768220519155789,18.4607080459387,31.1257256681079,13,40.11653943,"Central Basin and Range","Aspen / birch group",1.00525533932341,-1.12802741449816,1.07780879765599,2.14593386646557,1.33771814831148,0.125202634663697,-1.94623273930524,-1.17101155921874,-1.30817950729938,"Low"
"49051",10.84254929,0.941537010843942,13,4.411684695,435.0918919,-611.500716991859,0.647812894093345,32.0733422044058,14.868058069039,6,40.32920363,"Wasatch and Uinta Mountains","Aspen / birch group",1.17483606903335,-0.590107172086334,-1.17599939465944,1.25924191233958,0.372817097460039,-0.204552794746247,-1.90758224843648,-1.89186896148511,-1.30817950729938,"Low"
"49053",27.37807952,0.933414043583535,14,12.16365396,355.8913043,-141.027821859693,0.645176553508598,11.7156493205892,35.2424894583749,4,37.280483,"Wasatch and Uinta Mountains","White / red / jack pine group",1.12543480219402,-1.3945668353321,1.64851772006394,2.30566204354882,0.351690463666661,-0.154480229346666,-2.15340102808682,-0.0913900930433682,-1.24183720960569,"Moderate"
"49055",0.42328132,0.938172043010753,11,9.877816171,225.9442897,-91.6065793065902,0.675258644475168,28.061404383326,21.6369122433232,1,38.32476835,"Colorado Plateaus","White / red / jack pine group",1.15437142003207,-0.748643906426916,-0.237629920832582,2.4155841743496,0.592756934086609,-0.236104215812687,-2.55672400227365,-0.622300690736521,-1.44086410268676,"Low"
"49057",171.0403242,0.941281138790036,6,7.686861668,467.27,-351.524761228854,0.881083063640808,-5.59263712972123,4.08847348370321,11,41.27140364,"Wasatch and Uinta Mountains","Aspen / birch group",1.17327993773225,-2.07852539432218,-2.6703783330982,1.837477293284,2.24215578437385,0.280554936876114,-1.80770946334367,-1.13117361702369,-1.77257559115522,"Low"
"50001",18.62051342,0.962183235867446,40,6.525190992,1016.89781,-965.943371315514,0.57751434042366,48.1007973217241,28.2328797576603,15,44.03311735,"Eastern Great Lakes Lowlands","Maple / beech / birch group",1.30039975024898,0.0432377368848666,0.676772193091235,0.470894841379595,-0.190528855705614,-0.180999717695931,-0.101802454187994,-1.4009842203332,0.483062530430289,"Low"
"50003",20.39718658,0.983038666091706,31,6.008419006,1235.46729,-958.434142578531,0.650696875529879,45.328509171051,21.5567271116718,15,43.03526131,"Northeastern Highlands","Maple / beech / birch group",1.42723575001711,-0.0663126922742057,-0.248746023773951,0.487596777243565,0.395928231138696,-0.175619631193692,0.576582447623127,-1.52101011424336,-0.114018148812934,"Low"
"50005",17.87030812,0.943188951663528,37,4.951956051,1087.409091,-1018.39801635522,0.583730664968524,22.4772559793347,17.4954792424251,15,44.46812065,"Northeastern Highlands","Maple / beech / birch group",1.18488264026956,-0.969308505810882,-0.811758747644378,0.354225853404075,-0.140713587921184,-0.183271474538612,0.117046894942366,-1.76638508423417,0.284035637349215,"Low"
"50007",117.4325078,0.942984907769704,37,6.524050673,971.7352941,-1234.2755573647,0.559734188345851,48.4015016076541,25.9099792233587,27,44.46369231,"Eastern Great Lakes Lowlands","Maple / beech / birch group",1.18364171112107,0.0551204423552937,0.354747387119519,-0.125926366044842,-0.333012252544303,0.118220808167759,-0.241975587757991,-1.40124907177838,0.284035637349215,"Low"
"50009",3.600880184,0.979338842975207,28,4.438592875,1111.283186,-909.962966074067,0.682359916727281,17.3034743599588,13.7294831148585,9,44.72663301,"Northeastern Highlands","Maple / beech / birch group",1.4047346191893,-1.17375694910865,-1.33384058212744,0.595405782613404,0.649663837240728,-0.226481873818319,0.191146104001217,-1.88561924508118,-0.313045041894009,"Low"
"50011",30.16632499,0.936442271530651,39,5.944960174,1053.168142,-1159.21303361847,0.442205249222238,47.2641311145964,26.9771504733231,14,44.85609882,"Northeastern Highlands","Maple / beech / birch group",1.14385150782264,0.0101758266243914,0.50268984510845,0.0410267927027215,-1.27484460582772,-0.146036919594593,0.010771568555148,-1.53574911566689,0.416720232736598,"Low"
"50013",33.40702995,0.525,15,7.043144496,797.7,-1453.11147785007,0.487931754139309,29.224873221349,13.604008635529,10,44.79880094,"Eastern Great Lakes Lowlands","Elm / ash / cottonwood group",-1.35840767816893,-0.702667981995078,-1.35123516887958,-0.612658577394158,-0.908409734087962,-0.136223480969205,-0.782137534886648,-1.28068390606366,-1.175494911912,"Low"
"50015",21.19557797,0.974114960030453,27,5.045597019,1171.835443,-1165.02752568908,0.678596146789423,15.8806769905929,17.1416836548001,15,44.60550286,"Northeastern Highlands","Maple / beech / birch group",1.37296464806692,-1.22998056438565,-0.860805598241812,0.0280942696638896,0.619502412112388,-0.17320195818689,0.379085137938558,-1.74463595464646,-0.3793873395877,"Low"
"50017",16.22245501,0.934741488020177,36,5.514585499,1065.191304,-1247.48038301506,0.571844336028226,28.8626859696869,12.6695591789491,16,44.00594065,"Northeastern Highlands","Maple / beech / birch group",1.1335078910945,-0.716980263655227,-1.4807783415217,-0.155296379774884,-0.235966120967255,-0.188261470714826,0.0480884509159843,-1.63570829782574,0.217693339655523,"Low"
"50019",14.92285875,0.908727181795449,34,4.800009877,1176.567797,-992.594301597367,0.621795928317775,17.3900655919154,15.4837624423478,14,44.82976973,"Northeastern Highlands","Maple / beech / birch group",0.975297271471345,-1.17033518841615,-1.09064400452418,0.411618164123724,0.164326998898637,-0.192196882389974,0.39377317903023,-1.80167622975802,0.0850087442681401,"Low"
"50021",24.30553031,0.968869123252859,41,6.273638877,1070.615385,-1164.49379935691,0.633193227314125,57.2968278281927,21.6988208825929,15,43.58026259,"Northeastern Highlands","Maple / beech / birch group",1.34106116081435,0.406630369176339,-0.22904749672341,0.0292813773258142,0.25566063140524,-0.163784462057754,0.0649234392986288,-1.45940992506532,0.549404828123981,"Low"
"50023",32.80566626,0.958498546127412,39,5.251370796,1126.7,-1030.76318747661,0.622877159804953,41.9356779673277,16.9683630722487,20,44.27067766,"Northeastern Highlands","Maple / beech / birch group",1.27799065573561,-0.200384655299383,-0.884833113041881,0.326723389136426,0.172991578053409,-0.138044518594103,0.238996031866857,-1.69684276500615,0.416720232736598,"Low"
"50025",20.95415018,0.977330467070549,35,6.419764101,1238.407692,-1269.36344962932,0.58771355763238,65.3189011345534,30.3351395674107,20,42.98888813,"Northeastern Highlands","Maple / beech / birch group",1.39252032473273,0.7236326163071,0.968209470469343,-0.203968432245243,-0.10879619635408,-0.173933045042642,0.585708718692881,-1.42547075825951,0.151351041961832,"Low"
"50027",21.9733212,0.974303135888502,33,6.025609397,1136.269939,-1338.9667479629,0.643365825498429,23.2350708135249,16.5327679343748,21,43.57870174,"Northeastern Highlands","Maple / beech / birch group",1.37410907294002,-0.939362506045854,-0.945219874198764,-0.35877924776387,0.337179975988558,-0.170846811529566,0.26869872470784,-1.51701745964455,0.0186664465744486,"Low"
"51001",27.97909644,0.852144469525959,30,14.06920791,1020.37931,-1928.93177525601,0.277188725314078,73.4015429365461,29.8581450312396,3,37.76690098,"Middle Atlantic Coastal Plain","White / red / jack pine group",0.631179466030681,1.04302830319931,0.902083491034649,-1.67097233615739,-2.59722445713913,-0.15266024180382,-0.0909967505021208,0.351195461976978,-0.180360446506626,"Moderate"
"51003",58.31627813,0.764524103831891,53,12.94807732,1136.5,-1370.28110577561,0.580126283991516,54.5356666742039,26.562089986877,10,38.02094361,"Northern Piedmont","Oak / hickory group",0.0983006635627888,0.29751963719006,0.445149812446433,-0.428428264211255,-0.169597730354691,-0.0607937885917245,0.269412776408451,0.0908007329663205,1.34551240044828,"Moderate"
"51005",12.9947989,0.815436241610738,50,11.11802697,1035.691176,-1414.73999448174,0.44083604886705,84.5878144031977,32.934679484734,4,37.78643249,"Ridge and Valley","Oak / hickory group",0.40793186397798,1.48506779305682,1.32858492569453,-0.527313187518508,-1.28581685829812,-0.198035395070884,-0.0434725549330274,-0.334248292735591,1.1464855073672,"Moderate"
"51007",14.0920155,0.850671976107516,41,13.85038888,1097.462963,-1416.89199471786,0.374892223132812,90.5384400718642,31.7906470191115,4,37.34089753,"Piedmont","White / red / jack pine group",0.622224236008,1.72021419932384,1.16998716081942,-0.532099640452869,-1.81426567302337,-0.194712825476997,0.148251594562558,0.300372370958452,0.549404828123981,"Moderate"
"51009",25.89049741,0.80597784076269,53,12.77236489,1104.189189,-1446.27389245297,0.508760766032262,55.3672475966819,26.9763541981376,5,37.60530214,"Blue Ridge","White / red / jack pine group",0.350408920798683,0.330380596075536,0.502579457100731,-0.597450502534972,-0.741493930763343,-0.15898489605249,0.169128114763683,0.0499896169359802,1.34551240044828,"Moderate"
"51011",18.26866946,0.820254506892895,38,13.41944666,1103.94,-1251.8917048853,0.50037966683877,61.8944766229733,26.4557489410919,6,37.37566583,"Piedmont","White / red / jack pine group",0.437234999307194,0.588312204258532,0.430407702687492,-0.165107988600864,-0.808656881738388,-0.182065164612509,0.168354694543727,0.200281370322967,0.350377935042906,"Moderate"
"51015",30.24463289,0.78990081154193,54,11.16912647,1046.358621,-1248.06805288753,0.480361241204253,56.3433580534974,25.8615984188861,8,38.16396127,"Ridge and Valley","Oak / hickory group",0.252633614675076,0.368952820043247,0.348040333182865,-0.15660346800764,-0.969076954147585,-0.145799789161549,-0.0103634784558332,-0.322379880104838,1.41185469814197,"Moderate"
"51017",3.099313647,0.808635034854958,48,10.57390241,1073.04878,-1563.13465396614,0.509918772415832,46.6302838224167,27.2515772678517,5,38.05849134,"Ridge and Valley","Oak / hickory group",0.366569118197955,-0.0148714408693368,0.540733762166691,-0.857370796904895,-0.732214106700541,-0.228000707679516,0.072476087674526,-0.46062711837199,1.01380091197982,"Moderate"
"51019",40.11102461,0.727703235990529,56,13.09339421,1079.565217,-1703.88765149545,0.501171000790215,49.4926721844905,24.564037263865,4,37.31274776,"Piedmont","Oak / hickory group",-0.125631978189034,0.0982394106880615,0.168158813069592,-1.17043191406306,-0.802315431511064,-0.115922577013778,0.0927014753837494,0.124552155440862,1.54453929352935,"Moderate"
"51021",6.837874293,0.796336206896552,43,10.61819811,1008.150943,-1697.57220477913,0.523306395606688,50.2154201627155,22.7214637256204,4,37.13430249,"Ridge and Valley","Oak / hickory group",0.291771613504617,0.126799699837361,-0.0872780329683438,-1.15638517375153,-0.62493077079419,-0.21667967231849,-0.128950537767412,-0.450338962022749,0.682089423511364,"Moderate"
"51023",23.85335935,0.775569558894813,62,12.22233921,1033.117647,-1323.11700259769,0.487039531091004,72.759527576987,28.2243192398268,5,37.55746724,"Ridge and Valley","Oak / hickory group",0.165475558577423,1.01765826432029,0.675585444432116,-0.323526435548117,-0.915559671282196,-0.165153717210233,-0.0514601441333726,-0.0777598077697565,1.9425930796915,"Moderate"
"51025",11.13915712,0.88828967642527,46,14.34179125,1116.241379,-1327.21769101266,0.328502793912804,97.4281373024157,34.4335982950422,3,36.76355975,"Piedmont","White / red / jack pine group",0.851002955865339,1.99246919135983,1.53638075333722,-0.332647137194565,-2.18601296875792,-0.203654612785395,0.206535092763352,0.414505896626808,0.881116316592438,"Moderate"
"51027",16.41140592,0.716267776621575,53,11.78433764,1148.307692,-1660.09695987342,0.580661711015572,46.9682990191083,27.4840544000819,3,37.26894333,"Central Appalachians","Oak / hickory group",-0.195178753598247,-0.00151434815483583,0.572962177586897,-1.07303318664011,-0.165307021208174,-0.187689293308557,0.3060608938768,-0.179490418943601,1.34551240044828,"Moderate"
"51029",11.38211049,0.871378910776362,50,13.48536553,1119.420455,-1385.08250369943,0.417187451417636,94.8174440645446,33.7597006293708,4,37.57320899,"Piedmont","White / red / jack pine group",0.748157133704894,1.88930438702951,1.44295799940175,-0.461349354709301,-1.47532775113625,-0.202918906198478,0.216402148127669,0.215591742230969,1.1464855073672,"Moderate"
"51031",42.51205261,0.8109627547435,46,13.53990914,1090.519481,-1304.61700028003,0.467315664474146,55.5002809112365,23.2927882596201,5,37.20536506,"Piedmont","White / red / jack pine group",0.380725559761071,0.335637573673038,-0.00807504106604525,-0.282378953827244,-1.07361925941534,-0.108651831541214,0.126700766172441,0.228260086732401,0.881116316592438,"Moderate"
"51033",22.38949352,0.852419994710394,47,13.70229484,1070.710843,-1707.92168056157,0.451706766135476,72.7720859721705,33.6459307808719,5,38.03006134,"Southeastern Plains","White / red / jack pine group",0.632855121332601,1.01815452499275,1.42718603118904,-1.17940435279088,-1.19870305208881,-0.169586566746312,0.0652197170129606,0.265975925300954,0.94745861428613,"Moderate"
"51035",24.3261452,0.797958315610379,42,11.22167374,1108.197183,-1375.80499465498,0.572381593451846,40.4794088877986,20.0363178736989,5,36.73067075,"Blue Ridge","Oak / pine group",0.301636755495863,-0.257930947013239,-0.459521079625852,-0.440714431141896,-0.231660743692686,-0.163722036455831,0.18156792390881,-0.310175207202371,0.615747125817672,"Moderate"
"51036",14.70304034,0.809874723655122,41,14.52420533,1149.633333,-1509.57337791487,0.514386133638265,77.4997702087385,34.0382836592327,3,37.35323301,"Southeastern Plains","White / red / jack pine group",0.374108505622687,1.20497487298538,1.48157809734119,-0.738240453598807,-0.696414367806736,-0.192862532148866,0.310175351392194,0.45687354349418,0.549404828123981,"High"
"51037",9.709912083,0.85968028419183,44,13.83247147,1096.242857,-1133.79863698989,0.367213079485148,113.04230010558,32.2319807302439,3,37.0190245,"Piedmont","White / red / jack pine group",0.677009860174324,2.60948233829081,1.23116946311672,0.0975531867412377,-1.87580341842303,-0.207982624321267,0.144464691244633,0.29621085831832,0.748431721205055,"Moderate"
"51041",317.720922,0.807830603276069,50,14.28597216,1107.863636,-1685.80977655049,0.462640166459763,71.6060289320726,28.8004784426997,7,37.37486365,"Piedmont","White / red / jack pine group",0.36167682480212,0.972076324522978,0.755458668779945,-1.1302233229463,-1.11108692763811,0.7247302202828,0.180532677593339,0.401541308073238,1.1464855073672,"Moderate"
"51043",31.81729378,0.549763033175355,20,11.95184487,1003.517241,-2582.1229869507,0.578447594885223,22.0341258271711,16.3754858112692,7,39.11317293,"Ridge and Valley","Oak / hickory group",-1.20780689763773,-0.986819347290712,-0.967023969737072,-3.12379234028167,-0.183050108323902,-0.141037488577863,-0.143332387769032,-0.140585049531482,-0.843783423443541,"Moderate"
"51045",6.005151241,0.853634251576502,38,11.21032333,1018.96,-1310.0558147436,0.352217208496822,66.8898056170508,28.5577428457398,5,37.48134038,"Ridge and Valley","Oak / hickory group",0.640239839937397,0.785708869161161,0.721808117514761,-0.29447589926975,-1.99597464235975,-0.219201307784728,-0.0954019331240932,-0.312811462927148,0.350377935042906,"Moderate"
"51047",52.88216371,0.853403141361257,43,12.90492375,1069.491525,-1763.16942461938,0.555081778527791,56.2583119262525,24.94728260382,4,38.48091689,"Northern Piedmont","Oak / hickory group",0.638834302152177,0.365592116093432,0.221288296840484,-1.30228571786877,-0.370294900716373,-0.0772492663356791,0.0614352594495961,0.080777848686629,0.682089423511364,"Moderate"
"51049",12.80932538,0.898895027624309,41,13.63420927,1100.191489,-1519.23678466026,0.412205319785843,74.5053003151413,31.4359938546024,4,37.51312098,"Piedmont","White / red / jack pine group",0.915501281134003,1.08664465472584,1.12082142393063,-0.759733686171958,-1.51525266489901,-0.198597042313574,0.156720255615324,0.250162313837827,0.549404828123981,"Moderate"
"51051",16.97000526,0.752986144290492,51,11.83539108,1146.367347,-1621.25935792282,0.610602834451189,42.883139377144,25.3220863795413,3,37.12555892,"Central Appalachians","Oak / hickory group",0.028130515165886,-0.162944534209577,0.273247522546378,-0.986651061443324,0.0746297888710615,-0.185997753842011,0.300038549163784,-0.167632704246991,1.2128278050609,"Moderate"
"51053",21.98063489,0.906073082861554,51,14.25248649,1120.540541,-1270.34823482994,0.360743507556246,105.439324879512,33.5696341430698,3,37.076215,"Piedmont","White / red / jack pine group",0.959155897826963,2.30904127530127,1.41660899199959,-0.206158779594704,-1.9276481147163,-0.170824664358248,0.219878614426304,0.393763898337776,1.2128278050609,"Moderate"
"51057",16.44424789,0.871212121212121,37,14.01428633,1079.5,-1350.02393371614,0.36127453255287,99.958600911687,38.0801072851427,4,37.93211711,"Southeastern Plains","White / red / jack pine group",0.747142773372649,2.09246362170062,2.04189802911859,-0.383372506772893,-1.92339268174845,-0.187589841904955,0.0924990581563237,0.338439329847056,0.284035637349215,"Moderate"
"51059",1134.97992,0.720481927710843,38,13.25387286,1023.52459,-1958.760382761,0.575282369021176,53.8200192247523,26.8921918107096,18,38.83568018,"Piedmont","Oak / hickory group",-0.169549645934983,0.269239934304563,0.490911985299247,-1.73731676471451,-0.208415028201835,3.19953774423546,-0.0812345894539797,0.161825060980569,0.350377935042906,"Moderate"
"51061",41.91930284,0.745406824146982,54,12.49546125,1036.444444,-1561.06681832259,0.595473402744338,38.8050562901667,25.4178200308229,6,38.73292662,"Northern Piedmont","Oak / hickory group",-0.0179644652601981,-0.32409508135463,0.286519124159828,-0.852771541840829,-0.0466117400201092,-0.110446784664039,-0.041134599797583,-0.0143242542071352,1.41185469814197,"Moderate"
"51063",15.98036658,0.869487485101311,34,10.89477114,1104.610169,-1628.83895038596,0.556409977089609,38.9202085873452,19.8451470802875,7,36.93023741,"Blue Ridge","Oak / hickory group",0.736654092822854,-0.319544694494052,-0.486023177648001,-1.00350949945719,-0.359651221070894,-0.188994558107552,0.170434731204206,-0.386101878634893,0.0850087442681401,"Moderate"
"51065",36.13757553,0.828410689170183,37,13.39460993,1119.25,-1477.891491379,0.490066416038155,83.4503426169625,28.3918584805117,4,37.84153331,"Piedmont","White / red / jack pine group",0.486838269165782,1.44011917459948,0.698811489059302,-0.667773984204204,-0.891303363055888,-0.127954896882133,0.21587309851636,0.194512770629455,0.284035637349215,"Moderate"
"51067",31.43729392,0.757065372537825,49,13.08986729,1134.314815,-1459.76539657093,0.522290430824692,59.6326515258025,26.7605335194868,4,36.99421746,"Piedmont","Oak / hickory group",0.0529390656234557,0.498933360281703,0.472660133762979,-0.627458143050288,-0.633072327321592,-0.142188196633608,0.262630509681805,0.123732990050288,1.08014320967351,"Moderate"
"51069",82.29239445,0.696750902527076,35,11.51684372,969.140625,-1473.12278505069,0.514787792505979,42.2754729756231,21.1131052704638,8,39.20168622,"Ridge and Valley","Oak / hickory group",-0.313874086732395,-0.186957231106182,-0.310245530631989,-0.657167485182902,-0.693195625942672,0.0118102123542526,-0.250028790531936,-0.241618780645335,0.151351041961832,"Moderate"
"51071",18.11486311,0.78546224417784,48,10.80806176,988.962963,-1721.12349559339,0.520048036474949,40.2672152349429,24.3989686647729,6,37.31243241,"Ridge and Valley","Oak / hickory group",0.225639679613134,-0.266316044258461,0.145275274661591,-1.20876767033953,-0.651042025364952,-0.182530917957707,-0.188505220005087,-0.406241071793276,1.01380091197982,"Moderate"
"51073",66.23003579,0.793662490788504,39,14.5565587,1153.925,-2159.02437278702,0.344238435654548,88.8454677918877,29.4762026674149,3,37.40803632,"Southeastern Plains","White / red / jack pine group",0.275510934534498,1.65331428497662,0.849134639464469,-2.18274151263892,-2.05991350251103,-0.0368295042612557,0.32349561045307,0.464387964284118,0.416720232736598,"High"
"51075",32.13355388,0.878095238095238,39,13.64007961,1090.772727,-1504.41310355263,0.542351467696858,86.2797179181202,33.22732201955,3,37.71944289,"Piedmont","White / red / jack pine group",0.789003670127275,1.55192547381793,1.36915409949324,-0.726763033685607,-0.472310784611287,-0.140079796001921,0.127486778303888,0.251525763918607,0.416720232736598,"Moderate"
"51077",13.6783286,0.795133819951338,44,10.4062634,1174.919355,-1636.15430453966,0.665140727624246,28.4221834956935,18.1709382683985,8,36.65691816,"Blue Ridge","Maple / beech / birch group",0.284459083930091,-0.73438726914991,-0.718119541587574,-1.01978022181455,0.51167578497484,-0.195965543960594,0.38865682809088,-0.499563095117184,0.748431721205055,"Low"
"51079",48.85851696,0.74,38,12.1862754,1103.956522,-1751.18698065627,0.541448448189693,54.5944151856016,28.0963772542196,4,38.2951499,"Northern Piedmont","Oak / hickory group",-0.050847025767399,0.299841158001131,0.657848786111022,-1.27563451072417,-0.479547240533003,-0.0894335937949011,0.168405974692024,-0.086136018459041,0.350377935042906,"Moderate"
"51081",14.91300644,0.880696364567332,43,14.67914435,1120.955556,-1454.25004238591,0.456246609924313,113.758361027841,38.2503637101486,3,36.67713346,"Southeastern Plains","White / red / jack pine group",0.80482288234509,2.63777838007084,2.06550075830064,-0.615190958883743,-1.16232246539193,-0.192226716960136,0.221166717001398,0.49285980993445,0.682089423511364,"High"
"51083",16.19282654,0.889644268774704,54,14.13123013,1095.269841,-1254.79499264314,0.434630344948378,96.8363000407018,30.9909158419428,4,36.76641926,"Piedmont","White / red / jack pine group",0.85924114961494,1.96908200269499,1.05912004733162,-0.171565446167348,-1.3355470164114,-0.188351191061324,0.141444693376584,0.365600794695212,1.41185469814197,"Moderate"
"51085",87.96467053,0.871653832049872,39,13.91910723,1087.328767,-1712.57310914316,0.468020644099525,79.040004684743,35.1413089001513,4,37.75925117,"Southeastern Plains","White / red / jack pine group",0.749829116215359,1.26583916222275,1.63449101115026,-1.18975000406435,-1.06796982001311,0.0289868865237314,0.116797589372105,0.316332952433897,0.416720232736598,"Moderate"
"51087",545.3859962,0.788288288288288,33,14.45757459,1103.842105,-1569.30720854481,0.41558648564865,53.2097414527299,24.2209369678707,7,37.53616688,"Southeastern Plains","Oak / hickory group",0.242826768360914,0.245124045840709,0.120594655838201,-0.871099718249649,-1.48815728375157,1.41414109241786,0.168050852992002,0.441397832064275,0.0186664465744486,"High"
"51089",51.53265911,0.807412309728657,44,13.62898512,1178.267857,-1489.90088894739,0.4238294502916,58.431673052785,24.7367816483822,3,36.68268363,"Piedmont","White / red / jack pine group",0.359132898366076,0.451475195769501,0.192106449262107,-0.694485141232131,-1.42210129068644,-0.0813358094583144,0.39904973930833,0.248948948387187,0.748431721205055,"Moderate"
"51091",2.047863644,0.839566929133858,42,9.332787213,1093.492308,-1625.15603164371,0.602705726027347,41.805866634433,23.9382198903436,6,38.35794605,"Ridge and Valley","Oak / hickory group",0.554686922213461,-0.205514312266994,0.081401452904556,-0.99531799607119,0.0113453564034234,-0.231184687770102,0.135927676317885,-0.748889572609212,0.615747125817672,"Low"
"51093",45.38413121,0.869470945359931,40,14.92082559,1211.555556,-1435.83154298575,0.460688164678683,112.116871929071,39.0630893639796,2,36.90615633,"Middle Atlantic Coastal Plain","White / red / jack pine group",0.736553503450624,2.57291288793701,2.17816930226904,-0.574224754967621,-1.12672952974783,-0.0999546599639565,0.50236641653899,0.548992896978984,0.483062530430289,"High"
"51095",206.299984,0.856810244470314,23,14.68536962,1179.931034,-1652.83664270561,0.445685482900784,88.3351318647128,34.544266539182,4,37.30892696,"Southeastern Plains","White / red / jack pine group",0.659555204310678,1.63314772335,1.55172274466233,-1.05688487688206,-1.24695533276967,0.387327540883652,0.404211823995723,0.49430569635404,-0.644756530362466,"High"
"51097",8.589461379,0.818181818181818,43,14.14826724,1108.829787,-1434.97195470747,0.338608882343564,120.245982942997,38.1467611999363,3,37.71033653,"Southeastern Plains","White / red / jack pine group",0.424629575105886,2.89414486378379,2.05113829303076,-0.572312869100761,-2.10502660812021,-0.211375550969078,0.183531368221462,0.369557848120696,0.682089423511364,"Moderate"
"51099",57.34533133,0.726477024070022,35,13.71578687,1031.142857,-1812.75078440279,0.488663521904254,78.5653436370615,34.0598754134127,3,38.26817121,"Southeastern Plains","Oak / hickory group",-0.133089403578619,1.24708233802106,1.48457137249341,-1.41256397947938,-0.902545624692826,-0.0637339904761677,-0.0575893974959536,0.269109595479067,0.151351041961832,"Moderate"
"51101",23.94192989,0.820663811563169,42,14.17754072,1099.666667,-1246.01944478801,0.404575175893683,107.734651712798,37.0466591473693,4,37.70976247,"Southeastern Plains","White / red / jack pine group",0.439724258291819,2.39974398222795,1.8986306222133,-0.152046978614784,-1.57639774483788,-0.164885509653841,0.155091339625139,0.376356931081941,0.615747125817672,"Moderate"
"51103",30.95045556,0.842178770949721,32,14.3454622,1086,-1638.54931999801,0.470008176392279,67.1026426182744,27.8920029958666,3,37.71889398,"Southeastern Plains","White / red / jack pine group",0.570571301695877,0.794119389120753,0.629516285463712,-1.02510718627118,-1.05204248985536,-0.143662430920689,0.112673429535952,0.415358514545709,-0.0476758511192429,"Moderate"
"51105",21.03806258,0.674988224211022,50,12.20069047,1232.442857,-1599.40925235865,0.580249878211266,36.4939595948535,22.6902002767487,4,36.70599767,"Ridge and Valley","Oak / hickory group",-0.446227676764694,-0.415420954077566,-0.0916120997560731,-0.938052320542488,-0.168607293142314,-0.173678943173613,0.567195365383926,-0.0827879622381152,1.1464855073672,"Moderate"
"51107",303.4326906,0.714285714285714,47,12.36541876,1021.141026,-1538.12738215814,0.567551041381342,76.5163614420153,32.6920326693047,6,39.08984618,"Northern Piedmont","Oak / hickory group",-0.207233017416754,1.1661142471853,1.29494668225516,-0.801749924975257,-0.270370956327514,0.681462880725535,-0.0886325748913816,-0.0445280317558514,0.94745861428613,"Moderate"
"51109",28.58759231,0.875,41,13.36735068,1105.324675,-1616.4157155784,0.360444648280265,110.416143468897,36.8345134780565,5,37.97900287,"Piedmont","White / red / jack pine group",0.770179430391705,2.50570647844099,1.86922076716811,-0.975877890640031,-1.93004305963196,-0.150817606652594,0.172652378803741,0.188181514413545,0.549404828123981,"Moderate"
"51111",10.99546123,0.882223310479922,46,13.93386367,1108.727273,-1185.30382497676,0.391523009966355,109.911813591337,35.3248390732149,4,36.94624219,"Piedmont","White / red / jack pine group",0.814109274873685,2.4857772533671,1.65993388633929,-0.0170040303244476,-1.68099285343366,-0.20408974983571,0.18321319045106,0.319760295536686,0.881116316592438,"Moderate"
"51113",15.90463565,0.786012526096033,44,12.16294793,1097.916667,-1582.09600256605,0.535903336412496,56.4776413878015,25.392200516144,5,38.41514692,"Northern Piedmont","Oak / hickory group",0.228986316747818,0.37425919373256,0.282967478653817,-0.899544399454831,-0.523983663709121,-0.189223885011041,0.149659778099854,-0.0915540761619837,0.748431721205055,"Moderate"
"51115",39.36936073,0.755196304849885,20,14.57428683,1120.826087,-1558.93758033861,0.259345038859073,68.0338169037828,27.7848447626664,2,37.44162414,"Middle Atlantic Coastal Plain","White / red / jack pine group",0.0415719988075231,0.830915904149168,0.614660888624715,-0.848035716432765,-2.74021699438557,-0.118168468897453,0.22076487766476,0.468505514593058,-0.843783423443541,"High"
"51117",18.97200264,0.865871219913598,46,14.33981548,1090.980583,-1493.05053549804,0.456306522853386,78.46536247056,31.5212682493706,3,36.67892139,"Piedmont","White / red / jack pine group",0.714661134366561,1.24313145733955,1.13264305383862,-0.701490547050181,-1.16184234589624,-0.179935344996,0.128131911248116,0.414047002633257,0.881116316592438,"Moderate"
"51121",98.3053609,0.757879656160458,48,11.5582155,1021.431034,-1317.81310918129,0.545230397110687,35.3994921989293,25.2007201674379,12,37.17621588,"Ridge and Valley","Oak / hickory group",0.0578912759715949,-0.458670200334669,0.256422466833921,-0.311729579869216,-0.449240135926953,0.0603003604569248,-0.0877324627229105,-0.232009736402069,1.01380091197982,"Moderate"
"51125",12.14870558,0.78740157480315,49,12.57480554,1151.602564,-1542.33529687289,0.553587488671866,54.6104216214934,26.2913126968392,5,37.78852713,"Blue Ridge","Oak / hickory group",0.237434062951052,0.300473672309151,0.407611827931661,-0.811109118062648,-0.382269573014003,-0.200597518118078,0.316287351011621,0.00410431698464099,1.08014320967351,"Moderate"
"51127",41.01186902,0.811481768813033,36,14.39912437,1129.970588,-1701.54868429838,0.269056866089768,99.3314182296355,35.8049456410856,3,37.50756091,"Southeastern Plains","White / red / jack pine group",0.383882035925556,2.06767971460092,1.72649128820876,-1.16522961147225,-2.66239009350845,-0.113194657799387,0.249147117550204,0.427822135055139,0.217693339655523,"Moderate"
"51133",24.50759688,0.777881040892193,36,14.16500317,1066.052632,-1567.05815137004,0.503470020985387,65.3793899295791,28.9885129529035,4,37.89196816,"Southeastern Plains","White / red / jack pine group",0.179533246523974,0.726022906599533,0.781525982369234,-0.866097392444548,-0.783891955413935,-0.163172568069436,0.0507617972162415,0.373444949227349,0.217693339655523,"Moderate"
"51135",18.83660604,0.869520371325425,44,13.89948635,1109.77551,-1336.61198691287,0.452427906270147,101.844847342859,32.9893968167823,4,37.14365153,"Piedmont","White / red / jack pine group",0.736854096230564,2.16700100555248,1.33617041546301,-0.353541816676057,-1.19292410849289,-0.180345350300582,0.186466655455963,0.311775790426079,0.748431721205055,"Moderate"
"51137",41.31932644,0.80809968847352,43,13.08858324,1104.722222,-1711.90779148594,0.554048895672386,50.8227061489026,24.9731092962537,4,38.24812358,"Piedmont","Oak / hickory group",0.363313314180402,0.150797364146872,0.224868663497188,-1.18827021256654,-0.378572032269045,-0.112263621324814,0.170782515640545,0.123434755522777,0.682089423511364,"Moderate"
"51139",29.71792692,0.672046955245781,44,11.4193577,1029.958333,-1504.57770406372,0.522143924163069,36.8260120796886,21.4529617393064,6,38.62263781,"Ridge and Valley","Oak / hickory group",-0.464115525913899,-0.402299485370141,-0.263131066701585,-0.727129136154408,-0.634246376155155,-0.14739474975624,-0.0612658632011972,-0.264260965228156,0.748431721205055,"Moderate"
"51141",14.11844289,0.711385350318471,45,12.711606,1219.87013,-1830.09292835638,0.539265257050363,35.7005386224063,23.8556017750592,3,36.68017009,"Blue Ridge","Oak / hickory group",-0.224872095561917,-0.446773974871705,0.0699480642848806,-1.45113616661094,-0.497042506496903,-0.194632798577604,0.528172770960437,0.0358777063007182,0.814774018898747,"Moderate"
"51143",24.25264468,0.821584747245059,51,13.81048186,1124.265306,-1385.02139873206,0.445631730003239,69.7017948585454,27.210692690646,4,36.81960714,"Piedmont","White / red / jack pine group",0.445325092064061,0.896828136514966,0.535065913781672,-0.461213445778873,-1.24738608810847,-0.163944609275898,0.231439351720433,0.291103533098517,1.2128278050609,"Moderate"
"51145",43.40714671,0.84399375975039,43,13.77751993,1086.380952,-1583.82628610829,0.480485259258759,86.8421921192739,32.9212149064841,3,37.55019299,"Piedmont","White / red / jack pine group",0.581609478162408,1.57415234446712,1.32671832480724,-0.903392875211955,-0.968083120484183,-0.105941325301764,0.113855809093769,0.283447767653727,0.682089423511364,"Moderate"
"51147",25.25716139,0.882451021258858,43,13.70444555,1110.265306,-1215.46320117112,0.389585862922854,81.5173083251184,30.0274656945049,3,37.22555625,"Piedmont","White / red / jack pine group",0.815494138383752,1.36373290999012,0.925556495121501,-0.0840841506056066,-1.69651641530907,-0.160902751654351,0.187986859518157,0.266475451005297,0.682089423511364,"Moderate"
"51149",55.71915535,0.87778381314503,38,14.58765752,1150,-1293.97457117768,0.502883699733314,151.546803252058,33.9801447439771,2,37.18545996,"Southeastern Plains","White / red / jack pine group",0.787109684029283,4.13103587637788,1.47351827186518,-0.258708191551901,-0.788590511605607,-0.0686583443963127,0.311313393889218,0.471611002241232,0.350377935042906,"High"
"51153",537.6351912,0.790581162324649,33,13.137146,1004.454545,-2183.79824423309,0.562651013936516,52.8637857583449,25.7481931735129,7,38.70893293,"Northern Piedmont","Oak / hickory group",0.25677128869049,0.23145317444132,0.332318910074897,-2.23784325830245,-0.309637918268351,1.39067025810752,-0.140423231001091,0.134713982798352,0.0186664465744486,"Moderate"
"51155",41.1804283,0.702875399361022,49,11.44112267,978.9811321,-1256.75509514307,0.524359061789552,52.9997127322376,26.1135065129338,6,37.06472199,"Ridge and Valley","Oak / hickory group",-0.27662687242623,0.236824498602058,0.382962472082284,-0.175925082474524,-0.616495103156742,-0.112684229923527,-0.219486322101279,-0.259205815082735,1.08014320967351,"Moderate"
"51157",10.66819853,0.67288961038961,39,11.92439033,1056.731707,-1904.30895881615,0.579952072288788,30.3443986041695,22.7042075815637,4,38.68296842,"Northern Piedmont","Oak / hickory group",-0.458990769124993,-0.658428538085655,-0.0896702604269117,-1.6162065652143,-0.170993796882419,-0.205080760267227,0.0218319814390625,-0.146961663966213,0.416720232736598,"Moderate"
"51159",18.04908466,0.88810641627543,31,14.04151899,1084.28125,-1384.75378379486,0.439910488603304,100.399291414015,39.9382854204828,3,37.93755309,"Southeastern Plains","White / red / jack pine group",0.849888426744018,2.10987805736982,2.2994981478743,-0.460618219867676,-1.29323394729603,-0.182730106958223,0.107338860180762,0.344764410247315,-0.114018148812934,"Moderate"
"51161",145.0158935,0.763569457221711,45,12.38704278,1055.948718,-1257.95769248534,0.519707229916733,59.9032092362327,28.8409125633132,7,37.27270245,"Ridge and Valley","Oak / hickory group",0.0924948107980454,0.50962478616495,0.761064070153325,-0.178599884958813,-0.653773119894797,0.201748270861352,0.0194017797664224,-0.0395056187753789,0.814774018898747,"Moderate"
"51163",14.71029769,0.804012794416982,55,11.83854633,1056.377778,-1524.40624742886,0.524731293654401,67.6158600448485,28.7997142120449,7,37.81198592,"Ridge and Valley","Oak / hickory group",0.338458142743831,0.814399816795436,0.75535272312076,-0.771231542827611,-0.61351217813545,-0.192840555585221,0.0207334745024443,-0.166899863241635,1.47819699583566,"Moderate"
"51165",36.86508083,0.786845310596833,61,11.11364771,982.5075758,-1328.15867578333,0.523309055069868,49.5101740619145,26.3202786700398,10,38.50992418,"Ridge and Valley","Oak / hickory group",0.234051043469567,0.0989310192361927,0.411627394574298,-0.334740064156731,-0.624909458864686,-0.125751879730212,-0.208541124431564,-0.335265423327815,1.87625078199781,"Moderate"
"51167",21.96390285,0.759748427672956,51,11.56009624,1138.887324,-1560.18095510936,0.600291402111925,33.634991600094,24.167828534864,5,36.93098569,"Ridge and Valley","Oak / hickory group",0.0692565415440194,-0.528396645548134,0.11323220850914,-0.850801215580989,-0.00800211998669942,-0.170875331990644,0.276822431943759,-0.23157291415584,1.2128278050609,"Moderate"
"51169",15.68036855,0.725354548599101,54,12.25621569,1134.776471,-1937.96058274905,0.53568764324647,48.5169330485474,26.0895203833773,3,36.71473258,"Ridge and Valley","Oak / hickory group",-0.139915937341699,0.0596818599284422,0.379637263532721,-1.69105410073784,-0.525712146954696,-0.189903006204951,0.264063374234672,-0.0698916281766593,1.41185469814197,"Moderate"
"51171",33.01190163,0.77752117013087,44,11.39945242,953.5714286,-1272.48894042887,0.479432102439157,47.9080506010472,21.9952917789665,7,38.85900858,"Ridge and Valley","Oak / hickory group",0.177344628628831,0.0356211094559929,-0.187947595340989,-0.210920111133438,-0.976522719898409,-0.137420000728126,-0.298351675186702,-0.268884182217964,0.748431721205055,"Moderate"
"51173",26.11904542,0.761486486486487,49,10.83443147,1137.838235,-1811.24560100205,0.539192596695448,49.3611089698643,24.3476678611753,5,36.84457396,"Ridge and Valley","Oak / hickory group",0.0798268546423113,0.093040525925542,0.138163419857323,-1.40921616873833,-0.497624779029697,-0.158292811491639,0.27356632254433,-0.400116420882145,1.08014320967351,"Moderate"
"51175",11.48842563,0.854425564291149,49,14.89343145,1175.866667,-1482.49787130903,0.462190680033905,96.520956521997,32.0604658678772,3,36.72258915,"Middle Atlantic Coastal Plain","White / red / jack pine group",0.645052348632363,1.9566208096555,1.20739227616475,-0.678019438810951,-1.1146889414178,-0.202596964795537,0.391597047183246,0.542630311098797,1.08014320967351,"High"
"51177",129.5461772,0.881614349775785,39,13.36590362,1082.734375,-1684.61198692333,0.36253320605162,89.7741859196802,37.2847257392451,6,38.18593824,"Piedmont","White / red / jack pine group",0.810405772289553,1.69001374186488,1.93163390708283,-1.12755921372389,-1.91330614959575,0.154903182111833,0.102537747761091,0.187845419047026,0.416720232736598,"Moderate"
"51179",215.3999834,0.771917808219178,44,13.32555487,1043.093023,-2088.72965157873,0.478031654533495,81.2250077598614,35.1446853934375,4,38.41828772,"Southeastern Plains","Oak / hickory group",0.143266788829324,1.35218228803923,1.63495909602058,-2.02639284271304,-0.987745378389806,0.414883978975123,-0.0204990764294602,0.178473984607645,0.748431721205055,"Moderate"
"51181",8.940092428,0.814857582755966,40,14.67638777,1191.456522,-1183.52379424146,0.545272804777724,67.5301331737888,29.8474290438669,2,37.11604185,"Southeastern Plains","White / red / jack pine group",0.404412647467917,0.811012212403456,0.900597928608048,-0.0130449074613423,-0.44890029696354,-0.210313776965586,0.439984050956254,0.492219564356907,0.483062530430289,"High"
"51183",8.82270241,0.895299145299145,45,14.64790668,1155.48,-1103.56882221473,0.347955552804021,132.463046227847,39.4390463733471,4,36.92430527,"Southeastern Plains","White / red / jack pine group",0.893632284673303,3.37691737990695,2.23028840130384,0.164789975663089,-2.03012593513891,-0.210669255094911,0.328321940836966,0.485604522560145,0.814774018898747,"High"
"51185",30.66319418,0.721256931608133,52,10.62704059,1112.141026,-1622.1764627048,0.575927892470023,43.5315720661041,22.5825152976406,4,37.12025818,"Ridge and Valley","Oak / hickory group",-0.164836322206823,-0.137320906543346,-0.106540519630831,-0.988690874823057,-0.20324204805362,-0.144532310146619,0.193808624423418,-0.448285200218442,1.27917010275459,"Moderate"
"51187",71.76630546,0.730952380952381,37,11.75684309,1013.764706,-1697.39351401024,0.555526251121699,58.200850232903,27.3479877656151,7,38.90864171,"Ridge and Valley","Oak / hickory group",-0.105871726532912,0.442353943719406,0.554099195329859,-1.15598773190151,-0.366733065884783,-0.0200646820109329,-0.111526823982917,-0.185876326134412,0.284035637349215,"Moderate"
"51191",37.15555984,0.695849056603774,49,11.78867434,1135.781609,-1991.98077787738,0.590176455652096,43.5814288575128,24.7148660172441,5,36.72368096,"Ridge and Valley","Oak / hickory group",-0.319358822750248,-0.135350753154352,0.189068274893132,-1.81120516631252,-0.0890594655105688,-0.124872256940793,0.26718307074233,-0.178483173372591,1.08014320967351,"Moderate"
"51193",30.09166717,0.766037735849057,32,13.94027256,1069.473684,-1689.03064219982,0.509671187031757,65.102551140023,33.6802407561688,3,38.11024721,"Southeastern Plains","Oak / pine group",0.107506085273772,0.715083276028885,1.4319424393842,-1.13738713342348,-0.734198162088607,-0.146262996927617,0.0613798854557836,0.321248829691132,-0.0476758511192429,"Moderate"
"51195",36.39754746,0.734010152284264,48,11.40475956,1177.836066,-1675.92184220032,0.524571806257424,47.0023145485417,24.2110373235587,5,36.97459821,"Central Appalachians","Oak / hickory group",-0.087275347567276,-0.000170182020230766,0.119222263438404,-1.10823069878633,-0.61479024966008,-0.127167655028626,0.39770956823258,-0.267651541440477,1.01380091197982,"Moderate"
"51197",24.00851515,0.7425320056899,45,11.04516439,1014.540541,-1206.36401051671,0.460136942131946,59.6947753151042,27.1318245840769,6,36.91587345,"Blue Ridge","Oak / hickory group",-0.0354481838521896,0.501388259415236,0.524132390653912,-0.063845840647685,-1.13114681822374,-0.164683877487251,-0.109118826533792,-0.351171416538785,0.814774018898747,"Moderate"
"51199",252.1808672,0.777301927194861,28,14.84424418,1185.454545,-2124.58762157882,0.460091807407106,42.5940292882311,32.1508869092692,3,37.24473835,"Southeastern Plains","White / red / jack pine group",0.176011263808169,-0.174369080502478,1.21992738814223,-2.10614770651204,-1.13150851079433,0.526263123394,0.421355418185487,0.531206034608023,-0.313045041894009,"High"
"51550",276.8053142,0.879417879417879,28,15.30731754,1224,-1581.63194087733,0.483144437851272,68.7667215497283,35.085024061342,3,36.6776213,"Middle Atlantic Coastal Plain","White / red / jack pine group",0.797047548037627,0.85987754671021,1.62668821717391,-0.898512239051493,-0.946773471556329,0.600830386474502,0.540990852672681,0.638759840707681,-0.313045041894009,"High"
"51700",1005.051202,0.84375,10,15.17715321,1195.133333,-2322.62192277299,0.392042070467858,-20.1347498106807,6.93103400557884,4,37.08131476,"Middle Atlantic Coastal Plain","White / red / jack pine group",0.580127009984505,-2.65317514156866,-2.27631281586972,-2.54661320746575,-1.67683329939299,2.80609017171461,0.451395951049594,0.608527764498607,-1.50720640038046,"High"
"51800",88.39361441,0.801767191701882,41,15.10593342,1226.861538,-1377.61078586833,0.508345667908276,97.6493217499301,38.2195613183294,3,36.70178459,"Middle Atlantic Coastal Plain","White / red / jack pine group",0.324801111342944,2.00120957108646,2.06123060807141,-0.444730850149157,-0.744820369731248,0.0302858058922244,0.549872349646361,0.591986196475522,0.549404828123981,"High"
"51810",711.3626303,0.720338983050847,18,15.45944134,1171.526316,-1655.13094982202,0.570768010101719,57.2436811464705,29.5411232557835,4,36.73204545,"Middle Atlantic Coastal Plain","White / red / jack pine group",-0.170418989250711,0.404530211662181,0.858134611509873,-1.06198784706085,-0.244591388818911,1.91674825107409,0.378125685184485,0.674092241794936,-0.976468018830924,"High"
"53003",13.74020676,0.746644295302013,13,8.847349846,467.7837838,-1907.29915814946,0.825600216105634,57.7957665712362,33.0515568340208,3,46.18884051,"Columbia Plateau","Douglas-fir group",-0.0104385648378704,0.426346556835704,1.34478768821957,-1.62285733045727,1.79753728232171,-0.195778165741068,-1.80611480716059,-0.861637661689194,-1.30817950729938,"Low"
"53007",10.13149285,0.699964349376114,26,5.021942509,1028.51107,-1375.9737148851,0.886642887148044,50.4064424933935,28.6489308612792,11,47.87008565,"North Cascades","Douglas-fir group",-0.294330939484089,0.13434818584148,0.734449555483111,-0.441089696640007,2.28671010177608,-0.206706001785843,-0.0657578049313504,-1.75012997093347,-0.445729637281392,"Low"
"53009",16.98347645,0.536977491961415,26,8.159384367,2346.125356,-1957.42759537638,0.854368875329438,72.77591002878,31.9394264282977,3,48.04877932,"Coast Range","Douglas-fir group",-1.28556443536334,1.01830563736633,1.19061252108272,-1.7343523951104,2.02807840878475,-0.185956960651052,4.02378680135604,-1.02142509954056,-0.445729637281392,"Low"
"53011",296.0758394,0.168032786885246,12,10.41270059,1806.946903,-1468.56143427937,0.847322021982751,59.0274954658183,30.0965768510706,5,45.77556424,"Willamette Valley","Douglas-fir group",-3.52936712964003,0.475019862666607,0.935137407629337,-0.647022183887117,1.97160759810405,0.659185009515898,2.35031197816903,-0.498067987981056,-1.37452180499307,"Low"
"53013",1.788742744,0.742445054945055,14,8.540399804,523.8300654,-2318.36836903049,0.857277203186242,38.3686891365811,31.6252317152884,4,46.29413363,"Columbia Plateau","Douglas-fir group",-0.0359769902366376,-0.34133867449794,1.14705555856965,-2.53715250460405,2.05138464544373,-0.231969352551405,-1.63216119186126,-0.932930135304065,-1.24183720960569,"Low"
"53015",36.67595612,0.281465093411996,18,9.319253489,2034.322917,-1822.10898814407,0.749130510143112,57.7636970466021,23.0536979454232,3,46.1911299,"Cascades","Douglas-fir group",-2.83950842859106,0.425079289511512,-0.0412202450478947,-1.43337838321689,1.18473805467087,-0.126324583434202,3.05603015497759,-0.752032926670656,-0.976468018830924,"Low"
"53019",1.339380709,0.577417695473251,19,6.124776401,468.9480198,-1640.82826181755,0.754637317890446,48.2945536774648,27.010549459648,5,48.46960795,"Northern Rockies","Douglas-fir group",-1.03962016146945,0.0508942613044287,0.507319962469098,-1.03017598114224,1.22886752387586,-0.233330101772788,-1.80250131032405,-1.49398484831122,-0.910125721137233,"Low"
"53023",1.226470761,0.80092899800929,12,8.809077955,489.6290323,-1676.55571226035,0.921932618033946,36.2591597445572,27.4025166805148,4,46.43153701,"Columbia Plateau","Douglas-fir group",0.319703487661434,-0.424699363452219,0.561658564739408,-1.10964054491828,2.56950862386645,-0.233672013442801,-1.73831262929609,-0.87052672311929,-1.37452180499307,"Low"
"53027",14.97910265,0.455169455169455,19,9.692527968,2573.476454,-2127.60383988677,0.739484792789744,87.4300196825495,25.0770798841442,4,47.13975329,"Coast Range","Douglas-fir group",-1.78309452819769,1.59738108488962,0.239282155550678,-2.11285634284416,1.10744093328297,-0.192026565725077,4.72942764514348,-0.665335883816977,-0.910125721137233,"Low"
"53031",6.812391805,0.649775423240815,22,7.535694719,2455.081921,-2263.6835750565,0.878961273113357,88.6678322815504,31.2347975029737,7,47.75126637,"North Cascades","Hemlock / Sitka spruce group",-0.599563799952945,1.64629479589984,1.0929294780041,-2.41552324630355,2.22515255963155,-0.216756837884346,4.36196067928814,-1.16628377909698,-0.711098828056158,"Low"
"53033",406.1508819,0.611727078891258,25,8.320803798,1734.486747,-1448.98045900445,0.843947639905424,68.9193973231361,30.4568306737096,18,47.49116048,"Cascades","Douglas-fir group",-0.830961557908782,0.865910720604834,0.98507956641866,-0.603470415170175,1.94456657964115,0.992512074797606,2.12541380934291,-0.983933687418536,-0.512071934975083,"Low"
"53035",262.8190067,0.172228202368138,13,10.23245703,1166.602273,-1771.82398555863,0.822496404975411,79.8123817322259,30.5078194830506,5,47.6345684,"Puget Lowland","Douglas-fir group",-3.50385196589163,1.2963606060358,0.992148169310734,-1.32153508778425,1.77266451683329,0.558477326896055,0.36284268946583,-0.539931508056907,-1.30817950729938,"Low"
"53037",7.9155595,0.651982851018221,22,6.644293426,866.2244389,-1276.2845041832,0.895016864937146,43.7743417491494,25.4697378729921,5,47.12499013,"Columbia Plateau","Douglas-fir group",-0.586138936209902,-0.12772755927244,0.293716519314775,-0.219362158194839,2.35381598451665,-0.213416247302354,-0.569454845817531,-1.37332138934584,-0.711098828056158,"Low"
"53039",4.549752961,0.64405641370047,22,8.994227288,543.470948,-628.962143681471,0.904966741565424,62.2815443340621,28.8083603731228,6,45.87432128,"Eastern Cascades Slopes and Foothills","Douglas-fir group",-0.634344971328127,0.60360766835129,0.756551344543587,1.2204044179872,2.43355052300197,-0.223608516053473,-1.57120081343109,-0.827523784101242,-0.711098828056158,"Low"
"53041",12.76358055,0.440220504009164,24,8.364742393,1843.605023,-1686.37697047692,0.854242528311964,67.9404551895693,31.652863028851,5,46.57918016,"Cascades","Douglas-fir group",-1.87400922741568,0.827226599393227,1.15088610071183,-1.13148486882717,2.02706591169523,-0.198735565902476,2.46408959770118,-0.973728472575425,-0.578414232668775,"Low"
"53045",26.2858131,0.347687400318979,22,9.164592436,1881.902062,-1343.6168976477,0.807382872635639,60.6132385876044,29.248251206651,3,47.34952243,"Puget Lowland","Douglas-fir group",-2.43676571778721,0.537682482887213,0.817533620032298,-0.369122054530547,1.65155039944113,-0.157787808903443,2.58295401116674,-0.787954632262899,-0.711098828056158,"Low"
"53047",3.085180141,0.680307883539705,24,5.378731199,526.3995859,-1306.49917583958,0.791716720677977,58.1403463900607,27.005848432618,7,48.54846991,"Columbia Plateau","Douglas-fir group",-0.41387522456764,0.439963058793704,0.506668256855858,-0.286565265974791,1.5260077979746,-0.228043506482679,-1.62418604404056,-1.66726193122846,-0.578414232668775,"Low"
"53049",9.148328896,0.404722222222222,14,9.825890447,2308.625,-1548.05131378956,0.721263371037416,92.0813482144675,19.9289313892843,5,46.55422051,"Coast Range","Douglas-fir group",-2.08989832738065,1.78118414183655,-0.474408119039269,-0.823822613853422,0.961421368594184,-0.209683199414248,3.907395092308,-0.634361002844909,-1.24183720960569,"Low"
"53051",3.746742245,0.62655221268439,22,5.728632023,748.4823529,-1747.61349830009,0.732451255659746,72.7178888022772,30.0993444904267,4,48.53107495,"Northern Rockies","Douglas-fir group",-0.740799875980933,1.01601285612634,0.935521086789717,-1.26768641442635,1.05107683371354,-0.226040177211851,-0.934896779660017,-1.58599367304448,-0.711098828056158,"Low"
"53053",206.4493751,0.544451450189155,28,8.026190763,1675.833856,-1572.29678465766,0.816193171090139,63.7521588827381,31.6557452440104,10,47.0393724,"Cascades","Douglas-fir group",-1.24011023212481,0.661720839197515,1.15128566357032,-0.877749097333198,1.72215279054928,0.387779924056179,1.94336993157016,-1.05236075746381,-0.313045041894009,"Low"
"53057",28.43851593,0.728361669242658,25,7.175946054,1546.942073,-1491.89913133535,0.867358214469391,72.0852509729222,31.3958808460985,9,48.48422602,"North Cascades","Hemlock / Sitka spruce group",-0.121627599525236,0.991013382066875,1.11526053848174,-0.698929607817628,2.13217004732929,-0.151269036796246,1.54332213187408,-1.24983930507244,-0.512071934975083,"Low"
"53059",2.772101279,0.534786883349719,27,7.14785629,2106.530035,-1449.69593756034,0.94661487483675,53.6867307720427,30.2076134243853,6,46.02359908,"Cascades","Douglas-fir group",-1.29888701036551,0.26397287460417,0.950530460603162,-0.605061773932982,2.76730287081767,-0.228991565696666,3.28014295725215,-1.25636345716497,-0.3793873395877,"Low"
"53061",150.177755,0.689175041876047,18,7.523701861,1729.825269,-1696.97536860819,0.946273440858539,72.5456138824011,33.9795107889697,11,48.04672039,"North Cascades","Hemlock / Sitka spruce group",-0.359948027641058,1.00920519747758,1.47343038638096,-1.15505769794842,2.76456674838189,0.217379317700927,2.11094574959676,-1.16906925033185,-0.976468018830924,"Low"
"53063",112.3588114,0.745390070921986,13,8.173501538,497.2215385,-1267.51983914627,0.780569322392973,43.6476753417077,20.5077534937907,10,47.62085499,"Northern Rockies","Douglas-fir group",-0.0180663529709222,-0.132732940582427,-0.394165735371363,-0.199867896075078,1.43667677501088,0.102856741139192,-1.71474739240671,-1.01814623359066,-1.30817950729938,"Low"
"53065",7.050411792,0.534753988619882,18,7.016881102,540.6702586,-1745.88000048154,0.705932537927909,64.6056126910195,30.0493857480177,4,48.39841442,"Northern Rockies","Douglas-fir group",-1.29908706550228,0.695446132487093,0.928595282566384,-1.26383078951467,0.838565885229906,-0.216036070470197,-1.57989345159641,-1.28678386393166,-0.976468018830924,"Low"
"53067",152.1426675,0.18024861878453,12,10.03532601,1417.777778,-1626.34967940316,0.744530453821875,50.6298941413354,27.4014770384961,8,46.92772378,"Puget Lowland","Douglas-fir group",-3.45507438020815,0.143178156824977,0.561514438671843,-0.997972893001459,1.14787494757084,0.223329426847242,1.14242852320979,-0.585717323724014,-1.37452180499307,"Low"
"53069",6.340896794,0.441132637853949,10,9.807341834,2250.25,-2563.45771189457,0.895506422025953,86.7988972443053,29.7444732331448,4,46.29186006,"Coast Range","Hemlock / Sitka spruce group",-1.86846192357771,1.57244149340279,0.886325115596099,-3.08227726093197,2.35773910939513,-0.218184609745634,3.72621371857172,-0.63866911922202,-1.50720640038046,"Low"
"53071",18.47922045,0.329787234042553,5,11.03719175,365.840708,-1033.41082279294,0.907291500119418,66.1144736081132,23.3517799010927,8,46.23039499,"Columbia Plateau","Unknown",-2.54562875543604,0.75507065635516,0.000102998251027464,0.320834550642702,2.45218025654718,-0.181427578271456,-2.12252057189456,-0.353023148576798,-1.83891788884891,"Moderate"
"53073",41.12806652,0.701341883386771,24,6.093274077,1469.648148,-1243.80827935581,0.89794531889411,70.0654074370825,28.5431246441246,13,48.82502564,"North Cascades","Douglas-fir group",-0.285953221950694,0.911196741746967,0.719781589271611,-0.14712893116587,2.37728350411086,-0.112842790829469,1.30342115520652,-1.50130160444503,-0.578414232668775,"Low"
"53077",22.53483646,0.807874354561102,25,7.686058761,685.5032765,-1498.18519053358,0.888882826134962,56.414082667305,25.7399289721203,13,46.45742087,"Columbia Plateau","Douglas-fir group",0.361942906005846,0.371747591500483,0.331173239904924,-0.712910984766353,2.30466012347279,-0.169146442131783,-1.13036805295842,-1.1313601008754,-0.512071934975083,"Low"
"54001",18.72781762,0.653,42,10.36424383,1216.148148,-1681.41197483404,0.598383452262107,20.5097874487616,20.9938908449515,7,39.13088778,"Western Allegheny Plateau","Unknown",-0.579952964181044,-1.04705548237568,-0.326772283145812,-1.12044178548309,-0.0232917066229818,-0.180674781241072,0.516620671401007,-0.509322595607929,0.615747125817672,"Low"
"54003",141.4036926,0.676737160120846,42,11.62675693,980.125,-1118.9978477318,0.525621614718921,36.4894408001479,22.2362346538986,8,39.46705841,"Ridge and Valley","Oak / hickory group",-0.435591212675123,-0.415599519894817,-0.154545569983237,0.130472923452318,-0.606377482718071,0.190809875582468,-0.215936042743766,-0.216090246513872,0.615747125817672,"Moderate"
"54005",16.85723648,0.696504237288136,52,11.90923909,1195.144737,-1668.8835852346,0.554913582173413,84.1754090210945,32.1839500436666,5,38.01965929,"Central Appalachians","Oak / hickory group",-0.315374225154502,1.46877107924446,1.22451094619042,-1.09257629264784,-0.371642762523335,-0.18633923802988,0.451431346208242,-0.150480703647376,1.27917010275459,"Moderate"
"54007",10.60782952,0.742841993637328,48,11.49949575,1223.525641,-1896.71338395642,0.614886419129067,40.0431392248891,23.6676886325082,5,38.70037172,"Western Allegheny Plateau","Oak / hickory group",-0.0335629371416057,-0.275170687690706,0.043897575951029,-1.59931257934696,0.108956812221552,-0.205263568508589,0.539518561190639,-0.245648034674551,1.01380091197982,"Moderate"
"54009",95.93283438,0.589958158995816,23,10.50749126,989.6315789,-1705.53995139771,0.744275119195172,36.8519819172227,20.5608617931106,4,40.27361809,"Western Allegheny Plateau","Maple / beech / birch group",-0.963353107213717,-0.401273254800869,-0.386803306575365,-1.17410693954999,1.14582879269072,0.053115922602044,-0.186430003777868,-0.47605182764474,-0.644756530362466,"Low"
"54011",128.2250238,0.782945736434108,39,12.28349615,1097.232558,-1446.42845768503,0.609526755661795,44.8454493620096,23.2068592283468,4,38.42427249,"Western Allegheny Plateau","Oak / hickory group",0.210335091207702,-0.0854014040219857,-0.0199874235441186,-0.597794284657357,0.0660065014825202,0.150902491531959,0.147536475172139,-0.063555445708401,0.416720232736598,"Moderate"
"54013",9.934274714,0.659942363112392,47,11.61928889,1154.311111,-1765.35602276054,0.618759935706603,36.2644085738182,23.8387898162564,6,38.84302754,"Western Allegheny Plateau","Oak / hickory group",-0.53773175096966,-0.42449194940762,0.0676174144393403,-1.30714912304566,0.139997705306327,-0.207303213842274,0.324694002254264,-0.217824779733629,0.94745861428613,"Moderate"
"54015",9.709610307,0.826249067859806,44,11.73791961,1186.62963,-1916.112282609,0.533159059456725,60.6786530927487,25.1673428775699,5,38.46233288,"Central Appalachians","Oak / hickory group",0.473691985580472,0.540267418767722,0.251795357263414,-1.64245937543953,-0.545975258652361,-0.207983538153378,0.425002587599738,-0.190271509434637,0.748431721205055,"Moderate"
"54017",10.26352087,0.741585233441911,38,11.05430068,1132.509804,-2129.47318292307,0.657447536402547,30.4357666831883,23.2905505276629,4,39.27051574,"Western Allegheny Plateau","Oak / hickory group",-0.0412061472859392,-0.654818014314697,-0.00838525891166215,-2.11701411304848,0.450025467643452,-0.206306197148551,0.257028207795911,-0.349049414178013,0.350377935042906,"Moderate"
"54019",25.14459059,0.725961538461538,51,10.92330725,1155.480392,-1738.77258361493,0.559663100105521,50.4718409957571,25.7633477064447,6,38.0274572,"Central Appalachians","Oak / hickory group",-0.136224420781098,0.136932489352121,0.334419790183577,-1.2480225587599,-0.333581926746929,-0.161243636323103,0.328323157506748,-0.379474057846889,1.2128278050609,"Moderate"
"54021",9.090726291,0.662100456621005,43,11.48237343,1169.592593,-1761.48714137515,0.576866528804608,29.6109842683385,18.3539668084488,6,38.92494169,"Western Allegheny Plateau","Oak / hickory group",-0.524606922336796,-0.68741032167918,-0.692746208021785,-1.29854400379475,-0.195720172382219,-0.209857630482737,0.372123893500281,-0.24962487904594,0.682089423511364,"Moderate"
"54023",9.353861138,0.785780669144981,47,9.912641893,1034.243243,-1172.85102179591,0.583874228978344,32.7544310358047,21.6882271311641,6,39.10297545,"Ridge and Valley","Oak / hickory group",0.227576237556277,-0.56319309616061,-0.230516113522965,0.0106933441114748,-0.13956312038337,-0.209060810746566,-0.0479665761753078,-0.614212039402165,0.94745861428613,"Low"
"54025",13.21052269,0.819698427975618,56,9.871528516,1143.526316,-1624.25442844017,0.578138226221177,57.6415306627248,25.3552277831968,7,37.94633549,"Central Appalachians","Oak / hickory group",0.433853106693884,0.420251732253685,0.277841931099046,-0.993312661115003,-0.18552927149055,-0.197382144559242,0.291220700779932,-0.623761066748415,1.54453929352935,"Low"
"54027",14.05011966,0.765182186234818,50,10.90253073,941.2621359,-1221.26069302681,0.566028156332263,46.2638442154038,27.9551498439724,10,39.32098937,"Ridge and Valley","Oak / hickory group",0.102302908474906,-0.029351759662821,0.638270363052793,-0.0969788619717338,-0.2825747796603,-0.194839693630554,-0.336556635548294,-0.384299629768163,1.1464855073672,"Moderate"
"54029",136.0927033,0.513513513513513,16,10.22435557,981.1333333,-889.857776500786,0.684017044927505,26.1441718942904,23.2841069232601,4,40.51938268,"Western Allegheny Plateau","Oak / hickory group",-1.42826478404834,-0.824405743060158,-0.00927853885496125,0.640123502441555,0.662943434284208,0.174727242890216,-0.212806428825513,-0.541813159935919,-1.10915261421831,"Low"
"54031",9.142746357,0.75802752293578,43,10.53150362,957.3043478,-1484.47268255402,0.542429970833899,24.8335866115655,20.3448029320817,6,39.00681469,"Ridge and Valley","Oak / hickory group",0.0587905540051228,-0.876195157568609,-0.416755649249487,-0.682411790131244,-0.471681690238014,-0.209700104348368,-0.286765629298864,-0.470474696817272,0.682089423511364,"Moderate"
"54033",62.75892261,0.669616519174041,39,10.89965637,1129.384615,-1811.46679486228,0.670306508941268,47.5273065410377,23.1386779171696,7,39.28324558,"Western Allegheny Plateau","Unknown",-0.478896654172431,0.0205755323345523,-0.0294394311434612,-1.40970814545078,0.553072397678381,-0.0473406604986022,0.247328404177829,-0.384967231027066,0.416720232736598,"Moderate"
"54035",23.94059741,0.752801120448179,43,11.89048069,1122.507246,-1630.08150574157,0.585829790705865,28.9126999324393,23.1868650464347,5,38.84240576,"Western Allegheny Plateau","Oak / hickory group",0.027005259835818,-0.715003899444263,-0.0227592264929448,-1.00627317607216,-0.12389199021274,-0.164889544643407,0.225982773974638,-0.154837545328659,0.682089423511364,"Moderate"
"54037",105.0080004,0.304761904761905,24,11.98208329,998.78125,-1127.91391656155,0.658453363103719,51.7220139131874,21.6419384324987,6,39.30696568,"Ridge and Valley","Oak / hickory group",-2.69782473627682,0.186334633784433,-0.236933137836445,0.110641910845149,0.458085781435307,0.0805971607436588,-0.158031717197429,-0.133561848798363,-0.578414232668775,"Moderate"
"54039",77.5135341,0.760489510489511,49,12.12552127,1147.404255,-1733.12460804613,0.547315937189214,58.1146922165121,26.9975133366473,9,38.3384015,"Central Appalachians","Unknown",0.0737635682002898,0.438949302081116,0.505512758536802,-1.23546039971329,-0.432527408536807,-0.00266103798259483,0.303256851791246,-0.100246823532719,1.08014320967351,"Moderate"
"54041",15.98972449,0.686789151356081,41,11.14031115,1190.8,-1716.98743624605,0.639706545208747,22.7839803010277,17.2023800377144,7,38.99232588,"Western Allegheny Plateau","Oak / hickory group",-0.374458244221734,-0.95718791110761,-0.852391229807807,-1.19956829709249,0.307855891280111,-0.188966220669686,0.437946371164424,-0.329072550441088,0.549404828123981,"Moderate"
"54043",18.2118395,0.737282678686413,45,12.30629114,1146.253521,-1936.43830532101,0.549606129067777,54.8120830551007,27.3939769384185,5,38.17214276,"Western Allegheny Plateau","Oak / hickory group",-0.0673728975328802,0.308442575754902,0.560474696230618,-1.68766826966772,-0.414174679221444,-0.1822372559727,0.299685261779683,-0.0582610622558444,0.814774018898747,"Moderate"
"54045",27.73587383,0.744360902255639,52,12.0082488,1200.521739,-1702.70406257389,0.540487385301954,45.5115239901113,26.0130356709035,5,37.83026305,"Central Appalachians","Oak / hickory group",-0.0243254248444098,-0.059080633093901,0.369034151462068,-1.16779938987854,-0.487248834097636,-0.153396763697976,0.468120213170858,-0.12748462555011,1.27917010275459,"Moderate"
"54047",13.08798808,0.741963892558344,49,11.58691137,1117.974684,-1866.21437171968,0.53286668985028,51.0800567255821,24.5943827403782,6,37.38006242,"Central Appalachians","Oak / hickory group",-0.0389032646751437,0.160966893642833,0.172365620912624,-1.5314770446823,-0.548318197817132,-0.197753201440249,0.211914837191686,-0.225344809622777,1.08014320967351,"Moderate"
"54049",70.32045532,0.577399380804954,43,10.7059444,1121.352941,-1737.42956563333,0.629748406635771,36.3855024875282,22.4690470164727,7,39.51290476,"Western Allegheny Plateau","Oak / hickory group",-1.03973154537469,-0.419706772148084,-0.122270681421002,-1.24503543438554,0.22805514470276,-0.0244429767910902,0.222400100473813,-0.429958935280065,0.682089423511364,"Moderate"
"54051",39.06134096,0.767467248908297,41,10.57263393,1022.75,-1445.7057219967,0.695973928743707,41.3578416103184,24.2703348131793,4,39.86069015,"Western Allegheny Plateau","Maple / beech / birch group",0.116199922614965,-0.223218580726187,0.127442702629712,-0.596186784668225,0.758761367352638,-0.119101208269167,-0.0836387227350484,-0.460921736598272,0.549404828123981,"Moderate"
"54053",23.93151821,0.747914735866543,43,12.00666423,1071.144928,-1675.02842241316,0.580795921865558,39.2424944058803,22.7569116279686,6,38.77058882,"Western Allegheny Plateau","Oak / hickory group",-0.0027121551011533,-0.306809167805086,-0.0823638734048069,-1.10624356528602,-0.164231506346719,-0.164917038097167,0.0665670080899334,-0.1278526591043,0.682089423511364,"Moderate"
"54055",54.71354585,0.769021739130435,48,10.71872914,1008.703125,-1726.97345423786,0.56927177085375,32.0612201687123,22.0797688118225,6,37.40481915,"Central Appalachians","Unknown",0.125653830749898,-0.590586189468485,-0.176236504094157,-1.22177907770359,-0.256581682805207,-0.0717035111829111,-0.127236703192467,-0.426989540869222,1.01380091197982,"Moderate"
"54057",31.84961212,0.733628318584071,41,10.72628568,955.244898,-1040.86085281521,0.534300900008665,36.1038082591208,26.1532465814824,6,39.41559604,"Ridge and Valley","Unknown",-0.0895975369725474,-0.430838271449905,0.388471656687777,0.304264283845023,-0.536824981434449,-0.140939622820264,-0.293157645468541,-0.425234452565407,0.549404828123981,"Moderate"
"54059",21.7240817,0.720660146699266,48,12.22477281,1178.318182,-1940.2815157512,0.521945683969121,54.954136713327,26.9981122699478,6,37.73025841,"Central Appalachians","Oak / hickory group",-0.168465775531388,0.314056003499968,0.505595788945136,-1.69621629189012,-0.63583499790035,-0.171601553650945,0.39920593549905,-0.0771945777972871,1.01380091197982,"Moderate"
"54061",113.8668788,0.734953703703704,40,10.57409806,1106.254902,-1477.26117251605,0.634777440078073,43.5589363102446,23.7078896653738,8,39.6326151,"Western Allegheny Plateau","Oak / hickory group",-0.0815369721738928,-0.136239574255259,0.049470664259048,-0.666372036601917,0.268355911790622,0.107423440994784,0.175539570336872,-0.460581676539268,0.483062530430289,"Moderate"
"54063",10.89816093,0.782051282051282,45,10.77730137,995.6438356,-1530.73209825248,0.599056845558007,50.528681775985,23.4361410753823,6,37.56276782,"Central Appalachians","Oak / hickory group",0.204895308154905,0.139178623783057,0.0117980279696898,-0.785301423828945,-0.0178953880882275,-0.204384392678569,-0.167769465393951,-0.413385505715387,0.814774018898747,"Moderate"
"54065",30.00191269,0.80188679245283,36,11.16138895,959.5555556,-1370.32756329359,0.548020750007535,28.3914480942483,21.7290841522613,7,39.55435902,"Ridge and Valley","Unknown",0.325528484533349,-0.73560181692983,-0.224852085254375,-0.428531594461655,-0.426879305863087,-0.146534789667686,-0.279778444343492,-0.324177002974899,0.217693339655523,"Moderate"
"54067",14.83712699,0.797428769979152,49,10.52714358,1251.990099,-1964.17298813575,0.580007297021813,45.1431075961959,25.1192401281318,7,38.29532117,"Central Appalachians","Oak / hickory group",0.298416229770079,-0.0736390670910564,0.24512685022845,-1.7493554162182,-0.170551246812179,-0.19245649360895,0.627865106853999,-0.471487363356212,1.08014320967351,"Moderate"
"54069",152.7732814,0.49468085106383,17,10.47191673,997.1666667,-1086.23885067762,0.63808199005103,46.5796029623792,28.7525831942998,6,40.09564117,"Western Allegheny Plateau","Maple / beech / birch group",-1.54279896264911,-0.0168741583595484,0.748818927712607,0.203335089052928,0.294837322248171,0.225239039379192,-0.163042979215513,-0.484314397751788,-1.04281031652462,"Low"
"54071",3.865183856,0.852629301017096,53,9.564882261,1025.862385,-1399.24724596987,0.638888268814515,44.3487721212289,24.3043509877615,6,38.68302258,"Ridge and Valley","Oak / hickory group",0.634128054778848,-0.105028225594577,0.132158381092038,-0.492854403392318,0.30129853453238,-0.225681514669414,-0.0739786595248356,-0.694982982540453,1.34551240044828,"Low"
"54073",22.12709914,0.755667506297229,35,11.29424996,1059.9,-1682.17206976877,0.693884664946989,22.5564692834696,30.5648390901769,5,39.37094261,"Western Allegheny Plateau","Oak / hickory group",0.0444376940256706,-0.966178293152079,1.00005282456837,-1.12213237945686,0.742018799496876,-0.170381144214968,0.0316655690731365,-0.293318593612407,0.151351041961832,"Moderate"
"54075",3.442007553,0.864946472687346,50,8.659284255,1244.40411,-1478.55462305819,0.703399579999677,34.2760686963256,20.4546926596243,11,38.32741832,"Central Appalachians","Maple / beech / birch group",0.709037120010912,-0.503063683316494,-0.401521584050552,-0.669248913676075,0.818267720845001,-0.226962968775378,0.604320097720495,-0.905317933230687,1.1464855073672,"Low"
"54077",20.00094857,0.707995951417004,45,9.435842062,1234.115789,-1717.49139825824,0.604083393806532,36.381908678608,24.8330860200424,6,39.46754717,"Central Appalachians","Unknown",-0.245485326440295,-0.419848785996619,0.20545717011311,-1.2006892033134,0.0223854635990466,-0.17681951129391,0.572387727147136,-0.724953967142779,0.814774018898747,"Low"
"54079",63.2232395,0.720772946859903,41,12.21272328,1099.018868,-1809.88699026828,0.584830963687151,31.2306600397419,23.0121058220198,7,38.50774136,"Western Allegheny Plateau","Unknown",-0.167779761337744,-0.623406810423428,-0.0469861808988491,-1.40619436315292,-0.131896211203529,-0.0459346252812692,0.153080733839701,-0.0799932117182966,0.549404828123981,"Moderate"
"54081",47.4860193,0.755178907721281,42,10.72091394,1116.967742,-1777.00055066191,0.566725504302787,42.7072901741433,25.0050799668667,5,37.7694567,"Central Appalachians","Unknown",0.0414661950827451,-0.169893435120663,0.229300772771308,-1.33304874136692,-0.276986497446289,-0.0935897640467892,0.208789541520032,-0.426482097392951,0.615747125817672,"Moderate"
"54083",10.68140378,0.854635967641568,45,8.777861452,1275.45,-1374.47968056595,0.762391419363728,26.2529308800311,17.2724035321737,7,38.76980557,"Ridge and Valley","Maple / beech / birch group",0.646331953944648,-0.820107995886976,-0.842683839463821,-0.437766683551577,1.29100595286737,-0.205040772390512,0.700678761516048,-0.877777094228463,0.814774018898747,"Low"
"54085",8.326151775,0.77811004784689,44,11.3239718,1098.239437,-1780.89761174689,0.601034625836488,40.4551976488044,23.5409116142796,5,39.18076157,"Western Allegheny Plateau","Unknown",0.180925992956942,-0.258887684364529,0.0263224176117541,-1.34171653756532,-0.00204620687507812,-0.212172899900938,0.150661575307578,-0.286415374182369,0.748431721205055,"Moderate"
"54087",11.04339918,0.686746987951807,48,11.81211843,1153.026316,-1574.98483319559,0.636623595528217,29.9046095885792,23.1190090317599,5,38.71614541,"Western Allegheny Plateau","Oak / hickory group",-0.374714668446851,-0.675807350380353,-0.0321661380834301,-0.883727822426313,0.283150301539239,-0.203944585084226,0.320706320488619,-0.173038029410859,1.01380091197982,"Moderate"
"54089",13.60915431,0.745421245421245,44,10.86362726,1029.054545,-1701.18185840507,0.590044450552673,25.8998133140692,21.7148995746175,5,37.65388128,"Central Appalachians","Unknown",-0.0178767597216689,-0.834061877587672,-0.226818500000114,-1.1644137217507,-0.0901173043233928,-0.196175016176593,-0.0640709947028054,-0.393335382265313,0.748431721205055,"Moderate"
"54091",37.58198337,0.677002583979328,35,10.7083736,1160.931034,-1587.61246056443,0.672724016280849,22.2252525141132,22.9130325458929,5,39.33603936,"Western Allegheny Plateau","Unknown",-0.433976990379496,-0.979266737518465,-0.0607207562931158,-0.911814038709721,0.572445384822617,-0.123580969646292,0.345240584578348,-0.429394727255278,0.151351041961832,"Moderate"
"54093",6.397191352,0.909351692484223,47,8.630557924,1229.681159,-1254.55151878223,0.705507266781308,40.3185633944202,22.499150371459,8,39.11245596,"Central Appalachians","Maple / beech / birch group",0.979095344046438,-0.264286957597358,-0.118097439000411,-0.171023914546472,0.835157923516192,-0.218014139679184,0.558623746754638,-0.911989934907329,0.94745861428613,"Low"
"54095",13.16022258,0.721419185282523,36,11.10088756,1075.6,-1670.69664199938,0.668939045332504,35.0300886297172,17.5070825715382,5,39.46812443,"Western Allegheny Plateau","Oak / hickory group",-0.163849547693614,-0.473267643796761,-0.810150172610237,-1.09660887160684,0.542114062835275,-0.19753446235689,0.0803944353285463,-0.338229106444681,0.217693339655523,"Moderate"
"54097",26.62037693,0.824468085106383,40,10.40630245,1266.62963,-1870.56092939433,0.650554905840986,63.3586175161268,29.197086722191,8,38.89238811,"Central Appalachians","Oak / hickory group",0.462860622924744,0.646169560520496,0.810440663214916,-1.54114460576664,0.394790539884252,-0.156774689334551,0.67330254304132,-0.499554025331506,0.483062530430289,"Low"
"54099",30.48495997,0.724578436382218,52,12.3502035,1127.909091,-1882.03569029173,0.533059830771999,62.4459334253496,26.7690087195707,5,38.14884463,"Western Allegheny Plateau","Oak / hickory group",-0.144636001512138,0.610103708633121,0.473835054781889,-1.56666663036803,-0.546770439706028,-0.145072035454035,0.242748747384667,-0.0480619407757873,1.27917010275459,"Moderate"
"54101",5.78243363,0.830283279017298,47,9.805036811,1341.069767,-1806.08913757422,0.640292340563938,47.0451586864613,29.2023324776247,5,38.49361397,"Central Appalachians","Maple / beech / birch group",0.498226756617755,0.00152285760658554,0.811167884785865,-1.39774722505942,0.312550233133582,-0.219875736846712,0.904346076793385,-0.639204485792874,0.94745861428613,"Low"
"54103",16.48822451,0.687440982058546,43,10.70081508,1097.618182,-1944.9459900368,0.678057389933573,47.1175800336377,25.8424611112919,6,39.6065942,"Western Allegheny Plateau","Oak / hickory group",-0.37049402013536,0.00438467760229078,0.345387319128306,-1.70659095926089,0.615185018956485,-0.187456672774581,0.148733355447354,-0.43115027543555,0.682089423511364,"Moderate"
"54105",9.571553773,0.806593406593407,41,11.61787494,1109.305556,-1323.1644836483,0.565217525007092,39.1795618573298,20.2328046628754,5,39.02774267,"Western Allegheny Plateau","Unknown",0.35415259363221,-0.309296026070561,-0.432282022582201,-0.323632042327431,-0.289070871723447,-0.208401598217459,0.185008035990218,-0.218153184943842,0.549404828123981,"Moderate"
"54107",88.90049793,0.676198486122792,43,11.63357212,1061.133333,-1492.92038219791,0.617988912821123,47.1660782297977,26.0342963024995,9,39.20966038,"Western Allegheny Plateau","Oak / hickory group",-0.438867254183621,0.00630114440300144,0.371981522932968,-0.70120106165196,0.133819020260057,0.0318207405361176,0.0354935256849441,-0.214507344781429,0.682089423511364,"Moderate"
"54109",16.14847063,0.778860954335557,45,11.34797645,1155.192308,-1898.66933872356,0.577919304195448,43.5562728983618,24.4136007158766,5,37.61230303,"Central Appalachians","Oak / hickory group",0.185492764018402,-0.136344822302695,0.147303722865919,-1.60366299031696,-0.187283629593461,-0.18848550875017,0.327429016952205,-0.280840034085953,0.814774018898747,"Moderate"
