"fips","pop_density","prop_spec_hosts","treediversity_specrich_total","MEAN_MAT","MEAN_MAP","height_difference_NHminH","diameter_difference_NHminH","diameter_cv_t_difference_NHminH","height_cv_t_difference_NHminH","specialist_count","lat","US_L3NAME","broad_group","s_prop_spec_hosts","s_diameter_cv_diff","s_height_cv_diff","s_height_mean_diff","s_diameter_mean_diff","s_pop_density","s_MEAN_MAP","s_MEAN_MAT","s_tree_div","temp_bin"
"01001",36.13780506,0.0144578313253012,68,17.63111303,1396,812.157215130662,-0.126103382784662,-21.6813309580491,-25.412225570619,0,32.53954674,"Southeastern Plains","White / red / jack pine group",-1.15182896103362,1.39098999855395,0.77656452077058,0.0292956272661431,-0.257246447196382,-0.183996602970726,1.09313235484828,1.25675540365887,2.31219125230756,"High"
"01003",53.01292518,0.0213148788927336,62,19.26576648,1656.670588,889.395897158482,-0.0999224780595056,-48.9726912897878,-33.4386986621338,1,30.72889271,"Southeastern Plains","White / red / jack pine group",-1.11543870244352,-0.418740602353658,-0.0724451110892638,0.281165184744642,-0.0646954672076922,-0.0920163158829672,1.90212475982321,1.64067451289502,1.91833508519248,"High"
"01005",10.91808529,0.0213164675568049,56,17.99008462,1333.0625,844.261175120326,-0.172337866950919,-50.1846325444482,-40.6552479037742,0,31.86794216,"Southeastern Plains","White / red / jack pine group",-1.11543027142481,-0.499106225334737,-0.835784095109609,0.133984236439869,-0.597284170450851,-0.321460339419521,0.897805525385994,1.34106443752405,1.52447891807741,"High"
"01007",13.8780279,0.00885445489762036,54,16.82691383,1462.285714,874.363807744151,-0.0817823736137251,-55.2545846457127,-41.3631540945356,0,32.99526918,"Ridge and Valley","White / red / jack pine group",-1.18156600386082,-0.835302272408425,-0.910663705064947,0.232146666958424,0.0687183672185878,-0.305326743386126,1.29885038232417,1.06787901489742,1.39319352903905,"High"
"01009",34.5784677,0.0282485875706215,50,15.56345061,1447.94898,779.232741340881,0.180321697779477,-65.7361209556288,-38.7168476428525,0,33.98234094,"Southwestern Appalachians","White / red / jack pine group",-1.0786416043783,-1.53034849854027,-0.630747527596297,-0.0780686159592621,1.99639796177795,-0.192495997168785,1.25435626042444,0.771138642205557,1.13062275096233,"High"
"01011",6.306555245,0.0587857372309669,56,17.87502729,1383.438776,897.473343729928,-0.0453847347107448,-50.6692808057512,-40.223153131129,0,32.09960249,"Southeastern Plains","White / red / jack pine group",-0.916581364629904,-0.531243970705264,-0.79007876231034,0.307505133072264,0.336409690861394,-0.346596152049987,1.05414853664632,1.31404176330237,1.52447891807741,"High"
"01013",9.804162544,0.0159893404397069,64,18.01783807,1462.638095,897.688394657582,-0.022215375225429,-71.3000424732977,-48.1743351883736,0,31.75293353,"Southeastern Plains","White / red / jack pine group",-1.1437012629014,-1.89930039061081,-1.63112439646418,0.308206398041596,0.506811856922566,-0.327531936732137,1.29994399842733,1.34758268749454,2.04962047423084,"High"
"01015",72.85281641,0.0202214732787675,46,15.94370424,1400.290323,836.565209199225,-0.0879096431938504,-70.1781777812916,-47.0096630158311,1,33.77376946,"Ridge and Valley","White / red / jack pine group",-1.1212413912312,-1.82490787816283,-1.50792982754536,0.108888267942903,0.0236545401777151,0.0161238856769912,1.10644739260731,0.860446033269648,0.868051972885619,"High"
"01017",21.63440005,0.0118924508790072,49,16.64250984,1413.176471,826.71537384545,-0.0814258429526333,-51.3583914874621,-34.9700348609153,0,32.91358935,"Piedmont","White / red / jack pine group",-1.16544340032466,-0.57693992257228,-0.23442399864768,0.0767686925351065,0.0713405198489084,-0.26304951323646,1.14643961398283,1.02456939744891,1.06498005644316,"High"
"01019",18.16031066,0.0468937875751503,52,15.51629923,1432.034091,805.002556232217,0.0466087238234698,-59.184296591732,-39.8736850199373,1,34.17582351,"Ridge and Valley","White / red / jack pine group",-0.979691780426181,-1.09588730279963,-0.753113361810426,0.00596482043010851,1.0129879366961,-0.281985540784022,1.20496432700455,0.760064542182182,1.26190814000069,"High"
"01021",24.60212025,0.0107084019769358,56,16.96099324,1451.737374,853.406643122739,0.0145328497750643,-30.5899323496386,-29.3672622397146,0,32.85042711,"Southeastern Plains","White / red / jack pine group",-1.17172713181492,0.800247420914896,0.358215865248292,0.163806922666854,0.777081613104477,-0.24687352432195,1.26611355915372,1.09936926602931,1.52447891807741,"High"
"01023",5.391182875,0.0120329322355921,72,17.76782661,1512.317073,831.057645463608,0.00614454198460068,-41.2415175656718,-33.1495826771218,0,32.0221262,"Southeastern Plains","White / red / jack pine group",-1.1646978676675,0.0939249994849666,-0.0418635277211805,0.0909285150774301,0.715388676880292,-0.351585521772162,1.45412294204071,1.28886432304731,2.57476203038427,"High"
"01025",7.440699612,0.0253555967841682,74,18.10381727,1534.465909,838.759033787027,-0.116190402199627,-55.3752597479199,-38.3613101740494,0,31.68196134,"Southeastern Plains","White / red / jack pine group",-1.09399466730845,-0.843304417504067,-0.59314013365636,0.116042165622256,-0.184340100135607,-0.340414333862394,1.52286195951296,1.36777599383531,2.70604741942263,"High"
"01027",8.492858506,0.00165837479270315,44,15.88105482,1471.926829,852.979235991148,-0.173945673232864,-41.1473042422106,-30.6471282720771,0,33.26981661,"Piedmont","White / red / jack pine group",-1.21975550353655,0.100172424765657,0.222836530317895,0.162413180020414,-0.609108997685451,-0.334679389373474,1.32877162840848,0.845732021856059,0.736766583847261,"High"
"01029",10.30698681,0.012753433616743,44,15.47715848,1439.098765,909.351755790225,-0.252335662453153,-53.3663872079289,-39.0268113369817,1,33.67668539,"Piedmont","White / red / jack pine group",-1.16087417659393,-0.710093098436298,-0.663534301916982,0.346239745194421,-1.18563870145715,-0.324791220220937,1.2268895762376,0.750871840282684,0.736766583847261,"High"
"01031",29.70488576,0.00902777777777778,47,18.38522917,1343.260417,834.276456620779,-0.17651934933621,-40.8317778085804,-26.5533922646112,0,31.40149194,"Southeastern Plains","White / red / jack pine group",-1.18064618168277,0.121095450785425,0.655856271492168,0.101424817195474,-0.628037444241256,-0.219060161619124,0.92945480911556,1.43386915014098,0.933694667404798,"High"
"01033",35.7853014,0.084472049689441,62,15.44404681,1448.078652,870.471558874201,0.0423536952096755,-67.1059883208176,-45.3461486066488,1,34.69857937,"Interior Plateau","Oak / hickory group",-0.780264452227363,-1.62118643625508,-1.33196963431597,0.219454334894583,0.981693757290654,-0.185917975240418,1.25475869809086,0.74309514434036,1.91833508519248,"High"
"01035",5.548508645,0.00851236319416295,47,18.11074735,1563.725806,828.779956786959,-0.0955610126281603,-35.2493512995938,-33.7751436883989,0,31.43410156,"Southeastern Plains","White / red / jack pine group",-1.18338147989886,0.491274436289562,-0.108032979463528,0.0835011428851556,-0.0326184839327257,-0.350727994869361,1.61367018849255,1.36940361107769,0.933694667404798,"High"
"01037",6.344585383,0.00500454959053685,48,16.77584542,1468.793814,787.245607938112,0.0280486470998798,-63.0221983182295,-40.5680809830491,0,32.93690369,"Piedmont","White / red / jack pine group",-1.20199739919451,-1.35038426129829,-0.826563911545621,-0.051939258090987,0.87648535974892,-0.346388863272997,1.31904830151104,1.05588495066485,0.999337361923977,"High"
"01043",43.79749277,0.0285234899328859,49,15.50491052,1468.12037,929.69814027297,-0.0870144559120578,-40.4302456776043,-36.9476305358422,0,34.13019434,"Southwestern Appalachians","White / red / jack pine group",-1.07718270126418,0.147721642218983,-0.44360650717839,0.412587781196778,0.0302383152684573,-0.142246365368958,1.31695826486611,0.757389759096783,1.06498005644316,"High"
"01045",33.91853603,0.00589390962671906,46,18.42755909,1327.936709,868.69364497356,-0.169291791464979,-17.7026614049821,-23.6934346114575,0,31.43032608,"Southeastern Plains","White / red / jack pine group",-1.19727757752519,1.65482148051607,0.958371656089379,0.213656690817383,-0.574881399190861,-0.196093050347266,0.881897608730323,1.44381086909091,0.868051972885619,"High"
"01047",15.06319959,0.0757851615839781,69,17.84761987,1376.821918,798.031291070048,-0.0489951060249634,-50.3378115202442,-39.7470655593217,0,32.32658716,"Southeastern Plains","White / red / jack pine group",-0.82636564977518,-0.509263750520146,-0.739720039436096,-0.0167679531667836,0.309856730145416,-0.298866793381664,1.03361308649114,1.30760478286908,2.37783394682674,"High"
"01049",35.49104685,0.0251778872468528,46,14.60705408,1477.157895,823.519279210623,0.215946614117565,-55.3453295803847,-33.1362114507573,1,34.45782868,"Southwestern Appalachians","White / red / jack pine group",-1.09493776941664,-0.841319703681805,-0.0404491705254605,0.0663464672951247,2.25840619353789,-0.187521852296902,1.34500626652547,0.546516778853327,0.868051972885619,"High"
"01051",50.89186216,0.0143712574850299,59,17.72557811,1422.229167,828.038974199623,-0.133409775942293,-47.1013672032642,-35.8920107891993,0,32.60089022,"Southeastern Plains","White / red / jack pine group",-1.15228840723165,-0.294650325341751,-0.331947086874754,0.081084854162047,-0.310982296948462,-0.103577477173879,1.17453469891258,1.27894172661773,1.72140700163495,"High"
"01053",15.01881593,0.00126422250316056,49,18.49260468,1629.465116,780.037992410211,0.062485131142531,-44.8709263957041,-31.3358391675519,0,31.12599866,"Southeastern Plains","White / red / jack pine group",-1.2218472644,-0.146746485669079,0.149987325298686,-0.0754427525296119,1.12975310658145,-0.299108712950816,1.81769244856546,1.45908765144043,1.06498005644316,"High"
"01055",74.11772642,0.0514193893947509,54,15.64160254,1414.371795,867.819352712948,-0.179556052329254,-42.8146638459627,-39.9061719452386,1,34.04369385,"Southwestern Appalachians","White / red / jack pine group",-0.95567447285007,-0.0103926647333141,-0.756549704544755,0.210805689233644,-0.650371284243484,0.0230184609471304,1.15014930768055,0.789493614845591,1.39319352903905,"High"
"01057",10.0916947,0.0141509433962264,57,15.99524816,1508.26087,805.886521176125,-0.100044102759136,-76.161305972574,-41.3015453879439,0,33.72072771,"Southeastern Plains","White / red / jack pine group",-1.15345761111769,-2.22165798681624,-0.904146971662068,0.00884736390966235,-0.0655899723957486,-0.325964701058093,1.44153449681099,0.872551777060749,1.59012161259659,"High"
"01059",19.23871399,0.0535663941358895,64,15.28709354,1476.94898,900.514073550295,-0.0808640082896075,-58.0989816529588,-39.4527858082532,0,34.44262569,"Southeastern Plains","White / red / jack pine group",-0.944280347761123,-1.02391845872424,-0.708592252639852,0.317420725287983,0.0754726083345017,-0.27610754719438,1.34435789783308,0.706232676879687,2.04962047423084,"High"
"01061",17.73160191,0.0114090131203651,49,18.74686086,1388.294118,931.378254274,-0.397886032277439,-45.2507018953588,-24.28629249381,1,31.09525669,"Southeastern Plains","Oak / gum / cypress group",-1.16800899796361,-0.17192996259532,0.89566141627391,0.418066507125846,-2.25610844425612,-0.284322279937381,1.06921711354905,1.51880294225231,1.06498005644316,"High"
"01063",4.905769199,0.0537634408602151,67,17.20161903,1408.967033,851.043971646816,-0.0056995096006851,-67.1817506712763,-47.3480377663258,0,32.8566071,"Southeastern Plains","White / red / jack pine group",-0.943234623463308,-1.62621035013681,-1.54372181476972,0.156102427930739,0.62828000879855,-0.354231339340115,1.13337560320455,1.1558832867571,2.24654855778838,"High"
"01065",8.845712703,0.0274402195217562,57,17.2964011,1423.384615,873.199713397073,0.0211759762773924,-65.0246620969601,-45.4280515821412,0,32.76023789,"Southeastern Plains","White / red / jack pine group",-1.08293160266764,-1.483170605897,-1.34063301788161,0.228350642474783,0.825939379161088,-0.332756106451078,1.17812063725536,1.1781440588406,1.59012161259659,"High"
"01067",11.76871131,0.0150788211103496,51,18.41310035,1363.60241,742.769140693071,-0.212899530883322,-57.8660027434297,-32.6134654987929,0,31.51140274,"Southeastern Plains","White / red / jack pine group",-1.14853337665309,-1.00846928151886,0.014844897388715,-0.196973686813898,-0.895600375415745,-0.316823879058496,0.99258628077608,1.44041505049616,1.19626544548151,"High"
"01071",18.54017626,0.0955920041004613,68,14.65756782,1493.912791,926.346691975321,-0.0406371745642453,-56.1799165366938,-36.856766915416,0,34.77938554,"Southwestern Appalachians","Oak / hickory group",-0.721251004741746,-0.896662403187862,-0.433995300855522,0.40165895929719,0.37132625957284,-0.279915028296152,1.39700516565,0.55838057179671,2.31219125230756,"High"
"01073",228.7769456,0.0415671285236503,64,16.30977199,1451.889571,852.197402606389,0.0226419174804593,-58.9014689607059,-38.8045698245457,0,33.55705539,"Southwestern Appalachians","White / red / jack pine group",-1.00796028788498,-1.07713258290188,-0.640026444542274,0.159863679906336,0.8367208406201,0.866010942173097,1.26658590326436,0.946421690373045,2.04962047423084,"High"
"01075",8.843667303,0.011979308467193,49,16.1187119,1499.82716,878.400989498778,-0.0701385755869901,-61.5122237058762,-50.4589975802415,0,33.77977028,"Southeastern Plains","White / red / jack pine group",-1.16498244828028,-1.25025560412061,-1.87278724814612,0.24531161430478,0.154354243609212,-0.332767255200116,1.41536043786514,0.901548803362419,1.06498005644316,"High"
"01077",53.6774678,0.0965978128797084,56,15.22175001,1448.490385,917.320810208017,0.015870314540414,-58.7744457378807,-42.1932384256714,2,34.90188562,"Interior Plateau","Oak / hickory group",-0.715913191169791,-1.06870948450816,-0.998466851522294,0.372226234826758,0.78691817734746,-0.0883941300534745,1.25603651340724,0.690885919539807,1.52447891807741,"High"
"01079",18.43012861,0.0797235023041475,63,15.43396959,1457.394231,940.891640800177,0.0160230376335635,-58.6639160247186,-40.5142936653025,0,34.52033016,"Interior Plateau","White / red / jack pine group",-0.805464928901734,-1.06138009521472,-0.820874494747222,0.44908894810441,0.788041399847277,-0.280514858956222,1.2836696416567,0.740728381326477,1.98397777971166,"High"
"01081",103.8818448,0.00942760942760943,41,17.21693478,1401.413043,879.982320208001,-0.0813851780342352,-65.3701943876662,-34.956205814961,2,32.60162662,"Piedmont","White / red / jack pine group",-1.17852428053117,-1.50608336482479,-0.232961215046369,0.250468215317414,0.0716395954527088,0.185252100413896,1.10993175944702,1.15948038502725,0.539838500289723,"High"
"01083",66.82838463,0.107505070993915,51,15.26774259,1443.011111,1065.44059568621,-0.0700491132076251,-47.1049943758078,-38.7689464610015,1,34.81185467,"Interior Plateau","Oak / hickory group",-0.658028520051275,-0.294890848535433,-0.636258341363775,0.855233762178992,0.155012206693364,-0.0167131525618227,1.23903156058619,0.70168786067606,1.19626544548151,"High"
"01085",5.357339812,0.0767211201866978,59,18.07788301,1383.288462,887.91244281895,0.0766117934739616,-65.8174871239174,-46.2927164144058,0,32.15901362,"Southeastern Plains","White / red / jack pine group",-0.821398530144224,-1.53574400989774,-1.43209395751887,0.276327751243344,1.23364954195836,-0.351769988290239,1.0536820364351,1.3616850037249,1.72140700163495,"High"
"01087",11.69537155,0.0323741007194245,63,17.81224697,1397.882353,852.028299820426,-0.0694124040956592,-41.1564228833396,-31.3640600561554,0,32.38765932,"Southeastern Plains","White / red / jack pine group",-1.05674756196057,0.0995677541413549,0.147002227613709,0.159312248385876,0.159694969369589,-0.317223628045867,1.0989742463028,1.29929700836244,1.98397777971166,"High"
"01089",177.1010636,0.123028391167192,67,15.19978415,1444.647541,1038.37429724011,-0.0399047727810289,-53.6885104197796,-38.1446046973396,2,34.76314544,"Southwestern Appalachians","White / red / jack pine group",-0.57564647009069,-0.731453566608744,-0.570217856971984,0.766972590014703,0.376712806851639,0.584344060511033,1.24411022884497,0.685726958535072,2.24654855778838,"High"
"01091",7.563963066,0.0408082408874802,69,17.71324879,1435.855072,840.773389927852,-0.0992084560595268,-59.4720822493425,-42.3328173837496,0,32.2475775,"Southeastern Plains","White / red / jack pine group",-1.01198769429415,-1.11497079679733,-1.01323097998348,0.122610830136896,-0.0594440965131838,-0.339742468547912,1.21682275964274,1.27604602933591,2.37783394682674,"High"
"01093",15.5087218,0.0121300339640951,50,15.55347616,1506.776786,806.472073400926,-0.201263972550181,-36.5269503662645,-28.3883161583099,1,34.13704658,"Southeastern Plains","White / red / jack pine group",-1.16418255010917,0.40655494636527,0.46176503842906,0.0107568058611452,-0.810025098958278,-0.296438410028635,1.43692863508506,0.768796016030498,1.13062275096233,"High"
"01095",65.59871156,0.0512129380053908,52,15.21660224,1428.420455,874.008657159177,0.0269562141750408,-48.9393489756629,-36.0283371608846,1,34.36846438,"Southwestern Appalachians","Oak / hickory group",-0.956770107577876,-0.416529624027791,-0.34636716918459,0.230988547499013,0.86845091508561,-0.0234156637853509,1.19374939055632,0.689676900421442,1.26190814000069,"High"
"01097",130.015283,0.00760555992656701,49,19.22932829,1651.722222,827.666823414243,-0.0617866208342837,-52.8677402852551,-44.3170552424744,0,30.7846079,"Southeastern Plains","White / red / jack pine group",-1.1881938725611,-0.677027081057834,-1.22311607331784,0.0798712983223038,0.215779816534871,0.327696191545273,1.88676748249572,1.63211654151156,1.06498005644316,"High"
"01099",7.907487227,0.0195526097763049,69,18.11935328,1508.28,783.880645442373,-0.0834188580476256,-58.6807581142996,-43.1609612577638,0,31.56726836,"Southeastern Plains","White / red / jack pine group",-1.12479104078178,-1.0624969191666,-1.10082887230645,-0.0629121487784314,0.0566826226638552,-0.337870040338473,1.44159386685663,1.37142482296192,2.37783394682674,"High"
"01101",111.3303325,0.0670578373847443,59,18.2543463,1381.267241,899.905090729554,-0.112975357635992,-58.5201530124532,-39.5181054883238,1,32.22380149,"Southeastern Plains","White / red / jack pine group",-0.8726814411251,-1.05184695654325,-0.715501518627246,0.315434877917921,-0.160694623100568,0.225851161762423,1.04740916748459,1.40312964699756,1.72140700163495,"High"
"01103",79.49711788,0.115971515768057,59,15.45150345,1455.810526,914.814749769565,0.0955949718673503,-53.7019657862988,-40.3853578899198,1,34.45514922,"Interior Plateau","Oak / hickory group",-0.613097212277787,-0.732345811928883,-0.807236161453991,0.364054159422624,1.37326387696011,0.0523396134681022,1.27875460568525,0.744846430881672,1.72140700163495,"High"
"01105",4.884287348,0.0280272108843537,60,17.34238524,1410.735849,858.512391150858,-0.0206841972280774,-75.6425845127563,-45.1089945343411,1,32.6404135,"Southeastern Plains","White / red / jack pine group",-1.0798164474547,-2.18726079709141,-1.30688438338093,0.180456384603243,0.518073111146675,-0.354348429281289,1.13886513204161,1.18894401773574,1.78704969615413,"High"
"01107",8.782500556,0.0226455787203451,56,16.67805056,1448.242424,813.377592014667,0.121385907796628,-58.4659323623332,-44.1454203990585,0,33.28082805,"Southeastern Plains","White / red / jack pine group",-1.1083766964772,-1.04825150477645,-1.20496119588146,0.0332751848875511,1.56294677906534,-0.333100653416501,1.25526696526885,1.03291658661247,1.52447891807741,"High"
"01109",19.11589839,0.0263768115942029,54,18.03359042,1373.457447,880.762362683749,-0.0652275595835787,-34.7946137269556,-25.5367684272973,0,31.80413807,"Southeastern Plains","White / red / jack pine group",-1.08857509413971,0.521428759510627,0.763390853620185,0.253011875411333,0.190472970373012,-0.27677697141575,1.023171434801,1.35128232681588,1.39319352903905,"High"
"01111",15.11819796,0.00156690692572861,43,15.99151626,1440.085366,823.314990563442,-0.130628895228428,-64.7231273684429,-48.4417646841491,0,33.29523169,"Piedmont","White / red / jack pine group",-1.22024092226804,-1.4631753906054,-1.65941206592599,0.0656802973163979,-0.290529936256287,-0.298567016797795,1.22995149711584,0.871675292981657,0.671123889328082,"High"
"01113",34.88869599,0.0170857511283043,58,17.74304836,1316.023256,793.865015438741,-0.00280464422430926,-39.0547464399777,-33.6805040352121,0,32.28722368,"Southeastern Plains","White / red / jack pine group",-1.13788262622335,0.238933037752207,-0.0980223588341005,-0.0303538659768028,0.649570684999701,-0.190805052928149,0.844924150896154,1.28304483655711,1.65576430711577,"High"
"01115",54.36556376,0.050951503990178,57,15.95195833,1416.354167,892.455060542674,0.0554471776956524,-51.1424838390692,-40.3008013846185,1,33.71767427,"Ridge and Valley","White / red / jack pine group",-0.958157534356571,-0.562622766024674,-0.798292097651783,0.291140887431456,1.07799153273449,-0.0846435633318951,1.15630160857548,0.862384611064443,1.59012161259659,"High"
"01117",106.3521688,0.0302144249512671,58,16.57741442,1449.286957,796.854253886447,0.0164255286002346,-59.6057155474586,-42.2053877427007,0,33.26516355,"Ridge and Valley","White / red / jack pine group",-1.06820893201833,-1.1238322190922,-0.999751959820894,-0.0206061832710019,0.791001573717611,0.198716959277359,1.25850867838358,1.00928091189147,1.65576430711577,"High"
"01119",5.380411743,0.069020140303236,66,17.4068176,1433.246377,825.456492100796,0.0404677472607089,-57.6336541098715,-40.0680797863105,0,32.59240085,"Southeastern Plains","White / red / jack pine group",-0.86226752610792,-0.993061898848371,-0.77367569686746,0.0726635734468554,0.967823299810541,-0.351644231387654,1.20872666234964,1.20407677523683,2.1809058632692,"High"
"01121",42.04896594,0.0237037037037037,51,16.48288545,1418.830357,870.746137852626,0.099564017321444,-55.5626968206524,-44.5163435519852,1,33.38079885,"Ridge and Valley","White / red / jack pine group",-1.10276124151843,-0.8557336479325,-1.24419602865595,0.220349716379263,1.402454754809,-0.151776964183092,1.16398647597324,0.98707958355523,1.19626544548151,"High"
"01123",21.79655323,0.0177636073787292,58,16.87484503,1453.99115,896.266338609881,-0.222731545695814,-51.3844513259997,-38.4994445448131,0,32.866807,"Piedmont","White / red / jack pine group",-1.1342852522811,-0.578667989135578,-0.607751459195252,0.303569179771675,-0.967911248828365,-0.262165673836057,1.27310816364863,1.07913626554503,1.65576430711577,"High"
"01125",61.05090605,0.0166938621814987,69,16.65688405,1465.458763,846.344174608384,-0.030972979131028,-49.5646084572251,-39.7753636858612,0,33.28839834,"Southeastern Plains","White / red / jack pine group",-1.13996237555754,-0.457991508064945,-0.742713307054601,0.140776741768949,0.442402882821852,-0.0482041366053649,1.3086979549303,1.02794536310033,2.37783394682674,"High"
"01127",31.14179876,0.0314536059312514,63,15.98290514,1474.534483,853.291419549699,0.0719127243029911,-68.0872927262148,-48.3560268291512,0,33.80205275,"Southwestern Appalachians","White / red / jack pine group",-1.06163261533712,-1.68625818752237,-1.65034304347014,0.163431187224576,1.19908960663895,-0.211228059132133,1.33686449495314,0.86965286216005,1.98397777971166,"High"
"01129",5.839055077,0.00825802430663758,66,18.40539335,1569.074534,868.58375085877,-0.137519254942382,-35.7929876435825,-31.3900130389536,0,31.40910343,"Southeastern Plains","White / red / jack pine group",-1.18473125293099,0.455225103624465,0.14425702033276,0.213298334339321,-0.34120601217209,-0.349144329447269,1.63026999118405,1.43860496373136,2.1809058632692,"High"
"01131",4.58874272,0.0410145709660011,66,17.9485648,1424.761905,843.494820382339,-0.0349336053709719,-65.2040206479461,-41.8696590973889,0,31.98669741,"Southeastern Plains","White / red / jack pine group",-1.01089270336133,-1.49506413756081,-0.964239867484559,0.131485211033676,0.413273925214159,-0.355959338094819,1.18239506329627,1.33131298084065,2.1809058632692,"High"
"01133",14.93521143,0.0121457489878543,45,15.42131347,1496.72619,891.882666050347,-0.181157303583366,-23.7368035792503,-23.2949254552619,0,34.15040226,"Southwestern Appalachians","White / red / jack pine group",-1.16409915069088,1.25468855895186,1.00052443080585,0.289274351860152,-0.662147901645522,-0.299564411390717,1.40573656277703,0.737755930917011,0.80240927836644,"High"
"04001",2.47259931,0.310868586858686,20,10.1943754,322.4777108,176.61111027789,-0.181528971000846,-37.8599435102026,-36.1238990693343,2,35.38331872,"Arizona/New Mexico Plateau","White / red / jack pine group",0.421218904927595,0.318162192978794,-0.356475342449193,-2.04317262288856,-0.664881379583619,-0.36749368433867,-2.23854915627834,-0.48985681346435,-0.838658084613037,"Low"
"04003",7.861754635,0.00700431034482759,25,16.15491595,391.1753394,77.5648409475017,-0.291376415831082,-36.9955166935184,-44.8041520377255,3,31.87962746,"Madrean Archipelago","Aspen / birch group",-1.19138469594996,0.375483617905321,-1.27463930975071,-2.36615508933142,-1.47276916548553,-0.338119312456924,-2.02534574041314,0.91005178399525,-0.510444612017142,"High"
"04005",2.950340147,0.36733911175884,23,11.00338252,342.638061,124.675088102099,-0.210209969731325,-35.8992031496824,-31.9119212823173,5,35.83526988,"Arizona/New Mexico Mountains","White / red / jack pine group",0.720907215913636,0.448181795803113,0.0890515620311228,-2.21253210157436,-0.875819636705867,-0.364889688691331,-2.17598141390828,-0.299851223670311,-0.6417300010555,"Moderate"
"04007",4.370110882,0.095247005988024,25,14.52663756,523.7546898,112.397003356764,-0.222288367407269,-35.9989032067475,-38.4266173843051,2,33.8010486,"Arizona/New Mexico Mountains","White / red / jack pine group",-0.723081905052882,0.441570537075452,-0.600048080634417,-2.25257001638986,-0.964651834584859,-0.3571510226033,-1.61388509825542,0.527629938510334,-0.510444612017142,"High"
"04009",3.199838015,0.128886885984678,30,15.41584362,421.7914831,105.79970067615,-0.230501156509459,-33.7050004022528,-39.1820995012699,1,32.93181453,"Chihuahuan Deserts","White / red / jack pine group",-0.544555517423309,0.593682635935325,-0.679960090141937,-2.27408332634146,-1.02505389504336,-0.363529764414453,-1.93032839337389,0.736471267222909,-0.182231139421246,"High"
"04011",1.983807532,0.239253148067738,30,12.63041488,434.8978102,127.256208865997,-0.261761612363973,-32.525618154602,-39.6293784719453,1,33.2137815,"Arizona/New Mexico Mountains","White / red / jack pine group",0.0411567409981615,0.671889222847692,-0.727271549347253,-2.20411526007042,-1.25496311601448,-0.370157914740995,-1.88965284511826,0.0822779758548864,-0.182231139421246,"Moderate"
"04015",6.110566133,0.0105465004793864,11,16.29415717,269.4341512,78.1084046582187,-0.230757252467906,-50.5126013956751,-47.5582267243414,2,35.6984698,"Arizona/New Mexico Plateau","White / red / jack pine group",-1.17258634087013,-0.52085432652849,-1.5659547990246,-2.36438256877973,-1.02693738716434,-0.347664419099918,-2.40317009482947,0.942754351717697,-1.42944233528565,"High"
"04017",4.27920132,0.212899648863426,16,11.34610237,301.397973,85.4935977070109,-0.146158373846021,-31.0722953478649,-30.756231479976,1,35.39058087,"Arizona/New Mexico Plateau","White / red / jack pine group",-0.098700922430264,0.768261214730058,0.211296010177,-2.34030000734474,-0.404743572412937,-0.357646538341992,-2.30397022242126,-0.219359117206064,-1.10122886268975,"Moderate"
"04019",43.63601646,0.0304311073541843,21,19.81816242,318.0085205,80.5532557289823,-0.481262657896917,-27.7719631598978,-45.0102024134495,3,32.09927686,"Sonoran Basin and Range","Aspen / birch group",-1.06705900144012,0.987111139436026,-1.29643453059596,-2.3564100925395,-2.86931303514845,-0.143126515391361,-2.25241930955043,1.77041171023827,-0.773015390093858,"High"
"04025",11.04641261,0.0716602772043645,20,14.81632688,427.3560606,104.328677827735,-0.201439814627869,-35.0138329799414,-40.1833082900939,2,34.59870983,"Arizona/New Mexico Mountains","White / red / jack pine group",-0.848256355323336,0.506892005548417,-0.785864127385009,-2.27888022168126,-0.811318353134843,-0.320760872769751,-1.9130587007364,0.595667151957398,-0.838658084613037,"High"
"05003",8.343720051,0.0507722642129477,50,17.18201242,1388.755556,718.256480579243,0.0981097446270376,-61.9881601071579,-38.498609965525,1,33.19179034,"South Central Plains","White / red / jack pine group",-0.959108757427272,-1.2818156531257,-0.607663180589435,-0.276907635625544,1.39175911096406,-0.335492290129687,1.07064918856845,1.15127842555772,1.13062275096233,"High"
"05005",29.04728743,0.0608695652173913,41,14.41251102,1127.043956,539.531558236463,0.0496183353772237,-70.3686768408581,-43.7826052317573,1,36.28639575,"Ozark Highlands","Oak / hickory group",-0.905522517722758,-1.83754015348187,-1.16658399482297,-0.859716222191553,1.0351225290696,-0.222644496589881,0.258425997918959,0.500825872133449,0.539838500289723,"High"
"05007",124.5726269,0.118464052287582,48,14.0636469,1158.155556,708.558599616035,0.00051790340267743,-35.5496535758761,-29.9134161728867,1,36.33657906,"Ozark Highlands","Oak / hickory group",-0.599869354719739,0.471360946734472,0.300445790589793,-0.308531699145977,0.674006807752199,0.298030205938176,0.354980995932843,0.418890705878574,0.999337361923977,"Moderate"
"05009",24.56828981,0.095386210471747,42,14.00934811,1135.066667,535.952832917289,-0.011343809418511,-45.2000502345813,-29.9802660890424,0,36.3085567,"Ozark Highlands","Oak / hickory group",-0.722343148742712,-0.168571175807795,0.293374662080658,-0.871386177436941,0.586768247739044,-0.247057922036537,0.283324519520901,0.406137945904035,0.605481194808903,"Moderate"
"05011",6.426440833,0.0170086892216676,42,16.90270676,1366.29,648.125764002584,-0.0325157364575399,-31.8367835555652,-27.2507437788414,1,33.47114195,"South Central Plains","White / red / jack pine group",-1.13829159271839,0.717566867262913,0.582093094861154,-0.505598650102603,0.431056466866288,-0.345942698283524,1.0009272290755,1.08567994644778,0.605481194808903,"High"
"05013",3.169401018,0.0340059790732436,44,16.87454068,1327.406977,846.333273976744,-0.00300925804406527,-44.1131796851532,-35.4031767944781,1,33.55549968,"South Central Plains","White / red / jack pine group",-1.04808720563388,-0.0964991768815329,-0.280240096124662,0.140741195625549,0.64806582518195,-0.363695665676325,0.880253582958331,1.07906478508481,0.736766583847261,"High"
"05015",17.19978796,0.106757297081168,49,13.82340737,1135.080808,524.974435349968,-0.0322963659307998,-51.8702965422671,-31.8132568763981,0,36.34035893,"Ozark Highlands","Oak / hickory group",-0.661996946080726,-0.610885106365941,0.0994879056146683,-0.907185909702029,0.432669856867431,-0.287221008921259,0.283368406181404,0.362467403214077,1.06498005644316,"Moderate"
"05017",6.323932222,0.228769497400347,42,17.57467975,1367.509804,786.080363230221,0.105128764264268,-54.806906648205,-38.4064227956205,0,33.26396166,"Mississippi Alluvial Plain","Elm / ash / cottonwood group",-0.0144798511361102,-0.80561608008988,-0.597911974263762,-0.0557390338150855,1.44338143356508,-0.346501436319265,1.00471289656921,1.24350133161756,0.605481194808903,"High"
"05019",9.960964171,0.0676529511480968,53,16.38277696,1371.984615,735.987539544191,0.0108468550217327,-53.2194326816705,-39.3285708432973,1,34.04978094,"South Central Plains","White / red / jack pine group",-0.869523180441336,-0.70034832573611,-0.695453268622054,-0.219087980267907,0.749972469649049,-0.326677266746695,1.01860049371039,0.963567834133493,1.32755083451987,"High"
"05021",8.885093298,0.235915492957746,41,14.73155839,1225.31,810.850097737282,-0.0357600656332722,-43.482109241421,-35.647220618812,1,36.36843353,"Mississippi Alluvial Plain","Oak / gum / cypress group",0.0234438505241311,-0.0546519593200716,-0.306054118683889,0.0250332153398948,0.407195612218553,-0.332541456812555,0.563395131079976,0.575758196226081,0.539838500289723,"High"
"05023",17.46857696,0.0436798438262567,40,15.02361819,1293.732558,753.964524780581,0.249864823223974,-63.8687892117393,-44.1698322319417,0,35.53869972,"Boston Mountains","Oak / hickory group",-0.99674813638202,-1.40652295969262,-1.20754338621747,-0.160466377757183,2.50786221774568,-0.285755935534509,0.775744864034723,0.644352146986525,0.474195805770544,"High"
"05025",5.206673301,0.035245046923879,42,16.68976595,1345.146067,793.672687679382,0.00409786864574779,-56.7519933310841,-37.6260987499789,1,33.89764936,"South Central Plains","White / red / jack pine group",-1.04151148932859,-0.934597664321519,-0.515372280531789,-0.0309810323961255,0.700336142934275,-0.352591217937065,0.935306932825201,1.03566809464199,0.605481194808903,"High"
"05027",11.90464864,0.0352328431372549,48,17.13607687,1296.391304,786.016406898756,0.00339553004149451,-36.252578776523,-34.8206251127618,1,33.21226799,"South Central Plains","White / red / jack pine group",-1.04157625465896,0.424748933617617,-0.21862000680347,-0.0559475906221297,0.695170699342751,-0.31608293294668,0.78399629484347,1.14048987864077,0.999337361923977,"High"
"05031",59.55726208,0.152421652421652,31,15.45872383,1217.313725,933.153610411307,-0.00966463845115872,-55.8243174272887,-44.057288145118,1,35.83049198,"Mississippi Alluvial Plain","Oak / gum / cypress group",-0.4196568306231,-0.873082098574115,-1.1956389030612,0.423855810528372,0.599117936137,-0.0563454594635455,0.538578653729294,0.746542228763448,-0.116588444902067,"High"
"05033",40.93949341,0.0864247859763555,53,15.07700976,1238.151163,728.859518843811,-0.0328841059844494,-50.8811911537108,-36.9683599573459,1,35.58560919,"Boston Mountains","Oak / hickory group",-0.769901307194423,-0.545296060329594,-0.445799186119547,-0.242331921935058,0.42834724370731,-0.157824304948652,0.603247741294847,0.656891834829915,1.32755083451987,"High"
"05035",30.47981805,0.215425531914894,18,16.07246202,1290.19802,1215.12628190691,-0.159853224491138,-18.650467508905,-28.6728638188512,1,35.2122284,"Mississippi Alluvial Plain","Elm / ash / cottonwood group",-0.0852960952787344,1.59197105132726,0.431666674955053,1.34334757457799,-0.505464190749028,-0.2148362809,0.764775408604273,0.890686432055596,-0.969943473651395,"High"
"05037",10.3843045,0.31358024691358,36,15.95892977,1253.157895,950.315330724515,0.0828015043260029,-40.8592498200936,-37.4682867026422,0,35.29613006,"Mississippi Alluvial Plain","Oak / hickory group",0.435609648120727,0.119273740936608,-0.49867952560883,0.479818895181999,1.27917260171962,-0.324369788949776,0.649821205162179,0.864021942227751,0.211625027693828,"High"
"05039",4.116044674,0.0245630609352858,45,16.53943907,1334.336538,725.195720073006,0.0440812845059952,-47.6527734230986,-33.3284254474023,1,33.9708643,"South Central Plains","White / red / jack pine group",-1.09820064432686,-0.331214890003798,-0.0607808320995085,-0.254279295334834,0.994399544791752,-0.358535847279211,0.901759508355678,1.00036191897286,0.80240927836644,"High"
"05041",6.010202815,0.215703192407248,29,17.07182155,1331.22807,765.98771635078,-0.141715991486775,-38.6610246817757,-33.1785416103329,0,33.82954683,"Mississippi Alluvial Plain","Elm / ash / cottonwood group",-0.0838225548055716,0.265041311777399,-0.0449266929426028,-0.121259650496165,-0.372071474724297,-0.348211463905352,0.892112363189044,1.12539870123061,-0.247873833940425,"High"
"05043",8.509358291,0.0432548889625456,48,16.91171766,1362.826446,793.748860792676,0.0996675290936977,-66.8115734803975,-45.4232557870715,2,33.5897078,"South Central Plains","White / red / jack pine group",-0.999003366089483,-1.60166335130831,-1.34012573701737,-0.0307326375784844,1.40321604604004,-0.334589454904837,0.990178072825385,1.08779627067627,0.999337361923977,"High"
"05045",74.44700092,0.0857685009487666,43,15.85608914,1278.60396,647.863496903875,0.0648882746108292,-62.3153458921232,-44.4279219399166,1,35.14583692,"Arkansas Valley","Oak / hickory group",-0.773384202949178,-1.30351182803366,-1.23484312863936,-0.506453883469599,1.14742734796966,0.0248132193147928,0.728793188458961,0.839868515051559,0.671123889328082,"High"
"05047",11.27626388,0.0882120253164557,47,15.0710735,1218.591398,801.722969828079,0.0339595079537021,-47.5206256637415,-37.4709533054047,1,35.51360566,"Arkansas Valley","Oak / hickory group",-0.760416452217256,-0.322451975988413,-0.498961588652447,-0.00472966521667151,0.919957579747745,-0.319508035121678,0.542543917938701,0.655497628827784,0.933694667404798,"High"
"05049",7.684736387,0.0476345840130506,42,14.16384724,1145.447917,520.262979680506,-0.0227005219708807,-47.8464652677705,-31.7129313602575,0,36.38186185,"Ozark Highlands","Oak / hickory group",-0.97576038376126,-0.34405888364091,0.110099955085653,-0.922549613786461,0.503243780026228,-0.339084176064118,0.31554277808464,0.442424027438541,0.605481194808903,"High"
"05051",56.4319154,0.0781538461538462,52,15.70754825,1409.798246,729.64701639192,0.0410922246163852,-46.0018140659443,-35.3301859535187,2,34.57708416,"Ouachita Mountains","White / red / jack pine group",-0.813795072836899,-0.221737325192849,-0.272519404071562,-0.2397639514085,0.972416102392366,-0.0733806143442786,1.13595527668853,0.804981801801148,1.26190814000069,"High"
"05055",30.22595482,0.19203187250996,39,15.07840964,1235.879518,733.199383891285,0.0953377267528135,-42.7187625246475,-31.8266192454199,2,36.11754788,"Mississippi Valley Loess Plains","Oak / hickory group",-0.209445928970616,-0.004033305810126,0.0980744853147902,-0.2281799470395,1.37137193321633,-0.216219999214915,0.596197680273772,0.657220614414748,0.408553111251365,"High"
"05057",11.51882552,0.139348370927318,54,16.61797446,1327.207207,780.291595220408,0.0389196885942917,-41.273205999242,-33.9847241457211,2,33.73369804,"South Central Plains","White / red / jack pine group",-0.489036558490148,0.0918236924328542,-0.130201598841851,-0.0746157727585613,0.956437894438655,-0.318185917760437,0.879633595816775,1.01880695206064,1.39319352903905,"High"
"05059",21.13835419,0.0367068694284216,50,16.19981043,1396.597701,701.731430985848,0.00999986624295368,-52.1336875363462,-43.252970843094,1,34.31891584,"Ouachita Mountains","White / red / jack pine group",-1.03375361709131,-0.628350954025945,-1.11056129441491,-0.330794584743856,0.743743176921948,-0.265753283063699,1.09498732273382,0.920595822409766,1.13062275096233,"High"
"05061",8.72158428,0.0722857142857143,48,16.03082717,1382.160494,634.073809055934,0.0705771192090661,-71.2467840870866,-42.5742018384236,0,34.08857686,"South Central Plains","White / red / jack pine group",-0.844937169201564,-1.89576874799169,-1.03876370458902,-0.55142102279464,1.18926671959922,-0.333432686404412,1.05018138240253,0.880907959116771,0.999337361923977,"High"
"05063",19.00148074,0.0883868410622275,54,15.25008931,1223.3125,647.564704469274,-0.0137571731117965,-58.1679690824649,-36.3281448892738,0,35.74237542,"Ozark Highlands","Oak / hickory group",-0.7594887074216,-1.02849311754438,-0.378079684283848,-0.507428223221458,0.56901884033355,-0.277400621393947,0.557195880365364,0.697541763818224,1.39319352903905,"High"
"05065",9.048001246,0.0534142640364188,52,14.59436784,1170.942529,583.544129928643,0.0782145879579468,-47.839255834004,-34.0212283544944,0,36.09551726,"Ozark Highlands","Oak / hickory group",-0.945087700139042,-0.343580815389864,-0.134062874460493,-0.716194522124126,1.24543750925176,-0.331653503439817,0.394665427225949,0.543537254379588,1.26190814000069,"High"
"05067",10.30319411,0.218508997429306,43,15.70709654,1235.693182,720.823780300987,-0.0906351299145076,-55.8865929423296,-33.5829948200044,0,35.59698852,"Mississippi Alluvial Plain","Oak / hickory group",-0.0689321855465032,-0.877211680386339,-0.0877082069067801,-0.26853586350497,0.00360958204819539,-0.324811892881774,0.59561938561487,0.804875711974687,0.671123889328082,"High"
"05069",30.1506631,0.0758174631692418,54,16.85929997,1315.492857,805.948948177006,-0.0742449475440794,-48.4594999320473,-38.287587850349,1,34.27024076,"Mississippi Alluvial Plain","White / red / jack pine group",-0.826194225699577,-0.384710121903615,-0.585342068155972,0.00905093368420774,0.124153379550611,-0.216630387643067,0.843278055086502,1.07548531091105,1.39319352903905,"High"
"05071",15.46463638,0.0594580373585898,49,14.67787965,1202.194444,883.612580165434,0.0848423884047831,-63.372977545896,-46.6871474629407,0,35.56948885,"Arkansas Valley","Oak / hickory group",-0.913013476956127,-1.37364495240179,-1.47381536560092,0.262306221158596,1.29418255777491,-0.296678703997458,0.491655893507179,0.56315106286352,1.06498005644316,"High"
"05073",4.906195296,0.0751322751322751,35,17.26348941,1267.475,691.292523548101,-0.0834177310444308,-46.1612907202766,-36.1497232738523,1,33.24224051,"South Central Plains","White / red / jack pine group",-0.829830509333728,-0.232312458787046,-0.359206928056087,-0.36483508010028,0.0566909113602118,-0.354229016836683,0.694254408367401,1.17041433073936,0.145982333174649,"High"
"05075",10.85043348,0.217391304347826,46,15.15209394,1206.989362,731.486141918023,0.242687517212911,-62.4651164562106,-37.706496708981,0,36.0421708,"Mississippi Alluvial Plain","Oak / hickory group",-0.0748637675953998,-1.31344333638098,-0.523876469207985,-0.233766700804973,2.45507575674989,-0.321829085411345,0.506536944239598,0.674526307447537,0.868051972885619,"High"
"05077",5.769577005,0.196601941747573,45,16.27625933,1313.762887,966.045226834487,-0.104038607217646,-50.0292799949921,-28.1005805813021,0,34.78512687,"Mississippi Alluvial Plain","Oak / gum / cypress group",-0.18519263340924,-0.488804567254588,0.492200607516886,0.531112908342068,-0.0949680919118494,-0.349523029744714,0.837909084994509,0.938550816839982,0.80240927836644,"High"
"05081",8.972028136,0.102886750555144,44,16.84860643,1247.650602,645.152926970172,0.0427914312083473,-45.3142151832883,-31.0684489274595,1,33.70315882,"South Central Plains","White / red / jack pine group",-0.682537884083835,-0.176141622964503,0.178270842444437,-0.515292849021477,0.984913145482369,-0.332067605882884,0.632729295241864,1.07297379732303,0.736766583847261,"High"
"05083",11.77119464,0.0816645807259074,42,15.57746034,1210.028571,629.791833818104,0.120248959679111,-67.0381639085947,-44.1536162661086,1,35.21612799,"Arkansas Valley","White / red / jack pine group",-0.795163652001311,-1.61668889883678,-1.20582812335852,-0.565384223356474,1.55458494143893,-0.316810343308545,0.515969143771567,0.774429005103112,0.605481194808903,"High"
"05085",36.61734228,0.0992622401073105,40,16.43462286,1294.686441,932.195791414049,-0.0395904156061284,-53.93938452625,-35.9706785425267,1,34.75356289,"Mississippi Alluvial Plain","White / red / jack pine group",-0.701773111951524,-0.748089400877761,-0.34026826101067,0.420732434511974,0.379024788913718,-0.181382815877585,0.778705244444939,0.975744501760229,0.474195805770544,"High"
"05087",7.587104386,0.0828961175236096,55,13.71609603,1198.792,719.432579077999,-0.0107298526134956,-45.7889558513576,-33.3017851492175,0,36.01018785,"Boston Mountains","Oak / hickory group",-0.788627902891964,-0.207622381125949,-0.0579629232251331,-0.273072466502304,0.591283675518087,-0.339616333430529,0.48109639243162,0.337263973053551,1.45883622355823,"Moderate"
"05089",10.73301492,0.074665797195957,45,14.40060917,1120.735632,501.037091185036,0.0253874232796722,-47.3730199093724,-34.1913485909195,1,36.26718719,"Ozark Highlands","Oak / hickory group",-0.832306101425259,-0.312664019385856,-0.152057542560966,-0.985243796291295,0.85691303175149,-0.32246909228427,0.238848084494675,0.49803057160644,0.80240927836644,"High"
"05091",26.92331311,0.0937875751503006,47,17.30837669,1206.21875,675.000665446134,0.034705028563498,-50.1870575622033,-38.6194974681467,1,33.30986613,"South Central Plains","White / red / jack pine group",-0.730827084746742,-0.499267031860532,-0.620450198365126,-0.417961609229389,0.925440611198527,-0.234221526343233,0.504145346246262,1.1809566781425,0.933694667404798,"High"
"05093",17.7177812,0.2882096069869,21,15.59274822,1244.27972,615.632612565587,-0.315441378293925,-23.1224568890065,-27.5616890775702,1,35.76252352,"Mississippi Alluvial Plain","Oak / gum / cypress group",0.300968005569942,1.29542679960333,0.549202490159399,-0.611556383438479,-1.64975816392755,-0.284397611719585,0.622267746982853,0.778019557750041,-0.773015390093858,"High"
"05095",4.372235851,0.204847085978073,50,16.41103542,1277.574468,1047.53266980017,-0.0102350791292558,-61.2309875440556,-35.467490285201,1,34.68513805,"Mississippi Alluvial Plain","Oak / gum / cypress group",-0.141435764624262,-1.23160641690744,-0.287042931250341,0.796837357037718,0.594922553557747,-0.357139440151899,0.725598155158993,0.970204692111914,1.13062275096233,"High"
"05097",4.434629674,0.0551276854479124,49,15.34188001,1415.440678,726.543344914604,0.054819044167137,-49.7978615872212,-35.8611245290753,1,34.5372561,"Ouachita Mountains","White / red / jack pine group",-0.935994595909433,-0.473458869236404,-0.32868005638223,-0.24988479165366,1.07337184033848,-0.356799353579997,1.15346659113566,0.719099974691705,1.06498005644316,"High"
"05099",5.155406511,0.0322788896061975,45,16.73587198,1356.081395,746.366019271174,0.041135261541756,-40.7680996729713,-33.1072392211888,1,33.6615318,"South Central Plains","White / red / jack pine group",-1.05725284604923,0.125318042448857,-0.037384598866195,-0.185244535150689,0.972732623240016,-0.352870655003512,0.969244775087289,1.04649668095061,0.80240927836644,"High"
"05101",3.645783368,0.0717146671752813,51,13.75436805,1194.241667,711.47295716089,0.0544757297131855,-54.8064767621583,-38.2459232962553,0,35.91962908,"Boston Mountains","Oak / hickory group",-0.847967708484168,-0.80558757370822,-0.580934950941552,-0.29902819745634,1.07084688807856,-0.361099074659197,0.4669744124056,0.346252642686902,1.19626544548151,"Moderate"
"05103",12.43427405,0.0376973073351903,50,16.89405973,1316.110092,824.034095229302,-0.0681713833297759,-40.1627428437838,-32.5377739443042,1,33.59034049,"South Central Plains","White / red / jack pine group",-1.02849737653146,0.165460152073747,0.0228512605919114,0.0680252437760699,0.168822223265728,-0.313196132917148,0.845193646833603,1.08364908170691,1.13062275096233,"High"
"05107",10.15142883,0.182270916334661,53,16.56238887,1342.323232,1079.77243078219,0.0150432137079886,-56.8929635791524,-35.1305456007791,0,34.43248282,"Mississippi Alluvial Plain","Oak / gum / cypress group",-0.261247191221256,-0.943945610654925,-0.251402210946851,0.901968803077012,0.780835153192839,-0.325639111528225,0.926546251027462,1.00575197077445,1.32755083451987,"High"
"05109",6.890650115,0.0443694236797685,50,15.90140001,1427.223529,656.847897109831,0.0661954613997504,-59.8056454402057,-40.666366272518,1,34.16207826,"Ouachita Mountains","White / red / jack pine group",-0.993088545436932,-1.13708986695374,-0.836960153640726,-0.477156427264057,1.15704122876856,-0.343412458337169,1.19003472504401,0.850510347942265,1.13062275096233,"High"
"05111",12.09129161,0.207547169811321,46,15.72968818,1227.092593,855.279331270821,-0.110677704467903,-65.0236377260037,-42.6726766961247,1,35.5744313,"Mississippi Valley Loess Plains","Elm / ash / cottonwood group",-0.127106456282653,-1.48310267833883,-1.04917999848685,0.169913618467058,-0.143796224292961,-0.315065608397791,0.56892741690181,0.810181645354624,0.868051972885619,"High"
"05113",9.011802881,0.0375858330321648,44,15.13926508,1435.637795,648.362196238672,0.149976100877277,-52.3644487237544,-40.9777226921103,1,34.48996215,"Ouachita Mountains","Oak / pine group",-1.02908896914816,-0.643653070786637,-0.869894245135371,-0.504827662287771,1.77321719384039,-0.331850807872682,1.21614843944373,0.671513286856711,0.736766583847261,"High"
"05115",30.42920417,0.0523415977961433,57,15.04332781,1208.991736,785.669680047316,0.0578868029054171,-56.9117883492182,-38.9459177063299,1,35.45082529,"Arkansas Valley","Oak / hickory group",-0.950780325351369,-0.945193909091831,-0.654977682989038,-0.0570782409173622,1.09593408398995,-0.215112159185898,0.512751321436305,0.648981201391777,1.59012161259659,"High"
"05119",200.1406122,0.0663991244071507,54,16.37323218,1301.401709,844.346756896512,0.0444619992706825,-67.3838008469682,-44.1136162996519,3,34.76951576,"Arkansas Valley","Oak / hickory group",-0.876177221977653,-1.63960859710668,-1.20159707985927,0.13426331220256,0.997199562659976,0.70992445813373,0.799546110501416,0.961326121411169,1.39319352903905,"High"
"05121",10.62160123,0.16973125884017,50,14.58060317,1210.608247,668.9820352482,0.0511821484567347,-56.4517996397777,-42.2892872492182,2,36.34263496,"Ozark Highlands","Oak / hickory group",-0.327794983746861,-0.914691375197308,-1.00862652880399,-0.437587911553325,1.04662380238845,-0.323076368743272,0.517768170984204,0.540304446933258,1.13062275096233,"High"
"05123",15.49617647,0.198460222412318,51,16.14466662,1284.195652,756.835073808625,-0.0128716920997818,-55.9438176951431,-41.8698604371693,0,35.02230225,"Mississippi Valley Loess Plains","Oak / hickory group",-0.175330763084143,-0.881006338660502,-0.964261164436644,-0.151105732359928,0.575531229359624,-0.296506790167373,0.746147031075679,0.907644598763501,1.19626544548151,"High"
"05125",64.56449578,0.0436792234804715,50,15.98860529,1359.056604,778.409527734098,0.14668044069952,-55.622349199464,-40.2317460200983,2,34.6480531,"Ouachita Mountains","White / red / jack pine group",-0.996751428548702,-0.859689285688919,-0.790987685247881,-0.0807530538782836,1.74897881844433,-0.0290528067318089,0.978478350316011,0.870991614732048,1.13062275096233,"High"
"05127",4.440704952,0.0546657381615599,46,15.45224074,1281.207407,727.921993196271,0.184443223384865,-58.839055593481,-44.4712256882154,0,34.86093284,"Ouachita Mountains","White / red / jack pine group",-0.938446143902946,-1.07299385990678,-1.23942363354882,-0.24538912285785,2.02671027537815,-0.35676623939707,0.73687299855919,0.745019592795623,0.868051972885619,"High"
"05129",4.579874369,0.0731230812168574,49,14.28072576,1167.754545,580.72803327824,0.0444959938680269,-58.2783311713061,-42.1848847984774,0,35.90969094,"Ozark Highlands","Oak / hickory group",-0.840493274236651,-1.03581139142037,-0.99758323678045,-0.72537760239598,0.997449580491739,-0.356007676326794,0.384771503776552,0.469874431245684,1.06498005644316,"High"
"05131",92.79997837,0.181920903954802,44,15.88453948,1221.7875,611.022672167804,0.06288217946199,-48.5956284358895,-33.9887724039458,1,35.19555056,"Arkansas Valley","Oak / hickory group",-0.263104702181701,-0.393737004992785,-0.130629808117063,-0.62658905382472,1.13267325177189,0.124848781892238,0.552463035639564,0.84655043848326,0.736766583847261,"High"
"05135",10.99446448,0.0812034940148819,47,14.59465576,1180.826087,575.163827808116,0.117139676221645,-71.2527879448452,-40.3439823705445,0,36.16244624,"Ozark Highlands","Oak / hickory group",-0.797610632933216,-1.89616687270872,-0.802859617226867,-0.743522059715627,1.5317172986633,-0.32104402357858,0.42533909630951,0.543604876045778,0.933694667404798,"High"
"05137",8.010577405,0.0613036103707293,50,14.53374996,1228.806818,682.083972615276,0.0287494844013929,-59.9709668377202,-42.7739688929116,0,35.86178254,"Ozark Highlands","Oak / hickory group",-0.903219045971335,-1.14805257414129,-1.05989429974019,-0.394863475038887,0.881639761807811,-0.33730813238754,0.574247522311701,0.529300375918662,1.13062275096233,"High"
"05139",14.52490237,0.0304093567251462,52,17.19402844,1320.04878,814.414305696089,0.0774984825833023,-42.9298257625057,-35.663659731195,2,33.16934212,"South Central Plains","White / red / jack pine group",-1.0671744317339,-0.0180292223066156,-0.307792985131613,0.0366558305603708,1.24017081609847,-0.301800860367977,0.857417383704009,1.15410054035824,1.26190814000069,"High"
"05141",9.020771914,0.0452029520295203,42,14.63928641,1266.718447,696.855334078363,0.0286345809300919,-61.46102961069,-39.9988497287875,0,35.58098742,"Boston Mountains","Oak / hickory group",-0.988665021771484,-1.24686084770253,-0.766352806105716,-0.346695171575053,0.880794688796187,-0.331801920858878,0.691906442547179,0.554086950636347,0.605481194808903,"High"
"05143",96.86604399,0.114630872483221,48,14.16555001,1206.007143,718.13399799942,0.0602651792569222,-49.4954458868943,-33.6171288610972,1,35.9752254,"Boston Mountains","Oak / hickory group",-0.620211988036958,-0.453405235396832,-0.0913187752512653,-0.277307042145294,1.11342617229139,0.147011461647152,0.50348862291912,0.442823944584058,0.999337361923977,"High"
"05145",29.39417835,0.130604288499025,56,15.80792428,1296.251534,808.065074250192,0.00836256387128431,-72.6570702424771,-47.7084937340033,1,35.25718547,"Arkansas Valley","Oak / hickory group",-0.535441285534764,-1.98928691566172,-1.58184946871315,0.0159514623264508,0.731701416734042,-0.220753717372735,0.783562517986208,0.828556386387417,1.52447891807741,"High"
"05149",8.892866577,0.0698951572641038,52,15.57338368,1252.438849,748.449073139862,0.0922378282058156,-62.1414366693884,-40.3153247587402,0,35.0036424,"Ouachita Mountains","White / red / jack pine group",-0.85762382294507,-1.29197964941239,-0.799828324631658,-0.178451852490447,1.34857331302516,-0.33249908742917,0.647589642494174,0.773471549762434,1.26190814000069,"High"
"06003",0.606078796,0.574987026466009,15,4.846196851,733.0258621,690.064449668013,-0.291159188471291,-48.2908982682164,-45.4110604711962,1,38.59671633,"Sierra Nevada","Hemlock / Sitka spruce group",1.8228918875347,-0.373529895389077,-1.33883576313674,-0.368839737049466,-1.47117153769355,-0.377667424822416,-0.96441102344764,-1.74594442308461,-1.16687155720893,"Low"
"06005",25.34017352,0.341263330598851,19,13.31097698,911.2340426,604.522915512344,-0.431865329574824,-53.6007263250096,-48.2224796442305,1,38.44458573,"Sierra Nevada","Hemlock / Sitka spruce group",0.582523398385894,-0.725632473022819,-1.63621693290916,-0.647784273493784,-2.5060137497688,-0.242850658044382,-0.411341090874726,0.242116622518428,-0.904300779132216,"Moderate"
"06007",52.69425399,0.319042609153077,23,14.62330473,975.8587786,898.973133683222,-0.272263123215744,-51.7399792192589,-50.3089226070203,6,39.66818524,"Central California Foothills and Coastal Mountains","Hemlock / Sitka spruce group",0.464598330560693,-0.602243571301013,-1.85691289133795,0.312395835786621,-1.33219788796365,-0.0937532793732632,-0.210777916491929,0.550333450253928,-0.6417300010555,"High"
"06009",17.34701792,0.280406899601946,23,13.75948077,916.1794872,661.957131285964,-0.420537598883652,-38.5557091170806,-45.3279808334315,1,38.20529319,"Sierra Nevada","Hemlock / Sitka spruce group",0.259559143133304,0.272024943148787,-1.33004791673528,-0.460495597260081,-2.42270243304653,-0.286418510693548,-0.395992880125977,0.347453429867925,-0.6417300010555,"Moderate"
"06011",7.210939841,0.160949868073879,15,15.55612054,562.5084746,458.3135159783,-0.187058172026649,-57.9134103922779,-32.9829159619342,4,39.1770453,"Central California Valley","Aspen / birch group",-0.374397705636046,-1.01161295306161,-0.0242341598915786,-1.12456217535613,-0.70554663111902,-0.341666672781911,-1.49361254350432,0.769417082235131,-1.16687155720893,"High"
"06015",10.62576584,0.0946233044615133,29,10.72167792,1841.485549,1143.38714842295,-0.112039048574883,-67.1038381827288,-67.8732794366732,2,41.74200468,"Klamath Mountains/California High North Coast Range","Douglas-fir group",-0.726391880608624,-1.62104385740785,-3.71480339390041,1.10941163302492,-0.153808412361044,-0.323053668933097,2.47569886698232,-0.366013124285839,-0.247873833940425,"Moderate"
"06017",43.0322569,0.450514247175856,32,10.67081259,1071.039146,1087.94388466106,-0.331991392924681,-47.949306914661,-51.5565123252234,2,38.77922815,"Sierra Nevada","Hemlock / Sitka spruce group",1.16231653330946,-0.350878465851659,-1.98887816117527,0.928615302193681,-1.77147746925459,-0.146417394346051,0.0846148047203457,-0.37795949260299,-0.0509457503828881,"Moderate"
"06019",64.16505069,0.422993492407809,30,12.69569644,451.5636161,736.1315626807,-0.388948048479925,-42.2491973830233,-46.0811382806563,6,36.75794407,"Central California Valley","Hemlock / Sitka spruce group",1.01626426040993,0.0271042555128458,-1.40971403156681,-0.218618331606034,-2.19037284201466,-0.0312300400666076,-1.83793043754121,0.097610178753762,-0.182231139421246,"Moderate"
"06021",8.245277189,0.24331550802139,22,14.74646074,719.9230769,657.100923817154,-0.483140558387503,-33.4224126596488,-43.5318686432078,3,39.5978314,"Central California Foothills and Coastal Mountains","Aspen / birch group",0.0627156302643737,0.612421448475831,-1.14006203725692,-0.476331326121332,-2.8831243065151,-0.336028867211456,-1.00507557939984,0.579258202259485,-0.707372695574679,"High"
"06023",14.72705074,0.0514040002606033,35,11.23879587,1561.719328,1303.73830555404,-0.260241688136315,-56.6951330442031,-56.2938346934446,4,40.69714538,"Coast Range","Aspen / birch group",-0.955756142776609,-0.930827174324168,-2.48997400663406,1.63230474729668,-1.243784629151,-0.30069902138996,1.6074430745124,-0.244561410631163,0.145982333174649,"Moderate"
"06027",0.678889375,0.0324933687002653,17,14.83291781,181.7534069,143.193265874712,-0.42176067157347,-33.736077195801,-35.0454252297315,3,36.51053551,"Mojave Basin and Range","White / red / jack pine group",-1.05611460840124,0.591621887640676,-0.242398503582118,-2.15214571073439,-2.43169768540675,-0.377270560212753,-2.67528770021596,0.599563742434724,-1.03558616817057,"High"
"06029",42.35955638,0.153942428035044,21,15.99165179,253.8323603,248.728774326033,-0.471136874563514,-36.4352330268914,-44.1458225068711,6,35.34422521,"Central California Valley","White / red / jack pine group",-0.411586095035428,0.412636859237319,-1.20500372930829,-1.80800232151487,-2.79484160169465,-0.150084045991414,-2.45159032681248,0.871707123922261,-0.773015390093858,"High"
"06033",19.75017182,0.155470249520154,26,12.87869223,1006.732673,653.975153772202,-0.232424129856769,-76.0694410300754,-63.1711816256879,1,39.09837941,"Central California Foothills and Coastal Mountains","Hemlock / Sitka spruce group",-0.403477967101955,-2.21556628616191,-3.21743346741379,-0.486524228140531,-1.03919666078823,-0.273319772191764,-0.114960638933948,0.140589062559848,-0.444801917497963,"Moderate"
"06035",2.601594524,0.653962264150943,20,7.6309692,469.3206522,453.294640526046,-0.272615692846717,-50.8180226486868,-44.3035451893825,3,40.67242922,"Eastern Cascades Slopes and Foothills","Hemlock / Sitka spruce group",2.24201240453656,-0.541107263026493,-1.22168703156174,-1.14092835232874,-1.33479090866598,-0.366790577235889,-1.78282139186796,-1.09190529347364,-0.838658084613037,"Low"
"06037",955.0283446,0.122147651006711,22,16.21911588,362.3755869,149.605038256809,-0.71917196917668,-13.1710167987491,-28.959724316792,9,34.30781796,"Southern California Mountains","Unknown",-0.58032054619639,1.95532155880643,0.401323668384793,-2.13123740119138,-4.6190490170122,4.82454941199624,-2.11472590875671,0.925129952360921,-0.707372695574679,"High"
"06039",28.17281068,0.480428134556575,24,12.82188836,557.2752294,796.816746150566,-0.426014769526984,-42.1341545628667,-48.1107452603382,4,37.21673257,"Central California Foothills and Coastal Mountains","Hemlock / Sitka spruce group",1.32106912857938,0.0347329156280395,-1.62439809703282,-0.0207284931886539,-2.46298502014618,-0.227410958810274,-1.50985394477883,0.127247952753628,-0.576087306536321,"Moderate"
"06043",4.615351425,0.34301212507977,25,12.56789091,776.1454545,720.872175237432,-0.444645485619848,-45.6464276476748,-49.0152963549957,1,37.57980105,"Sierra Nevada","Hemlock / Sitka spruce group",0.591804227015962,-0.198171124443914,-1.72007805298825,-0.268378051241651,-2.60000712382181,-0.355814303493137,-0.830589164123738,0.0675934279659692,-0.510444612017142,"Moderate"
"06045",9.590831769,0.0316792377927749,36,12.0437837,1295.625442,1110.15698335334,-0.244352951624014,-50.7670041918687,-54.1207382622128,3,39.44179959,"Klamath Mountains/California High North Coast Range","Aspen / birch group",-1.06043519010327,-0.537724153449232,-2.26011217566045,1.00105055343004,-1.12692878255812,-0.328694727028717,0.781619438497641,-0.0554998021051796,0.211625027693828,"Moderate"
"06049",0.865744754,0.596964586846543,16,7.843226674,409.4057143,324.913338077452,-0.255499563697102,-48.6594717148455,-42.3722909815224,2,41.58976064,"Eastern Cascades Slopes and Foothills","Hemlock / Sitka spruce group",1.93952650287928,-0.397970547556604,-1.01740634621609,-1.55957016478994,-1.20890803807883,-0.376252077897836,-1.9687676855313,-1.04205393180013,-1.10122886268975,"Low"
"06051",1.822930745,0.199529826623567,17,5.995647044,390.7933884,294.356572075223,-0.307832477494749,-53.8106367073939,-44.1103219738266,2,37.93878864,"Central Basin and Range","White / red / jack pine group",-0.169654388018398,-0.739551941962126,-1.20124861867036,-1.65921349024419,-1.59379748109789,-0.371034796976427,-2.02653112715141,-1.4759814568009,-1.03558616817057,"Low"
"06053",50.94072977,0.04430037817396,22,13.8218399,568.3003876,565.338942525147,-0.322133948912807,-21.0124556954618,-32.7003718381346,6,36.21968138,"Central California Foothills and Coastal Mountains","Aspen / birch group",-0.993454969001323,1.4353441097518,0.00565227712704781,-0.775560274811104,-1.69897957337988,-0.103311117185616,-1.47563731406541,0.362099262990745,-0.707372695574679,"Moderate"
"06055",71.50136379,0.0105960264900662,18,14.8219223,818.7118644,693.711157280653,-0.469697770156645,-23.5280249190481,-24.9796090043002,7,38.50697634,"Central California Foothills and Coastal Mountains","Aspen / birch group",-1.17232350700208,1.26853298171392,0.822325046909399,-0.356948096636464,-2.78425751505755,0.00875759737272142,-0.698484109309692,0.596981307359696,-0.969943473651395,"High"
"06057",40.07800891,0.40337552742616,26,10.70767231,1170.891892,1032.40814362582,-0.304550490691366,-43.1971935172043,-51.0538106976705,2,39.30283251,"Sierra Nevada","Hemlock / Sitka spruce group",0.912151985896297,-0.035758774864364,-1.93570430525152,0.747517409899916,-1.56965966837005,-0.162519951028097,0.39450827505652,-0.369302519549103,-0.444801917497963,"Moderate"
"06061",107.5099006,0.452074391988555,29,11.1779114,1039.292887,806.814266093635,-0.361912795845584,-51.3380791687475,-52.8606858903233,5,39.06406289,"Sierra Nevada","Hemlock / Sitka spruce group",1.17059620070476,-0.575592982577117,-2.12682865397108,0.0118726706043311,-1.99153844558595,0.205027344185874,-0.0139098605071986,-0.258860901137065,-0.247873833940425,"Moderate"
"06063",2.849797018,0.610353685042482,22,7.853321297,935.1418269,1035.52582381262,-0.24441891950204,-50.0257018941545,-51.3259799912763,0,40.00362197,"Sierra Nevada","Hemlock / Sitka spruce group",2.01058226570531,-0.488567298078548,-1.9644933324037,0.757683931497553,-1.12741395217678,-0.365437713582672,-0.33714316901912,-1.03968308147083,-0.707372695574679,"Low"
"06065",130.5631048,0.169565217391304,17,19.79594638,218.818854,210.145856960481,-0.556663281333798,-16.6145239512714,-40.6106359568629,6,33.74663292,"Mojave Basin and Range","Unknown",-0.32867616346765,1.72697748974526,-0.831065213953232,-1.93381832546469,-3.42385704678374,0.330682173634799,-2.56025490951654,1.76519399128533,-1.03558616817057,"High"
"06071",41.60642969,0.178025851938895,22,18.66247001,177.321562,235.17252974678,-0.375168830288033,-47.6107856616529,-47.8946782224287,5,34.84198575,"Mojave Basin and Range","Aspen / birch group",-0.283775690487793,-0.328430619237217,-1.60154335196347,-1.85220821982392,-2.08903173122496,-0.154189072128535,-2.68904195186221,1.49898268006788,-0.707372695574679,"High"
"06085",575.4906517,0.00346020761245675,22,14.86225454,612.0954774,592.063865683707,0.0870024511604963,-20.2947260190141,-31.2516368241424,10,37.23440219,"Central California Foothills and Coastal Mountains","Aspen / birch group",-1.21019320116048,1.48293782962718,0.15889392721023,-0.688412301892962,1.31006902941582,2.75582422928224,-1.33971904535994,0.606453845807707,-0.707372695574679,"High"
"06087",236.9573314,0.0168471720818291,19,13.88789257,774.7402597,2160.23140026805,-0.154421223674944,-53.6354840776023,-54.6239149346013,7,37.05423752,"Coast Range","Hemlock / Sitka spruce group",-1.13914876199243,-0.727937311173838,-2.31333628001042,4.42526458407003,-0.465513811209527,0.910599320153344,-0.834950192843673,0.377612570859804,-0.904300779132216,"Moderate"
"06089",18.33267418,0.342212356640769,38,11.81507847,1095.585977,824.252451972335,-0.241093594475421,-52.1884113224579,-49.1064520654011,6,40.76408084,"Klamath Mountains/California High North Coast Range","Hemlock / Sitka spruce group",0.58755986673973,-0.631979769486957,-1.72972015547222,0.0687372887617724,-1.10295740266568,-0.281046048446171,0.160796011037351,-0.109214128024995,0.342910416732186,"Moderate"
"06091",1.173899769,0.62328190743338,22,7.947041679,1020.182432,1176.71643887345,-0.204287756710673,-53.6128633151887,-53.9369989005217,0,39.57755923,"Sierra Nevada","Hemlock / Sitka spruce group",2.07919216687465,-0.726437294851524,-2.24067692856637,1.21809595306312,-0.832263925671457,-0.374572434342965,-0.0732192481494105,-1.01767166028873,-0.707372695574679,"Low"
"06093",2.675942607,0.413350098403674,39,8.508449345,857.6959922,1086.52048583101,-0.248333938147107,-49.9340224934868,-49.9626745681877,2,41.59277309,"Eastern Cascades Slopes and Foothills","Hemlock / Sitka spruce group",0.965086899009765,-0.48248790097835,-1.82028809777921,0.923973705211084,-1.15620748260269,-0.366385332237919,-0.577496683966668,-0.885817944720414,0.408553111251365,"Low"
"06097",121.7392204,0.0020891364902507,25,13.88918382,1001.940239,1333.45790168167,-0.340766199060873,-40.3714188740395,-24.745224966358,7,38.52915288,"Central California Foothills and Coastal Mountains","Douglas-fir group",-1.21746945704055,0.151622534855727,0.847117294201364,1.72921812448779,-1.83601295947052,0.282586313304935,-0.129833980560598,0.37791583731044,-0.510444612017142,"Moderate"
"06103",8.40194725,0.320364050056883,28,13.94087803,938.1340426,779.222380809859,-0.264606167391513,-54.1911697919834,-52.3092259166279,3,40.12613901,"Central California Valley","Hemlock / Sitka spruce group",0.471611199543755,-0.764785655469566,-2.06849732663535,-0.0781024008749966,-1.27588377799826,-0.335174914345559,-0.327856813416366,0.390056878615474,-0.313516528459604,"Moderate"
"06105",1.523026023,0.232602177686602,35,9.633825936,1253.876209,1216.06470925431,-0.236181395649523,-50.746110806565,-53.2430384001684,0,40.64748521,"Klamath Mountains/California High North Coast Range","Hemlock / Sitka spruce group",0.0058601312452848,-0.536338682066309,-2.16727244041664,1.34640771587649,-1.06682997667504,-0.372669471113996,0.652050496064715,-0.62150896940094,0.145982333174649,"Low"
"06107",37.13469744,0.45672131147541,29,11.68256653,489.0745856,653.270718150441,-0.39272658000365,-37.0912536986041,-42.5117517732551,3,36.22106787,"Central California Foothills and Coastal Mountains","Hemlock / Sitka spruce group",1.19525733949825,0.369135155035138,-1.03215797549309,-0.488821339946001,-2.21816255957596,-0.178562896623396,-1.7215149659624,-0.140336238933552,-0.247873833940425,"Moderate"
"06109",9.413377224,0.400094846664559,24,8.810245491,877.5242165,891.883973941465,-0.338182131164121,-45.0161813646518,-51.8190981465803,2,38.02653089,"Sierra Nevada","Hemlock / Sitka spruce group",0.894741457517697,-0.156378558202042,-2.01665348527839,0.289278616795137,-1.81700808507445,-0.32966196873592,-0.515959695900951,-0.814937289531252,-0.576087306536321,"Low"
"06111",177.362839,0.0770348837209302,10,14.34211957,452.6416382,161.941064197648,-0.644689835520487,-32.9521159783516,-34.7792280019163,9,34.44304892,"Southern California Mountains","White / red / jack pine group",-0.819733391316679,0.643607519280042,-0.21424117871319,-2.09101054447672,-4.07126016182538,0.585770905254851,-1.83458479084594,0.484293546714969,-1.49508502980483,"High"
"06115",47.36060524,0.140239043824701,18,15.53342245,903.2871287,1041.97325309078,-0.453692639279214,-25.4304611701058,-32.4758403873129,6,39.26426177,"Central California Foothills and Coastal Mountains","Hemlock / Sitka spruce group",-0.484309769484207,1.1423796109048,0.0294023554278912,0.778708515508181,-2.66654563047415,-0.122825104626159,-0.436004375817674,0.764086147721665,-0.969943473651395,"High"
"08003",8.630385032,0.560283687943262,3,5.589130484,248.5943396,95.3955019748469,-0.0742274777611827,-22.6036236180547,-22.6931834044539,0,37.57261059,"Arizona/New Mexico Plateau","Douglas-fir group",1.74486146909022,1.32983140369038,1.06417440398911,-2.30801063910778,0.124281863415178,-0.333929781118617,-2.46784654887387,-1.57145703029628,-1.95458389143908,"Low"
"08007",3.885936092,0.417607223476298,14,4.807005672,615.2585366,300.06522217726,-0.387132012933233,-34.2315488201272,-36.4928136908203,0,37.19496148,"Southern Rockies","Aspen / birch group",0.987679404125075,0.558766429007428,-0.395497720448149,-1.64059800979773,-2.17701656468656,-0.359790087443619,-1.32990247614544,-1.75514896887478,-1.23251425172811,"Low"
"08011",1.448859195,0.739130434782609,2,12.09382153,341.7958333,87.8350801369195,0.264003651994238,-17.3277644144186,-10.4086678039276,1,37.9546477,"Southwestern Tablelands","Aspen / birch group",2.69399873282913,1.67968145626532,2.3635834904788,-2.33266460850078,2.61184813283099,-0.373073728155328,-2.1785952715659,-0.0437477826653956,-2.02022658595826,"Moderate"
"08013",172.5816379,0.48458904109589,9,6.312225087,483.3846154,332.242872041005,-0.115053539821776,-47.2150593112382,-38.2150334009139,7,40.09200387,"Southern Rockies","Douglas-fir group",1.34315100324131,-0.302189417727811,-0.577667535929632,-1.53566910346346,-0.175978893093088,0.559710275957102,-1.73917381543848,-1.40162908549414,-1.56072772432401,"Low"
"08015",7.611110057,0.446750409612234,15,1.827422735,451.2980132,333.309401885124,-0.219579467250773,-34.9737441388092,-28.4041444496954,1,38.74719876,"Southern Rockies","Douglas-fir group",1.14234189832489,0.509550356091226,0.460090782290784,-1.5321912295171,-0.944728864569097,-0.339485487042793,-1.83875473739985,-2.45494183755181,-1.16687155720893,"Low"
"08019",9.316539047,0.624155405405405,10,1.526954556,586.0545455,493.071705302159,-0.151542331287216,-36.1258465480234,-32.533357896189,0,39.68811224,"Southern Rockies","Douglas-fir group",2.08382780878428,0.433152735745803,0.023318373275379,-1.01121832310602,-0.444340610498614,-0.330189799249609,-1.42053720089949,-2.52551060283688,-1.49508502980483,"Low"
"08021",2.438202297,0.545641729581332,13,3.677807381,499.8442211,517.622073741526,-0.205951354878425,-45.5136918539175,-39.800998556602,0,37.20185192,"Arizona/New Mexico Plateau","Aspen / birch group",1.66715679432807,-0.189369216994875,-0.74542486565852,-0.931161410268871,-0.84449908182327,-0.367681170241479,-1.68809135115915,-2.02035551894306,-1.29815694624729,"Low"
"08023",1.198319597,0.328700486448923,15,4.559085144,393.5923913,377.898379655199,-0.165905592460825,-32.551893821314,-27.6353283225211,0,37.27708138,"Arizona/New Mexico Plateau","White / red / jack pine group",0.515852554593852,0.670146844397884,0.541413212411456,-1.38678991239827,-0.549977143836383,-0.374439330532497,-2.01784440838895,-1.81337625140437,-1.16687155720893,"Low"
"08027",2.582810985,0.541694915254237,15,3.997376526,429.3148148,345.724687891212,-0.220556673163574,-34.6310442301024,-33.7513056441639,0,38.10908543,"Southern Rockies","Douglas-fir group",1.64621110413741,0.532275295565704,-0.105511482296658,-1.49170591166566,-0.95191585669698,-0.366892959636574,-1.90697969779568,-1.94530064936948,-1.16687155720893,"Low"
"08029",10.39792221,0.203733333333333,10,7.556564607,319.2921348,244.611655857632,-0.219890987321632,-31.7997101593851,-28.3172952672616,0,38.86279099,"Colorado Plateaus","Aspen / birch group",-0.147346434828737,0.720025259176366,0.469277356713291,-1.82142793649817,-0.94701998076847,-0.324295563648482,-2.24843560648833,-1.10938015645921,-1.49508502980483,"Low"
"08035",158.2005145,0.171117705242334,8,7.565180158,430.6102941,271.560175233486,-0.358604886918224,-23.8984282563711,-25.4554194966922,4,39.33126142,"Southwestern Tablelands","Douglas-fir group",-0.320437131464243,1.24397098677913,0.771995632436206,-1.73355083306116,-1.96720998511588,0.481323879322878,-1.90295917164985,-1.10735668496102,-1.62637041884319,"Low"
"08037",12.59754585,0.385517593064763,11,2.601097585,446.3764259,476.124435469681,-0.13395087284176,-38.6233339053152,-31.5717848001774,0,39.62762204,"Southern Rockies","Aspen / birch group",0.817380170052027,0.267540643093369,0.125029898492374,-1.06648210080277,-0.314961866766807,-0.312306196316368,-1.85402890690501,-2.27323447979324,-1.42944233528565,"Low"
"08041",129.0082542,0.428111587982833,13,8.176058642,388.2961877,225.676816602675,-0.293381740266345,-25.1613337098263,-29.1928807696065,5,38.83235236,"Southwestern Tablelands","Douglas-fir group",1.0434259243232,1.16022585215082,0.376661270353577,-1.88317302922716,-1.48751759336679,0.322207235172164,-2.03428120135617,-0.963884119917451,-1.29815694624729,"Low"
"08043",12.01322428,0.169324737020699,16,6.400192495,354.8081633,150.401444061616,-0.16843715486236,-30.1627403746052,-25.1777157798877,1,38.47412962,"Southern Rockies","White / red / jack pine group",-0.329952389538141,0.828575154684217,0.80137006971172,-2.1286403815069,-0.5685958595162,-0.31549112569038,-2.1382114437555,-1.38096882327087,-1.10122886268975,"Low"
"08045",7.808030504,0.321653971708379,14,5.126432683,414.1965066,229.538568887204,-0.225919868446741,-33.82646225286,-31.5229572340627,3,39.60046932,"Colorado Plateaus","Aspen / birch group",0.478456796281605,0.585628320385833,0.130194691728332,-1.8705801442444,-0.991360196703009,-0.338412143616511,-1.95389943892838,-1.68012748127502,-1.23251425172811,"Low"
"08047",15.71971147,0.24,7,3.033920639,530.047619,467.087332367834,-0.184068187390796,-29.565364593001,-24.7926301133654,0,39.85637636,"Southern Rockies","Douglas-fir group",0.0451202740896637,0.868188029200881,0.842102959019506,-1.09595141720475,-0.683556387549193,-0.295288380264038,-1.59435496266588,-2.17158049230828,-1.69201311336236,"Low"
"08049",3.248676246,0.323934837092732,10,2.001584753,528.668942,760.718522600642,-0.137657829614359,-43.2726428530326,-36.2347863534339,0,40.10543566,"Southern Rockies","Douglas-fir group",0.490561317991503,-0.0407619322814694,-0.368204575348617,-0.138442096691165,-0.34222517820821,-0.363263564560686,-1.59863369326787,-2.41403767721536,-1.49508502980483,"Low"
"08051",2.040567188,0.42004200420042,13,1.476700862,452.9282869,641.05409636238,-0.225705861969552,-39.4185015274145,-34.2741821306032,1,38.66582837,"Southern Rockies","Aspen / birch group",1.00060075245898,0.214811898132624,-0.160819357648448,-0.528658828660954,-0.989786257324701,-0.369848538012606,-1.83369517524729,-2.53731332067674,-1.29815694624729,"Low"
"08055",1.642659629,0.265469061876248,18,7.542181214,374.1452282,128.258835728188,-0.229774513620594,-35.8059909675153,-30.4219383340761,0,37.68493612,"Southwestern Tablelands","White / red / jack pine group",0.18028424059409,0.454362833919011,0.24665626087463,-2.20084576896226,-1.01970970232651,-0.372017390811932,-2.07819877121491,-1.11275827885473,-0.969943473651395,"Low"
"08057",0.314867922,0.344317417619368,7,2.173302196,684.0583658,718.610292407243,-0.132173771622532,-45.0119121526623,-37.2989985768391,0,40.66573087,"Southern Rockies","Douglas-fir group",0.598731396848834,-0.156095460419987,-0.480772874988114,-0.275753881752362,-0.301891937179055,-0.379254711881893,-1.1163818802339,-2.37370765634343,-1.69201311336236,"Low"
"08059",292.3597801,0.346711259754738,12,6.728696973,454.3409091,350.140821259156,-0.297760438467848,-33.3436755704903,-32.6269094641605,5,39.58612451,"Southern Rockies","Douglas-fir group",0.611435484646578,0.617642621694918,0.0134228461393875,-1.47730523148899,-1.51972131736431,1.21257839352013,-1.82931109555626,-1.30381537733782,-1.36379964076647,"Low"
"08067",12.82786228,0.26984126984127,17,6.194096,568.184,264.850559626432,-0.322633492734348,-37.6600856880107,-39.9897623279266,2,37.28623927,"Colorado Plateaus","Aspen / birch group",0.203487489061036,0.331415061734875,-0.765391575591204,-1.75543038705446,-1.70265353550589,-0.311050823246323,-1.47599852353348,-1.42937320083303,-1.03558616817057,"Low"
"08069",52.13777551,0.326163472819711,11,5.012113626,466.1662708,463.402418332289,-0.194905410700041,-39.3564166623143,-32.518592895737,6,40.66626887,"Southern Rockies","Douglas-fir group",0.502388657616952,0.218928837664377,0.0248801585645387,-1.10796764590146,-0.763260201854217,-0.096786445951313,-1.79261102948904,-1.70697676271272,-1.42944233528565,"Low"
"08077",17.7422369,0.134305150631681,12,8.101270954,343.6410749,153.212683170948,-0.263837396120745,-30.8453276281999,-26.1933086091934,3,39.01810028,"Colorado Plateaus","White / red / jack pine group",-0.515800860309589,0.78331178101562,0.693944543668425,-2.11947314131268,-1.27022974643871,-0.284264312383584,-2.17286855551712,-0.981448957625891,-1.36379964076647,"Low"
"08079",0.376067625,0.648351648351648,11,0.474394741,778.7368421,598.168267761005,-0.198924127766216,-35.1032239136545,-34.5369805559884,0,37.66935087,"Southern Rockies","Aspen / birch group",2.21223694246222,0.500964360087807,-0.188617170192728,-0.668506303894109,-0.792816396245228,-0.378921134034056,-0.822546780428551,-2.77271763414531,-1.42944233528565,"Low"
"08081",1.070415965,0.0525808007718283,13,6.077888672,339.7812912,89.2478932504571,-0.0830400758319247,-35.8148701917033,-26.1054983173496,1,40.61918818,"Wyoming Basin","White / red / jack pine group",-0.949510878398421,0.453774039387334,0.703232780569215,-2.32805753074693,0.0594684273410103,-0.375136487809439,-2.18484741251861,-1.45666596668042,-1.29815694624729,"Low"
"08083",4.997345868,0.18848167539267,14,8.769801664,407.2866667,162.642098115129,-0.300452197550441,-32.933399534129,-30.3801620407771,1,37.33862022,"Colorado Plateaus","White / red / jack pine group",-0.228286776999377,0.644848634469541,0.251075197434917,-2.08872452537415,-1.53951822104994,-0.353732187438068,-1.97534415979843,-0.82443603560244,-1.23251425172811,"Low"
"08085",7.284601726,0.082370820668693,12,8.009539162,355.0271084,118.791995451836,-0.221639020422392,-33.8841018348698,-25.932545842332,1,38.40317489,"Southern Rockies","White / red / jack pine group",-0.79141564618804,0.581806154172104,0.721527032038042,-2.23171642610612,-0.959876124974999,-0.341265168005557,-2.13753194660024,-1.00299333320793,-1.36379964076647,"Low"
"08093",3.229090873,0.39219512195122,10,2.271024921,415.6070381,391.682704562456,-0.202700013830329,-32.9472536259868,-30.9547216672458,0,39.12020631,"Southern Rockies","Douglas-fir group",0.852817725433017,0.643929949080536,0.190300477157663,-1.34184026122115,-0.820586657418518,-0.363370317473759,-1.94952184773471,-2.35075623411131,-1.49508502980483,"Low"
"08097",7.151650659,0.514724711907811,9,1.027543012,486.1741935,586.529223887906,-0.266984765495299,-40.5032908448193,-31.6747976603321,0,39.21730962,"Southern Rockies","Douglas-fir group",1.50308060017748,0.142877908790142,0.114133592047489,-0.706460354284746,-1.29337749720664,-0.341989837058241,-1.73051634658747,-2.64280374231836,-1.56072772432401,"Low"
"08101",27.0838745,0.152838427947598,10,10.98128016,313.6461126,71.8270476747489,-0.21408585516323,-25.9694436587741,-24.9387138801912,4,38.17341454,"Southwestern Tablelands","White / red / jack pine group",-0.417445008550401,1.1066388822918,0.826650776762197,-2.38486560347498,-0.904325356659849,-0.233346363224844,-2.26595806313817,-0.305042243432462,-1.49508502980483,"Moderate"
"08107",4.138385709,0.324011571841851,12,3.195533853,521.546875,649.422212292501,-0.154918246480338,-45.6532240232543,-38.845818057547,0,40.48496382,"Southern Rockies","Aspen / birch group",0.490968548266024,-0.198621802193648,-0.644389524903476,-0.50137102932371,-0.469169232183706,-0.358414074231166,-1.62073706194835,-2.13362357785667,-1.36379964076647,"Low"
"08109",0.820076876,0.342222222222222,15,2.761026065,431.9218107,481.946835885916,-0.168841996665273,-31.1811778949683,-28.6335685370404,0,38.08103645,"Southern Rockies","Aspen / birch group",0.587612223246913,0.761041051462175,0.435823179607051,-1.04749568910077,-0.571573322927401,-0.376500997283254,-1.89888887366748,-2.23567324650365,-1.16687155720893,"Low"
"08113",2.433533483,0.241228070175439,12,6.46131697,473.0373832,173.997644672087,-0.181768216859064,-36.9219096535732,-27.2027681065615,1,38.003367,"Colorado Plateaus","White / red / jack pine group",0.0516376258816008,0.380364609948658,0.587167778024753,-2.05169493849956,-0.666640945379443,-0.367706618288606,-1.77128649959873,-1.36661296454465,-1.36379964076647,"Low"
"08117",19.50730969,0.416028285209193,6,0.665254382,540.1578947,642.266229714175,-0.25503230917742,-38.9248877097364,-30.4134467663691,0,39.63783301,"Southern Rockies","Douglas-fir group",0.97930000012172,0.247544162850261,0.24755446643648,-0.524706152580702,-1.2054715519599,-0.274643527417285,-1.56297767412613,-2.72789182512637,-1.75765580788154,"Low"
"10001",118.0084662,0.0338718082334549,41,12.88892682,1132.530612,923.867469490211,-0.119530402419233,-44.183068068555,-33.4667141675537,3,39.08628989,"Middle Atlantic Coastal Plain","Oak / gum / cypress group",-1.04879924846385,-0.101133579291409,-0.0754084841264271,0.393574400448937,-0.208904580324468,0.262251297024775,0.275453860811992,0.142992785915521,0.539838500289723,"Moderate"
"10003",505.617178,0.0256410256410256,37,12.47058548,1150.935897,1083.88168299535,-0.309034878984901,-35.8627945440743,-27.8473291607663,10,39.57964166,"Middle Atlantic Coastal Plain","Oak / hickory group",-1.09247990023006,0.450596104467263,0.518988574394191,0.915368766791092,-1.60264070434396,2.37496873758545,0.332574750017946,0.0447400127607826,0.277267722213007,"Moderate"
"10005",94.96239262,0.0104571984435798,49,13.21159335,1118.063291,732.521599300478,-0.233122100427782,-41.5904719029316,-27.7907533897894,5,38.66136974,"Middle Atlantic Coastal Plain","White / red / jack pine group",-1.17306026556493,0.0707853195722703,0.524972943112759,-0.230390151828997,-1.04432997909265,0.136635334053246,0.230554461539012,0.218775115667385,1.06498005644316,"Moderate"
"12001",118.2181724,0.0159033078880407,44,20.42656639,1336.759398,905.974547846115,-0.140317886299842,-19.5322118069169,-17.9731569572798,0,29.67674485,"Southern Coastal Plain","White / red / jack pine group",-1.14415783648814,1.5335012785167,1.56344075305597,0.335226923016934,-0.361788922356558,0.263394331050188,0.909278865845743,1.91330310426319,0.736766583847261,"High"
"12007",36.41237098,0.00693240901213172,30,20.17193018,1322.860465,859.280476942738,-0.0494098906995846,-41.8576146608864,-50.0283099992877,0,29.95076209,"Southern Coastal Plain","White / red / jack pine group",-1.19176627534897,0.0530706868824729,-1.82723076270312,0.182961054846537,0.306806140548875,-0.182500041644553,0.866143461423916,1.85349855858259,-0.182231139421246,"High"
"12009",225.9622052,0.0264615384615385,35,22.22620273,1229.796791,424.171591476349,-0.18536466733978,-51.8230704156367,-31.1543106637475,0,28.29529767,"Southern Coastal Plain","Oak / hickory group",-1.08812544980204,-0.607753471830817,0.16918871629942,-1.23589643417574,-0.693091523455809,0.850668791822258,0.577319908207919,2.33597053912641,0.145982333174649,"High"
"12013",9.748232387,0.0132472826086957,49,19.37455896,1535.304878,882.358036852459,-0.350035624552935,-45.7245141887501,-44.3800132924357,0,30.40662742,"Southeastern Plains","White / red / jack pine group",-1.15825332668078,-0.203349158854264,-1.22977553510271,0.258215249371133,-1.90418619416831,-0.327836792156047,1.52546570377969,1.66622580758271,1.06498005644316,"High"
"12017",98.15669017,0.0319783197831978,39,21.3153961,1353.631579,694.575623202654,-0.0578297715714045,-42.8619660215943,-29.236804959338,0,28.84770242,"Southern Coastal Plain","White / red / jack pine group",-1.05884796602992,-0.0135293421905554,0.372015137521822,-0.354129138007014,0.244880995857479,0.154046315640542,0.9616417595235,2.12205604240175,0.408553111251365,"High"
"12019",137.4858319,0.0557251908396947,33,20.39182587,1295.244444,862.514440636934,0.0170905144706996,-40.1883433828649,-27.5624820607416,1,29.98255887,"Southern Coastal Plain","White / red / jack pine group",-0.932823642885977,0.163762542338958,0.549118611431751,0.193506768253005,0.795892301611885,0.368415500660634,0.780437009399385,1.90514385222552,0.0146969441362909,"High"
"12021",73.34481677,0.0325052854122622,36,23.50742798,1307.047782,440.919678192517,0.0913882938572368,-30.1938835687625,-24.1119922631855,0,26.1108825,"Southern Florida Coastal Plain","Oak / gum / cypress group",-1.05605136657204,0.826510003266648,0.914098228177265,-1.18128217770392,1.34232529856309,0.0188056049203669,0.817068724809303,2.63688254999384,0.211625027693828,"High"
"12023",34.32239631,0.0047554347826087,43,19.99715287,1361.513761,925.978360057319,-0.199309507053973,-25.7157674283946,-20.2767519123119,0,30.22459723,"Southeastern Plains","White / red / jack pine group",-1.20331944810696,1.12346052955526,1.31977528723717,0.400457856497961,-0.79565071997483,-0.193891751379698,0.986104148708083,1.81244988911085,0.671123889328082,"High"
"12027",22.66238905,0.0490367775831874,19,22.5833441,1265.168831,413.926464063117,0.0969184922375375,-31.5626711178343,-24.2403863618677,0,27.18688823,"Southern Coastal Plain","Aspen / birch group",-0.968318961471441,0.735743669760884,0.90051719137414,-1.26930502738493,1.38299788527609,-0.25744631025653,0.687097201948744,2.41984972259602,-0.904300779132216,"High"
"12029",9.167430977,0.0782452539763982,49,20.28084794,1477.574074,794.058058628551,-0.0453773587107402,-41.8450111576888,-30.0139876495684,0,29.60622813,"Southern Coastal Plain","White / red / jack pine group",-0.813309972760356,0.053906443881687,0.289807724353279,-0.0297243665923602,0.336463938644051,-0.331002534387977,1.34629788002392,1.87907927686829,1.06498005644316,"High"
"12031",480.2702234,0.0399393326592518,41,20.49444283,1303.782258,848.814147753465,-0.148897490632734,-53.0824248356724,-48.9187139577875,0,30.33040157,"Southern Coastal Plain","White / red / jack pine group",-1.0165989784956,-0.691263132163738,-1.70986193632493,0.148831139212076,-0.42488877469383,2.23681148926191,0.806934155602503,1.92924474766346,0.539838500289723,"High"
"12033",186.1132586,0.0009685230024213,37,19.35659039,1656.378378,842.7621326584,0.543550991067392,2.24649014144524,-0.0437616927052433,0,30.67614731,"Southeastern Plains","White / red / jack pine group",-1.2234165376464,2.97767932185743,3.45994362542444,0.129095971238881,4.66781658223471,0.633466335048707,1.90121788470366,1.66200566086681,0.277267722213007,"High"
"12035",89.61963628,0.00301204819277108,29,20.94127253,1287.736842,680.653806467147,-0.124006567794768,-4.00410110569968,-24.9399858177059,0,29.46010292,"Southern Coastal Plain","White / red / jack pine group",-1.21257157713229,2.56319334108467,0.826516236075548,-0.399527139738918,-0.241825139743584,0.107513866561545,0.757137131019648,2.03418837372944,-0.247873833940425,"High"
"12037",8.440672147,0.0337734111145226,35,20.2192444,1523.17757,917.63185489253,0.00962131698408708,-44.4230113701778,-33.4462244301039,0,29.83770581,"Southern Coastal Plain","White / red / jack pine group",-1.04932144064164,-0.117044575670896,-0.0732411580479843,0.373240528247976,0.740959085557118,-0.334963838683983,1.48782854593973,1.86461090364668,0.145982333174649,"High"
"12039",34.23569548,0.00203045685279188,51,19.22773601,1492.506494,903.591657790352,-0.0551156738393974,5.52237032524481,-24.4000586793262,0,30.57801444,"Southeastern Plains","White / red / jack pine group",-1.21778086908197,3.19490779788302,0.883627664191029,0.327456497006185,0.264842192140391,-0.194364326814862,1.39264071624715,1.63174257434485,1.19626544548151,"High"
"12041",20.1445156,0.00614035087719298,25,20.41431936,1423,910.30895903016,-0.32710020613874,-44.216543386987,-44.4045238973059,0,29.7268915,"Southern Coastal Plain","White / red / jack pine group",-1.19596971714595,-0.103353377330243,-1.23236817316182,0.349361113272305,-1.73550457913381,-0.2711703442862,1.17692698278046,1.91042673383226,-0.510444612017142,"High"
"12043",6.592940631,0.0228813559322034,17,22.83499889,1216.381944,398.571194102621,0.247090793586479,-47.4087853470849,-35.2484796314269,0,26.95584581,"Southern Coastal Plain","Aspen / birch group",-1.10712543000649,-0.31503567863246,-0.263876821750678,-1.31937741272833,2.48746024421479,-0.345035167011972,0.535686866980802,2.47895404395038,-1.03558616817057,"High"
"12045",10.5152834,0.0327272727272727,41,20.01338683,1600.875,926.650338628922,0.0982156933754441,-73.0071773877246,-51.1967692558403,0,29.93682393,"Southern Coastal Plain","White / red / jack pine group",-1.05487328289717,-2.01250303998271,-1.95082591488742,0.402649128293662,1.3925383252635,-0.323655869479054,1.72896288809294,1.81626264065313,0.539838500289723,"High"
"12047",10.80840804,0.00146056475170399,38,19.75433556,1344.094595,804.592661844483,-0.132786118484892,-27.4625029628979,-36.8805794255037,0,30.49790068,"Southeastern Plains","White / red / jack pine group",-1.22080527874562,1.00763190430322,-0.436514097117928,0.00462818552980959,-0.306395524418617,-0.322058151160727,0.932043684491086,1.75542116209699,0.342910416732186,"High"
"12049",16.3671343,0.0536480686695279,26,22.44578979,1261.159091,673.976866048436,0.118381108122825,-29.5889544801858,-27.3038011259128,1,27.49308125,"Southern Coastal Plain","Oak / hickory group",-0.943846902117047,0.866623748776917,0.576480891569503,-0.421300142390171,1.54084757630919,-0.291759508330262,0.674652954859678,2.3875433470968,-0.444801917497963,"High"
"12051",13.85218271,0.00202839756592292,19,23.14275909,1286.313253,474.426574037205,0.506911905543146,-28.7326703361969,-36.8979769888042,0,26.55384272,"Southern Coastal Plain","Oak / gum / cypress group",-1.2177917976895,0.923405220994207,-0.438354344838765,-1.07201869977663,4.39834950698868,-0.305467616338682,0.752719015812857,2.55123543291533,-0.904300779132216,"High"
"12053",155.6765435,0.0263543191800878,35,21.61347208,1326.915663,766.214691365526,-0.106054228072023,-24.5056049262366,-23.6707555376836,0,28.55370749,"Southern Coastal Plain","Oak / hickory group",-1.08869446107686,1.20370820081844,0.960770561792565,-0.120519501971852,-0.10979224619033,0.467566609713518,0.878728787631373,2.19206296939064,0.145982333174649,"High"
"12055",39.67558783,0.0407470288624788,18,22.51975364,1212.798742,543.846223234007,-0.149177403267293,-4.1735159514084,-18.3178966282109,1,27.34273263,"Southern Coastal Plain","Oak / gum / cypress group",-1.01231254568197,2.55195919127314,1.52697550888613,-0.845646422771517,-0.426947429757945,-0.164713405427554,0.524566382595771,2.40491469599505,-0.969943473651395,"High"
"12057",548.3691022,0.0366581415174766,39,22.42224877,1280.728395,743.075314296249,-0.0284126997634859,-31.3743740107121,-19.3359084241697,1,27.9311207,"Southern Coastal Plain","Oak / gum / cypress group",-1.03401221545488,0.748229930345892,1.41929411379996,-0.195975277624106,0.461232801284958,2.60799429435228,0.735386382547521,2.38201443977464,0.408553111251365,"High"
"12059",15.74704222,0.0170015455950541,42,18.88384978,1473.84507,921.53576651952,-0.0777138290818344,-32.0166484478374,-28.5849056861913,0,30.86698956,"Southeastern Plains","Oak / gum / cypress group",-1.1383295038481,0.705639759357068,0.440970549892055,0.385970891689069,0.0986410243982091,-0.295139410051474,1.33472489844105,1.55097652873427,0.605481194808903,"High"
"12063",19.93573223,0.0181767337807606,62,19.15455775,1432.110236,828.147691271692,-0.181819626503866,-50.7504252464049,-33.4535647228301,1,30.79544392,"Southeastern Plains","Oak / hickory group",-1.1320927960596,-0.536624778974237,-0.0740175861446295,0.0814393723919478,-0.667019044516635,-0.272308348292998,1.20520064337285,1.61455573122856,1.91833508519248,"High"
"12065",9.21744897,0.0135472370766488,47,19.45872292,1448.255556,1021.98168935508,-0.189596551872412,-69.4710077568927,-29.1070212284341,0,30.43816078,"Southeastern Plains","Oak / gum / cypress group",-1.15666147238099,-1.77801438448414,0.385743164307659,0.71351752338845,-0.724215486608019,-0.330729904070505,1.25530772049307,1.68599278177102,0.933694667404798,"High"
"12067",6.094127976,0.0138494318181818,38,20.05680855,1427.554054,835.990493438317,-0.0833847117690381,-20.4698735070918,-23.1715022054258,0,29.98479533,"Southern Coastal Plain","White / red / jack pine group",-1.15505772897965,1.47132353979357,1.01357967022564,0.107014162888603,0.0569337560556921,-0.347754017656213,1.19106051094761,1.82646078268984,0.342910416732186,"High"
"12069",144.4974386,0.0410720501218239,39,21.5494989,1271.987261,762.073393487424,-0.167286663602898,-33.8421041803766,-34.3538764581506,0,28.75664536,"Southern Coastal Plain","Oak / gum / cypress group",-1.01058766225969,0.584591080961345,-0.169249118879924,-0.134023964199321,-0.560134417033467,0.406633278823179,0.708258231761027,2.17703805614031,0.408553111251365,"High"
"12073",168.5876194,0.00593564511090284,48,19.49445927,1522.329787,991.376048593327,0.0208555919188842,-53.4126769767387,-32.4580857953414,0,30.46199167,"Southeastern Plains","White / red / jack pine group",-1.19705608787576,-0.713162641694888,0.0312803682763342,0.613714821003755,0.823583069367694,0.537940299467961,1.48519744738224,1.69438591712295,0.999337361923977,"High"
"12075",14.14931249,0.0469637396242901,53,20.73274583,1446.035503,830.38092834596,-0.0823368185349767,-38.9990905939531,-29.1422631181403,0,29.31736371,"Southern Coastal Plain","White / red / jack pine group",-0.979320545848607,0.242623659489115,0.382015411973058,0.088721791237959,0.0646406275813413,-0.303848067424518,1.24841777548845,1.98521323167963,1.32755083451987,"High"
"12077",3.850563046,0.0131836807411366,51,19.58285674,1546.404959,962.057706095072,-0.187038246700325,-61.4940693553715,-36.4698109985039,0,30.2375643,"Southern Coastal Plain","White / red / jack pine group",-1.15859086093069,-1.24905176219963,-0.393064583612996,0.518109901847071,-0.705400087630528,-0.359982893355702,1.55991485775791,1.71514718486514,1.19626544548151,"High"
"12081",204.7294169,0.0133111480865225,17,22.60480941,1298.593496,591.643511602432,0.0208646005123707,-17.0222555441165,-17.1555615099435,0,27.47476987,"Southern Coastal Plain","White / red / jack pine group",-1.15791439345474,1.69994020279586,1.64992287314021,-0.689783045070544,0.823649324278376,0.734936402978817,0.79083080814996,2.42489112308044,-1.03558616817057,"High"
"12083",87.55725097,0.0148546144121365,57,20.89009179,1310.805085,782.125458395667,-0.296045363355266,-35.851020296387,-29.2562042348569,1,29.21043668,"Southern Coastal Plain","White / red / jack pine group",-1.14972323856456,0.451376872303067,0.369963156336704,-0.0686356822870248,-1.50710756710821,0.0962725366302364,0.828729532472765,2.0221679273707,1.59012161259659,"High"
"12089",51.04651359,0.0314865273993339,38,20.0319468,1314.774194,991.015840186605,0.034947255067646,-29.865599621937,-23.0146526119368,0,30.61011393,"Southern Coastal Plain","White / red / jack pine group",-1.06145790155179,0.848278998917111,1.03017062046084,0.612540208366418,0.927222098555154,-0.102734527148707,0.841047681060813,1.82062168516489,0.342910416732186,"High"
"12091",86.09938604,0.00389321468298109,45,19.09227307,1611.513514,706.576580567425,0.244515559716205,-75.2343728009451,-40.8015254496192,1,30.69128561,"Southeastern Plains","White / red / jack pine group",-1.20789523850049,-2.16019167274093,-0.851256774570593,-0.314994914824716,2.4685203408529,0.0883262326132564,1.76197956669966,1.59992738363313,0.80240927836644,"High"
"12093",20.88773308,0.080091533180778,15,22.63781494,1206.728814,675.090714670083,0.036813191982034,-14.5174763201886,-23.6368953715795,0,27.38570425,"Southern Coastal Plain","Oak / hickory group",-0.803511794022908,1.86603582994524,0.964352160687993,-0.417667965454122,0.940945382193907,-0.267119329733834,0.505728332287062,2.43264289069666,-1.16687155720893,"High"
"12095",588.0344779,0.0081537565521258,34,22.01940723,1244.880795,594.300824246649,-0.115858529552574,-31.7233458466143,-21.3529625592118,2,28.51271493,"Southern Coastal Plain","White / red / jack pine group",-1.18528460049231,0.725089090072252,1.20593784024018,-0.681117747551098,-0.181899298181193,2.82419617133956,0.624133186093384,2.28740199136845,0.08033963865547,"High"
"12097",105.7682402,0.0628140703517588,29,22.27175253,1220.362745,765.397814285196,-0.104198378778276,-35.3139193064522,-33.4629815751202,0,28.0629872,"Southern Coastal Plain","Oak / gum / cypress group",-0.895203055304928,0.48699283594312,-0.0750136647715608,-0.12318327695267,-0.0961431533123848,0.195534171843265,0.548041301746249,2.34666848776004,-0.247873833940425,"High"
"12101",279.1930895,0.0508280982295831,33,22.00871234,1311.046296,979.193114513854,-0.0624476271542087,-29.0399063486771,-25.6342009720337,0,28.30817499,"Southern Coastal Plain","Oak / gum / cypress group",-0.958812447057029,0.903031945102949,0.753084811602145,0.573987185383543,0.21091835677951,1.14081143880979,0.829478131954178,2.28489016071579,0.0146969441362909,"High"
"12103",1369.720208,0.0223214285714286,13,22.62805689,1285.758621,734.074283235011,0.153430102532538,-49.3544287546121,-40.3474767481595,0,27.93108516,"Southern Coastal Plain","Aspen / birch group",-1.11009695692823,-0.444054180101632,-0.803229239129123,-0.225326965803193,1.79862011289857,7.08488749416983,0.750997712772884,2.43035108880809,-1.29815694624729,"High"
"12105",151.5693188,0.0188986640599544,37,22.32785131,1251.471042,672.63232416559,-0.175129630377264,-39.8785708938556,-20.6421945241472,0,27.9458752,"Southern Coastal Plain","Oak / gum / cypress group",-1.12826152184347,0.184304015752706,1.28112016514274,-0.425684592773746,-0.617816569513547,0.445179586429921,0.644586048883983,2.35984399823098,0.277267722213007,"High"
"12107",39.11255788,0.039311241065627,35,20.64627321,1281.666667,792.437447222442,-0.137357628280011,-37.0069397403017,-20.7747227628727,1,29.60774662,"Southern Coastal Plain","White / red / jack pine group",-1.01993225207807,0.374726138722603,1.26710183481403,-0.0350090590157014,-0.340017307176654,-0.167782281742018,0.738298314145269,1.96490403938954,0.145982333174649,"High"
"12109",164.180945,0.0105906313645621,41,20.71123695,1261.386139,809.140244517752,0.147687023411073,-50.2014559870062,-34.0510088427484,0,29.90081827,"Southern Coastal Plain","White / red / jack pine group",-1.17235213886007,-0.500221812774855,-0.137212940632878,0.0194575120465488,1.75638186618404,0.51392108221013,0.675357599403483,1.98016159822774,0.539838500289723,"High"
"12113",68.48959297,0.0117702448210923,47,19.22457738,1631.251572,848.356038253295,0.261068777253848,-58.5716535478168,-34.8392945291451,0,30.69304298,"Southeastern Plains","White / red / jack pine group",-1.16609194621924,-1.05526203346422,-0.220594786280072,0.147337278441083,2.5902632023888,-0.00765849582816862,1.82323672322609,1.63100073000102,0.933694667404798,"High"
"12117",582.4318269,0.0283842794759825,27,21.83021388,1250.826087,522.375306061715,0.0160740903588072,-30.3877025461657,-18.6391577955259,1,28.71679375,"Southern Coastal Plain","Aspen / birch group",-1.07792148927394,0.813657579269473,1.49299373105132,-0.915661475655185,0.788416873971642,2.7936581103499,0.642584427985539,2.24296753193889,-0.379159222978783,"High"
"12119",90.04913851,0.075160403299725,29,21.47625326,1288.893333,1151.27750981987,-0.190207749434959,-35.072631356827,-27.5750689390572,0,28.70206461,"Southern Coastal Plain","Oak / gum / cypress group",-0.829681233529951,0.502992997926953,0.54778721957344,1.13514151060973,-0.728710621167752,0.109854930692603,0.760726306317867,2.15983538797586,-0.247873833940425,"High"
"12121",24.83416659,0.00814848347668628,42,20.12504983,1376.659794,894.105420713864,-0.270361395447316,-24.6309778886617,-18.1401806915824,0,30.19738957,"Southeastern Plains","White / red / jack pine group",-1.18531258463226,1.19539453364065,1.54577362110956,0.296522588349761,-1.31821137568202,-0.24560872212682,1.03310993388896,1.84248811339454,0.605481194808903,"High"
"12123",8.033752766,0.0457740722576426,55,19.98063361,1471.948387,703.340201029871,-0.0549095406566615,-49.0896271524336,-34.0493655845239,0,30.04869906,"Southern Coastal Plain","White / red / jack pine group",-0.985634094454294,-0.426494792925373,-0.137039123061408,-0.325548506115446,0.266358226317233,-0.337181811724755,1.32883853376363,1.80857013124264,1.45883622355823,"High"
"12125",24.22620484,0.0233508464681845,20,20.11507081,1345.424242,868.700156798156,-0.333821183587289,-45.5042777411743,-31.0205948094924,0,30.04416899,"Southern Coastal Plain","White / red / jack pine group",-1.10463385008934,-0.188744953209388,0.183332668057628,0.213677925389702,-1.78493491043005,-0.24892250572692,0.936170250255758,1.84014441389698,-0.838658084613037,"High"
"12127",191.456286,0.0242593888500117,42,21.3169055,1295.477778,679.876885624135,-0.247247695398992,-29.5231142084677,-26.7095961674027,0,29.05959404,"Southern Coastal Plain","White / red / jack pine group",-1.09981222797143,0.870989714894104,0.639333619949951,-0.402060620422272,-1.14821856442546,0.66258927999221,0.781161162573975,2.12241054414857,0.605481194808903,"High"
"12129",20.9185476,0.0218470705064548,50,19.72897428,1553.554348,1009.45449592286,-0.0294648174860019,-45.7711674583146,-43.8804299252644,0,30.16844701,"Southern Coastal Plain","White / red / jack pine group",-1.11261436875583,-0.206442806387292,-1.17693151683847,0.672667283801447,0.453494860191606,-0.266951370728155,1.58210302039486,1.74946474361166,1.13062275096233,"High"
"12131",26.42046277,0.00595663569216107,54,19.09660854,1606.4875,761.842719148038,-0.0906620974113139,-54.207750358645,-33.2957950757933,0,30.64175439,"Southeastern Plains","White / red / jack pine group",-1.19694469114525,-0.765885137448593,-0.057329316163263,-0.134776175944233,0.00341124597110389,-0.236962384974548,1.74638130843625,1.60094562378704,1.39319352903905,"High"
"12133",16.57128767,0.0210740992522094,50,19.11855493,1539.070588,800.137920399157,-0.137118033749074,-18.7846319613321,-29.3651313314177,0,30.61284234,"Southeastern Plains","White / red / jack pine group",-1.11671651673542,1.58307440740186,0.358441264579736,-0.00989839269573894,-0.33825517702049,-0.290646740809261,1.53715260260749,1.60610001201517,1.13062275096233,"High"
"13001",13.99852233,0.00434377908780639,40,18.99561979,1209.507042,924.208911371685,-0.189932585186658,-31.4995446366538,-20.119114490875,0,31.74841851,"Southern Coastal Plain","White / red / jack pine group",-1.20550409930511,0.739929680400563,1.33644957090019,0.394687816852916,-0.726686888748096,-0.304669971038133,0.514350576048942,1.57722713413233,0.474195805770544,"High"
"13007",3.488902317,0.0272189349112426,33,18.97875189,1339.276596,921.219332897703,-0.0782348127016175,-46.909261311549,-50.8675055526975,0,31.32569618,"Southeastern Plains","White / red / jack pine group",-1.08410595709925,-0.281911498598573,-1.91599765941297,0.384939025346895,0.094809380396583,-0.361954177556658,0.917091001765803,1.57326549373529,0.0146969441362909,"High"
"13009",67.26911046,0.0473554735547355,43,17.43109648,1175.736842,948.280659360446,-0.0706043500259632,-49.6196644883147,-32.5123731488823,0,33.06883582,"Piedmont","White / red / jack pine group",-0.977241619184145,-0.461642355183456,0.0255380596036584,0.473183984245822,0.15092864294264,-0.0143109125728851,0.409544600338002,1.20977897834469,0.671123889328082,"High"
"13011",31.37065148,0.075046904315197,42,15.57004954,1411.351351,859.066100567212,-0.210418160484834,-31.810439153479,-24.6387026799185,1,34.3534503,"Piedmont","Oak / hickory group",-0.830283571103968,0.719313803657379,0.858384814339253,0.182261989541174,-0.877350803563299,-0.209980664225505,1.140775345415,0.772688484667586,0.605481194808903,"High"
"13013",194.9108829,0.0165745856353591,28,15.96720998,1311,1366.8549838846,-0.00324013362058095,-33.5561456470098,-33.2501120360184,1,33.9914792,"Piedmont","Oak / pine group",-1.1405953745728,0.603553415639207,-0.0524971388994373,1.83812350835355,0.646367819747064,0.681419060898948,0.829334452098817,0.865966654636052,-0.313516528459604,"High"
"13015",89.56653798,0.0170981924767953,43,15.44137383,1363.657143,742.746861288643,0.157907637392079,-68.9015734689956,-47.7126688708399,1,34.23729346,"Ridge and Valley","White / red / jack pine group",-1.13781660015538,-1.74025435187722,-1.58229109872277,-0.197046338283173,1.83155074437173,0.107224446584493,0.992756144900918,0.742467361062745,0.671123889328082,"High"
"13017",26.07123287,0.00150375939849624,25,18.71399991,1182.472222,996.246067592108,0.262781046781741,-7.52554237662133,-40.5612168275327,0,31.76101922,"Southeastern Plains","White / red / jack pine group",-1.22057604533999,2.32968134498697,-0.825837847422368,0.629595588229859,2.6028563185955,-0.238865913141056,0.430447884081775,1.51108513108404,-0.510444612017142,"High"
"13021",236.9197199,0.104637336504162,43,17.82477613,1183.942857,828.793365819232,0.008789490099403,-38.0328547531422,-34.2311246258139,1,32.8091045,"Southeastern Plains","Oak / hickory group",-0.673247548156823,0.306696191878627,-0.156264899435835,0.0835448687351591,0.734841303016434,0.910394313223426,0.43501200677248,1.30223964060457,0.671123889328082,"High"
"13025",16.48471892,0.00154894671623296,33,19.42588434,1309.548387,793.347726113608,0.336164447784378,-57.2955095653922,-33.6683438212337,0,31.19573449,"Southern Coastal Plain","White / red / jack pine group",-1.22033623685663,-0.970639032335467,-0.0967360978978923,-0.032040707724862,3.14256439691808,-0.291118596323249,0.824829364275242,1.67828022448117,0.0146969441362909,"High"
"13027",12.17215814,0.0206022187004754,40,19.31855476,1301.068493,938.57208689531,-0.188619583271557,-25.2741182923278,-22.6280603774486,0,30.83913555,"Southeastern Plains","White / red / jack pine group",-1.11922078043381,1.15274693912551,1.07106286876722,0.441525056538317,-0.717030239822714,-0.314624833660053,0.798511973066563,1.65307251042515,0.474195805770544,"High"
"13031",44.39220694,0.00663603879530373,45,18.62015637,1204.765306,862.317486243198,0.335058610014732,-109.201821415541,-56.6618256196349,0,32.39548334,"Southeastern Plains","White / red / jack pine group",-1.19333910807657,-4.41262359424914,-2.52889867967668,0.19286451472548,3.13443136452332,-0.139004789622962,0.499634575905512,1.48904478468256,0.80240927836644,"High"
"13033",10.53540271,0.0154882154882155,51,17.63501098,1162.214876,864.462225190565,0.0428546125222282,-45.5846812671087,-35.9873693592332,0,33.05921744,"Southeastern Plains","White / red / jack pine group",-1.14636072623331,-0.19407663032389,-0.342033751779263,0.199858347807532,0.985377820940779,-0.323546206265006,0.367579114786831,1.25767088668791,1.19626544548151,"High"
"13035",51.41934534,0.0270956816257409,30,16.74062004,1247.48,943.946085590452,-0.0520386416141907,-56.6121827359401,-39.9971142007303,1,33.28269137,"Piedmont","White / red / jack pine group",-1.08476006061645,-0.925326616294318,-0.766169228584167,0.459049263809848,0.287472638896917,-0.100702353679329,0.632199831126513,1.04761182310248,-0.182231139421246,"High"
"13037",8.676774629,0.0185950413223141,34,18.72226822,1329.95122,989.028789414825,-0.0769140520427469,-70.7274329540949,-55.0321931936979,0,31.53067551,"Southeastern Plains","White / red / jack pine group",-1.12987284360082,-1.86132980370433,-2.3565223930765,0.606060584615261,0.104523092045046,-0.333676927899226,0.888149653164036,1.51302704862631,0.08033963865547,"High"
"13039",33.05111857,0.012018641157714,42,19.8371229,1298.45098,971.609489124079,0.129647864694717,-29.094084997462,-25.9216919913563,0,30.92948455,"Southern Coastal Plain","White / red / jack pine group",-1.16477371022429,0.899439278507,0.722675110891116,0.549257550945745,1.62371045068218,-0.200821034884761,0.790388509068687,1.77486481960668,0.605481194808903,"High"
"13043",17.20991474,0.0244698205546493,24,18.51993123,1202.735294,878.4240776286,0.65307855611328,-16.6407528117961,-13.4994203330627,0,32.40211045,"Southeastern Plains","Oak / gum / cypress group",-1.09869546976434,1.72523821508318,2.03665550641754,0.245386902966997,5.47335176930166,-0.287165811439698,0.49333442404485,1.46550563852784,-0.576087306536321,"High"
"13045",91.81337159,0.00172637030643073,38,15.67708905,1398.917808,973.10588132809,-0.193437617215452,-65.8014679285795,-39.3585030207875,1,33.58019849,"Piedmont","White / red / jack pine group",-1.21939465226592,-1.53468175328419,-0.698619379901812,0.554137173854158,-0.752465117541983,0.11947113869789,1.10218778580152,0.797828072102632,0.342910416732186,"High"
"13047",159.9551721,0.0567765567765568,39,14.87837505,1452.208333,907.429390284229,0.00877802016585116,-71.4539021595235,-41.2083965903251,1,34.89872002,"Ridge and Valley","White / red / jack pine group",-0.927244058095442,-1.90950305471491,-0.894294048033865,0.339971055250531,0.734756945849675,0.490887894787126,1.26757518264173,0.610239952177612,0.408553111251365,"High"
"13049",6.450157923,0.00173353145121347,23,19.69130422,1325.761468,825.81147032537,0.495934219418201,-48.1252984270412,-29.4397003679441,0,30.78341541,"Southern Coastal Plain","White / red / jack pine group",-1.21935664816753,-0.362548724189206,0.350553637034289,0.0738211308519099,4.31761264004094,-0.345813424848338,0.875146737980032,1.74061745192419,-0.6417300010555,"High"
"13051",258.2064737,0.00853374709076804,32,19.21445936,1268.392405,924.579214304493,-0.169817465245805,-23.1915177511673,-19.5678656826899,0,32.00037278,"Southern Coastal Plain","White / red / jack pine group",-1.18326799584913,1.29084727135489,1.3947585619557,0.395895346983813,-0.578747537611783,1.02642084884316,0.697101579131776,1.62862438458931,-0.0509457503828881,"High"
"13053",16.2520649,0.00885826771653543,42,17.71335868,1261.121212,978.970059371077,-0.0866655649085983,-3.44638819558405,-21.0783768530395,0,32.34340826,"Southeastern Plains","White / red / jack pine group",-1.18154576928247,2.60017611173768,1.23498246627372,0.573259819268152,0.0328042810106882,-0.29238671076626,0.674535397203698,1.2760718383971,0.605481194808903,"High"
"13055",30.59226213,0.0652787579393084,48,15.02388411,1430.913043,855.173397491173,-0.023066916775546,-43.104516555748,-40.5657893182452,1,34.47197644,"Ridge and Valley","White / red / jack pine group",-0.882122991651775,-0.0296132280280069,-0.826321508005571,0.169568176345294,0.500549080227207,-0.21422338815102,1.20148514922477,0.644414601673497,0.999337361923977,"High"
"13057",232.6981671,0.0251688152240638,48,15.20974737,1422.359375,1041.61046482543,-0.200594479225714,-43.7319083809803,-34.974031682823,1,34.24315676,"Blue Ridge","White / red / jack pine group",-1.09498591451874,-0.0712165109380838,-0.234846767185963,0.777525490145071,-0.805101220388178,0.887384128066881,1.17493880005753,0.688066947202104,0.999337361923977,"High"
"13059",411.1340577,0.0885714285714286,22,16.4214375,1267.625,861.833222924191,-0.0774192783389922,-23.3998153589262,-22.1119458954954,2,33.95467036,"Piedmont","White / red / jack pine group",-0.758509104009742,1.27703474789417,1.12565548514114,0.19128536830999,0.100807337395642,1.85997480164058,0.694719934078135,0.972647752619817,-0.707372695574679,"High"
"13061",5.791415456,0.0112474437627812,41,18.47841144,1347.21875,863.82552126583,-0.113787210981695,-27.9976735201759,-21.6909298917936,0,31.62217977,"Southeastern Plains","White / red / jack pine group",-1.16886644435652,0.97214395051719,1.17018894812475,0.197782103993453,-0.166665507566298,-0.349403996103576,0.941739514336548,1.45575418889032,0.539838500289723,"High"
"13069",28.07743502,0.00341734301580521,33,18.92032125,1243.156627,958.578657604029,0.612290562468764,-16.2265385479641,-12.655866310775,0,31.54895431,"Southeastern Plains","White / red / jack pine group",-1.21042068299448,1.75270537756528,2.12588342529931,0.506764985273149,5.17337099207215,-0.227930817663165,0.618782222535881,1.55954231634812,0.0146969441362909,"High"
"13071",32.12125705,0.0207407407407407,33,19.02839954,1281.448718,989.271472249837,0.410371907514209,-57.1158707579887,-18.7166285215404,0,31.18813284,"Southeastern Plains","White / red / jack pine group",-1.11848564584183,-0.95872691645275,1.48479917388735,0.60685195516506,3.6883331258238,-0.205889379818205,0.737621908391077,1.58492587445003,0.0146969441362909,"High"
"13073",205.2405807,0.0748752079866889,38,16.99021149,1195.536585,984.683267131996,-0.00537138500245371,-51.319526727778,-40.3549874780272,0,33.54537702,"Piedmont","White / red / jack pine group",-0.831194761194446,-0.574362742686694,-0.804023695414874,0.591890161898896,0.630693245224529,0.737722575328319,0.470993196554219,1.10623154287059,0.342910416732186,"High"
"13075",29.09828255,0.0225048923679061,26,19.14460748,1222.387097,851.205584705389,0.130689895452595,-51.3055124118005,-35.2917503197634,0,31.16064176,"Southeastern Plains","Oak / gum / cypress group",-1.10912331704458,-0.573433432598557,-0.268453829703739,0.156629436011105,1.63137420583939,-0.222366540300129,0.554323887770093,1.61221878403338,-0.444801917497963,"High"
"13077",127.6641107,0.0194831013916501,45,16.25014646,1330.393939,1035.9649146793,-0.0399584290822979,-49.6293809617333,-38.9340451978025,2,33.353038,"Piedmont","White / red / jack pine group",-1.12515992083795,-0.462286668953997,-0.653721854435304,0.759115773929091,0.376318184377726,0.314880786285403,0.889523633678241,0.93241787790421,0.80240927836644,"High"
"13079",14.5771236,0.0358078602620087,52,17.49157611,1206.717391,695.985744935938,-0.0206525818508658,-51.795850244887,-37.3508749523934,1,32.71392921,"Southeastern Plains","White / red / jack pine group",-1.03852464656411,-0.605948461916732,-0.486260159628505,-0.349530836642613,0.518305630684434,-0.30151622098803,0.505692880952437,1.22398338703849,1.26190814000069,"High"
"13081",31.87174604,0.0257309941520468,38,18.58806583,1184.418605,952.444855698266,-0.104447006297706,-111.812528709305,-48.4244616059156,1,31.92303732,"Southeastern Plains","White / red / jack pine group",-1.09200243856032,-4.58574346889469,-1.65758181247424,0.486763116635504,-0.0979717177955825,-0.207249375727459,0.436488492944684,1.4815079140806,0.342910416732186,"High"
"13083",35.91555754,0.0450346420323326,39,14.2365893,1515.892857,964.404361984473,-0.0758305927544645,-59.4369776878254,-49.3662297222859,2,34.85483416,"Ridge and Valley","Oak / hickory group",-0.989558240647498,-1.11264296123191,-1.75719844267539,0.525762170954988,0.112491538893109,-0.18520799527779,1.46522040462759,0.459508423448719,0.408553111251365,"High"
"13085",46.29128905,0.00866089273817455,30,14.46523106,1528.677419,1063.72899775028,-0.283970680496251,-40.0320070696516,-39.3745364641952,2,34.44232785,"Piedmont","Oak / pine group",-1.18259323562,0.174129435253642,-0.700315336236533,0.849652369496133,-1.41830269034923,-0.128653567442683,1.50489735337077,0.513207842633493,-0.182231139421246,"High"
"13087",17.19308472,0.0120551090700344,52,19.22504403,1401.505747,972.488711223205,-0.185259864754523,-53.2872818314497,-22.674078824801,0,30.8796393,"Southeastern Plains","White / red / jack pine group",-1.16458017550741,-0.704847503538478,1.06619521337238,0.552124628363669,-0.692320738767181,-0.287257545902047,1.11021946675027,1.63111032867609,1.26190814000069,"High"
"13089",1089.182505,0.039622641509434,35,16.43461269,1305.297297,1017.23500560386,-0.302742905749131,-44.2161863530595,-32.1216058099758,1,33.76889766,"Piedmont","White / red / jack pine group",-1.01827965413942,-0.103329701880712,0.0668719344905728,0.698038943167732,-1.55636554214737,5.55577609956125,0.811636086317605,0.975742113206655,0.145982333174649,"High"
"13091",16.13420542,0.00270453008789723,41,18.39829582,1178.394366,863.701644249009,0.274428684492378,-41.2770860290757,-16.3975997652611,0,32.17538742,"Southeastern Plains","White / red / jack pine group",-1.21420357155079,0.0915664018970538,1.73009716818605,0.197378150319085,2.68852043445707,-0.293029120937525,0.41779223866396,1.43693801873126,0.539838500289723,"High"
"13095",104.2031623,0.11219512195122,39,18.8079115,1302.734694,989.731857375755,-0.103907795118212,-57.8000246241304,-41.5326793134922,1,31.53345784,"Southeastern Plains","Oak / gum / cypress group",-0.633138483128148,-1.00409417452402,-0.928595434492839,0.608353236581189,-0.0940060167580373,0.187003488000245,0.803683035764905,1.53314145989169,0.408553111251365,"High"
"13097",279.8526042,0.0301624129930394,35,15.80777417,1347.387097,1198.57138754542,0.014176909945794,-80.3196012124653,-52.6254516494282,1,33.70217506,"Piedmont","Oak / hickory group",-1.06848495877636,-2.497400714616,-2.10194647546178,1.28936330390608,0.774463805826138,1.14440621923287,0.942261980048715,0.828521131148768,0.145982333174649,"High"
"13099",7.696441008,0.00954653937947494,37,18.82480456,1379.973333,858.516000477099,-0.112792128165994,-61.1935544893402,-36.9782214151981,0,31.32152864,"Southeastern Plains","White / red / jack pine group",-1.17789312088703,-1.22912417550282,-0.446842293422746,0.180468154345803,-0.159347037355106,-0.339020378331587,1.04339351787576,1.53710900943405,0.277267722213007,"High"
"13103",50.18781444,0.0161853379879403,43,18.61224878,1235.507042,957.570520776913,-0.0021493141255855,-38.9821506322226,-36.6371135146665,0,32.36631091,"Southern Coastal Plain","White / red / jack pine group",-1.1426611065669,0.243746973488463,-0.410761204038547,0.503477526582023,0.6543903982239,-0.107414991274435,0.595041699242896,1.48718758681044,0.671123889328082,"High"
"13105",21.0743443,0.09425543781372,48,16.21264148,1232.641509,922.366726373478,0.00227178488681923,-45.3071494228723,-34.2921010165625,0,34.11300749,"Piedmont","White / red / jack pine group",-0.728344143927235,-0.175673081906524,-0.16271474888669,0.38868058953999,0.686905964679768,-0.266102178242921,0.586148503999845,0.923609357349887,0.999337361923977,"High"
"13107",12.7788409,0.00423412204234122,38,18.18272447,1159.772277,905.462516448416,-0.0357717829261444,-49.8807774695219,-22.3175993199997,0,32.59212804,"Southeastern Plains","White / red / jack pine group",-1.20608604776054,-0.478957144429609,1.10390225227804,0.333557226976456,0.407109435814451,-0.311318021380249,0.359998497216738,1.38630835122049,0.342910416732186,"High"
"13109",22.52715807,0.00494071146245059,29,18.83905956,1204.178571,976.536000130447,0.0469981191832967,-50.0619966497168,-35.834098232856,0,32.15327752,"Southeastern Plains","Oak / gum / cypress group",-1.20233618727584,-0.49097405717722,-0.325821318111751,0.56532253437775,1.01585179716712,-0.258183406305335,0.497813641052927,1.54045697710399,-0.247873833940425,"High"
"13111",25.73016536,0.223537727513695,44,13.06651397,1581.05,1130.72699044742,-0.110464573312092,-50.3323492842211,-37.8297923243862,3,34.86433264,"Blue Ridge","Oak / hickory group",-0.0422447830819455,-0.50890154154411,-0.536918207945733,1.06812780602026,-0.142228722583285,-0.240724951018299,1.66743590665755,0.184701381972862,0.736766583847261,"Moderate"
"13115",74.07199306,0.0419906687402799,52,15.45631777,1402.666667,844.377875595233,-0.0173064981948554,-73.1337276387134,-50.3235149982809,1,34.26503161,"Ridge and Valley","White / red / jack pine group",-1.00571256569043,-2.02089477491212,-1.85845641868687,0.134364787948526,0.542914852323359,0.0227691846425841,1.11382238747097,0.745977135035496,1.26190814000069,"High"
"13117",406.7071607,0.0160213618157543,30,15.37220473,1436.771429,997.948188912173,-0.187366339086348,-10.5909342342148,-23.8483697068525,1,34.2257062,"Piedmont","Oak / pine group",-1.14353132589232,2.12641066221311,0.941983214141877,0.635146078378112,-0.707813087147495,1.83584535817159,1.21966667793415,0.726222120055443,-0.182231139421246,"High"
"13119",34.00093084,0.0143003064351379,34,15.79006015,1366.722222,1182.73338101923,-0.225731019345292,-34.2981558977109,-16.7942921684787,1,34.37522963,"Piedmont","White / red / jack pine group",-1.15266494349269,0.554349614855439,1.68813656265267,1.2377167507754,-0.989971280623305,-0.19564394549797,1.00226863210046,0.824360768731039,0.08033963865547,"High"
"13121",770.8558294,0.0318268618714195,44,16.17495683,1322.666667,1186.07351902014,0.0221582896059749,-71.7858620407526,-50.8696399509293,2,33.790287,"Piedmont","White / red / jack pine group",-1.05965175111685,-1.93151580703035,-1.91622342789639,1.24860869064438,0.833163934464281,3.82069043491593,0.865542008412657,0.914758639015749,0.736766583847261,"High"
"13123",28.06991147,0.127189988623436,49,13.61026616,1585.298507,1090.20730985249,-0.119284524309168,-56.6065479518895,-40.1166818819543,2,34.69074009,"Blue Ridge","Oak / hickory group",-0.553560928741982,-0.924952965402537,-0.778816640699164,0.935996162228887,-0.207096236741701,-0.227971825862455,1.68062116826245,0.312408484924872,1.06498005644316,"Moderate"
"13125",8.015057887,0.00637619553666312,31,17.17503975,1178,821.620870335339,-0.259135922113502,-23.5118596004653,-20.9769949928934,0,33.22881228,"Southeastern Plains","White / red / jack pine group",-1.19471809273168,1.26960492797666,1.24570625177434,0.0601558981298088,-1.23565212442796,-0.337283710871266,0.416568321914363,1.1496408055133,-0.116588444902067,"High"
"13127",78.21493648,0.0253031101739589,35,19.6800251,1289.027778,927.514318109766,0.0290046061694031,-55.4552559426564,-31.9802767027498,0,31.23280417,"Southern Coastal Plain","White / red / jack pine group",-1.09427321303812,-0.848609083882403,0.0818211870363604,0.40546650067493,0.883516089114392,0.0453508979844826,0.761143557012398,1.73796840744117,0.145982333174649,"High"
"13129",62.56183764,0.0419790104947526,41,15.25301698,1389.102041,708.941892167544,-0.180232741416943,-64.754872436605,-48.6748424084481,1,34.50488402,"Ridge and Valley","White / red / jack pine group",-1.00577443584158,-1.46528045318134,-1.68406613635588,-0.307281810841324,-0.655348085020615,-0.0399685850697374,1.07172450640767,0.698229364274784,0.539838500289723,"High"
"13133",17.74298099,0.046335299073294,43,16.69175734,1214.070175,1051.07127213499,-0.0918860822369993,-59.3776641775962,-37.7834317992039,0,33.57687498,"Piedmont","White / red / jack pine group",-0.982655671343122,-1.10870979435404,-0.532014368866093,0.808376474236047,-0.00559071481486368,-0.284260256613235,0.528512280935612,1.03613579785758,0.671123889328082,"High"
"13135",830.37761,0.00694444444444444,37,16.09609623,1350.515625,1113.06597589254,0.0185475896045169,-40.4799926381262,-18.4586308871758,1,33.96216673,"Piedmont","Oak / hickory group",-1.19170240347266,0.14442284744788,1.51208917711482,1.01053656023804,0.806608556373857,4.14512252361401,0.951971381520396,0.896237226232001,0.277267722213007,"High"
"13137",63.03864123,0.0454931972789116,41,14.34565837,1616.575,1172.71288398055,-0.147875226496106,-54.1166968098443,-39.2459361696189,2,34.63403225,"Piedmont","Oak / hickory group",-0.987124694163133,-0.759847241514391,-0.686712488820185,1.20504066039445,-0.417370395807333,-0.0373696980229604,1.77768791248314,0.485124678808297,0.539838500289723,"High"
"13139",197.9046496,0.0153349475383374,34,15.25185558,1437.666667,964.302262024703,0.0606831012366218,-20.7524814448146,-23.3416561559794,0,34.32141569,"Piedmont","Oak / hickory group",-1.14717411716793,1.45258338808477,0.995581435973575,0.525429230632721,1.11649983561949,0.697737020035334,1.22244505330899,0.697956594744664,0.08033963865547,"High"
"13141",6.966885226,0.031093836757357,47,17.01502617,1185.142857,826.884313281365,-0.0264602667785463,-30.4698807926784,-28.1905082666239,0,33.27212276,"Piedmont","White / red / jack pine group",-1.0635419054714,0.808208217799938,0.482688400830517,0.0773195913832932,0.475592231891309,-0.342996927819692,0.438736212458355,1.11205958540864,0.933694667404798,"High"
"13143",40.51425002,0.00186915887850467,36,15.26097675,1430.418605,941.788302824726,0.292621499818719,-22.0134675239606,-42.0238908741163,0,33.79226554,"Piedmont","White / red / jack pine group",-1.2186368752474,1.36896553001504,-0.980553915072764,0.452012895813015,2.82232193813368,-0.160142155655268,1.19995065854901,0.700098817282163,0.211625027693828,"High"
"13145",28.86682929,0.0292652552926526,47,16.90953675,1324.632353,928.50997878921,-0.0383091343149691,-39.2748908664808,-30.877802817302,0,32.73606437,"Piedmont","White / red / jack pine group",-1.07324616254403,0.22433493416121,0.198436658981147,0.40871327558287,0.38844814425013,-0.223628109826794,0.871642524227527,1.08728405628335,0.933694667404798,"High"
"13147",43.15991419,0.0130081300813008,28,15.97381135,1312.631579,1095.65112221981,-0.317779899344383,-35.4258239681975,-22.5154589145265,1,34.34624733,"Piedmont","Oak / hickory group",-1.15952250590533,0.479572271768854,1.08297342094778,0.953748026656856,-1.66695713106474,-0.145721579791871,0.834398065256112,0.867517070163049,-0.313516528459604,"High"
"13149",15.37373056,0.00431300061614294,38,16.1437142,1387,924.43990399817,-0.0983942307843546,-8.90157196315349,-10.0220857811169,0,33.29996432,"Piedmont","White / red / jack pine group",-1.20566744023746,2.23843478123084,2.40447465863298,0.39544106650822,-0.0534557673736134,-0.297174199339837,1.06520081220422,0.907420910838689,0.342910416732186,"High"
"13151",278.6289583,0.0207055214723926,37,16.53554765,1269.122449,951.420861750155,-0.00317256771803476,-46.1846300493528,-37.8827734841514,1,33.45345299,"Piedmont","White / red / jack pine group",-1.11867255402206,-0.233860124331029,-0.542522352435461,0.483423949060396,0.646864742251678,1.13773655997265,0.699367274144891,0.999447969597186,0.277267722213007,"High"
"13153",159.470548,0.0721966205837174,49,18.10186928,1167.54902,1036.57068247045,-0.115332727198221,-46.6396339660437,-36.4357095963975,1,32.4594041,"Southeastern Plains","White / red / jack pine group",-0.845409988271657,-0.264032109221453,-0.389457467695687,0.76109113732844,-0.178032214148999,0.488246380917555,0.384133655965227,1.36731848366053,1.06498005644316,"High"
"13155",10.21905499,0.00236779794790845,31,18.79541665,1196.230769,777.82481616796,0.651147997587881,-53.4079104785991,-56.3816171981201,0,31.60188962,"Southeastern Plains","White / red / jack pine group",-1.21599060445807,-0.712846568130304,-2.49925930431444,-0.0826597545048259,5.45915321734581,-0.325270505345441,0.473147599887421,1.53020688578851,-0.116588444902067,"High"
"13157",80.10244137,0.0243727598566308,38,15.87360664,1334.14,1066.91515905117,0.198623341631029,-55.5054298184608,-35.384908591411,1,34.13533028,"Piedmont","Oak / hickory group",-1.09921056957444,-0.851936188039382,-0.278307755458481,0.86004220287808,2.13099985945928,0.0556390168498402,0.901149551741436,0.843982722253119,0.342910416732186,"High"
"13159",14.75002868,0.0451237263464338,45,16.82829403,1220.4,991.762296335441,-0.081164235711509,-36.6421237308586,-31.6617234876456,0,33.31532453,"Piedmont","White / red / jack pine group",-0.989085471398841,0.398917629654713,0.115516528041029,0.614974345963648,0.0732645454385291,-0.300573776798938,0.548156922815272,1.06820317238449,0.80240927836644,"High"
"13161",17.57487305,0.0053850296176629,31,18.81595005,1192.64,1045.11793358276,-0.155616903734703,-84.4036479393661,-39.494544861882,0,31.80563048,"Southern Coastal Plain","White / red / jack pine group",-1.19997819684258,-2.76821991334291,-0.713009365653745,0.788963083078883,-0.474307600793059,-0.285176553295746,0.462003631282036,1.53502941538192,-0.116588444902067,"High"
"13163",11.35747567,0.0248722316865417,47,17.57977994,1160.133333,925.843469417653,-0.153294191469744,-46.1694339478278,-34.5167049352065,0,33.0585258,"Southeastern Plains","White / red / jack pine group",-1.09655987933638,-0.232852448289601,-0.186472492556673,0.400017988224336,-0.457224901491997,-0.319065378494289,0.361119036223504,1.24469917596905,0.933694667404798,"High"
"13165",9.768009909,0.0340606705694518,48,18.00187988,1174.84,755.31771431707,-0.00524380079891729,-31.3930094587023,-28.3539650240374,0,32.7927108,"Southeastern Plains","White / red / jack pine group",-1.04779695860407,0.746994186136752,0.46539857005997,-0.156053728022724,0.631631580384445,-0.327728991907012,0.406761246941559,1.34383470403675,0.999337361923977,"High"
"13167",12.3812582,0.0231080300404391,38,17.93424085,1153.155556,768.479729144043,-0.10609727821908,-49.9491571564257,-40.9203110566803,0,32.70214642,"Southeastern Plains","White / red / jack pine group",-1.10592247358345,-0.483491502935967,-0.863821461871147,-0.113133383410926,-0.110108864278647,-0.313485103488529,0.339463472241699,1.32794881938811,0.342910416732186,"High"
"13169",28.05241941,0.0334753499695679,52,17.25904853,1203.472727,895.905568748528,-0.0252601755222721,-36.3420898133125,-27.2109491172882,1,33.02510509,"Piedmont","White / red / jack pine group",-1.05090324710192,0.418813323943792,0.586302421992766,0.302392736272835,0.484418464212051,-0.228067168869741,0.495623050854477,1.16937133370912,1.26190814000069,"High"
"13171",39.62846753,0.0186500888099467,30,16.77904941,1273.703704,770.825006204437,-0.078205914647363,-49.5428043232093,-26.3778014914124,0,33.07838871,"Piedmont","White / red / jack pine group",-1.12958070732934,-0.456545643583474,0.674429592054234,-0.105485610561136,0.095021915017708,-0.16497024144951,0.713585220744427,1.05663744838037,-0.182231139421246,"High"
"13173",20.69423001,0.00285442435775452,21,19.1653834,1238.6,825.530643190039,0.146611594396034,-5.67389652627518,1.37470480348616,0,31.03731071,"Southern Coastal Plain","White / red / jack pine group",-1.21340808469036,2.45246672895766,3.60998358743591,0.0729053745955006,1.74847247905904,-0.268174046251666,0.604640709051039,1.61709827252678,-0.773015390093858,"High"
"13175",22.67060055,0.023861646234676,64,18.17636922,1159.456897,848.93794456546,-0.0679462914228173,-69.5462602132544,-38.6803020658649,0,32.46317163,"Southeastern Plains","White / red / jack pine group",-1.10192304264524,-1.78300448653166,-0.62688187620613,0.149234831344513,0.17047769192609,-0.257401552286095,0.359019713892395,1.38481574009917,2.04962047423084,"High"
"13177",32.25995101,0.0221882172915073,47,18.58496079,1247.54902,799.133814675411,-0.386612231515744,-43.2006513254214,-45.282398910032,0,31.77937288,"Southeastern Plains","White / red / jack pine group",-1.11080390738698,-0.0359880672582385,-1.32522643517499,-0.0131727062606757,-2.17319376244317,-0.205133408295193,0.632414035023545,1.48077865602841,0.933694667404798,"High"
"13181",14.5517004,0.0827838827838828,35,16.69622502,1197.4,920.535994757487,0.0768730040912351,-50.0613598857509,-33.7913090943023,0,33.79199312,"Piedmont","White / red / jack pine group",-0.789223531135941,-0.490931832413755,-0.109742894286444,0.382710710848696,1.2355706505246,-0.301654793822953,0.476776313836006,1.03718508920796,0.145982333174649,"High"
"13183",18.54954502,0.0216595485051861,40,19.15710926,1246.293103,838.647814885665,-0.169471609952375,-74.0109949608269,-43.969372258057,0,31.75215055,"Southern Coastal Plain","White / red / jack pine group",-1.11360954547736,-2.07906767280753,-1.18633949670211,0.1156794891144,-0.57620389840667,-0.279863962512423,0.628516290663223,1.61515498573501,0.474195805770544,"High"
"13187",45.04376608,0.0939918908956874,35,13.99771704,1579.27907,1174.41085683918,-0.168729920046935,-61.1293892183898,-47.9358993686857,2,34.57208608,"Piedmont","Oak / hickory group",-0.729742783852584,-1.22486928117205,-1.60590356719243,1.21057762272065,-0.57074904038555,-0.135453372132261,1.66193981701148,0.40340624149668,0.145982333174649,"Moderate"
"13189",32.10969194,0.0327635327635328,40,16.89402504,1197.275,976.566417875277,0.21472839133242,-72.6132619582318,-47.2750935899942,0,33.47845164,"Piedmont","White / red / jack pine group",-1.05468085137573,-1.98638192332684,-1.53600605872251,0.565421724365574,2.24944661045294,-0.205952417125818,0.476388375743727,1.08364093432014,0.474195805770544,"High"
"13191",12.72554129,0.0641997325011146,38,19.4440287,1292.657534,836.267730362241,-0.0952690914767393,-22.2820621453716,-26.6375823232387,0,31.4968198,"Southern Coastal Plain","White / red / jack pine group",-0.887849365041345,1.35115462210506,0.64695096901789,0.107918211734494,-0.0304715106185633,-0.311608538626621,0.772408521957013,1.68254165770964,0.342910416732186,"High"
"13193",12.63069711,0.0407268170426065,50,17.99077403,1181.016949,850.241317422261,-0.0505022686801913,-47.6575268966579,-23.9047074942938,1,32.35206209,"Southeastern Plains","White / red / jack pine group",-1.01241980953635,-0.331530099889136,0.9360240184117,0.153485032617415,0.298772099980301,-0.312125500570771,0.425931437430859,1.34122635421232,1.13062275096233,"High"
"13195",40.51341692,0.0184287099903007,31,16.07472357,1283.926829,966.995305540756,0.0436763980998536,-57.3555591626229,-41.7930338863162,1,34.12919217,"Piedmont","Oak / hickory group",-1.13075556172755,-0.974621010234685,-0.956134745658039,0.534211043849242,0.991421753340116,-0.160146696587517,0.745312737621434,0.891217585775972,-0.116588444902067,"High"
"13197",8.920939444,0.00152905198776758,45,17.58550894,1249.563636,685.02919469198,0.179785483981947,-91.4357017882199,-65.2775792910969,0,32.34827219,"Southeastern Plains","White / red / jack pine group",-1.22044181791121,-3.23452583883762,-3.44024015798251,-0.385259326422419,1.99245430538861,-0.332346072200379,0.638666405325257,1.2460447043297,0.80240927836644,"High"
"13199",16.24860544,0.0226356589147287,51,16.51686337,1324.888889,968.28546269716,-0.306459127002145,-41.3142109596645,-33.3003034281891,1,33.04158908,"Piedmont","White / red / jack pine group",-1.10842934075128,0.0891045926604878,-0.0578061924405786,0.53841814971291,-1.58369699045424,-0.292405567054198,0.872438684919054,0.995059729304224,1.19626544548151,"High"
"13201",7.826686339,0.0677731673582296,32,19.091338,1365.416667,759.946322145256,-0.232388578675145,-29.624127863895,-22.3542404692697,0,31.16573173,"Southeastern Plains","White / red / jack pine group",-0.868885194641991,0.864291349509813,1.10002649161729,-0.140960184543994,-1.03893519484833,-0.33831045728498,0.998216835971945,1.59970777057602,-0.0509457503828881,"High"
"13205",16.63948847,0.00194363459669582,35,19.00693281,1336.638889,1024.50589407099,-0.120203820808444,-12.5477627860809,-8.8232190700402,0,31.22481697,"Southeastern Plains","White / red / jack pine group",-1.21824163361943,1.99665045722533,2.53128619508431,0.721748765922501,-0.213857326310377,-0.290275002467903,0.908904865593244,1.57988414046059,0.145982333174649,"High"
"13207",26.76258638,0.0349753694581281,42,17.10061665,1238.166667,987.297299810329,-0.165588477425849,-54.9903795918325,-40.0709571356673,0,33.01430148,"Piedmont","White / red / jack pine group",-1.04294266398767,-0.817782443235037,-0.773980051879966,0.600414326690949,-0.547644878721988,-0.235097590671246,0.603295858032308,1.1321615959239,0.605481194808903,"High"
"13209",14.52055142,0.025748502994012,45,18.58725236,1136.484848,912.733746852107,-0.121611386282164,-48.6387172539865,-28.8169579359187,0,32.17193772,"Southeastern Plains","White / red / jack pine group",-1.09190951937309,-0.396594288459758,0.416424950241122,0.357268164760742,-0.224209455627842,-0.301824575851319,0.287725850974067,1.4813168603268,0.80240927836644,"High"
"13211",20.92930246,0.0527597402597403,46,16.6426571,1219.307692,1001.26872434373,-0.127659176710976,-56.9074535067447,-39.795379047641,0,33.59221728,"Piedmont","White / red / jack pine group",-0.948561248959065,-0.944906459254994,-0.744830455488596,0.645974095736522,-0.268688742576051,-0.266892749805557,0.544766939761667,1.02460398332889,0.868051972885619,"High"
"13213",44.59474638,0.138146167557932,52,14.62316022,1463.365385,1072.72834751176,-0.115737540790373,-61.5302716547461,-48.5851563375573,2,34.78886478,"Ridge and Valley","White / red / jack pine group",-0.49541663549262,-1.2514523903913,-1.67457948672013,0.878998575082626,-0.181009470080369,-0.137900819061253,1.3022011463884,0.550299510246353,1.26190814000069,"High"
"13215",348.5133967,0.0155844155844156,35,17.7314375,1282.40625,1007.7043150163,0.0714172668619881,-29.5496424134684,-24.3820517487559,0,32.5078613,"Southeastern Plains","White / red / jack pine group",-1.14585019362541,0.869230590255634,0.885532368451556,0.666960074940946,1.19544569834741,1.51865181635536,0.740593613490082,1.28031787872475,0.145982333174649,"High"
"13217",154.8829506,0.0401836969001148,35,16.53068807,1244.897436,920.032944816661,0.0454701819632903,-68.055731302061,-37.4413159591346,1,33.55622642,"Piedmont","White / red / jack pine group",-1.01530214077824,-1.68416530265312,-0.495826663491771,0.381070302666436,1.00461437767524,0.463241016636032,0.624184831515733,0.998306635557936,0.145982333174649,"High"
"13219",82.09145966,0.0493197278911565,35,16.39069653,1251.214286,1166.6634520947,-0.0849467384955305,-71.9570442075024,-35.45617565605,2,33.83741326,"Piedmont","White / red / jack pine group",-0.966817348018438,-1.94286715052262,-0.285846113043814,1.18531391607304,0.0454456207100241,0.0664804492091971,0.643789205421414,0.965427845660666,0.145982333174649,"High"
"13221",13.22586922,0.064094387755102,45,16.34048251,1230.179104,908.02680761799,-0.183894573928608,-51.6630995731737,-34.3990593930871,0,33.87769309,"Piedmont","White / red / jack pine group",-0.888408428181976,-0.597145567888353,-0.174028396966253,0.341919188433722,-0.682279524024633,-0.308881428756459,0.578506418414906,0.953634445763235,0.80240927836644,"High"
"13223",203.2673405,0.00909727081875437,45,15.43522831,1380.23913,1028.93247665414,-0.122992027647138,-5.79164288332914,-20.9051193660789,1,33.91949481,"Piedmont","White / red / jack pine group",-1.1802773830553,2.44465879329906,1.25330898073956,0.736183520207387,-0.234363567971531,0.726967143734443,1.04421842012467,0.741024007693752,0.80240927836644,"High"
"13225",70.65658691,0.00943396226415094,25,17.85471734,1181.826087,777.950596151551,0.370840164473898,-55.9457385073455,-17.0533561568213,1,32.56582676,"Southeastern Plains","Oak / pine group",-1.17849056611367,-0.881133710567912,1.66073376457895,-0.0822495953983392,3.39759161238179,0.00415301859669188,0.428442601047739,1.30927171377742,-0.510444612017142,"High"
"13227",53.24517008,0.0106051154086089,39,14.47460651,1515.888889,842.862458893542,-0.164531165988367,-4.0621518459624,-9.27834858046027,2,34.46226306,"Blue Ridge","White / red / jack pine group",-1.17227527223444,2.55934391035708,2.48314433580383,0.129423127577975,-0.539868739754384,-0.0907504314077895,1.46520808992079,0.515409786056233,0.408553111251365,"High"
"13231",33.17189618,0.0309460654288241,36,16.60478783,1298.606061,963.456266287145,-0.0778297079826609,-66.6078848506334,-53.3459418954645,1,33.09316185,"Piedmont","White / red / jack pine group",-1.06432612591097,-1.58815645601763,-2.17815717866498,0.522670501891458,0.097788777459137,-0.200162719023151,0.790869803686996,1.01570990464461,0.211625027693828,"High"
"13233",52.56622262,0.0202260559190958,40,15.48744045,1404,852.111204516273,-0.0423290423717175,-35.5345817844005,-26.7501920281318,0,34.00370946,"Ridge and Valley","White / red / jack pine group",-1.12121707122103,0.472360379592063,0.635039545033151,0.159582594390076,0.358883190558992,-0.0944511329046808,1.11796039275411,0.75328669143269,0.474195805770544,"High"
"13237",24.53844153,0.0732519422863485,40,17.01173261,1191.943396,1005.86146823334,-0.0110005096605261,-51.3892769266627,-33.4706443313874,0,33.32055184,"Piedmont","White / red / jack pine group",-0.83980941028575,-0.578987981876191,-0.0758242018285305,0.660950689597503,0.589293091915509,-0.247220614411107,0.459841717467366,1.11128605104182,0.474195805770544,"High"
"13239",5.846265042,0.0103092783505155,41,18.09705839,1306.85,860.919492818846,-0.00467393550243389,-14.2719618423226,-18.86743445123,0,31.86228583,"Southeastern Plains","White / red / jack pine group",-1.17384527549586,1.88231625928842,1.46884749929899,0.188305762868184,0.635822731242344,-0.349105030488455,0.816454907435167,1.36618858508574,0.539838500289723,"High"
"13241",17.58630127,0.171785352683091,45,13.02461213,1797.054545,1103.22543369939,-0.219656774653769,-45.6967291685018,-33.5625680688918,3,34.8839272,"Blue Ridge","Oak / hickory group",-0.316893935536662,-0.201506692931753,-0.0855475432822379,0.978447289131052,-0.945297432247087,-0.285114262126912,2.33780703554405,0.174860203043984,0.80240927836644,"Moderate"
"13243",6.210294043,0.00567595459236326,46,18.2735741,1303.507937,814.629862629118,-0.296897174167582,-21.0727713253651,-17.5206516083708,0,31.76615178,"Southeastern Plains","White / red / jack pine group",-1.19843426194122,1.4313444908313,1.61130503856612,0.0373587455753355,-1.51337232412857,-0.347120837677847,0.806082799079207,1.40764553986071,0.868051972885619,"High"
"13245",240.6776048,0.00878972278566599,41,17.46214956,1165.734694,861.078791726341,-0.0948224681730556,-39.3383693243675,-33.6897695637308,0,33.35781854,"Southeastern Plains","White / red / jack pine group",-1.18190953630244,0.22012558342385,-0.099002431011127,0.188825224675199,-0.027186759548542,0.930877209314642,0.378502886627535,1.21707218829854,0.539838500289723,"High"
"13247",268.1373639,0.0448717948717949,24,16.38830697,1271.368421,1003.72944739831,0.0185829797897297,-24.2666104968216,-25.3161090795695,1,33.65357168,"Piedmont","White / red / jack pine group",-0.990422468323382,1.21955627607381,0.786731355661968,0.653998329327289,0.80686883824403,1.08055060466934,0.706337658888821,0.964866627167127,-0.576087306536321,"High"
"13251",8.356667905,0.0305726671229751,53,18.17868618,1200.265957,965.527643639983,0.0415376320589576,-53.4759273091734,-36.5581774936019,0,32.74972416,"Southeastern Plains","White / red / jack pine group",-1.06630774566398,-0.717356865095014,-0.402411653567197,0.529425108307999,0.97569191124855,-0.33542171597557,0.485670824965066,1.38535990756129,1.32755083451987,"High"
"13255",130.1182995,0.046740467404674,43,16.52356667,1287,884.562456631268,-0.155109754416151,-36.5050050005224,-32.5690071404973,2,33.26339939,"Piedmont","Oak / pine group",-0.980505448494813,0.408010176132084,0.0195475325286176,0.265403697174858,-0.470577703017832,0.328257697903592,0.754850338381322,0.996634084385384,0.671123889328082,"High"
"13257",55.98219789,0.0126498002663116,36,15.43777212,1475.766667,844.253048712048,-0.0718611568637817,-77.4591282098519,-27.4443616381888,2,34.55171829,"Piedmont","Oak / hickory group",-1.16142415738139,-2.30771850519241,0.56161293805856,0.133957736831083,0.141685288260328,-0.0758318647877742,1.34068858383551,0.741621453757483,0.211625027693828,"High"
"13259",5.425226976,0.0149206349206349,52,17.78696384,1264.115942,777.596560081474,-0.0138703273833827,-61.3910771111257,-40.2807641713025,0,32.0782761,"Southeastern Plains","White / red / jack pine group",-1.14937286861993,-1.24222219365478,-0.796172637845844,-0.0834040805081398,0.568186632046152,-0.35139995946734,0.683829555948415,1.29335894439647,1.26190814000069,"High"
"13261",23.75891596,0.0138963121325494,48,18.22740101,1216.086957,766.468073176548,-0.0890040861122416,-52.4184779864848,-33.1263210245138,1,32.03640978,"Southeastern Plains","White / red / jack pine group",-1.1548089357861,-0.647235831371641,-0.0394029990565984,-0.11969324286256,0.0156053127468763,-0.251469531468347,0.534771373428586,1.39680120365998,0.999337361923977,"High"
"13263",6.160826002,0.0178276658963354,46,17.14019821,1270.37931,782.196983344131,0.0393239566923784,-62.2545144797785,-38.2294621576851,0,32.69641306,"Piedmont","White / red / jack pine group",-1.13394529459557,-1.29947800681411,-0.57919375464797,-0.0684024447867809,0.95941113846066,-0.347390470402265,0.703267948213687,1.14145782764651,0.868051972885619,"High"
"13265",3.16648357,0.0391001606855919,37,16.61595242,1205.285714,762.774293556542,-0.0743331397289126,-44.5813411976314,-32.9582189717149,0,33.56535237,"Piedmont","White / red / jack pine group",-1.02105245279671,-0.127543661473006,-0.0216218067029412,-0.131738381566233,0.123504758282735,-0.36371156764933,0.501249664599324,1.01833205030355,0.277267722213007,"High"
"13269",8.329121537,0.0254656024325352,47,17.5896917,1216.716981,639.002202499116,-0.135974137628554,-11.9722062976834,-11.9215678038047,0,32.55789315,"Southeastern Plains","White / red / jack pine group",-1.09341086882213,2.03481646203208,2.20355471354385,-0.535349900877165,-0.329842239372856,-0.335571861445282,0.536726655897785,1.24702707860197,0.933694667404798,"High"
"13271",14.01262973,0.0458131067961165,50,18.65309018,1169.229508,850.679307755015,0.0505168621388374,-24.6941008766651,-22.2244119031497,0,31.9327569,"Southeastern Plains","White / red / jack pine group",-0.985426938687174,1.19120875463873,1.11375926090084,0.154913286290243,1.04173086481319,-0.304593076610548,0.389349058435764,1.49677970794655,1.13062275096233,"High"
"13273",9.950605821,0.016750418760469,36,18.43532202,1274.333333,882.288844193472,0.174162969174433,-35.7236116715708,-29.8648423622482,0,31.77531262,"Southeastern Plains","Oak / gum / cypress group",-1.13966223055877,0.459825527274702,0.305583742541792,0.257989617292202,1.95110276511325,-0.326733726434092,0.715539277329253,1.44563409172606,0.211625027693828,"High"
"13275",31.57892634,0.00534283170080142,34,19.16907365,1357.337662,1208.66788702508,-0.407579010290681,-26.1538813023256,-18.341213972497,0,30.86385612,"Southeastern Plains","White / red / jack pine group",-1.20020214061597,1.09440854846317,1.5245090893688,1.32228723255504,-2.32739675285553,-0.208845431926136,0.973143605674269,1.61796497457476,0.08033963865547,"High"
"13277",60.0708519,0.010406811731315,19,18.88515844,1213.25,925.240094460408,0.772534471746935,-0.786526537232845,-10.2509098377643,2,31.45741936,"Southeastern Plains","Oak / gum / cypress group",-1.17332766716464,2.77655548523857,2.38027052490203,0.398050427677146,6.35190634417872,-0.0535460637405508,0.525966863936935,1.55128388414437,-0.904300779132216,"High"
"13279",28.58222126,0.0136363636363636,32,18.76956187,1168.685185,805.320498858538,-0.176788348188889,-88.1064187563097,-43.3635153433001,0,32.12052468,"Southeastern Plains","Oak / gum / cypress group",-1.15618847893543,-3.01375614070998,-1.12225426894482,0.00700160752295649,-0.630015832430775,-0.225179407128426,0.387659749426137,1.52413456256483,-0.0509457503828881,"High"
"13281",27.40194071,0.0815450643776824,43,12.61038695,1707.25,1105.29320992346,-0.199958835507334,-35.1707878596722,-34.8469156125277,2,34.91385818,"Blue Ridge","Oak / hickory group",-0.795797923642988,0.496484094570074,-0.221400915338659,0.98519015253638,-0.800426293292167,-0.231612697265687,2.05909820462205,0.0775741623062447,0.671123889328082,"Moderate"
"13285",65.3701613,0.037178596247394,45,16.65868306,1360.42623,980.460009077381,-0.144944980245772,-58.1982215141146,-32.8996524098308,1,33.03672114,"Piedmont","White / red / jack pine group",-1.03125016925061,-1.03049920117828,-0.0154268597346294,0.578118433674038,-0.395819506216881,-0.0246614100899278,0.982728991096612,1.0283678834313,0.80240927836644,"High"
"13289",8.807300313,0.0368772067477442,48,17.73133667,1176.960784,801.015316465661,0.033297714147049,-89.7587346499679,-52.0977945765482,0,32.67526406,"Southeastern Plains","White / red / jack pine group",-1.03284963924418,-3.12332365946946,-2.04613292795638,-0.00703726983343849,0.91509032831548,-0.332965478747974,0.41334311013432,1.28029419751955,0.999337361923977,"High"
"13291",28.76897289,0.195680123425045,40,12.80244795,1618.395833,1150.08492029501,-0.158292407677114,-53.6620656575486,-37.0876323981693,3,34.82986085,"Blue Ridge","Oak / hickory group",-0.19008471076469,-0.729699975184153,-0.458415368833913,1.13125256548542,-0.493984953867104,-0.224161490312465,1.78333887632616,0.122682125733603,0.474195805770544,"Moderate"
"13293",31.42729718,0.0203714799281007,49,17.0341257,1271.734694,962.539331142177,-0.135683910721076,-34.3302401105999,-32.172878278138,1,32.8792535,"Piedmont","White / red / jack pine group",-1.1204453079744,0.552222063089405,0.0614485288648869,0.519680445055475,-0.327707726603315,-0.209671908630805,0.707474388879806,1.11654535243433,1.06498005644316,"High"
"13295",60.02533235,0.0357723577235772,52,14.59578332,1478.442857,875.199461089613,-0.0850979611783205,-44.0660792089106,-32.7433169464839,2,34.73370263,"Ridge and Valley","Oak / hickory group",-1.03871305805483,-0.0933758744100756,0.00110970778007455,0.234871669933632,0.0443334331797072,-0.0537941746427152,1.34899415218091,0.543869697822412,1.26190814000069,"High"
"13297",110.2046744,0.0376569037656904,42,16.21309522,1272.346939,1110.78060908503,0.0265072212285751,-70.8566096685791,-45.5009213801327,1,33.78123038,"Piedmont","Oak / hickory group",-1.0287117977277,-1.8698957033255,-1.34834090647241,1.00308415023606,0.865148736159497,0.219715599202607,0.709374494138263,0.923715923947611,0.605481194808903,"High"
"13301",7.140688459,0.0283806343906511,42,16.84876023,1193.97561,886.309705508898,-0.0173416326644857,-28.6738133610812,-30.5134296869385,0,33.4114594,"Piedmont","White / red / jack pine group",-1.07794083369243,0.927308114351262,0.236978655414994,0.271101344908606,0.54265645114778,-0.342049588117548,0.466148703245461,1.07300991920501,0.605481194808903,"High"
"13303",11.56043078,0.0147644715256621,57,17.53100502,1168.989796,904.530634039032,-0.116006561037565,-51.2741693900113,-32.0535174812097,0,32.96709075,"Southeastern Plains","White / red / jack pine group",-1.15020162564247,-0.571355030314195,0.0740740575501724,0.330518428230654,-0.182988015618708,-0.317959142263021,0.388605111107954,1.23324376697122,1.59012161259659,"High"
"13305",18.02275945,0.0191398865784499,42,19.21957408,1269.722222,872.338619374337,-0.21706592805994,-43.9912490619034,-31.9418221937326,0,31.5520708,"Southern Coastal Plain","White / red / jack pine group",-1.12698135720418,-0.0884137763225043,0.085888757957212,0.225542679356306,-0.926242703012967,-0.282735283582598,0.701228672492254,1.62982564149572,0.605481194808903,"High"
"13307",4.764184041,0.00884955752212389,27,17.90263087,1250.178571,875.667674126687,-0.146732385154804,-11.428524245565,-20.4525607155821,0,32.04063587,"Southeastern Plains","White / red / jack pine group",-1.18159199416627,2.07086882567108,1.30117890428786,0.236398477581787,-0.408965215675118,-0.355003069756704,0.64057485901146,1.32052481440126,-0.379159222978783,"High"
"13309",10.31863529,0.00744416873449132,43,18.57662968,1129.155556,923.267521088484,0.0570180445318766,-42.270895346429,-31.8144255393347,0,32.12006711,"Southeastern Plains","White / red / jack pine group",-1.18905037343207,0.0256654313620759,0.0993642889179875,0.391618013642668,1.08954468385444,-0.32472772849306,0.264979358524203,1.47882198910911,0.671123889328082,"High"
"13311",48.05263243,0.10939907550077,37,13.98854823,1603.605263,1058.41971653103,-0.0898343503291426,-54.7117769799737,-45.9350529161101,2,34.64560044,"Piedmont","Oak / hickory group",-0.647977063779832,-0.799307890627731,-1.39426168030875,0.832339201066617,0.0094990230562753,-0.119053110165907,1.73743627225005,0.401252830100548,0.277267722213007,"Moderate"
"13313",138.4143371,0.0633855331841909,42,14.87190697,1441.232558,980.083212309289,-0.0232434556781678,-50.1388064400861,-38.4812575003234,1,34.80971904,"Ridge and Valley","White / red / jack pine group",-0.892170309791305,-0.4960674283537,-0.605827703173053,0.576889727632621,0.49925070115808,0.373476452775414,1.2335118129235,0.60872084149879,0.605481194808903,"High"
"13317",8.056733999,0.0405848248046383,42,16.50346206,1205.085714,1039.27920312953,-0.0178897872751556,-35.3370521236442,-28.0169620669344,0,33.78282174,"Piedmont","White / red / jack pine group",-1.01317336042055,0.485458864508619,0.501045454224843,0.769923420349247,0.538624974444517,-0.337056549184759,0.500628963651678,0.991912261565544,0.605481194808903,"High"
"13319",7.688275449,0.0319829424307036,55,17.74143741,1177.578125,794.603094267148,0.0324212830057204,-68.9291815878799,-42.3116260164913,0,32.80291675,"Southeastern Plains","White / red / jack pine group",-1.0588234337022,-1.74208508720779,-1.01098943818679,-0.0279470461940914,0.908644497778796,-0.339064885893946,0.415259030852923,1.28266648450394,1.45883622355823,"High"
"13321",13.76461754,0.0118343195266272,30,18.68890836,1251.65,915.037988639551,0.00210491294866944,-51.397157183955,-35.0726769906945,0,31.55146793,"Southeastern Plains","White / red / jack pine group",-1.16575190262459,-0.579510533430659,-0.24528109065105,0.364782124658685,0.685678682599158,-0.305944902984241,0.645141445884928,1.50519206211254,-0.182231139421246,"High"
"16003",1.18992004,0.69433669511249,11,5.584165947,600.387931,841.302411999631,-0.13746174728778,-48.8394900337987,-47.8184400549777,3,44.89273486,"Blue Mountains","Douglas-fir group",2.45627896294525,-0.409907829413334,-1.59347917013126,0.124335931493071,-0.34078306440284,-0.374485113534857,-1.37605347108538,-1.57262301481906,-1.42944233528565,"Low"
"16005",30.10474928,0.0384615384615385,7,6.186437506,393.71875,300.332545207799,-0.0915438050406328,-46.8044308638459,-35.2052662904138,3,42.66961169,"Northern Basin and Range","Aspen / birch group",-1.02444161229227,-0.274960036054784,-0.2593058797782,-1.63972628941569,-0.00307339120515566,-0.216880647570988,-2.01745225356478,-1.43117189534811,-1.69201311336236,"Low"
"16007",2.395609406,0.340689655172414,7,3.64536094,384.3313609,636.541050260501,-0.114608741839492,-59.6951399344909,-52.9505746177769,1,42.28124084,"Wyoming Basin","Douglas-fir group",0.579478910665847,-1.12976208289205,-2.13633673984312,-0.543375534004928,-0.172707566594448,-0.367913328964748,-2.04658606011623,-2.02797597741186,-1.69201311336236,"Low"
"16009",4.587418316,0.463094587206124,14,7.083358876,767.6788321,981.433390525477,-0.122450145344119,-47.7057817457581,-44.6056859094946,3,47.21646611,"Northern Rockies","Douglas-fir group",1.22908022750156,-0.33472995053774,-1.25364632160451,0.581292557677104,-0.23037822179728,-0.355966556950701,-0.856865366858934,-1.22051852816177,-1.23251425172811,"Low"
"16011",8.528157947,0.254054054054054,6,6.373539262,315.3678161,171.851750921399,-0.13239099182034,-29.2211862328118,-35.5225103032568,1,43.2171246,"Snake River Plain","Douglas-fir group",0.119704948650649,0.891011006987013,-0.292862738373828,-2.05869253730876,-0.30348951229727,-0.334486984656107,-2.2606147481681,-1.3872286733153,-1.75765580788154,"Low"
"16013",3.326985656,0.304878048780488,8,4.925571322,388.7046512,720.904654227508,-0.0578606863015529,-43.9443746639005,-39.7922811159476,4,43.40815958,"Idaho Batholith","Douglas-fir group",0.389427200463593,-0.0853054654345956,-0.744502768119991,-0.268272139687453,0.244653629322646,-0.362836727775985,-2.03301353294853,-1.72730232117462,-1.62637041884319,"Low"
"16015",1.54985142,0.577764976958525,10,5.088593209,554.8145897,910.470260021785,-0.0894201144685209,-51.877968149729,-49.5839477840695,3,43.989383,"Idaho Batholith","Douglas-fir group",1.83763443318266,-0.611393822040542,-1.78022782673693,0.349887103725725,0.0125455763265496,-0.372523255401174,-1.51749055174686,-1.68901456199053,-1.49508502980483,"Low"
"16017",9.954956211,0.444628784736624,15,6.307541324,813.2678063,806.140139571975,-0.146918719556717,-42.7801368228716,-45.2825132564229,4,48.29958977,"Northern Rockies","Douglas-fir group",1.13108246383864,-0.00810312659792322,-1.32523853029898,0.00967439450436029,-0.410335637059353,-0.326710014003111,-0.715379769418236,-1.40272912667952,-1.16687155720893,"Low"
"16019",24.20299977,0.28397212543554,9,4.453564345,450.1107595,809.572747269476,-0.178381388380188,-42.1235088767325,-37.9228807230605,3,43.3876642,"Middle Rockies","Aspen / birch group",0.278479748355989,0.0354388468725993,-0.546764742804542,0.0208678711286179,-0.641732060468581,-0.249048988322914,-1.84243938488328,-1.83815915028607,-1.56072772432401,"Low"
"16021",3.69948477,0.504892966360856,16,4.738688192,825.3333333,994.00932257562,-0.125624539010945,-42.9493895737317,-44.3749452761074,3,48.7669191,"Northern Rockies","Douglas-fir group",1.45090365969001,-0.0193265276595077,-1.22923945971467,0.622301730246987,-0.253724726352179,-0.360806367387317,-0.677934349204506,-1.77119419611659,-1.10122886268975,"Low"
"16023",0.449376207,0.0545808966861598,8,5.002240887,292.5300546,278.559152019021,-0.0590953103464145,-42.2241241538031,-51.8253573743929,1,43.72516622,"Middle Rockies","Douglas-fir group",-0.938896396464068,0.02876689854829,-2.01731556246227,-1.71072769393587,0.235573420970363,-0.37852155498689,-2.33149184919389,-1.70929550076854,-1.62637041884319,"Low"
"16025",0.384220867,0.433246073298429,7,4.027347381,446.7752809,835.661906675292,-0.00759369056090131,-37.4586175504234,-34.0933285206636,1,43.46634383,"Idaho Batholith","Douglas-fir group",1.07067456836776,0.344774712894351,-0.141689354340063,0.105942666063132,0.614349000531479,-0.37887669360729,-1.85279105852264,-1.93826161369213,-1.69201311336236,"Low"
"16029",1.53811111,0.102529960053262,10,3.965630952,452.4727891,537.479088536145,-0.133620886051224,-38.8333028543244,-35.5803905876033,1,42.77055885,"Northern Basin and Range","Douglas-fir group",-0.684431366446074,0.253617290514258,-0.298985093528412,-0.866409172169271,-0.312534934597424,-0.37258724766177,-1.83510881482784,-1.95275650032814,-1.49508502980483,"Low"
"16031",3.588768472,0.121212121212121,9,7.331820526,323.4532374,156.44030800751,-0.210557400404038,-40.2077044648944,-28.1473366525609,3,42.28354231,"Northern Basin and Range","White / red / jack pine group",-0.585285390148407,0.162478680259913,0.487254929085769,-2.10894809844622,-0.878374862249495,-0.361409842610185,-2.23552160485297,-1.16216415626273,-1.56072772432401,"Low"
"16033",0.193801655,0.240487062404871,9,3.615080091,316.2694805,520.743163653908,-0.0462367246382098,-47.7627629854102,-41.4309287057816,1,44.28518273,"Snake River Plain","Douglas-fir group",0.0477051076770737,-0.338508461092823,-0.917832644284868,-0.920983769811476,0.330143616514611,-0.379914601110302,-2.2578164284304,-2.03508781911445,-1.56072772432401,"Low"
"16035",1.372475386,0.515217756852194,15,5.800874805,768.7132701,978.272153471541,-0.100334592026226,-46.3403290589722,-43.9649717152572,3,46.67530336,"Northern Rockies","Douglas-fir group",1.50569718302107,-0.244184756698715,-1.18587402411162,0.570984000397829,-0.0677264147242916,-0.373490069172797,-0.85365498362453,-1.5217261891176,-1.16687155720893,"Low"
"16037",0.328904567,0.303226969533081,9,2.101478472,399.5741627,565.026992483897,-0.0751564941417466,-39.2258017682565,-36.2928786491632,1,44.24168023,"Middle Rockies","Douglas-fir group",0.380664945254625,0.227590105107166,-0.374349356256581,-0.776577520532837,0.117449287674156,-0.379178203114686,-1.99927995250604,-2.39057636948878,-1.56072772432401,"Low"
"16039",3.395477501,0.381083562901745,9,7.42301266,405.9883041,737.11813116065,-0.0454392055979396,-51.0125759738736,-52.5788032495013,1,43.35137456,"Idaho Batholith","Douglas-fir group",0.793848832017441,-0.554008382714889,-2.09701218609244,-0.215401205679704,0.336009077405889,-0.362463403051688,-1.97937363427947,-1.14074652621116,-1.56072772432401,"Low"
"16041",7.999016265,0.19344262295082,10,5.862008934,421.9553571,284.506511709849,-0.267604512902875,-40.4758986947363,-44.4671712016319,2,42.18322854,"Central Basin and Range","Aspen / birch group",-0.201959095483737,0.144694322909016,-1.23899476546163,-1.69133379939796,-1.29793551274991,-0.337371148056093,-1.92981980963842,-1.50736806302695,-1.49508502980483,"Low"
"16043",2.715823611,0.077020202020202,8,3.487985547,565.0278638,516.710030231663,-0.160533910314384,-45.0911058364895,-50.9430059334071,2,44.23111145,"Middle Rockies","Douglas-fir group",-0.819811306903641,-0.161346911109091,-1.92398380098483,-0.934135515849125,-0.510470386054589,-0.366167955047642,-1.48579360718467,-2.06493758581654,-1.62637041884319,"Low"
"16045",12.25758469,0.846938775510204,3,8.910710057,452.6145833,1887.84110504208,-0.0956482456774483,-45.4949043697135,-39.0398741730626,3,44.06397764,"Snake River Plain","Douglas-fir group",3.26613613725359,-0.188123391038794,-0.664916038767731,3.53702023138555,-0.0332600511094194,-0.314159203872648,-1.83466875585629,-0.791341911141712,-1.95458389143908,"Low"
"16049",0.751982772,0.483999104845026,18,4.525992586,600.8603696,998.80056564619,-0.173587847063666,-49.8457319505848,-44.1462243433925,3,45.84725089,"Idaho Batholith","Douglas-fir group",1.34002021954621,-0.476633224065281,-1.20504623403897,0.637925615070938,-0.606477317066772,-0.376872154062605,-1.37458725565176,-1.82114845865093,-0.969943473651395,"Low"
"16055",50.43180875,0.424925563589962,16,7.185668867,737.6504425,794.898094731595,-0.170870767877246,-51.4049517598576,-49.2931903121149,6,47.67254678,"Northern Rockies","Douglas-fir group",1.02651773601172,-0.580027403325034,-1.74947261315681,-0.0269850717729138,-0.586494193276961,-0.106085064937794,-0.95005861626392,-1.19648972828943,-1.10122886268975,"Low"
"16057",14.37367446,0.529450694904037,10,7.544851474,724.626943,896.323875220853,-0.0881024477640038,-49.8006789214824,-46.915400495459,7,46.81393624,"Northern Rockies","Douglas-fir group",1.58123119253608,-0.473645690851871,-1.49795909858298,0.303756802350982,0.0222365330721905,-0.302625150001388,-0.990477108670492,-1.11213113440363,-1.49508502980483,"Low"
"16059",0.670817031,0.177893175074184,13,2.770954819,343.2204929,626.857664096719,-0.113583539628026,-44.9822951180778,-39.6677663942512,1,44.94298743,"Middle Rockies","Douglas-fir group",-0.284479804812256,-0.15413151090834,-0.731332076980399,-0.574952331069988,-0.165167579241961,-0.377314559693249,-2.17417383374694,-2.23334135261415,-1.29815694624729,"Low"
"16061",3.104483296,0.375,5,7.338356358,663.137931,782.947594995981,-0.330467078083492,-28.8258293996148,-32.5380824236383,3,46.23485631,"Columbia Plateau","Douglas-fir group",0.761563446074511,0.917227705261391,0.0228186308275185,-0.0659547564054388,-1.76026669103422,-0.36404950912539,-1.18130854876151,-1.16062913316682,-1.82329850240072,"Low"
"16065",32.68481165,0.0654761904761905,7,5.131790541,422.5135135,335.05408814974,0.0912413409719965,-32.4467138164816,-33.0404814937991,2,43.78681858,"Snake River Plain","Aspen / birch group",-0.881075219851947,0.677121486593621,-0.030323221732215,-1.52650193827247,1.3412445138323,-0.202817643822905,-1.92808756860635,-1.67886912032348,-1.69201311336236,"Low"
"16069",18.41849087,0.473354231974922,7,9.059706321,538.5714286,882.188320835809,-0.0867317613860104,-52.5904322355032,-44.0415391026995,4,46.32592883,"Columbia Plateau","Douglas-fir group",1.28352802336523,-0.658638372784821,-1.19397302957562,0.25766181815133,0.0323174301271414,-0.280578292144172,-1.56790127918452,-0.756348247527937,-1.69201311336236,"Low"
"16077",2.099897125,0.190661478599222,6,7.277180407,332.7078189,460.415431283795,-0.0493011426868659,-38.9877047499248,-31.1421454089443,2,42.69223978,"Northern Basin and Range","Douglas-fir group",-0.2167185908986,0.243378671701944,0.170475510434799,-1.11770798696304,0.307605942413655,-0.369525151595245,-2.20679996731739,-1.17499708168496,-1.75765580788154,"Low"
"16079",1.859199029,0.443865972500334,16,5.185564738,888.8987603,960.511977058097,-0.115037479098633,-46.2997858540115,-46.1772700499224,3,47.35248146,"Northern Rockies","Douglas-fir group",1.12703422962977,-0.241496276616214,-1.41988248252953,0.513069395221332,-0.175860772347722,-0.370837111439923,-0.480658745322458,-1.66623956767296,-1.10122886268975,"Low"
"16081",10.12431891,0.143884892086331,7,3.602075943,593.721519,482.890459900805,-0.289025079962426,-32.2748087175075,-33.4171712969799,1,43.75289584,"Snake River Plain","Aspen / birch group",-0.464961302127632,0.688520768794431,-0.0701680287199792,-1.04441860185878,-1.45547595004683,-0.32578687807488,-1.39674271231437,-2.03814200831678,-1.69201311336236,"Low"
"16085",1.167750087,0.449098312972659,10,2.695363894,582.854232,740.164622613847,-0.12802723567205,-50.1228470400648,-45.7102645802199,2,44.76737091,"Idaho Batholith","Douglas-fir group",1.15480218966605,-0.495009136856333,-1.37048442968764,-0.20546682521083,-0.271395681636882,-0.374605954075674,-1.43046938901056,-2.25109484072647,-1.49508502980483,"Low"
"16087",2.691562293,0.582222222222222,8,8.03212879,488.7355372,1071.51124743531,-0.0866616321213411,-59.9647362099721,-46.8655375634918,4,44.45248159,"Snake River Plain","Douglas-fir group",1.8612889734422,-1.14763941196977,-1.4926847883062,0.875029702885246,0.0328332052227584,-0.36630019487639,-1.72256720427829,-0.997687872371729,-1.62637041884319,"Low"
"17001",29.65018219,0.19811320754717,32,11.28836599,979.3706294,798.071187714273,-0.120347683864589,-39.3054341038516,-32.0132273139163,2,39.98811437,"Interior River Valleys and Hills","Oak / hickory group",-0.177172366274607,0.222309566768423,0.0783357973842599,-0.0166378531979337,-0.21491538647811,-0.219358331352883,-0.199878870894176,-0.232919238820905,-0.0509457503828881,"Moderate"
"17003",9.859468296,0.295081967213115,47,13.87024356,1203.410256,1129.16865344721,0.0587844063722121,-40.438966725388,-26.0051066638267,1,37.18034787,"Mississippi Alluvial Plain","Oak / hickory group",0.337439528232845,0.147143336599391,0.713851825799602,1.06304618577066,1.10253562923779,-0.327230484718143,0.495429171809974,0.373467476865661,0.933694667404798,"Moderate"
"17005",16.77046529,0.317142857142857,26,12.17897186,988.779661,934.421272239104,0.0267197804874724,-50.3258476884974,-28.3579620446583,1,38.88774185,"Interior River Valleys and Hills","Elm / ash / cottonwood group",0.454516372366719,-0.508470411084035,0.464975780502565,0.427989560810188,0.866712031776513,-0.289561094334523,-0.17067789674143,-0.0237491469638864,-0.444801917497963,"Moderate"
"17009",8.333874002,0.294117647058824,34,11.18887423,961.6603774,869.578232124165,-0.0277156654806487,-36.2201975180816,-24.4331020246802,1,39.96199555,"Interior River Valleys and Hills","Oak / hickory group",0.33232189423174,0.426896182915013,0.880132465471173,0.216541263266377,0.466359233532238,-0.33554595744626,-0.254842721891405,-0.2562861413748,0.08033963865547,"Moderate"
"17011",14.60670206,0.307291666666667,26,9.488113569,927.7246377,865.910849922309,-0.0132065834812347,-27.0801068710401,-22.7799681080593,2,41.40457686,"Central Corn Belt Plains","Oak / hickory group",0.4022362379031,1.03298915658712,1.05499464989051,0.204582204566317,0.573068225717639,-0.301354999306462,-0.36016245084566,-0.655731368126084,-0.444801917497963,"Low"
"17013",7.273942124,0.310126582278481,34,12.02257417,942,850.543261212563,-0.107479345944228,-36.6108201083443,-26.6210808788565,0,39.16840694,"Interior River Valleys and Hills","Oak / hickory group",0.417281096667822,0.400993419314692,0.648696428706143,0.154469648704201,-0.120273466979801,-0.341323269710625,-0.315858796307675,-0.0604811294103143,0.08033963865547,"Moderate"
"17015",12.48095738,0.473972602739726,26,8.578369711,933.6321839,963.989909485072,-0.0707503801751821,-29.4674450926223,-30.3976596373604,2,42.06840682,"Central Corn Belt Plains","Unknown",1.28680970864077,0.874681216572521,0.249224368575935,0.524410672393912,0.149854644597847,-0.312941678663484,-0.341828353222654,-0.869396259358183,-0.444801917497963,"Low"
"17017",12.66340191,0.346428571428571,29,11.31905847,950.4736842,770.872890284579,-0.0561456320976808,-40.3647004239182,-26.2464355578579,1,39.97069252,"Interior River Valleys and Hills","Oak / hickory group",0.609935261527451,0.152068045252694,0.688324978186399,-0.105329464161962,0.257267225802831,-0.311947238320088,-0.289560677242719,-0.225710720353674,-0.247873833940425,"Moderate"
"17019",81.40093106,0.260869565217391,12,10.79539544,991.2360248,890.212499044507,0.00108358129629993,-22.6311717251072,-19.5377419333597,9,40.13960682,"Central Corn Belt Plains","Oak / hickory group",0.155874774106643,1.32800464783344,1.39794493697215,0.283828062337442,0.678167161793375,0.062716623030856,-0.163054560049316,-0.348699629114431,-1.36379964076647,"Moderate"
"17021",17.79796447,0.254716981132075,17,11.5885589,985.6034483,970.230069218509,-0.230423046943894,-56.3535175730901,-46.601559897063,0,39.54417384,"Central Corn Belt Plains","Elm / ash / cottonwood group",0.123223093677108,-0.908174145515718,-1.46476224015353,0.544759365942176,-1.02447942775302,-0.283960561189468,-0.180535287905503,-0.162415123954106,-1.03558616817057,"Moderate"
"17023",12.01489437,0.256619144602851,40,11.64277129,1053.333333,1160.14932073434,0.128373693459896,-45.6973175134542,-31.4781526664854,3,39.33424812,"Interior River Valleys and Hills","Oak / hickory group",0.1333178494596,-0.201545706958585,0.134933947562212,1.16407182156786,1.61433938721002,-0.315482022622872,0.0296647301806494,-0.149682656116129,0.474195805770544,"Moderate"
"17025",10.89592014,0.282051282051282,30,12.39186985,1058.328767,1195.52975432285,0.00913821714755558,-44.4368021626764,-30.2354530995068,1,38.75411257,"Interior River Valleys and Hills","Oak / hickory group",0.268285858525589,-0.117959063585464,0.266381955902046,1.27944476576343,0.737406062927341,-0.321581153780891,0.0451680832691594,0.0262526480214473,-0.182231139421246,"Moderate"
"17027",30.58976272,0.49171270718232,21,12.57977258,995.2117647,1170.38295037967,-0.0870883328978167,-32.9453818696163,-28.7945266335967,0,38.60713247,"Interior River Valleys and Hills","Elm / ash / cottonwood group",1.38095620270147,0.64405406802294,0.418797647627558,1.19744292141702,0.0296949770547545,-0.21423701154734,-0.1507158324317,0.0703839889638605,-0.773015390093858,"Moderate"
"17029",38.79086955,0.265060240963855,25,11.4552078,1035.728395,1215.92676099565,0.057212438393405,-24.8220282497265,-14.5550950991902,1,39.52219671,"Central Corn Belt Plains","Oak / hickory group",0.178114633547804,1.18272570070119,1.92499026636321,1.34595787693632,1.09097437961683,-0.169535690591008,-0.0249722783185777,-0.193734322239016,-0.510444612017142,"Moderate"
"17031",2112.291102,0.316981132075472,30,9.714702447,933.5127273,828.15949196424,-0.0828129051669548,-14.106638368564,-21.9198888801819,8,41.83998166,"Central Corn Belt Plains","Oak / hickory group",0.453658099624002,1.89327910415479,1.1459705418302,0.0814778535665611,0.0611391845063502,11.132377735865,-0.342199087346766,-0.602514094333538,-0.182231139421246,"Low"
"17033",16.39032865,0.305699481865285,34,12.16301129,1076.986486,1110.65320672308,-0.141742549156271,-34.7903358691645,-28.9227242077947,1,39.00272513,"Interior River Valleys and Hills","Unknown",0.393786534721706,0.521712430608615,0.405237398432899,1.00266870067525,-0.372266796671394,-0.291633084165181,0.103072402590204,-0.027497689394884,0.08033963865547,"Moderate"
"17035",12.0391972,0.348623853211009,13,11.68303625,1037.418182,928.49678648031,-0.026607037184424,-19.9553039387858,-28.9331874362815,0,39.27445975,"Interior River Valleys and Hills","Oak / hickory group",0.621585592220862,1.50544541143132,0.404130638133031,0.408670256451555,0.4745127892295,-0.315349556526954,-0.0197280163574807,-0.140225919230014,-1.29815694624729,"Moderate"
"17037",63.96216332,0.2,12,8.909995756,925.5042735,753.794912746289,-0.166845126962331,-78.2962349690538,-24.6325863941585,2,41.89330697,"Central Corn Belt Plains","Oak / hickory group",-0.167159184276217,-2.36322829656739,0.859031771659391,-0.161019469898304,-0.556887076510494,-0.0323359070711905,-0.367053361660955,-0.791509673797243,-1.36379964076647,"Low"
"17039",15.30963569,0.21875,15,10.82403338,981.2428571,540.586242105817,-0.131010816914591,-19.2262170396688,-27.6555329511453,3,40.175236,"Central Corn Belt Plains","Oak / hickory group",-0.0676531881672104,1.55379224559475,0.539276044054381,-0.856276977081723,-0.293338830590598,-0.29752355771486,-0.194068403356182,-0.341973645441771,-1.16687155720893,"Moderate"
"17041",18.11770438,0.357894736842105,15,11.28480376,1021.193548,1186.26751955755,0.0617003419672084,-12.6861761548786,-21.1294335922045,2,39.76991733,"Central Corn Belt Plains","Elm / ash / cottonwood group",0.670786046115416,1.98747206135048,1.22958187963645,1.24924131186765,1.12398126919159,-0.282217772485976,-0.0700812448525114,-0.2337558737471,-1.16687155720893,"Moderate"
"17045",10.69870712,0.5,16,11.24921193,1044.130435,1103.52948868924,-0.11246015877651,-21.1943290355177,-15.6888350606712,1,39.68084483,"Central Corn Belt Plains","Unknown",1.42493675346789,1.4232838186931,1.80506758845137,0.979438789681451,-0.15690552389549,-0.322656091918697,0.00110349263221146,-0.24211506674283,-1.10122886268975,"Moderate"
"17047",11.16468885,0.285714285714286,22,12.85888046,1123.666667,848.957074365483,-0.00254362440470857,-6.0878060379382,-16.7378735019742,0,38.41608107,"Interior River Valleys and Hills","Oak / hickory group",0.287725369364957,2.42501977504411,1.69410431346088,0.149297212189705,0.651490390318833,-0.320116190987725,0.24794456550509,0.13593601693064,-0.707372695574679,"Moderate"
"17049",27.54099946,0.307692307692308,34,11.92766666,1019.617647,1038.02009662774,0.215804332636415,-62.4495412747937,-35.9808018455103,2,39.05974652,"Interior River Valleys and Hills","Oak / hickory group",0.404362434401156,-1.3124105229894,-0.341339065290622,0.765817568344808,2.25735976527587,-0.230854737401929,-0.0749720610729909,-0.0827713626698605,0.08033963865547,"Moderate"
"17051",11.54246182,0.206201550387597,35,12.06537927,1010.073394,1035.7162574754,0.0258405194027993,-34.6019817716411,-28.7030287465613,0,39.0004197,"Interior River Valleys and Hills","Elm / ash / cottonwood group",-0.134247640343522,0.534202470311693,0.428475944247028,0.758304921409785,0.86024538804143,-0.318057084682851,-0.104592695481347,-0.0504278084065479,0.145982333174649,"Moderate"
"17055",36.52881264,0.257425742574257,36,13.17416135,1104.15873,1005.35723935068,0.101769378270923,-46.9579155776673,-32.7569021540098,2,37.99205898,"Interior River Valleys and Hills","Oak / hickory group",0.137598453971827,-0.285137835182338,-0.000327283524673819,0.659306436974217,1.41867437809967,-0.181865359506612,0.187401590592518,0.209983735392301,0.211625027693828,"Moderate"
"17057",15.45597918,0.326340326340326,45,10.70622929,947.4113475,842.63899095106,-0.0449907609646552,-39.5051884714621,-28.4013145840071,3,40.47281059,"Interior River Valleys and Hills","Oak / hickory group",0.503327216856108,0.20906355823915,0.460390114662406,0.128694415353661,0.339307223689069,-0.296725891320316,-0.299064653701221,-0.369641431110456,0.80240927836644,"Moderate"
"17059",5.95757854,0.158536585365854,43,13.52503462,1153,1202.64050320925,-0.0727165957294558,-52.6025787977712,-27.146969112324,0,37.76434309,"Interior River Valleys and Hills","Oak / hickory group",-0.387204964289628,-0.659443829352945,0.593069982270078,1.30263238533873,0.135393848234281,-0.348498300140464,0.338980703458639,0.292390776024172,0.671123889328082,"Moderate"
"17061",9.234499856,0.190184049079755,27,11.77918849,941.1547619,864.496958877383,-0.132138349625148,-51.5537123782315,-31.0937764487118,0,39.35908662,"Interior River Valleys and Hills","Oak / hickory group",-0.219252302893609,-0.589891940673438,0.175591794094163,0.199971611758945,-0.301631421341995,-0.330636965746024,-0.318481996755957,-0.11764334533225,-0.379159222978783,"Moderate"
"17063",46.907469,0.166666666666667,8,9.95795837,917.34375,1343.13805354706,0.0994750837664653,-59.8392785814824,-37.9499114215596,3,41.28566458,"Central Corn Belt Plains","Elm / ash / cottonwood group",-0.344058732914449,-1.1393201304596,-0.549623946731344,1.76078437474802,1.40180068103482,-0.125294989352827,-0.392379585009633,-0.545382353489887,-1.62637041884319,"Low"
"17065",7.240624816,0.2975,36,13.07070044,1113.140625,930.377872718856,-0.0514171635272331,-41.7710410552687,-26.872086990985,1,38.08160149,"Interior River Valleys and Hills","Oak / hickory group",0.350271995490617,0.0588115111364788,0.622145961966515,0.414804337795807,0.292043382954138,-0.341504870524903,0.215276944283293,0.185684627585712,0.211625027693828,"Moderate"
"17067",8.668163913,0.328083989501312,31,10.9031873,958.6942149,729.966543360835,-0.0700401818416636,-38.8482281936685,-32.7193040833891,3,40.40411996,"Interior River Valleys and Hills","Oak / hickory group",0.512580813640775,0.252627569114826,0.00364969661745972,-0.238721997893109,0.155077893623842,-0.333723861854308,-0.264048221264512,-0.323383342733297,-0.116588444902067,"Moderate"
"17069",8.466919595,0.212025316455696,49,13.60753998,1205.2,1047.04413013669,0.0366879550465593,-58.4405901806011,-32.9452120898254,1,37.51817985,"Interior Plateau","Oak / hickory group",-0.103340992678881,-1.04657102710085,-0.0202459884725997,0.795244265783169,0.940024310332197,-0.334820773165919,0.500983650794191,0.31176820695206,1.06498005644316,"Moderate"
"17071",6.867000596,0.127490039840637,27,10.5155783,928.8787879,956.598384212881,-0.119065736387167,-34.7454483189754,-34.5052757867615,3,40.81894125,"Interior River Valleys and Hills","Oak / hickory group",-0.551968560995246,0.524688990669732,-0.185263560937128,0.500307462052657,-0.205487131585358,-0.34354136346683,-0.356580540231332,-0.414418235793914,-0.379159222978783,"Moderate"
"17073",23.00115333,0.264150943396226,16,9.703112539,951.8166667,662.836168751375,-0.119073623418541,-37.0750767361388,-19.8798776480402,3,41.35279018,"Central Corn Belt Plains","Elm / ash / cottonwood group",0.173289003669061,0.370207873421005,1.36175512933746,-0.457629121918874,-0.205545137816854,-0.255599826468095,-0.28539272469061,-0.605236131322778,-1.10122886268975,"Low"
"17075",9.480519605,0.418918918918919,17,10.22114286,953.172619,1133.41866455565,-0.040750101036662,-32.1586038203982,-18.3387943629317,3,40.74707768,"Central Corn Belt Plains","Elm / ash / cottonwood group",0.99464055407759,0.69622648795675,1.52476502641647,1.07690515370043,0.370495726665029,-0.329295999460666,-0.281184520302748,-0.483570135759228,-1.03558616817057,"Moderate"
"17077",38.05444837,0.293599530240752,57,13.37686051,1136.032609,1047.0117670573,0.0269724145557531,-45.2114583926182,-28.9420292065367,1,37.78594082,"Interior River Valleys and Hills","Oak / hickory group",0.329572255293976,-0.169327667695645,0.403195389484744,0.795138732205037,0.868570062961326,-0.173549660925573,0.286322325094755,0.257590205711816,1.59012161259659,"Moderate"
"17079",7.452517323,0.227678571428571,32,12.07128123,1055.0375,737.775591141839,-0.118541379208853,-31.6378991988985,-34.0173337750358,0,39.01056535,"Interior River Valleys and Hills","Oak / hickory group",-0.0202693804962571,0.730755184075504,-0.13365092073752,-0.213257277920007,-0.201630676294435,-0.340349919716434,0.0349536205398825,-0.0490416581947413,-0.0509457503828881,"Moderate"
"17081",25.53176256,0.266304347826087,40,12.79420394,1069.129412,1041.79898091204,-0.0232998839024638,-30.9089623180831,-26.6972435629725,3,38.29978663,"Interior River Valleys and Hills","Oak / hickory group",0.184717091819401,0.779092070302741,0.640640231212485,0.778140226985025,0.498835692203986,-0.241806374224371,0.0786879362025886,0.12074591535474,0.474195805770544,"Moderate"
"17083",22.74457272,0.385756676557863,31,11.97832075,960.0754717,1001.29956807026,0.0286465035461445,-49.6741835098682,-37.1548806123761,0,39.08864321,"Interior River Valleys and Hills","Oak / hickory group",0.818648982912514,-0.465257592402766,-0.465528627787874,0.646074674818766,0.880882375277196,-0.256998356256395,-0.259761484241001,-0.0708746067476996,-0.116588444902067,"Moderate"
"17085",13.76844113,0.440092165898617,28,8.354118024,883.1770833,1045.77653287856,-0.027230340573402,-32.8823672845875,-31.7428317110619,2,42.36548674,"Driftless Area","Unknown",1.10700668909502,0.648232658662758,0.106937210311019,0.791110726058201,0.469928620743425,-0.305924061952983,-0.498415997002573,-0.922064614181492,-0.313516528459604,"Low"
"17087",13.91825751,0.264102564102564,53,13.51692807,1201.784314,1033.18150134244,0.0109218177821171,-46.3724004932232,-31.7198984229449,1,37.45929111,"Interior Plateau","Oak / hickory group",0.173032255412694,-0.246311461094301,0.109363005835349,0.750039271494959,0.750523793338058,-0.30510746606834,0.490383053108889,0.290486849870908,1.32755083451987,"Moderate"
"17089",395.3135664,0.248677248677249,26,9.092174292,934.5568182,651.680305865926,-0.102812776109628,-44.6392862857679,-23.6036164707075,4,41.9382986,"Central Corn Belt Plains","Oak / hickory group",0.0911703153224755,-0.131386086251332,0.967872275569822,-0.494007555295518,-0.0859525523945045,1.77374292173125,-0.338958746291475,-0.748722732465387,-0.444801917497963,"Low"
"17091",62.73837976,0.115702479338843,12,9.920730546,957.3271028,752.612476154018,-0.129359846984976,-10.7474935945831,-8.22913180951525,4,41.13782478,"Central Corn Belt Plains","Oak / hickory group",-0.614524984964643,2.1160289787106,2.59412647382194,-0.164875307069819,-0.28119655051218,-0.0390063166671892,-0.268291060144552,-0.554125780440034,-1.36379964076647,"Low"
"17093",153.8232876,0.145454545454545,10,9.556458255,935.2916667,858.937861088085,-0.167501752849728,-27.7683230199655,-29.5195516086274,3,41.59098437,"Central Corn Belt Plains","Elm / ash / cottonwood group",-0.456631172956966,0.987352522516495,0.342107278131305,0.181843810203943,-0.56171631978652,0.457465169930162,-0.336678140489844,-0.639679751209884,-1.49508502980483,"Low"
"17095",26.97599031,0.283687943262411,23,10.06469421,948.5454545,857.303998016061,-0.102161527020477,-30.9127305450263,-26.3081865356779,5,40.93152864,"Interior River Valleys and Hills","Oak / hickory group",0.276971597411262,0.778842193582512,0.68179319587701,0.176515905090506,-0.0811628535033018,-0.23393440163274,-0.295544947253063,-0.520314086808424,-0.6417300010555,"Low"
"17097",608.9726813,0.607655502392344,25,9.081272732,900.4227273,700.722414166281,-0.0831838932693927,-34.8541964791418,-38.4616509885517,8,42.32247984,"Southeastern Wisconsin Till Plains","White / red / jack pine group",1.99626304691673,0.517477738799056,-0.603753801329547,-0.33408491302446,0.0584107026819646,2.93832288250598,-0.444894059134763,-0.751283102190532,-0.510444612017142,"Low"
"17099",37.0733944,0.422077922077922,24,9.715645832,916.7880435,901.550908876328,-0.0829801613560797,-57.5380745032165,-35.6297817635038,3,41.34382155,"Central Corn Belt Plains","Oak / hickory group",1.01140534106682,-0.986723873301689,-0.304209503252371,0.320801767634769,0.0599090764003371,-0.178897037724524,-0.394104222765448,-0.602292528393144,-0.576087306536321,"Low"
"17101",16.42221588,0.253731343283582,33,12.53110258,1113.903846,923.797234214863,-0.0591960500635416,-46.2162358251987,-27.493564708637,0,38.71938596,"Interior River Valleys and Hills","Oak / hickory group",0.117992326961533,-0.235955950226789,0.556408425410064,0.393345368476138,0.234832517191053,-0.291459278198232,0.217645604273109,0.0589532217596414,0.0146969441362909,"Moderate"
"17103",18.22086041,0.373333333333333,18,8.977461646,933.0353982,766.182709711234,-0.0421932022493801,-80.1441762313089,-53.6222682350397,2,41.74409725,"Central Corn Belt Plains","Elm / ash / cottonwood group",0.752718468642598,-2.48576802380457,-2.20738592224401,-0.120623791751305,0.359882244982529,-0.281655505599177,-0.343680480470311,-0.775664453275044,-0.969943473651395,"Low"
"17105",13.22871375,0.217391304347826,7,10.17414088,916.7678571,472.179989094626,-0.165336138649173,-18.4518953316459,-17.6761068946378,3,40.89167304,"Central Corn Belt Plains","Oak / hickory group",-0.0748637675953998,1.60513866706009,1.5948615728173,-1.07934464502154,-0.545789019298939,-0.308865924233577,-0.394166871353496,-0.494609147296466,-1.69201311336236,"Low"
"17107",18.00283076,0.131578947368421,12,11.04713362,956.6138614,709.858188531225,-0.119608758212859,-11.6599464289695,-24.9576880161078,2,40.12411008,"Central Corn Belt Plains","Oak / hickory group",-0.530268784112592,2.05552287728503,0.824643765218554,-0.304293837023279,-0.209480858532149,-0.282843907794719,-0.270504608208954,-0.289575722560213,-1.36379964076647,"Moderate"
"17109",19.72496811,0.321022727272727,27,10.69621972,944.8977273,858.612952782981,-0.0297001035164492,-39.9094706061717,-31.5844327474638,4,40.45671459,"Interior River Valleys and Hills","Oak / hickory group",0.475106790609188,0.182255009977327,0.123692046991849,0.180784308554263,0.45176441748094,-0.273457148664642,-0.30686568590203,-0.371992305663246,-0.379159222978783,"Moderate"
"17111",196.630207,0.361581920903955,28,8.530088524,914.3125,1008.10534659453,-0.100765979272375,-20.9946897257412,-20.8451656739772,5,42.32443657,"Central Corn Belt Plains","White / red / jack pine group",0.690353882004037,1.43652219756667,1.25965065303816,0.668267808883212,-0.0708991101629179,0.690790486002315,-0.40178708374739,-0.880735708894661,-0.313516528459604,"Low"
"17113",56.1783438,0.221052631578947,20,10.4348102,949.5111111,818.68446910906,0.0206155995261827,-9.88565785614456,-9.56057081289721,4,40.48982909,"Central Corn Belt Plains","Oak / hickory group",-0.0554331535573344,2.17317858539379,2.45329194722269,0.050580513645959,0.821818013083749,-0.0747627430876266,-0.292548027419461,-0.433387649162049,-0.838658084613037,"Moderate"
"17115",69.62100561,0.358333333333333,19,11.28119242,994.702381,977.973904688201,-0.0804311871785337,-43.909605759377,-18.6587662673609,2,39.86060259,"Central Corn Belt Plains","Oak / hickory group",0.673113671755392,-0.0829998877824978,1.49091962187981,0.570011433452017,0.0786558493252905,-0.00149156731436325,-0.152296707158226,-0.234604042780083,-0.904300779132216,"Moderate"
"17117",20.24212338,0.211594202898551,39,11.74507687,970.6879433,848.009620363716,-0.0679677159211831,-42.1106927176164,-25.76203683078,0,39.26067546,"Interior River Valleys and Hills","Oak / hickory group",-0.105628906489004,0.0362887054013269,0.739562823284833,0.14620763564734,0.170320122575473,-0.270638318939859,-0.226825628346081,-0.125654892223123,0.408553111251365,"Moderate"
"17119",142.6785434,0.222021660649819,38,12.38144829,973.3362069,893.182135722825,-0.177171215364209,-43.2383629997936,-31.5543797525394,4,38.83091187,"Interior River Valleys and Hills","Elm / ash / cottonwood group",-0.0502905293996968,-0.0384887843457437,0.126870937877813,0.293511825141298,-0.632831680492073,0.396719127013364,-0.218606729715402,0.0238050123883096,0.342910416732186,"Moderate"
"17121",25.30505772,0.261343012704174,36,12.41499817,1039.522222,791.397467421941,-0.0312230047213713,-52.8666117406573,-31.9151448355813,1,38.64969187,"Interior River Valleys and Hills","Oak / hickory group",0.158387353508118,-0.676952245590921,0.0887105868931331,-0.0384003552582294,0.440564036038356,-0.243042061799872,-0.0131981182480568,0.0316846275107566,0.211625027693828,"Moderate"
"17123",11.54072783,0.5,21,10.03227365,929,1065.08856370886,-0.00415638537695862,-39.0069723783783,-22.6131743682496,2,41.03245462,"Interior River Valleys and Hills","Oak / hickory group",1.42493675346789,0.242101006668198,1.07263745389892,0.854085812265483,0.639629123148953,-0.318066536046567,-0.356204357904652,-0.5279284667959,-0.773015390093858,"Low"
"17125",9.65413176,0.353448275862069,21,11.14877603,931.7526882,793.058382339077,-0.287990614736275,-25.3541401094802,-27.0120199534719,4,40.23973635,"Central Corn Belt Plains","White / red / jack pine group",0.647188737903239,1.14744057368676,0.607344388272627,-0.0329842361038684,-1.44786783660879,-0.328349701256845,-0.347661377033085,-0.26570371255845,-0.773015390093858,"Moderate"
"17127",22.85996259,0.23963133640553,44,13.98772387,1232.685714,783.908677587693,-0.0417131121271923,-50.2635463588528,-32.5407540766186,0,37.22069643,"Interior River Valleys and Hills","Oak / hickory group",0.0431637813858309,-0.504339117467133,0.0225360335911735,-0.0628207380519461,0.36341313226395,-0.256369407052232,0.586285694426798,0.401059218692032,0.736766583847261,"Moderate"
"17129",15.05767105,0.323809523809524,20,11.20314631,926.0816327,859.032133830994,0.098080604232806,-55.0811674143028,-42.0257954731156,2,40.02744783,"Central Corn Belt Plains","Oak / hickory group",0.489896282094367,-0.823802718461963,-0.980755376272073,0.182151226558228,1.39154479402102,-0.298896927489911,-0.365261524648094,-0.252934162250083,-0.838658084613037,"Moderate"
"17131",10.66521269,0.379310344827586,17,10.01099624,924.2045455,865.184134963517,0.0547168655430466,-29.4317069045981,-24.0581621388738,2,41.20585242,"Interior River Valleys and Hills","Oak / hickory group",0.784438387708765,0.877051068851858,0.919792172890436,0.202212441511348,1.07262035392466,-0.322838658162097,-0.371087073667363,-0.532925736580546,-1.03558616817057,"Low"
"17133",34.51335905,0.105022831050228,37,12.91504646,1008.606557,853.150614840127,0.172082575201473,-56.6705955600048,-48.0610189520593,1,38.27798806,"Interior River Valleys and Hills","Oak / hickory group",-0.671201733820776,-0.929200057336111,-1.61913823828736,0.162972033611908,1.93580222823489,-0.192850881298575,-0.109145031061057,0.149127314871716,0.277267722213007,"Moderate"
"17135",15.68956237,0.346534653465347,28,11.79404888,992.1926606,814.195161587997,0.0282721952853739,-43.4504149036214,-30.9192641922997,0,39.23195655,"Interior River Valleys and Hills","Oak / hickory group",0.61049823746018,-0.0525502607497466,0.194051033274582,0.035941218036179,0.878129474902443,-0.295452712301601,-0.160085636311256,-0.114153194137388,-0.313516528459604,"Moderate"
"17137",23.08139457,0.288135593220339,29,11.39014813,957.6888889,1296.83335463708,0.0738876737293361,-55.1163574893753,-31.5961605676573,0,39.71665349,"Interior River Valleys and Hills","Unknown",0.300575215513012,-0.826136224558135,0.122451523016813,1.60978821948696,1.21361463743765,-0.255162459964094,-0.267168255268977,-0.209014411455234,-0.247873833940425,"Moderate"
"17139",16.72973466,0.510204081632653,10,11.41660256,1006.423077,857.937533696276,0.140525846268793,-29.7801444080349,-20.8298450711405,0,39.64182799,"Central Corn Belt Plains","Oak / hickory group",1.47908967652041,0.853945660956888,1.26127120782305,0.178581817496484,1.70371402711988,-0.289783102534407,-0.115921471586885,-0.20280125281849,-1.49508502980483,"Moderate"
"17141",25.8501218,0.310810810810811,22,8.602706627,920.304,889.665532490636,-0.0724172976182809,-24.7729111550341,-25.9270923851636,3,42.04019098,"Central Corn Belt Plains","Oak / hickory group",0.420912288223859,1.18598272813449,0.722103877884295,0.282044445369076,0.137595076389706,-0.240071111062745,-0.383192435108291,-0.863680425759156,-0.707372695574679,"Low"
"17143",113.0177969,0.352112676056338,36,10.28514479,940.010101,910.285443112658,0.0429043054490135,-45.6714711698145,-28.614170372989,4,40.78779402,"Interior River Valleys and Hills","Oak / hickory group",0.640100727819386,-0.199831797558769,0.437875043225387,0.349284429626501,0.985743294244756,0.235048930955095,-0.322034457282772,-0.468538470206511,0.211625027693828,"Moderate"
"17145",18.42760296,0.172727272727273,32,13.11863494,1077.666667,1047.3987339886,0.103218160857224,-36.4851926751046,-26.2486332423609,1,38.08491903,"Interior River Valleys and Hills","Oak / hickory group",-0.311895178616589,0.409323960829801,0.688092515523214,0.796400602387004,1.42932964420722,-0.280528625377464,0.105183347546557,0.196942653280198,-0.0509457503828881,"Moderate"
"17147",14.42823221,0.217391304347826,3,11.00187038,993.7222222,1225.66997627431,-0.0964100290613796,-58.5906929769142,-46.3610641589341,3,40.01344055,"Central Corn Belt Plains","Elm / ash / cottonwood group",-0.0748637675953998,-1.05652456626004,-1.43932352058583,1.37772977226424,-0.0388626893167282,-0.302327775080665,-0.155338634638243,-0.300206368940913,-1.95458389143908,"Moderate"
"17149",7.23159348,0.308747855917667,41,11.55767062,951.2755906,968.510455930655,-0.0201742093238582,-44.8695115037912,-35.697263429728,0,39.62275461,"Interior River Valleys and Hills","Oak / hickory group",0.409964214540113,-0.146652662086794,-0.311347455868055,0.539151835796984,0.521823885681423,-0.341554097130235,-0.287071956930703,-0.169669628536369,0.539838500289723,"Moderate"
"17151",4.372164518,0.227288309907439,56,13.60264152,1225.54717,1173.97461534975,-0.006914622386611,-40.7198687879809,-28.150580070075,1,37.4135802,"Interior Plateau","Oak / hickory group",-0.0223404931044308,0.128516304001781,0.486911852783361,1.20915507189493,0.619343298620539,-0.35713982896275,0.564131189298742,0.310617741451357,1.52447891807741,"Moderate"
"17153",10.49020257,0.301234567901235,33,13.91898435,1207.25,822.769088237759,-0.076071640983814,-27.3402913123567,-22.2054719117483,1,37.2263248,"Interior River Valleys and Hills","Elm / ash / cottonwood group",0.370091296773236,1.01573594019896,1.11576266076823,0.06390015071645,0.110718717316734,-0.323792576176689,0.507345835507561,0.384914869999824,0.0146969441362909,"Moderate"
"17155",13.79478946,0.181818181818182,15,9.917586162,905.6206897,520.182749525877,-0.0641048123741306,-51.1268591938372,-34.6868814290511,3,41.20209083,"Interior River Valleys and Hills","Elm / ash / cottonwood group",-0.263649847169798,-0.561586672614123,-0.204473111351862,-0.922811238312052,0.198730365513795,-0.305780446562962,-0.428762158197227,-0.55486427892996,-1.16687155720893,"Low"
"17157",21.4555943,0.292332268370607,41,13.11562963,1059.8,928.531162192311,-0.0134164036888569,-33.3907088009482,-25.2815077355834,0,38.05088581,"Interior River Valleys and Hills","Oak / hickory group",0.322846913708923,0.61452377839123,0.790391353519626,0.4087823530739,0.57152507482109,-0.264024119882279,0.0497340618556981,0.196236818084256,0.539838500289723,"Moderate"
"17159",16.81208294,0.28698224852071,30,12.48953595,1105.372549,1109.50349565292,-0.0705547474598072,-36.0756180480247,-25.9696141290211,0,38.71253489,"Interior River Valleys and Hills","Oak / hickory group",0.294454430809352,0.436483462114162,0.717606090414397,0.99891957898044,0.151293451677233,-0.289334251303617,0.19116868361037,0.0491907711536435,-0.182231139421246,"Moderate"
"17161",128.9737516,0.327868852459016,27,9.832037012,925.8472222,869.733872759696,-0.0211152266355119,-40.2907759452088,-26.5019128717645,3,41.46603918,"Interior River Valleys and Hills","Oak / hickory group",0.511439084270449,0.156970087131529,0.661301564819738,0.217048795722495,0.514903047480934,0.322019173752115,-0.365989018745535,-0.574956582570165,-0.379159222978783,"Low"
"17163",153.3266627,0.221917808219178,35,12.84598013,984.0550459,761.852752316834,-0.126988303042056,-41.6312912828773,-27.0454158130747,4,38.47113798,"Interior River Valleys and Hills","Oak / hickory group",-0.0508416728428581,0.0680785259167007,0.603811901943483,-0.1347434585322,-0.263754712077287,0.454758243961511,-0.185340762090588,0.132906210703239,0.145982333174649,"Moderate"
"17165",24.11676149,0.206299212598425,45,13.44831249,1162.84375,795.094238485194,0.0562420189789172,-36.4992838076308,-29.087388678508,1,37.75321689,"Interior River Valleys and Hills","Oak / hickory group",-0.133729348313087,0.408389556922332,0.387819820367573,-0.026345461682165,1.08383729970224,-0.249519042562289,0.36953082822558,0.274371610060706,0.80240927836644,"Moderate"
"17167",87.14215519,0.258620689655172,25,11.46643661,943.5373134,1084.15706186549,-0.0429107314360695,-38.3568774544243,-36.0672542787092,2,39.75743522,"Central Corn Belt Plains","Elm / ash / cottonwood group",0.14394002194964,0.285209765743357,-0.350483673096158,0.916266756662749,0.35460508021233,0.0940099969421149,-0.311087736886632,-0.191097093698017,-0.510444612017142,"Moderate"
"17169",6.089513012,0.290540540540541,37,11.03003566,954.7714286,687.380809702565,-0.143238317000234,-35.8913195193891,-27.5922784405468,2,40.15726098,"Interior River Valleys and Hills","Oak / hickory group",0.313338238376286,0.448704571026282,0.545966864311847,-0.377590885991723,-0.383267622166699,-0.347779172186113,-0.276222607133622,-0.293591395468104,0.277267722213007,"Moderate"
"17171",7.670019373,0.404761904761905,11,11.57049147,945.6410256,482.951155828407,0.0750033564059307,-12.0206413867695,-21.556677273489,0,39.64290875,"Interior River Valleys and Hills","Unknown",0.919509471644364,2.03160465940255,1.18438967673163,-1.04422067698455,1.22182007552277,-0.339164393281131,-0.304558856106062,-0.166658489195703,-1.42944233528565,"Moderate"
"17173",11.00668871,0.321321321321321,31,11.62244155,1007.022901,1059.21988161314,0.0414063595245246,-42.1545256547836,-28.3083248854569,1,39.39113599,"Central Corn Belt Plains","Oak / hickory group",0.476691425181858,0.0333820782946201,0.470226209399498,0.834948479472846,0.974726449763699,-0.320977393641914,-0.114059914960781,-0.154457353573748,-0.116588444902067,"Moderate"
"17175",7.227709032,0.37037037037037,6,9.786698776,941.1052632,595.795593626647,-0.270726884561518,-33.6348970929033,-7.41841554422139,3,41.09267824,"Central Corn Belt Plains","Oak / hickory group",0.736994064319199,0.598331290403718,2.67988094033446,-0.676243416550254,-1.32089941445889,-0.341575269876839,-0.318635616205943,-0.585604842713292,-1.75765580788154,"Low"
"17177",30.57564167,0.0920245398773006,17,8.154511912,874.7857143,1094.704268137,0.0736194093109037,-53.2531097344969,-33.5591282679944,2,42.35138962,"Central Corn Belt Plains","Oak / hickory group",-0.740183489067551,-0.702581501081989,-0.0851836942964789,0.950660406405281,1.21164165074344,-0.214313980376228,-0.524458650454301,-0.968944642922221,-1.03558616817057,"Low"
"17179",79.14964437,0.348484848484849,27,10.660728,949.3301887,942.253002727229,-0.122652000714101,-25.7314525055991,-19.8078719207391,3,40.50752548,"Central Corn Belt Plains","Unknown",0.620847896021373,1.12242042881094,1.36937161983467,0.453528247392443,-0.231862794225698,0.0504456587597554,-0.293109520945113,-0.380327986554911,-0.379159222978783,"Moderate"
"17181",15.71731412,0.204188481675393,45,13.49567204,1193.790323,1189.6419059544,-0.0179901816914911,-46.8289173441709,-31.0184144000245,2,37.47108591,"Interior Plateau","Oak / hickory group",-0.144930968740521,-0.276583770900318,0.183563303433657,1.26024493319084,0.537886610226255,-0.295301447367542,0.465573664163029,0.28549460145061,0.80240927836644,"Moderate"
"17183",32.96778484,0.330555555555556,35,10.7260641,1003.622378,959.156067017603,0.0193244539178967,-54.1548866696069,-32.4223365928907,2,40.18338069,"Interior River Valleys and Hills","Oak / hickory group",0.525697381223535,-0.762379667784706,0.0350617822131771,0.508647874127058,0.812322109302216,-0.201275257453548,-0.124613454203738,-0.364982974244832,0.145982333174649,"Moderate"
"17187",12.08811445,0.390728476821192,24,10.2719451,946.5340909,865.368309362349,-0.138743407352147,-39.9175517648954,-38.2554983260106,1,40.84918762,"Interior River Valleys and Hills","Oak / hickory group",0.845034259587585,0.181719136350828,-0.581947760975911,0.20281302043262,-0.350209205477678,-0.31508292596868,-0.301787223715964,-0.471638584929295,-0.576087306536321,"Moderate"
"17189",9.585520475,0.221739130434783,28,12.78396213,1025.159091,1002.20415769255,0.0264565734441746,-48.9570454061058,-30.9176114727277,2,38.35334878,"Interior River Valleys and Hills","Oak / hickory group",-0.0517899134251928,-0.417703100589972,0.194225851631212,0.649024473829885,0.864776240226948,-0.328723677006166,-0.0577741633623605,0.118340496290433,-0.313516528459604,"Moderate"
"17191",8.821348136,0.387149917627677,38,12.77203483,1095.772727,992.326483851423,-0.061716570417697,-36.3507055127009,-25.7045700100734,1,38.42952448,"Interior River Valleys and Hills","Elm / ash / cottonwood group",0.826042894404344,0.418242004132618,0.745641443836597,0.616814119199733,0.216295011731675,-0.332888909053459,0.161375590547216,0.115539218507921,0.342910416732186,"Moderate"
"17193",10.69579436,0.407272727272727,30,13.21864294,1120.025974,1033.08375637534,-0.202213694993724,-32.8841214910703,-25.115956408406,0,38.08701082,"Interior River Valleys and Hills","Maple / beech / birch group",0.932834372710618,0.648116334627838,0.807902739870548,0.749720532477631,-0.817009960220377,-0.322671968339079,0.236645657529153,0.220430801350048,-0.182231139421246,"Moderate"
"17195",31.37076429,0.482142857142857,19,9.246379205,945.9541284,1182.66514990561,-0.203745588752835,-28.8261975093087,-24.5338735336778,2,41.75514364,"Central Corn Belt Plains","Oak / hickory group",1.33016913812598,0.917203295361355,0.869473240581171,1.2374942542239,-0.828276478610475,-0.209980049338257,-0.303587140082709,-0.71250575152744,-0.904300779132216,"Low"
"17197",318.5834433,0.364161849710983,20,9.762147143,949.703125,546.418395679151,0.137961456640578,-23.1799978642285,-38.9449973414041,5,41.44490291,"Central Corn Belt Plains","Oak / hickory group",0.704045529248497,1.29161117215202,-0.654880330306493,-0.837258761064867,1.68485387919264,1.35551426908584,-0.291952111371005,-0.591371105324889,-0.838658084613037,"Low"
"17199",61.49646879,0.437371663244353,41,13.39317317,1153.545455,1071.30651516946,-0.0290331630098548,-31.1133266097381,-30.299922253564,1,37.73044344,"Interior River Valleys and Hills","Elm / ash / cottonwood group",1.09256901834677,0.765540370869468,0.259562655304093,0.874362086299263,0.456669521009143,-0.0457755323376989,0.340673525635629,0.261421440947928,0.539838500289723,"Moderate"
"17201",213.4531825,0.271186440677966,18,8.483126082,886.597561,842.005937518641,-0.0976108669042277,-46.4381863119899,-37.5459174071698,2,42.33644333,"Central Corn Belt Plains","Oak / hickory group",0.210626292476621,-0.250673816355479,-0.506891004688187,0.12663007552163,-0.0476944125086976,0.782486551284032,-0.487800528253617,-0.891765434430795,-0.969943473651395,"Low"
"17203",28.17972324,0.423645320197044,26,10.2074048,946.0238095,838.31828315514,-0.00276851439565906,-58.6022609083897,-29.7026749605333,1,40.78532646,"Central Corn Belt Plains","Maple / beech / birch group",1.01972350166109,-1.05729165296169,0.322737190196801,0.114604910820682,0.649836406676872,-0.227373280900499,-0.303370884458694,-0.486796693509333,-0.444801917497963,"Moderate"
"18001",40.49142464,0.158415841584158,16,9.953470196,917.9464286,1185.8533192721,0.0816055693440698,-50.394972449685,-30.4562747856491,2,40.74568988,"Eastern Corn Belt Plains","Oak / hickory group",-0.387845749904115,-0.513054176571758,0.24302428232353,1.24789063575738,1.27037693727672,-0.160266568695907,-0.390509169118904,-0.54643645811627,-1.10122886268975,"Low"
"18003",220.582668,0.496515679442509,36,9.740941179,891.9019608,1083.47042371657,-0.019176886389604,-41.478380302211,-29.525973974463,5,41.09188698,"Eastern Corn Belt Plains","Oak / hickory group",1.40644551144996,0.0782182799473846,0.341427944831164,0.914027681083312,0.529158831145371,0.821346844924301,-0.471338298340856,-0.596351595109665,0.211625027693828,"Low"
"18005",79.01561812,0.241477272727273,32,11.55782014,1080.857143,1447.69717325715,-0.0729099538486864,-62.432089326654,-35.2476732499328,3,39.20735008,"Eastern Corn Belt Plains","Oak / hickory group",0.0529601404497688,-1.31125325841153,-0.263791525799687,2.10174383340678,0.133971769977725,0.0497151292663573,0.115085004929763,-0.169634511866709,-0.0509457503828881,"Moderate"
"18009",27.89319995,0.689655172413793,16,9.960405572,951.5,1141.79396244931,-0.0674330981674005,-30.4321997906869,-28.490079371776,2,40.47461826,"Eastern Corn Belt Plains","Oak / hickory group",2.43143418537508,0.810706900956365,0.451000914832475,1.1042163728829,0.174252040646711,-0.228935017604246,-0.2863755012945,-0.544807597041075,-1.10122886268975,"Low"
"18011",61.0585611,0.495934959349593,22,10.36243943,1025.924242,814.66310297832,-0.336904501304898,-30.0219013878213,-41.2366129794607,2,40.05177794,"Eastern Corn Belt Plains","Elm / ash / cottonwood group",1.4033636377803,0.837914396887077,-0.897278669782333,0.0374671398646236,-1.80761158468462,-0.0481624116462734,-0.0553995136083997,-0.450384843003431,-0.707372695574679,"Moderate"
"18013",18.67844179,0.155172413793103,37,11.37454426,1105.142857,1491.96123497723,-0.00736405300410725,-43.9083781782104,-28.1480703617539,3,39.19608266,"Interior Plateau","Oak / hickory group",-0.405058577272465,-0.082918485053748,0.487177320132903,2.24608562362042,0.616037900784052,-0.279161391992926,0.190455833400037,-0.212679178364108,0.277267722213007,"Moderate"
"18015",20.88776014,0.322404371584699,28,10.23654175,955.6323529,1307.04362622685,-0.0647177676451831,-39.6760652975723,-30.6045324735546,2,40.58077457,"Eastern Corn Belt Plains","Oak / hickory group",0.48243915826418,0.197732462337787,0.227342151007086,1.64308315046629,0.194222303650792,-0.267119182239384,-0.273550724489316,-0.479953511004895,-0.313516528459604,"Moderate"
"18017",35.34316068,0.282608695652174,25,10.04296134,952.7246377,809.281223838638,-0.207620834046784,-35.1409505600928,-36.9189905117019,2,40.76128149,"Eastern Corn Belt Plains","Oak / hickory group",0.271244044957668,0.498462650180382,-0.440577074939027,0.0199172350536347,-0.856777490583887,-0.18832792729229,-0.282574832389936,-0.525418327154625,-0.510444612017142,"Low"
"18019",121.5895824,0.299334811529933,35,12.54097414,1157.172414,1055.51395301783,-0.118800770817274,-31.914361141626,-38.581851235346,2,38.48000543,"Eastern Corn Belt Plains","Oak / hickory group",0.360009315435059,0.712422582414806,-0.616468123811756,0.822863723870577,-0.203538406715772,0.281770689706326,0.351929810077491,0.0612716829123529,0.145982333174649,"Moderate"
"18021",28.32168956,0.305555555555556,38,11.47111828,1081.016129,1302.55175543747,-0.0140254425164512,-39.0533145767697,-30.4036846623563,2,39.39546604,"Interior River Valleys and Hills","Oak / hickory group",0.39302271974486,0.239027986726253,0.248587064470459,1.6284354962305,0.567045816967493,-0.226599472905206,0.115578418734076,-0.189997544080245,0.342910416732186,"Moderate"
"18025",13.36896389,0.27859778597786,42,12.46725752,1177.045455,1341.14829864871,0.0590374373331977,-47.6819419087167,-34.4319224109477,2,38.29008153,"Interior Plateau","Oak / hickory group",0.249958201627221,-0.333149095567887,-0.177504521333396,1.75429593304263,1.10439657942331,-0.308101470526015,0.41360588698401,0.0439583991173687,0.605481194808903,"Moderate"
"18027",29.91469009,0.268115942028986,32,12.4082911,1151.492958,1504.38896949066,0.13801182092617,-48.2502918087152,-44.3801507615326,2,38.70177884,"Interior River Valleys and Hills","Oak / hickory group",0.194331197723655,-0.370837220804132,-1.22979007605812,2.286611535122,1.68522429009512,-0.21791659272193,0.334303591470929,0.0301093869972491,-0.0509457503828881,"Moderate"
"18029",62.78638902,0.304906542056075,38,11.54139012,1100.681818,740.50978871018,-0.158940998359513,-34.3321747231657,-28.0865709900216,2,39.14635634,"Interior Plateau","Oak / hickory group",0.38957841389131,0.552093776059419,0.49368248851243,-0.204341264421113,-0.498755101148816,-0.0387446352399597,0.176610977726113,-0.173493310588317,0.342910416732186,"Moderate"
"18031",27.55283338,0.297560975609756,31,11.10591519,1083.842105,1503.35329068584,-0.0697279228693382,-69.9848121851027,-31.3644938066941,2,39.3071195,"Eastern Corn Belt Plains","Elm / ash / cottonwood group",0.35059559222593,-1.81208551854674,0.146956347140308,2.28323426410427,0.157374444173286,-0.230790234906466,0.124348848640197,-0.275770124808651,-0.116588444902067,"Moderate"
"18033",45.96310623,0.471153846153846,16,9.19320003,898.7285714,1205.53366242348,-0.0880458096156163,-45.9060984476083,-32.1189036101998,2,41.39804187,"Eastern Corn Belt Plains","Elm / ash / cottonwood group",1.27185060560788,-0.215390280509774,0.0671577628501615,1.3120667608598,0.0226530859412088,-0.130442375450342,-0.450151879997712,-0.72499555570943,-1.10122886268975,"Low"
"18035",112.7099073,0.329545454545455,15,10.12716929,966.4603175,599.755614635292,-0.0820697647067197,-30.2821306633729,-30.388642412459,3,40.22787045,"Eastern Corn Belt Plains","Oak / hickory group",0.520336788840558,0.820658207474267,0.250178176145791,-0.663330084617768,0.0666047108275252,0.233370734083135,-0.23994608504784,-0.505641021356504,-1.16687155720893,"Low"
"18037",38.43624167,0.274678111587983,38,12.63895072,1166.633803,1274.56339571637,-0.0127192850861504,-53.0396867560843,-37.2892781994036,2,38.36589964,"Interior Plateau","Oak / hickory group",0.229156542715879,-0.688429106687747,-0.479744690631927,1.53716755130411,0.576652127210174,-0.171468641229568,0.381293275669219,0.0842827262130632,0.342910416732186,"Moderate"
"18039",171.0464999,0.181451612903226,33,9.516393476,943.1111111,1134.98407714596,-0.0670682880803504,-41.0664685257718,-42.1887536043838,4,41.59737491,"Southern Michigan/Northern Indiana Drift Plains","Oak / hickory group",-0.265595223437814,0.105532761073828,-0.997992464275625,1.08200984691944,0.176935085427197,0.551342783876735,-0.312410457744126,-0.649089473047515,0.0146969441362909,"Low"
"18041",41.42204108,0.322981366459627,25,10.59662218,1067.366667,905.163932508391,-0.308317387028475,-42.3612475177271,-25.6240216114441,2,39.63684051,"Eastern Corn Belt Plains","Oak / hickory group",0.485501262252421,0.0196740448108361,0.754161545441306,0.332583567109795,-1.59736381338874,-0.15519410896163,0.0732172487427991,-0.395384051992667,-0.510444612017142,"Moderate"
"18043",202.5122076,0.288590604026846,30,12.64605768,1162.615385,977.651049544902,-0.14414593035608,-33.5035366280688,-30.6908506577175,2,38.32097956,"Interior Plateau","Oak / hickory group",0.30298995170191,0.607041997751053,0.218211743551235,0.568958627009216,-0.389942786487932,0.722851182459057,0.368822096366035,0.0859518859683477,-0.182231139421246,"Moderate"
"18045",16.05816945,0.453216374269006,31,10.73452082,1009.53125,1090.984969725,-0.134598891193315,-47.0111242607245,-30.5067072083798,2,40.1235687,"Eastern Corn Belt Plains","Oak / hickory group",1.1766566852037,-0.288666181911563,0.237689733491409,0.938532052832087,-0.319727804764461,-0.29344356600813,-0.10627524195415,-0.362996806222821,-0.116588444902067,"Moderate"
"18047",22.84920483,0.352130325814536,38,10.98599747,1085.742424,1018.36437566043,-0.0687437776952562,-35.7204706669449,-28.7580098525966,2,39.41430627,"Interior Plateau","Oak / hickory group",0.64019439484715,0.460033811952344,0.422660253088277,0.701721734340623,0.164612472030228,-0.2564280437817,0.130246497660843,-0.303934323308358,0.342910416732186,"Moderate"
"18049",21.03374762,0.275590551181102,17,9.79491813,968.7090909,971.240028543351,-0.0850260288561979,-33.779575461626,-23.3452917540062,2,41.04706452,"Southern Michigan/Northern Indiana Drift Plains","Oak / hickory group",0.233998847281351,0.588737453087285,0.99519687631616,0.548052767661895,0.0448624691035216,-0.266323456328923,-0.232967006145737,-0.583674423108955,-1.03558616817057,"Low"
"18051",26.70565169,0.243636363636364,34,12.98543924,1150.797297,933.284843743612,-0.149664593442518,-42.6385130459058,-29.4362478786107,2,38.30840699,"Interior River Valleys and Hills","Oak / hickory group",0.0644184066683821,0.00128815620643904,0.35091882815429,0.424283752596598,-0.43053053533299,-0.235407921447811,0.332144604261228,0.165659952657576,0.08033963865547,"Moderate"
"18053",61.59063538,0.517587939698492,23,9.983073875,975.4857143,1432.13033880015,-0.0109534354303447,-60.2112489421522,-40.1676157845342,2,40.51587911,"Eastern Corn Belt Plains","Oak / hickory group",1.51827571129208,-1.1639860370378,-0.784204234152166,2.05098155208492,0.589639305663612,-0.0452622636960132,-0.211935723314643,-0.539483658382605,-0.6417300010555,"Low"
"18055",22.89990652,0.242081447963801,44,11.83319244,1119.940476,1384.04668250937,-0.0158816427047739,-31.312078037945,-28.7168933322253,2,39.03638045,"Interior River Valleys and Hills","Oak / hickory group",0.0561664902489747,0.752360868740297,0.427009401391123,1.89418435003602,0.553394143388264,-0.256151686874676,0.236380314081044,-0.104959832273727,0.736766583847261,"Moderate"
"18057",323.5215219,0.710144927536232,17,10.52691526,995.1428571,1368.92966781646,-0.0413486108256538,-28.4108701715097,-20.2606417694461,3,40.07302367,"Eastern Corn Belt Plains","Oak / hickory group",2.5401730383611,0.944744267429876,1.32147935654729,1.84488889727664,0.36609390603992,1.38242998192581,-0.1509296874948,-0.41175560685281,-1.03558616817057,"Moderate"
"18059",96.6829472,0.523364485981308,17,10.57539997,1037.62,1042.84101961904,-0.0809729803280546,-38.4794435154342,-36.4845670776883,2,39.82319761,"Eastern Corn Belt Plains","Oak / hickory group",1.54893176419562,0.277082228363537,-0.394625425244582,0.78153823716745,0.0746711588424148,0.146013466066126,-0.0191016732382207,-0.400368357356733,-1.03558616817057,"Moderate"
"18061",32.03322891,0.227178423236515,40,12.67111327,1163.551282,795.076308197705,-0.134541500410074,-38.2390012553013,-28.1061600147188,2,38.19449381,"Interior Plateau","Oak / hickory group",-0.0229236601790653,0.293026311422228,0.491610436384797,-0.0264039310068187,-0.319305716541331,-0.206369189948825,0.371726657140029,0.091836509277457,0.474195805770544,"Moderate"
"18063",158.282579,0.468085106382979,27,10.74109141,1054.048387,1320.02046271714,0.00322932328797321,-32.9668330794414,-27.3286366784922,4,39.76694091,"Eastern Corn Belt Plains","Oak / hickory group",1.25556484519724,0.642631606468254,0.573853881784251,1.68539964239068,0.693948309451828,0.481771183769663,0.0318839036577391,-0.361453619769475,-0.379159222978783,"Moderate"
"18065",47.44827197,0.106666666666667,18,10.17448677,1028.190476,793.564099370879,-0.237872229840862,-68.0940241630532,-21.3728135704671,2,39.93031075,"Eastern Corn Belt Plains","Elm / ash / cottonwood group",-0.66247792046327,-1.68670455908782,1.20383807617622,-0.0313351307376809,-1.07926544382022,-0.122347264413105,-0.0483662456514643,-0.49452791064004,-0.969943473651395,"Low"
"18067",108.6688183,0.595238095238095,15,10.10143945,974.1136364,939.522591825943,-0.153220135811444,-41.0129169911751,-29.8488240261553,2,40.48364181,"Eastern Corn Belt Plains","Maple / beech / birch group",1.93036403529141,0.109083842797391,0.307278100882521,0.444624581931221,-0.456680249207094,0.211344193014153,-0.216193973578513,-0.511684000835481,-1.16687155720893,"Low"
"18069",36.67903095,0.458333333333333,34,9.795312473,948.7857143,865.817564908705,-0.16118421459564,-34.7869940150041,-31.3552973716479,2,40.82899629,"Eastern Corn Belt Plains","Oak / hickory group",1.20381231767009,0.521934033916927,0.147929110874014,0.204278009123321,-0.515253136229237,-0.181046572844272,-0.294799299825357,-0.583581806650529,0.08033963865547,"Low"
"18071",33.37052007,0.25296803652968,52,11.96041463,1139.243902,1158.96624839645,-0.0978506089234907,-47.2664247063798,-39.7336697826317,3,38.91035318,"Eastern Corn Belt Plains","Oak / hickory group",0.113941468354399,-0.305595533300121,-0.738303085400821,1.16021391127749,-0.0494576273875633,-0.199080090734003,0.296288588136096,-0.075080086288501,1.26190814000069,"Moderate"
"18073",23.06418048,0.0303030303030303,13,9.900460181,959.576087,1019.20335543041,-0.281251686222676,-38.538137771052,-24.9327634899692,2,41.0205496,"Central Corn Belt Plains","Oak / hickory group",-1.06773870461632,0.273190125177845,0.82728018628668,0.704457584537059,-1.39830548179374,-0.255256287855623,-0.26131132702365,-0.558886532925334,-1.29815694624729,"Low"
"18075",20.81543736,0.582278481012658,19,9.999030917,941.0857143,1647.2474939812,0.149338548661725,-39.6314136151033,-24.2325735043009,2,40.43770299,"Eastern Corn Belt Plains","Oak / hickory group",1.86158753808125,0.200693381660382,0.901343605572622,2.75246248442359,1.76852823044561,-0.267513388029925,-0.31869628630972,-0.535735944547184,-0.904300779132216,"Low"
"18077",34.43805825,0.210843373493976,37,11.99992288,1157.481481,1083.62939582552,-0.135140103790036,-52.1753418332097,-33.4920285637969,2,38.7857667,"Eastern Corn Belt Plains","Oak / hickory group",-0.109613547972213,-0.631113112261256,-0.078086144163426,0.914546077224746,-0.323708225493799,-0.193261319218583,0.352889000976422,-0.0658010723498102,0.277267722213007,"Moderate"
"18079",28.33658076,0.228009259259259,44,11.77911114,1120.555556,1204.76038708708,-0.183296499990677,-45.3162050172951,-30.9666499215837,2,38.99578434,"Eastern Corn Belt Plains","Oak / hickory group",-0.0185144246565913,-0.176273571810184,0.189038752025256,1.30954516790048,-0.677880908924687,-0.226518306262163,0.238289217775434,-0.117661511961451,0.736766583847261,"Moderate"
"18081",188.1594246,0.327800829875519,30,11.12320744,1049.857143,1042.8837819701,-0.158388634921707,-52.9715901300114,-30.9464180803627,3,39.48991395,"Eastern Corn Belt Plains","Oak / hickory group",0.511078089340914,-0.683913518365117,0.191178798826764,0.781677681991668,-0.49469267006112,0.644619259281001,0.018876358044665,-0.271708820428393,-0.182231139421246,"Moderate"
"18083",27.56992474,0.465437788018433,25,12.54605294,1130.694118,976.163166388575,-0.0645970001081826,-33.2618362066236,-31.1489157004006,2,38.69111096,"Interior River Valleys and Hills","Elm / ash / cottonwood group",1.24151556248354,0.623069511353333,0.169759374892905,0.564106751468035,0.195110504721166,-0.230697075972584,0.269754292981262,0.0624645035508732,-0.510444612017142,"Moderate"
"18085",57.5079939,0.573232323232323,35,9.571908555,958.6707317,1530.83747002425,0.014507606754713,-31.5151234218009,-31.3719814114284,2,41.24485305,"Southern Michigan/Northern Indiana Drift Plains","Oak / hickory group",1.8135797012337,0.738896628040294,0.14616433694274,2.37285811456215,0.776895959921077,-0.067515292577374,-0.264121101486981,-0.636051052164572,0.145982333174649,"Low"
"18087",40.21108663,0.470914127423823,31,9.146206058,921.6181818,1177.82848932961,-0.103632680729509,-27.2664988614669,-25.3428980982863,3,41.64244321,"Southern Michigan/Northern Indiana Drift Plains","Oak / hickory group",1.27057842155364,1.02062922711716,0.783897715698397,1.22172226631618,-0.0919826510374917,-0.161794591634888,-0.379113865665097,-0.736032686466232,-0.116588444902067,"Low"
"18089",376.2344017,0.0759493670886076,16,9.784141973,970.2314815,804.047155008779,0.182053026586459,-30.305504648556,-27.6558317998888,2,41.41849586,"Central Corn Belt Plains","Unknown",-0.825494213385594,0.81910824383241,0.539244432977037,0.00284932859306404,2.00913125201244,1.6697491703374,-0.228242259705202,-0.586205340347975,-1.10122886268975,"Low"
"18091",71.00489023,0.0897832817337461,24,9.63463946,992.5326087,1334.1390881924,-0.111382882318954,-41.4615987132035,-44.4553147273305,5,41.54541779,"Southern Michigan/Northern Indiana Drift Plains","Oak / hickory group",-0.752077815686848,0.0793310920164631,-1.23774063294701,1.73143942268337,-0.148982549506379,0.00605149630466683,-0.159030605772154,-0.621317902964551,-0.576087306536321,"Low"
"18093",39.15815796,0.252598752598753,43,11.88809946,1160.522388,1397.35543014629,-4.98686107837099e-05,-42.1622666699149,-27.4482004666166,3,38.84116701,"Interior Plateau","Oak / hickory group",0.111981683533389,0.0328687600944674,0.561206881466443,1.93758317935184,0.669831052225422,-0.167533731899421,0.362326470259436,-0.0920642217642264,0.671123889328082,"Moderate"
"18095",110.6273354,0.412429378531073,22,10.26125477,994.6428571,807.133760475455,-0.208956856376054,-62.2175482890089,-43.3658312989785,5,40.16129302,"Eastern Corn Belt Plains","Elm / ash / cottonwood group",0.960200651113203,-1.29702672385051,-1.12249924188069,0.0129145178556461,-0.866603446236998,0.222019374218391,-0.152481439863914,-0.474149344608076,-0.707372695574679,"Moderate"
"18097",931.967694,0.392523364485981,25,11.1953597,1023.396825,1036.37014813363,-0.09198325568274,-51.0075759292903,-38.4726780731924,4,39.78152521,"Eastern Corn Belt Plains","Elm / ash / cottonwood group",0.85455970412031,-0.553676822339066,-0.604920204177291,0.76043720987463,-0.00630538997229897,4.69885399486528,-0.0632433642433802,-0.25476294643377,-0.510444612017142,"Moderate"
"18099",40.32829435,0.31858407079646,30,9.667730036,979.5915493,1020.59255365538,-0.0400250887552407,-45.2071886643189,-40.5048887216573,5,41.32472634,"Southern Michigan/Northern Indiana Drift Plains","Oak / hickory group",0.462164873711128,-0.169044535676322,-0.819879675771212,0.708987655907866,0.37582792686044,-0.161155733975929,-0.199193244937757,-0.613546161215845,-0.182231139421246,"Low"
"18101",11.69367084,0.276,40,12.14229766,1174.839286,1567.84275073946,-0.0117018042211328,-44.9396402996938,-29.8324455726273,3,38.70978372,"Interior Plateau","Oak / hickory group",0.236171786618956,-0.151303006606343,0.309010551068511,2.49352956354869,0.584135326883202,-0.317232898012122,0.406759031039176,-0.0323625482912128,0.474195805770544,"Moderate"
"18103",36.85423423,0.560669456066946,18,9.956228327,956.1666667,1063.58493761859,-0.211093405740788,-29.7649311237053,-23.2190188840569,2,40.7692331,"Eastern Corn Belt Plains","Oak / hickory group",1.74690873529899,0.854954476415587,1.00855353765511,0.849182600195745,-0.882316985486024,-0.180091601983116,-0.271892479079315,-0.545788676045595,-0.969943473651395,"Low"
"18105",144.1740054,0.208230452674897,41,11.5025381,1119.368421,1404.45060596736,-0.0723625891656823,-50.1764828230455,-35.424238658107,5,39.16125651,"Interior Plateau","Oak / hickory group",-0.123480283377888,-0.498565805215254,-0.282467939522625,1.9607200163274,0.137997437051879,0.404870359307456,0.234604938678016,-0.182618200582844,0.539838500289723,"Moderate"
"18107",29.29924526,0.353115727002967,40,10.5748264,1026.486111,1267.46544806625,-0.077532942962582,-47.0706588014305,-31.295207212275,3,40.04035801,"Eastern Corn Belt Plains","Oak / hickory group",0.64542390561098,-0.292614005648342,0.154285218158734,1.5140216756016,0.0999713756558925,-0.221271163933721,-0.0536557505046361,-0.400503067550801,0.474195805770544,"Moderate"
"18109",67.06125037,0.348837209302326,38,11.17530954,1063.84127,1401.56938464782,-0.0807900625532754,-40.7420481412729,-29.5345015527237,2,39.47893838,"Interior Plateau","Oak / hickory group",0.622717870108457,0.127045558173322,0.340525930210641,1.95132456938686,0.0760164521835285,-0.0154438841082775,0.0622761624491606,-0.259471980980048,0.342910416732186,"Moderate"
"18111",13.43629493,0.0633802816901408,18,9.965441,971.5692308,691.333446202516,-0.140744172237615,-25.8315215982501,-11.9760900742119,2,40.95591435,"Central Corn Belt Plains","Oak / hickory group",-0.89219817939912,1.11578469878597,2.19778755626333,-0.364701634389042,-0.364924099537609,-0.307734472937549,-0.224090548414089,-0.543624962867218,-0.969943473651395,"Low"
"18113",44.77091779,0.271812080536913,31,9.23484462,931.027027,1338.00885464045,-0.04465633324066,-45.4855938756982,-35.5256624994327,2,41.39681879,"Eastern Corn Belt Plains","Oak / hickory group",0.213946554736356,-0.187505998364913,-0.293196165631895,1.74405844125317,0.341766817300011,-0.136940571267268,-0.349913470005634,-0.715214795207988,-0.116588444902067,"Low"
"18115",26.39754331,0.410852713178295,22,11.88272745,1113,890.086220676489,-0.10020668672412,-33.8626290557269,-33.2025716827619,2,38.95179817,"Interior Plateau","Maple / beech / birch group",0.951833309435405,0.58323004602026,-0.0474685021175539,0.283416278036664,-0.0667857180018214,-0.237087310811858,0.21484051392948,-0.0933259064925748,-0.707372695574679,"Moderate"
"18117",18.94948669,0.288590604026846,37,12.17099738,1177.78125,1307.68842435079,-0.0700143956312467,-32.9845923677536,-24.4662856475399,2,38.54103406,"Interior Plateau","Oak / hickory group",0.30298995170191,0.641453961707485,0.87662242873316,1.64518578885778,0.155267541771531,-0.277684022496389,0.415889430252876,-0.0256220548014602,0.277267722213007,"Moderate"
"18119",20.89769553,0.243445692883895,39,11.38083612,1101.55,1409.79171572716,-0.0950768478421034,-50.5700214892103,-35.1301485198564,2,39.31257535,"Interior Plateau","Oak / hickory group",0.0634065195668737,-0.524661938135772,-0.251360209245212,1.97813697524392,-0.0290576289886377,-0.267065027956746,0.179305384676758,-0.211201455188814,0.408553111251365,"Moderate"
"18121",14.68282075,0.355421686746988,39,11.07653871,1068.231884,1117.09586394326,-0.0761078200134879,-50.4991367209839,-28.9467829937231,2,39.77195232,"Interior River Valleys and Hills","Unknown",0.657661602747838,-0.519961463969654,0.402692552053776,1.0236777233622,0.110452633784026,-0.300940103358513,0.0759024538018955,-0.282669563973627,0.408553111251365,"Moderate"
"18123",19.30914761,0.346830985915493,48,12.87496266,1185,1138.73179760064,0.0210075270761774,-43.161880886089,-33.3600893306023,2,38.07867149,"Interior Plateau","Oak / hickory group",0.612070869760511,-0.0334171418951348,-0.0641301165875238,1.09423088264521,0.824700496887433,-0.275723638544121,0.438292855081966,0.139713125710827,0.999337361923977,"Moderate"
"18125",14.27974742,0.260663507109005,41,12.76183966,1160.346154,1193.03556602642,-0.163982655399014,-44.2847086463614,-30.2732549764872,2,38.40111234,"Interior River Valleys and Hills","Elm / ash / cottonwood group",0.154781226515641,-0.10787351682894,0.262383417902502,1.27131140452529,-0.535834644958087,-0.303137112941092,0.361779527205399,0.113144753439553,0.539838500289723,"Moderate"
"18127",156.5096076,0.225895316804408,28,9.632425699,968.2048193,1142.61491423433,0.0184020666095679,-47.4423476105333,-38.3720234048089,5,41.45980948,"Southern Michigan/Northern Indiana Drift Plains","Oak / hickory group",-0.0297330886399015,-0.317261242124348,-0.594273338240671,1.10689343517055,0.805538287963254,0.472107346285206,-0.234532015445691,-0.621837832831754,-0.313516528459604,"Low"
"18129",24.03088598,0.31404958677686,32,13.31987361,1144.129032,1153.0145690267,-0.0465994689119804,-56.6014404169925,-39.1392803429714,3,38.02617219,"Interior River Valleys and Hills","Oak / hickory group",0.438100428419892,-0.92461427718451,-0.675430843309727,1.14080593059013,0.327475765035334,-0.249987119471219,0.311449612237961,0.244206108987137,-0.0509457503828881,"Moderate"
"18131",11.112765,0.0196078431372549,16,9.909553022,954.1060606,1301.97340819548,0.431334160550795,-78.4651668108011,-34.6935936731028,3,41.04176373,"Southern Michigan/Northern Indiana Drift Plains","Oak / hickory group",-1.12449791808313,-2.37443041766951,-0.205183106861261,1.62654954918837,3.84250283108563,-0.320399209454897,-0.278287579874288,-0.556750963813027,-1.10122886268975,"Low"
"18133",30.06542207,0.362426035502959,32,10.89583118,1085.860759,1371.08761300903,-0.130909557627101,-38.6475238395961,-21.0778236027054,2,39.66429469,"Eastern Corn Belt Plains","Oak / hickory group",0.694833586750919,0.26593657265606,1.23504098697853,1.85192579493525,-0.292594105561274,-0.217095006226834,0.130613750894041,-0.325111020876842,-0.0509457503828881,"Moderate"
"18135",21.07613812,0.758620689655172,15,9.974423817,973.3285714,1160.4472846983,-0.0367400642289062,-32.5078119053044,-27.4099945050553,3,40.15741111,"Eastern Corn Belt Plains","Oak / hickory group",2.79743325152315,0.673069981661087,0.565248161987809,1.165043459739,0.399988080929707,-0.266092400767122,-0.21863042652583,-0.541515234287701,-1.16687155720893,"Low"
"18137",24.61186168,0.313274336283186,37,11.37590142,1124.661972,1064.59195650114,-0.201016293471006,-48.2528178587991,-26.957348582895,2,39.10225551,"Eastern Corn Belt Plains","Oak / hickory group",0.433986184547517,-0.37100472693357,0.61312731679896,0.852466413353367,-0.808203509906314,-0.246820427246393,0.251033499288574,-0.212360432113463,0.277267722213007,"Moderate"
"18139",15.73406732,0.417910447761194,18,10.57968229,1064.671875,1200.08557374846,-0.154804722525364,-43.7103452113571,-33.3088509112843,2,39.61999554,"Eastern Corn Belt Plains","Elm / ash / cottonwood group",0.989288611299103,-0.0697866251630504,-0.0587103125183815,1.29430095171268,-0.468334305010184,-0.295210131623732,0.0648539490022576,-0.399362600154884,-0.969943473651395,"Moderate"
"18141",228.4688932,0.329758713136729,29,9.706390922,983.9259259,1365.295401233,0.072843777708127,-38.7734314005166,-25.847415501147,7,41.617606,"Southern Michigan/Northern Indiana Drift Plains","Oak / hickory group",0.521468549296746,0.257587455458759,0.730531794005784,1.83303782612805,1.20593716395076,0.86433185793615,-0.185741486622388,-0.604466161467029,-0.247873833940425,"Low"
"18143",48.2317155,0.196652719665272,32,12.28417961,1144.307692,923.795767876718,0.01278440851322,-63.9499379826472,-28.895316825372,2,38.6881803,"Eastern Corn Belt Plains","Oak / pine group",-0.184923155687588,-1.41190405510718,0.40813644654477,0.393340586857265,0.764222467022436,-0.11807699194725,0.312004084394494,0.000960228387042197,-0.0509457503828881,"Moderate"
"18145",41.84557597,0.371428571428571,14,11.02437961,1043.277778,561.523490756915,-0.14075717985564,-40.0865116621177,-33.8359948650214,4,39.52300496,"Eastern Corn Belt Plains","Elm / ash / cottonwood group",0.742609923006127,0.170515154848528,-0.11446958424292,-0.788002177277786,-0.365019765811343,-0.152885570681792,-0.00154273240737306,-0.294919790595398,-1.23251425172811,"Moderate"
"18147",19.8109063,0.195652173913043,40,13.15421042,1182.819672,1073.73775600232,0.00269804876468682,-44.4191948299088,-37.9030050568887,2,38.01514285,"Interior River Valleys and Hills","Oak / hickory group",-0.190233038446424,-0.116791495222342,-0.54466237083779,0.882290180573005,0.690040979618282,-0.27298873010929,0.431526196803073,0.205298006270919,0.474195805770544,"Moderate"
"18151",43.25339111,0.404682274247492,23,8.85003006,922.72,1592.18460128911,-0.00730275126022084,-24.2972241382875,-24.0650386098463,3,41.6443262,"Southern Michigan/Northern Indiana Drift Plains","Oak / hickory group",0.919086873582639,1.217526240081,0.919064806085329,2.57290651516394,0.616488752692504,-0.14521207029644,-0.37569436766073,-0.805593378568457,-0.6417300010555,"Low"
"18153",17.82724872,0.221797323135755,42,12.03762308,1082.769231,1030.30048893187,-0.0297907019662604,-46.7910741622065,-28.5441852271141,2,39.08949183,"Interior River Valleys and Hills","Oak / hickory group",-0.0514810855491132,-0.274074333349232,0.445277804345676,0.740644505790917,0.451098099014114,-0.28380094314213,0.121019179097674,-0.0569467019008169,0.605481194808903,"Moderate"
"18155",18.76904183,0.320987654320988,30,11.98450928,1137.944444,762.297293954031,-0.117089146153616,-35.4609905048164,-29.1179851956914,2,38.82545439,"Eastern Corn Belt Plains","Oak / hickory group",0.474920658929227,0.477240326542468,0.384583437775382,-0.133293841546228,-0.190950033249691,-0.278667563348738,0.292255714075967,-0.0694211519343378,-0.182231139421246,"Moderate"
"18157",149.5956257,0.35195530726257,27,10.50788512,954.9459459,905.953453318094,-0.126507725590365,-48.4779026316593,-37.46577004826,4,40.38872204,"Eastern Corn Belt Plains","Oak / hickory group",0.639265573761767,-0.385930432222424,-0.498413323531505,0.335158135340884,-0.260220240665585,0.434421686238978,-0.275680991866169,-0.416225076756317,-0.379159222978783,"Moderate"
"18159",22.45710424,0.117647058823529,7,10.10995551,991.6444444,832.570264552285,0.0664683657051011,-78.4579501254537,-58.9234139952964,2,40.31113761,"Eastern Corn Belt Plains","Elm / ash / cottonwood group",-0.604205127970679,-2.37395186855537,-2.76812085015511,0.0958610526414631,1.15904834013427,-0.258565244855175,-0.16178702788553,-0.509683896061345,-1.69201311336236,"Low"
"18161",17.10259644,0.443396226415094,22,10.60479373,1057.571429,1307.00620232123,-0.0695697584569241,-44.6384129588536,-31.4877281243383,2,39.62552832,"Eastern Corn Belt Plains","Oak / hickory group",1.12454129351617,-0.131328174647726,0.133921092245326,1.64296111391284,0.158537685586422,-0.287750765382163,0.0428176811977188,-0.393464859764444,-0.707372695574679,"Moderate"
"18163",300.3243822,0.274193548387097,17,13.41738456,1150.923077,964.376876284589,0.0209595648011065,-59.5191284790131,-36.5886011682777,2,38.02654262,"Interior River Valleys and Hills","Oak / hickory group",0.226584972370176,-1.11809050209811,-0.405629753539852,0.525672542146145,0.824347751893922,1.25599061118071,0.332534963087202,0.267107793172718,-1.03558616817057,"Moderate"
"18165",23.27607683,0.241379310344828,26,11.14499617,1039.386364,1541.50585759942,-0.00656490077314231,-31.9656418676997,-23.3223215874476,2,39.85213377,"Interior River Valleys and Hills","Oak / hickory group",0.0524402554126274,0.709022081374028,0.997626572701026,2.40764692746032,0.621915373195637,-0.254101316100326,-0.0136197541947835,-0.266591460652235,-0.444801917497963,"Moderate"
"18167",102.6503225,0.290575916230366,39,11.63757008,1051.942029,1145.36527663632,-0.106736383480305,-47.3895507414814,-31.9557027279852,3,39.42938888,"Interior River Valleys and Hills","Oak / hickory group",0.31352597668317,-0.3137602033929,0.0844205281205885,1.11586216098134,-0.114809249756409,0.178539509694336,0.0253468116243325,-0.150904226296739,0.408553111251365,"Moderate"
"18169",29.1988132,0.519721577726218,28,9.80813377,963.5774648,1165.70773590805,-0.155870258912312,-47.4033531043357,-36.8057643452352,2,40.84596676,"Eastern Corn Belt Plains","Oak / hickory group",1.52959889941394,-0.314675458554923,-0.428600444006268,1.18219739716455,-0.476170935473275,-0.221818583427386,-0.248893032061906,-0.580570562326239,-0.313516528459604,"Low"
"18171",8.701553913,0.4,18,10.52290606,979.8363636,1680.72398457178,0.189567631580049,-31.2186278090675,-30.5260869623675,3,40.34698535,"Eastern Corn Belt Plains","Oak / hickory group",0.894238107553187,0.758557692086796,0.235639817219214,2.86162681309436,2.06439842367566,-0.333541864821752,-0.198433462597721,-0.412697218356306,-0.969943473651395,"Moderate"
"18173",62.81282767,0.157647058823529,41,13.13019836,1168.190476,1146.85295395626,0.00052396074611982,-40.8566821702525,-36.2724181737335,2,38.08921058,"Interior River Valleys and Hills","Oak / hickory group",-0.391925669604799,0.119444005607675,-0.372185125402732,1.12071336530548,0.674051357298069,-0.0386005275476933,0.386124417700592,0.199658469226461,0.539838500289723,"Moderate"
"18175",21.00202579,0.334152334152334,36,12.1236495,1166.615385,1143.80908929695,-0.0541397065280511,-53.2567504409667,-38.1624984152849,2,38.60195984,"Interior Plateau","Oak / hickory group",0.544785436533185,-0.7028229217304,-0.572110586033943,1.11078755061474,0.272020074807528,-0.266496360759209,0.381236115318951,-0.0367423053437509,0.211625027693828,"Moderate"
"18177",63.59779194,0.318681318681319,20,10.28203758,1028.387097,762.024991199022,-0.124474334262144,-57.2422354636655,-31.302891544028,2,39.86338487,"Eastern Corn Belt Plains","Oak / hickory group",0.462680966919255,-0.967106347597193,0.153472398929376,-0.134181800436822,-0.245265391050581,-0.034321966068142,-0.0477560314463288,-0.469268237910736,-0.838658084613037,"Moderate"
"18179",29.38087413,0.556756756756757,24,9.877873403,937.0740741,957.932327650196,-0.148038987341464,-48.9649669029345,-32.5278277895646,2,40.72927894,"Eastern Corn Belt Plains","Oak / hickory group",1.7261440930411,-0.418228386799294,0.0239033268079954,0.504657351699102,-0.418574796938176,-0.220826233951365,-0.33114643067849,-0.564191324402864,-0.576087306536321,"Low"
"18181",18.46895059,0.123456790123457,23,10.14712868,948.2658228,1206.85409025288,-0.178745392463996,-58.4013004947576,-31.8718782424305,2,40.74911893,"Central Corn Belt Plains","Oak / hickory group",-0.573372962630679,-1.04396566973109,0.0932871616731101,1.31637257712105,-0.644409177389974,-0.280303254129689,-0.296412785558972,-0.50095330529675,-0.6417300010555,"Low"
"18183",39.00391043,0.558951965065502,24,9.48998104,945.4528302,1074.88207909518,0.0448755065698185,-86.6950659541946,-29.7526416601061,2,41.13576607,"Eastern Corn Belt Plains","Maple / beech / birch group",1.73779403381062,-2.92016724211287,0.317451903779483,0.886021732477363,1.00024075762695,-0.168374480409126,-0.305142921421675,-0.655292768860384,-0.576087306536321,"Low"
"19001",4.780235973,0.107843137254902,13,9.506964001,871.8068182,585.157466281284,-0.0938635861652277,-8.58038293542319,-9.43129668473396,1,41.33077356,"Western Corn Belt Plains","Oak / hickory group",-0.656234406981922,2.25973330226804,2.46696607017925,-0.710933553105296,-0.0201345330407477,-0.354915576375728,-0.533703668615343,-0.651304104927174,-1.29815694624729,"Low"
"19003",3.312706811,0.363636363636364,5,9.808979742,886.7878788,834.781145225294,-0.0555610635206458,-12.3622849831073,-12.046574021561,1,41.02912107,"Western Corn Belt Plains","Elm / ash / cottonwood group",0.701256781766024,2.00894976556871,2.19033203383043,0.1030705689373,0.26156651391225,-0.362914556689382,-0.487209876059547,-0.580371875065231,-1.82329850240072,"Low"
"19005",8.314222695,0.49803536345776,30,7.689877995,823.1517857,948.838758336822,0.00715909277112003,-43.3761388684698,-29.2383645306203,2,43.2837703,"Driftless Area","Oak / hickory group",1.41451045394108,-0.0476249066415598,0.371850172035095,0.47500390321024,0.722850326897485,-0.335653069742152,-0.684704792517778,-1.07806981531613,-0.182231139421246,"Low"
"19007",9.675666736,0.196754563894523,26,10.30561551,927.4204545,769.668078861525,-0.126147436330854,-47.9549524563169,-29.8090433416199,1,40.74328709,"Central Irregular Plains","Oak / hickory group",-0.18438266974201,-0.351252830096211,0.311485949578636,-0.109258263980948,-0.257570444918397,-0.328232321750161,-0.36110648484815,-0.463730661806619,-0.444801917497963,"Moderate"
"19009",4.818417765,0.230769230769231,8,9.103243086,838.4305556,605.388124694692,-0.0837926400216003,2.90896668107374,-3.32516151189904,1,41.68442743,"Western Corn Belt Plains","Oak / hickory group",-0.00386729322553829,3.02160912424089,3.11284970002104,-0.644962891148008,0.0539335929360252,-0.35470746098664,-0.637287057738817,-0.74612308571286,-1.62637041884319,"Low"
"19011",13.78015375,0.512396694214876,28,8.902637924,880.3909091,578.834559111498,-0.109890086953278,-36.2145174161223,-34.3339212263563,1,42.08004602,"Western Corn Belt Plains","Oak / hickory group",1.49072584180442,0.427272838904567,-0.167138330765869,-0.731552079846314,-0.138003585501851,-0.305860220620744,-0.507062901833805,-0.793237754025716,-0.313516528459604,"Low"
"19013",89.95612618,0.272058823529412,18,8.384113637,876.9318182,870.73130082331,-0.104741386219491,-29.5135068679858,-33.7664581015638,1,42.47048206,"Western Corn Belt Plains","Elm / ash / cottonwood group",0.215256016456437,0.871626791897672,-0.107114251300202,0.220301333937849,-0.100136774466609,0.109347953512277,-0.51779820683192,-0.915019763773625,-0.969943473651395,"Low"
"19015",17.85448649,0.211111111111111,20,8.863488598,841.75,730.32858210932,-0.170326986869208,-39.4797498743749,-15.2228437604373,1,42.03652792,"Western Corn Belt Plains","Oak / hickory group",-0.108192668063473,0.21075042936002,1.85435836632487,-0.237541416648363,-0.582494882821645,-0.283652479730527,-0.62698514631513,-0.802432470107657,-0.838658084613037,"Low"
"19017",22.19374065,0.390625,16,7.91856928,891.0779221,780.775757818475,-0.0750012873854511,-25.6217902810173,-19.8022814864014,1,42.77476359,"Western Corn Belt Plains","Elm / ash / cottonwood group",0.844485109498683,1.12969229364937,1.36996295460212,-0.073036954786514,0.118590776608144,-0.260000746258685,-0.47389570635079,-1.02435876455655,-1.10122886268975,"Low"
"19019",14.29327964,0.176470588235294,6,8.298664839,883.3695652,758.460610756376,0.0406104917713128,-7.64751917351172,-15.9260870004191,1,42.47094041,"Western Corn Belt Plains","Oak / hickory group",-0.292029453903206,2.32159288258532,1.77997198547273,-0.145804978114179,0.968873133484866,-0.303063353615429,-0.4978186285139,-0.935088498472996,-1.75765580788154,"Low"
"19021",13.39841703,0.375,7,8.063011752,784.3737374,1029.4776904191,-0.0558662084721135,-64.3482973718843,-38.9189751341885,1,42.73553951,"Western Corn Belt Plains","Oak / hickory group",0.761563446074511,-1.43831985732803,-0.652127800731374,0.737961421462385,0.259322284384641,-0.307940931919263,-0.8050526491561,-0.990434616789261,-1.69201311336236,"Low"
"19023",9.655580177,0.384615384615385,13,8.12193833,851.1388889,447.09085170407,-0.182049352795793,-34.5845757104667,-32.9097330291698,1,42.73180484,"Western Corn Belt Plains","Oak / hickory group",0.81259216202785,0.535356692056805,-0.0164931491018698,-1.16115844305865,-0.668708597383661,-0.328341806450139,-0.597846685127275,-0.976594962068503,-1.29815694624729,"Low"
"19031",12.31011169,0.150684931506849,17,9.314104398,928.4040404,931.485309188139,-0.0139978140832304,-42.0123049596089,-40.2780022780512,1,41.77242387,"Western Corn Belt Plains","Elm / ash / cottonwood group",-0.428873585001277,0.0428129436311744,-0.795880495338694,0.418415605183221,0.567249013990211,-0.313872897849017,-0.358053921347045,-0.696599630404699,-1.03558616817057,"Low"
"19033",28.99129791,0.283783783783784,10,7.633145825,838.1136364,637.422083529529,-0.0284705244553309,-28.7750238673754,-30.5914924666052,1,43.08185544,"Western Corn Belt Plains","Oak / hickory group",0.277480221760426,0.920596695493883,0.228721473079599,-0.540502550497597,0.460807521822725,-0.222949675580423,-0.638270617977653,-1.09139408546736,-1.49508502980483,"Low"
"19035",7.549954738,0.0526315789473684,9,8.189608031,738.3703704,405.142685454737,-0.338104740410478,-27.3307654537265,-9.16470602029611,1,42.7354225,"Western Corn Belt Plains","Elm / ash / cottonwood group",-0.949241399308409,1.01636761402003,2.49516501126969,-1.29794827158587,-1.81643890438293,-0.339818822969208,-0.947824316615087,-0.960701873946249,-1.56072772432401,"Low"
"19037",9.164038957,0.35,4,7.506549841,902.2727273,774.782883626291,-0.485601150231301,-124.310068499417,-32.034015945838,1,43.06012937,"Western Corn Belt Plains","Aspen / birch group",0.628888784595836,-5.41447387732081,0.0761368553914975,-0.0925792687046364,-2.90122105969645,-0.331021023084424,-0.43915257536904,-1.12112675902587,-1.8889411969199,"Low"
"19039",8.403386903,0.119298245614035,22,9.913876273,889.3333333,570.359718995714,0.0374170584232456,-73.193220379874,-30.9445261367122,1,41.02911079,"Central Irregular Plains","Oak / hickory group",-0.595442302031942,-2.02483982685902,0.191378921391669,-0.759187898760142,0.945386599037183,-0.335167067308305,-0.479310045957851,-0.555735593446345,-0.707372695574679,"Low"
"19041",10.98466169,0.13953488372093,7,7.671467781,738.8295455,676.28943767404,-0.020931385490212,-33.3762881252572,-48.0772448870994,0,43.08255447,"Western Corn Belt Plains","Oak / hickory group",-0.488046737619991,0.615480034794961,-1.6208545556509,-0.413759019513833,0.516255131874554,-0.321097455105707,-0.94639926451656,-1.08239368773063,-1.69201311336236,"Low"
"19043",8.692672172,0.487661574618096,35,8.007908085,853.1764706,827.339776352756,-0.0961434003911694,-38.75237174415,-29.3000993203967,1,42.84442205,"Driftless Area","Oak / hickory group",1.35945689703893,0.25898395252259,0.365320102035058,0.0788048223482352,-0.0369017329524998,-0.333590276037863,-0.591523040666796,-1.00337641234249,0.145982333174649,"Low"
"19045",25.96427532,0.333333333333333,21,9.094896373,905.697479,1184.78863251535,-0.0298736474969545,-24.9241537788958,-21.141862405788,2,41.90012186,"Western Corn Belt Plains","Elm / ash / cottonwood group",0.540439010276717,1.17595360531917,1.22826720726109,1.24441877198089,0.450488064968748,-0.239448900763381,-0.428523842240832,-0.748083417194747,-0.773015390093858,"Low"
"19047",9.189273328,0.114285714285714,11,8.95979315,779.8214286,540.194550770541,-0.2290257730375,-47.9002086901697,-40.0059236126484,1,42.03724306,"Western Corn Belt Plains","Elm / ash / cottonwood group",-0.622043737917391,-0.347622689729397,-0.767101054491289,-0.857554253191232,-1.01420298914965,-0.330883479489324,-0.819180761086781,-0.779814123803597,-1.42944233528565,"Low"
"19049",59.3416198,0.293150684931507,25,9.412405727,842.7676768,667.787676310959,-0.115349331969856,-40.878531552891,-34.8759469022111,2,41.68425934,"Western Corn Belt Plains","Oak / hickory group",0.327190239315561,0.117995140622889,-0.224471734151043,-0.441482626598891,-0.178154336172068,-0.0575208489530196,-0.623826781544344,-0.673512315679727,-0.510444612017142,"Low"
"19051",6.901870364,0.323529411764706,29,10.51898115,927.9204545,691.588501190707,-0.112941416578862,-39.0124127640207,-30.285856058631,1,40.74778168,"Central Irregular Plains","Oak / hickory group",0.488409731265474,0.24174024662333,0.261050523617557,-0.36386991917431,-0.160444999037502,-0.343351300744401,-0.359554732479036,-0.41361903328352,-0.247873833940425,"Moderate"
"19053",5.740545597,0.236994219653179,29,10.19855494,909.1590909,598.749910270479,-0.100807612837296,-32.1983853582606,-26.3469840683033,1,40.73745879,"Central Irregular Plains","Oak / hickory group",0.0291686384899144,0.693588515149765,0.677689341230542,-0.666609611231498,-0.0712053098076635,-0.3496812696401,-0.417780713307272,-0.488875195449952,-0.247873833940425,"Low"
"19055",11.4336823,0.271317829457364,20,8.291471358,880.3870968,949.520584057912,-0.0483529674049046,-34.047261007173,-31.0705536451396,1,42.47106585,"Western Corn Belt Plains","Oak / hickory group",0.21132357094977,0.570986827346813,0.17804821345629,0.477227285822938,0.314579424868112,-0.318650003216629,-0.507074733324918,-0.936777978783227,-0.838658084613037,"Low"
"19057",36.39650306,0.281842818428184,24,10.43927313,908.1805556,994.44844311722,-0.0695349301812573,-36.3780721037133,-24.692541746258,2,40.92012008,"Western Corn Belt Plains","Oak / hickory group",0.267179544900583,0.416427284873641,0.852689923772573,0.623733669446217,0.158793834817374,-0.182586532041463,-0.420817602247346,-0.432339473409455,-0.576087306536321,"Moderate"
"19061",61.69072788,0.461538461538462,25,8.342985389,865.8834951,788.896029845864,-0.125916787819839,-42.0523406097428,-29.566982202246,2,42.46812062,"Driftless Area","Oak / hickory group",1.22082188965454,0.0401581202623923,0.337090251304218,-0.0465573558543774,-0.255874109467232,-0.0447166950233245,-0.552086729922254,-0.924679254803118,-0.510444612017142,"Low"
"19063",9.091535707,0.542168674698795,5,7.397007559,744.5909091,400.261289361726,-0.0604739049715035,-29.1728133253436,-29.4588033109628,0,43.37796143,"Western Corn Belt Plains","Elm / ash / cottonwood group",1.64872533909457,0.894218686261185,0.34853300076792,-1.3138661386642,0.225434361650042,-0.331416212552847,-0.9285188452853,-1.14685415422951,-1.82329850240072,"Low"
"19065",10.357106,0.356807511737089,21,7.685001369,887.5702479,569.296233732441,-0.211292181653126,-63.9713261727104,-40.4407537072795,2,42.86270331,"Western Corn Belt Plains","Oak / hickory group",0.665016157205051,-1.41332233772794,-0.813095719190856,-0.762655844556382,-0.883778909629617,-0.324518038314555,-0.484781789850654,-1.07921515282482,-0.773015390093858,"Low"
"19067",12.11981511,0.308900523560209,16,7.734789689,860.4880952,580.450832548669,-0.0680967760596904,-24.0804953712745,-25.4443028822518,1,43.06011921,"Western Corn Belt Plains","Elm / ash / cottonwood group",0.410774419651833,1.23189784622276,0.773171505403817,-0.726281533214797,0.169370932453591,-0.314910136928546,-0.568831379076544,-1.06752173397524,-1.10122886268975,"Low"
"19069",6.694788631,0.775510204081633,6,7.939880501,860.3737374,480.155841581906,-0.233225556466796,-26.5248455276813,-32.79148417831,1,42.73278178,"Western Corn Belt Plains","Elm / ash / cottonwood group",2.88706567588595,1.06980936021064,-0.0039852378198323,-1.05333598739373,-1.04509086042608,-0.344480029732196,-0.569186289050698,-1.01935355382943,-1.75765580788154,"Low"
"19071",5.208025633,0.308080808080808,21,10.67261765,854.1882353,499.274026109159,-0.146130610744655,-21.9412467965903,-16.6382053823206,2,40.74543675,"Western Corn Belt Plains","Oak / hickory group",0.406424200702299,1.37375459361441,1.70464682604524,-0.990993019463008,-0.404539384955259,-0.352583846855573,-0.588383024126373,-0.377535551352741,-0.773015390093858,"Moderate"
"19073",6.048857064,0.220095693779904,16,9.039698872,823.3863636,735.315900831837,-0.0936382493764087,-38.573483798156,-26.4191868510946,1,42.03613762,"Western Corn Belt Plains","Oak / hickory group",-0.0605116094991015,0.27084627767105,0.670052006957074,-0.22127814380805,-0.0184772633638556,-0.348000773320936,-0.683976778893644,-0.761047250853791,-1.10122886268975,"Low"
"19077",6.996341052,0.354929577464789,24,9.234265963,856.8080808,731.966150837581,-0.138489011575199,-29.7482746457809,-26.4399139349202,1,41.68513098,"Western Corn Belt Plains","Oak / hickory group",0.655049985450787,0.856058992183094,0.667859575286568,-0.232201427667463,-0.348338217569867,-0.342836374572508,-0.580252321203695,-0.715350700148569,-0.576087306536321,"Low"
"19079",9.978438265,0.75,11,8.388098478,829.5113636,357.812715772489,-0.276032326128727,-34.9505833245716,-41.962615706231,2,42.38384403,"Western Corn Belt Plains","Elm / ash / cottonwood group",2.75168336825464,0.511086184051365,-0.974072462118858,-1.45228775804998,-1.35991899700438,-0.326582021665695,-0.664967812371992,-0.914083873290436,-1.42944233528565,"Low"
"19083",11.47780437,0.622222222222222,16,8.274092761,863.4431818,694.610110107928,0.181591842135016,-49.4736545680017,-33.9286527037821,1,42.38355617,"Western Corn Belt Plains","Oak / hickory group",2.07356843180808,-0.451960220705197,-0.124270576120451,-0.354016678791733,2.00573940902561,-0.318409509481672,-0.559660253811567,-0.940859562852324,-1.10122886268975,"Low"
"19085",7.780502528,0.230483271375465,16,9.686451809,789.677686,537.023749467215,-0.0815141173851235,-41.7192860227503,-31.6839067896496,1,41.68339134,"Western Corn Belt Plains","Oak / hickory group",-0.00538487585612031,0.0622434641414223,0.113170063179923,-0.867893998771475,0.0706912936795927,-0.338562188837963,-0.788591819544677,-0.609149115215984,-1.10122886268975,"Low"
"19087",17.68225157,0.220779220779221,32,10.37045057,933.25,877.287667180193,-0.0879909733820645,-42.4519507516343,-31.2071033801918,1,40.98761406,"Western Corn Belt Plains","Oak / hickory group",-0.0568841409692649,0.0136593787770496,0.163604504623604,0.2416811536036,0.0230563863855643,-0.284591271115446,-0.343014462767179,-0.448503325099581,-0.0509457503828881,"Moderate"
"19089",7.506713448,0.333333333333333,13,7.083259725,877.8571429,727.264713799604,-0.0691754309943557,-49.1173675749339,-32.0279948113903,1,43.35677628,"Western Corn Belt Plains","Elm / ash / cottonwood group",0.540439010276717,-0.428334301505035,0.0767737479696616,-0.247532461744945,0.161437819869446,-0.340054515885167,-0.514926457241069,-1.22054181503251,-1.29815694624729,"Low"
"19091",8.460309095,0.446808510638298,6,7.957376968,799.4761905,1139.49796508,0.0898354770048826,1.69990034683378,-4.18379959964819,0,42.77659135,"Western Corn Belt Plains","Elm / ash / cottonwood group",1.14265023968347,2.94143414149895,3.02202624637346,1.09672929741505,1.33090489847369,-0.3348568046539,-0.758182114401369,-1.01524428649487,-1.75765580788154,"Low"
"19093",6.139863959,0.15,3,8.618133848,771.3333333,794.01804087496,-0.00334913883922794,2.59229007884846,-8.79657847979385,0,42.38693498,"Western Corn Belt Plains","Oak / hickory group",-0.432508507233568,3.00060982883486,2.53410413485184,-0.0298548614897824,0.645566126226741,-0.347504727054625,-0.84552360506887,-0.860057147109905,-1.95458389143908,"Low"
"19095",10.63590472,0.303370786516854,20,9.471616196,904.6161616,764.71789534863,-0.132528836211944,-25.9608477823868,-26.8168303876677,1,41.6863346,"Western Corn Belt Plains","Oak / hickory group",0.381428180040104,1.10720888761035,0.627990794174305,-0.12540044168384,-0.304503307388308,-0.322998405498732,-0.431879715915261,-0.659605985554565,-0.838658084613037,"Low"
"19097",11.74495982,0.330357142857143,28,8.674314114,886.2788462,851.319793860424,-0.0473075645941612,-47.0460275662702,-35.8169677591482,1,42.17204006,"Western Corn Belt Plains","Oak / hickory group",0.524644407719734,-0.290980671894879,-0.324009322106729,0.157001863512241,0.322267980240997,-0.316953339995865,-0.488789661145561,-0.84686249861767,-0.313516528459604,"Low"
"19099",19.57505854,0.252336448598131,19,9.322079409,884.9285714,605.381842491266,-0.138696704995258,-40.0145261610844,-43.8853072061525,2,41.68584481,"Western Corn Belt Plains","Oak / hickory group",0.110589639753908,0.175288620240435,-1.17744741696099,-0.644983376942889,-0.349865726721647,-0.274274252494881,-0.492980245385272,-0.694726597855036,-0.904300779132216,"Low"
"19101",16.09305097,0.235955056179775,23,10.35219187,926.2121212,914.494724409249,0.0276713411763654,-39.6772248327662,-31.2455345479202,2,41.03200931,"Western Corn Belt Plains","Oak / hickory group",0.0236538120077192,0.197655571838459,0.159539402655029,0.3630105806902,0.873710412660921,-0.293253439229722,-0.36485655297006,-0.452791612528216,-0.6417300010555,"Moderate"
"19103",94.99439967,0.247422680412371,26,9.699620647,913.9428571,741.700039309435,-0.154394228174492,-55.952813141191,-28.1573589919994,2,41.67166941,"Western Corn Belt Plains","Oak / hickory group",0.0845123385286924,-0.881602840036168,0.486194804343552,-0.200459946358035,-0.465315269175862,0.136809793116465,-0.402934272238993,-0.606056246476965,-0.444801917497963,"Low"
"19105",13.80090035,0.225806451612903,18,8.740380666,891.4886364,980.634530622549,-0.205489041303515,-30.6640148207675,-32.2128426808563,1,42.12119789,"Western Corn Belt Plains","Elm / ash / cottonwood group",-0.0302046950079081,0.795334902324281,0.0572212471618897,0.578687535362439,-0.841098934546257,-0.305747138271669,-0.472621052574682,-0.831345930384724,-0.969943473651395,"Low"
"19107",6.77507673,0.267326732673267,20,9.983344663,895.7272727,839.893512826849,-0.0691459127655818,-40.0054515258353,-28.1654119068884,2,41.33647625,"Western Corn Belt Plains","Elm / ash / cottonwood group",0.190142874359422,0.175890372769542,0.485342997799462,0.119741616806906,0.161654915647365,-0.344042407816427,-0.459466424734003,-0.53942006038405,-0.838658084613037,"Low"
"19109",5.899906852,0.346938775510204,7,7.593589317,769.5833333,623.610359414682,-0.0282867328338678,-18.3702412488607,-15.9062458145952,0,43.20375658,"Western Corn Belt Plains","Unknown",0.612642907680079,1.61055327045506,1.78207071024013,-0.585541548438663,0.462159241986636,-0.348812648031404,-0.850954738360771,-1.10068443340982,-1.69201311336236,"Low"
"19111",25.32435857,0.213953488372093,34,10.74210482,939.2247191,924.012262518604,-0.0338277204866884,-36.8171190306146,-31.5950760051688,1,40.64176044,"Central Irregular Plains","Oak / hickory group",-0.0931082104276541,0.387313431654544,0.122566243889679,0.394046559670585,0.421407304119849,-0.242936859720633,-0.324471893730741,-0.361215607569096,0.08033963865547,"Moderate"
"19113",121.4754856,0.188679245283019,17,9.008440963,896.3818182,808.107505442962,-0.154062286191055,-34.4819020864698,-32.8083346594456,1,42.07916777,"Western Corn Belt Plains","Elm / ash / cottonwood group",-0.22723827626656,0.542165132420153,-0.00576761728120741,0.0160898272682867,-0.462873957277699,0.281148788567539,-0.457435039673366,-0.768388567497918,-1.03558616817057,"Low"
"19115",10.69111216,0.0726256983240224,17,10.25562117,916.2575758,630.969903353718,-0.168276785667808,-48.3670434327211,-30.5542273896171,1,41.21846559,"Interior River Valleys and Hills","Elm / ash / cottonwood group",-0.843132878513937,-0.378579194238246,0.232663230428582,-0.561542626829657,-0.567416402736721,-0.322697489348537,-0.395750531785875,-0.475472467067942,-1.03558616817057,"Moderate"
"19117",7.670390077,0.317757009345794,27,10.0077272,945.5151515,763.215157963461,0.0530927834309574,-34.7143708434597,-24.8070983514484,1,41.02967306,"Central Irregular Plains","Oak / hickory group",0.45777566979156,0.526749784186657,0.840572564118975,-0.1303007557528,1.06067582391137,-0.339162372705271,-0.304949506971832,-0.533693512114166,-0.379159222978783,"Low"
"19119",7.753459638,0.16304347826087,5,7.571547128,671.1919192,506.649910833652,-0.0950162358052695,-21.0644669327277,-13.2409886373344,1,43.38134776,"Western Corn Belt Plains","Oak / hickory group",-0.363286944722952,1.43189516742987,2.06399142299629,-0.966940811776433,-0.0286118496233331,-0.338709590027892,-1.15631295822117,-1.10586132124895,-1.82329850240072,"Low"
"19121",11.11356541,0.167420814479638,23,9.698424285,861.6704545,609.881853183613,-0.018198646920657,-41.4507593673722,-25.5969565915596,1,41.3311455,"Western Corn Belt Plains","Oak / hickory group",-0.340056480682817,0.080049865122907,0.757024379753017,-0.630309179093142,0.536353424700741,-0.320394846704228,-0.565161921386705,-0.606337227276512,-0.6417300010555,"Low"
"19123",15.11736572,0.360424028268551,24,9.965727253,909.75,784.163355289028,-0.00129932770950925,-48.8915181830937,-25.3874470394769,2,41.33521494,"Western Corn Belt Plains","Oak / hickory group",0.684208961466802,-0.413357893197009,0.779185499046234,-0.0619902531413958,0.660641737477097,-0.29857155304249,-0.41594682411556,-0.543557732717135,-0.576087306536321,"Low"
"19125",23.11292139,0.23921568627451,28,9.969242432,990.8977273,655.882066226034,-0.113399959149954,-57.9213274060353,-20.5340966114235,1,41.33446646,"Western Corn Belt Plains","Oak / hickory group",0.0409579317687652,-1.01213794199182,1.29255434900407,-0.480305929442426,-0.163817411960477,-0.254990618464067,-0.164104467943497,-0.542732148315448,-0.313516528459604,"Low"
"19127",26.84424223,0.10958904109589,7,8.650486112,867.3020833,555.780826983891,-0.3372650878231,-0.188448198572189,-30.2077494525069,1,42.03588698,"Western Corn Belt Plains","Elm / ash / cottonwood group",-0.646968918938826,2.81621494735617,0.269312341748032,-0.806728573757964,-1.81026356666077,-0.234652513630491,-0.547684134721958,-0.852458807304821,-1.69201311336236,"Low"
"19129",13.26018445,0.195020746887967,22,10.29453099,828.8142857,691.741178242102,-0.0748082811732493,-19.5069809626126,-19.724522790158,1,41.03311344,"Western Corn Belt Plains","Oak / hickory group",-0.193584013118442,1.53517437324225,1.37818797215576,-0.363372050744109,0.120010266717195,-0.308694388623741,-0.667131196937556,-0.466334002009835,-0.707372695574679,"Moderate"
"19131",8.711763148,0.240740740740741,12,7.309750006,848.3809524,824.472365221214,-0.0935845049378976,-16.8821829238789,-24.9271058148166,0,43.35645847,"Western Corn Belt Plains","Oak / hickory group",0.0490513751705147,1.70922862609583,0.82787863353041,0.0694544093964674,-0.0180819926727587,-0.333486217907267,-0.606405954122759,-1.16734769799677,-1.36379964076647,"Low"
"19133",4.825774045,0.203448275862069,17,9.514889362,738.9090909,615.929062796244,-0.11423225276446,-38.4143991504891,-31.3740502662493,0,42.05241402,"Western Corn Belt Plains","Oak / hickory group",-0.148859230968813,0.28139541672157,0.145945501390707,-0.610589681438268,-0.169938627128319,-0.354667364516719,-0.946152394990755,-0.649442733310153,-1.03558616817057,"Low"
"19135",6.908979279,0.356643356643357,22,10.15726513,949.7424242,678.478902865176,-0.0572325324050424,-42.8177683894218,-25.5754395695748,1,41.02998377,"Central Irregular Plains","Oak / hickory group",0.664144988345416,-0.0105985316168806,0.759300368061425,-0.40661933750052,0.249273471517809,-0.343312552573251,-0.291830146117597,-0.498572631365638,-0.707372695574679,"Low"
"19137",9.118670226,0.130434782608696,9,9.99944447,866.8636364,373.474835217027,-0.0398041540194347,-7.31249824347676,-29.4825637773226,1,41.03027176,"Western Corn Belt Plains","Oak / pine group",-0.536340850999486,2.34380861758932,0.346019709492045,-1.40121475951992,0.377452821047237,-0.331268311925779,-0.54904485675357,-0.53563881637645,-1.56072772432401,"Low"
"19139",37.69095862,0.237373737373737,20,9.918951726,918.5072464,726.801615535042,-0.112596394150432,-40.1570220832316,-30.5359414988493,1,41.48383151,"Western Corn Belt Plains","Elm / ash / cottonwood group",0.031182733893922,0.165839504194928,0.234597442032109,-0.249042590502998,-0.157907485249889,-0.175530914470479,-0.388768668419321,-0.554543558893254,-0.838658084613037,"Low"
"19145",10.97439616,0.237037037037037,12,10.38965528,886.7045455,638.61483958971,-0.236746483550416,-28.0868093812544,-19.4790879065115,2,40.73933954,"Western Corn Belt Plains","Oak / hickory group",0.0293958697662649,0.966233219301479,1.40414913564992,-0.53661306231408,-1.07098599153545,-0.321153408864246,-0.48746850135095,-0.443992855215986,-1.36379964076647,"Moderate"
"19147",6.122292943,0.725,5,7.719346605,760.2386364,816.329908821688,-0.0958167833556922,-31.2233815582083,-31.6480208519074,0,43.08201672,"Western Corn Belt Plains","Elm / ash / cottonwood group",2.61900870677597,0.75824246392724,0.11696594045305,0.0429024688882399,-0.0344995840992668,-0.347600500423029,-0.879956049467235,-1.07114873825137,-1.82329850240072,"Low"
"19149",11.25020287,0.637931034482759,15,8.470403104,679.3851351,730.046949229108,-0.0246977649772251,-26.3605968090401,-29.8854107912856,0,42.73794808,"Western Corn Belt Plains","Oak / hickory group",2.15693488576403,1.08070093647037,0.303408092768115,-0.238459800378484,0.488554788099313,-0.319650084432412,-1.13088527385419,-0.8947535872901,-1.16687155720893,"Low"
"19151",4.498185716,0.416666666666667,4,8.075353531,782.7575758,409.772773502494,-0.0140609183846998,-20.9783386470296,-11.571421788497,1,42.7342788,"Western Corn Belt Plains","Oak / hickory group",0.982687881872305,1.4376064618592,2.24059182014897,-1.28284990122198,0.566784904929924,-0.356452932165053,-0.810068414339444,-0.987535993353162,-1.8889411969199,"Low"
"19153",327.545088,0.312820512820513,27,9.552400931,870.0660377,876.297965148665,-0.318326539237946,-31.9331266426768,-28.4636844140121,3,41.68520866,"Western Corn Belt Plains","Oak / hickory group",0.431577749576268,0.711178214194234,0.453792872535265,0.238453809400254,-1.67097746757761,1.40436101188962,-0.53910618914531,-0.640632665245555,-0.379159222978783,"Low"
"19155",37.94101193,0.267080745341615,15,9.844630098,815.3972603,742.344092655335,-0.11109352007684,-28.6814966865982,-20.1615196519837,1,41.33659595,"Western Corn Belt Plains","Oak / hickory group",0.188837422921223,0.926798621635039,1.33196411510767,-0.198359736631956,-0.146854396034386,-0.174167962676507,-0.708770998839395,-0.571998936495608,-1.16687155720893,"Low"
"19157",12.13971333,0.436363636363636,15,9.1964007,902.4949495,786.975101770005,-0.202200284842128,-50.2486522852419,-27.6081852811823,1,41.686284,"Western Corn Belt Plains","Oak / hickory group",1.08721943334035,-0.503351469344864,0.544284299534264,-0.0528213584462438,-0.816911333459434,-0.314801678797575,-0.4384629077184,-0.72424383773804,-1.16687155720893,"Low"
"19159",3.548839245,0.196850393700787,18,10.13178975,883.125,557.186807541645,-0.0398850507184756,-46.3709722273339,-38.7416789373261,1,40.73521183,"Central Irregular Plains","Oak / hickory group",-0.183874102257785,-0.246216750663796,-0.6333740869754,-0.802143776456822,0.376857855409429,-0.36162748264691,-0.498577637770906,-0.50455584768409,-0.969943473651395,"Low"
"19161",6.520512104,0.166666666666667,7,8.503357941,803.5227273,993.807919777799,0.125685047522797,-8.46845770163126,-9.53862959632691,1,42.38626062,"Western Corn Belt Plains","Elm / ash / cottonwood group",-0.344058732914449,2.26715523060524,2.45561280521231,0.621644970806895,1.59456537957102,-0.345429949191858,-0.745623668269151,-0.887013725568301,-1.69201311336236,"Low"
"19163",145.7592178,0.380952380952381,15,9.590325132,912.6296296,962.205897598135,-0.0203567183508542,-44.3370062983363,-34.7599900100736,1,41.63938246,"Western Corn Belt Plains","Elm / ash / cottonwood group",0.793152651188482,-0.111341451735231,-0.212206257498621,0.518593143240096,0.520481598530777,0.41351078915982,-0.407009880007615,-0.631725685318761,-1.16687155720893,"Low"
"19169",65.65253587,0.370212765957447,23,8.812958306,856.5795455,728.515058217547,-0.153210253618604,-31.4754628113244,-40.1126974124889,4,42.03618798,"Western Corn Belt Plains","Oak / hickory group",0.736157659833915,0.741526581972877,-0.778395178754994,-0.243455182239715,-0.456607569292639,-0.0231222865856098,-0.580961581590098,-0.814300150498313,-0.6417300010555,"Low"
"19171",9.08316624,0.189349112426035,18,8.658513676,890.3909091,928.5845510306,-0.0216500612459201,-24.4546163267268,-31.491817205214,2,42.07984836,"Western Corn Belt Plains","Elm / ash / cottonwood group",-0.223683300409146,1.20708933051328,0.13348856490619,0.408956450077126,0.510969534508519,-0.331461831545302,-0.476027854451515,-0.850573432016122,-0.969943473651395,"Low"
"19173",4.471483444,0.209876543209877,19,10.13896593,893.8409091,473.365614240608,-0.253050865821678,-41.5039469192963,-21.923872987649,1,40.73712894,"Western Corn Belt Plains","Oak / pine group",-0.114744503198219,0.0765229196304736,1.14554911817683,-1.07547841021517,-1.19089876068529,-0.356598476767224,-0.465320763104625,-0.502870430733287,-0.904300779132216,"Low"
"19175",11.21272192,0.0648648648648649,21,9.814199491,879.0151515,528.329488104945,-0.367849936374383,-77.0545379196042,-18.4822723477983,1,41.02781159,"Western Corn Belt Plains","Oak / hickory group",-0.884319516593381,-2.28088952267958,1.50958847381078,-0.896245333937042,-2.03520394298384,-0.319854379780641,-0.511332572064059,-0.57914595076518,-0.773015390093858,"Low"
"19177",5.657827072,0.253032928942808,32,10.6148086,941.7654321,836.152437036672,-0.057715450583631,-31.3322091829012,-29.8759387154868,1,40.75332963,"Central Irregular Plains","Oak / hickory group",0.114285851512171,0.751025942645896,0.304410012726632,0.107542248834444,0.24572178491577,-0.350132138944903,-0.316586778896762,-0.391112740439387,-0.0509457503828881,"Moderate"
"19179",31.38403634,0.273858921161826,28,10.38820459,905.0757576,663.681370357355,-0.121507382769818,-39.144343733675,-25.9367334904814,1,41.03074775,"Central Irregular Plains","Oak / hickory group",0.224809110216801,0.232991708254829,0.721084078629596,-0.454872982781212,-0.223444547828256,-0.209907708106872,-0.43045335755159,-0.444333568174184,-0.313516528459604,"Moderate"
"19181",34.46576673,0.317991631799163,18,9.894270875,899.7272727,726.775671505717,-0.0664310063419251,-35.443484516353,-26.1915445112712,1,41.33407513,"Western Corn Belt Plains","Oak / hickory group",0.459020807974602,0.478401174614395,0.694131143201048,-0.249127192039608,0.181622059561624,-0.193110290133928,-0.447052405781087,-0.560340169992145,-0.969943473651395,"Low"
"19183",15.00076155,0.291390728476821,25,10.06997353,914.3863636,818.215672863786,-0.260557698714755,-26.3789109186703,-23.8135701163047,1,41.33573775,"Western Corn Belt Plains","Oak / hickory group",0.317850174241854,1.07948650068471,0.945664181762773,0.0490518041995418,-1.24610877139147,-0.299207120964731,-0.401557847714807,-0.519074171502968,-0.510444612017142,"Low"
"19185",4.721675548,0.271255060728745,21,10.14479542,934.1704545,839.228446095557,-0.0596686112207812,-35.2106424769405,-20.8313345156697,1,40.73972764,"Central Irregular Plains","Oak / hickory group",0.210990458156931,0.493841275759243,1.26111366007612,0.117572884004813,0.23135700269351,-0.355234768456447,-0.340157827865104,-0.501501301020747,-0.773015390093858,"Low"
"19187",19.60865876,0.387096774193548,26,8.456383308,828.8583333,691.421293664505,-0.141987598917053,-37.7920554268738,-22.6588813719976,1,42.42846608,"Western Corn Belt Plains","Oak / hickory group",0.825760862919029,0.322663952522609,1.06780274181766,-0.36441517039463,-0.37406904804811,-0.274091109627759,-0.666994495002249,-0.898046314315509,-0.444801917497963,"Low"
"19191",11.2444033,0.303523035230352,26,7.307642412,842.2090909,652.260142879664,-0.120119118023097,-35.6199872938443,-37.3142679824116,1,43.29088199,"Driftless Area","Oak / hickory group",0.382236161901061,0.466697013528672,-0.482388014322167,-0.492116750219284,-0.213234368299661,-0.319681695828941,-0.625560355531702,-1.16784269319659,-0.444801917497963,"Low"
"19193",45.42082958,0.232876712328767,19,9.021283927,707.1851852,552.040425747645,-0.0318770579101564,-41.3863264676095,-36.0484775450775,0,42.39010072,"Western Corn Belt Plains","Elm / ash / cottonwood group",0.00731708287382128,0.0843225063173499,-0.348497542011381,-0.818925742060576,0.435753714019794,-0.13339813289641,-1.04460768664583,-0.765372234403688,-0.904300779132216,"Low"
"19197",8.411003642,0.153846153846154,8,7.913446157,811.1515152,118.08872715316,0.0765281573331114,-92.3369899572519,-82.161570597766,1,42.73313159,"Western Corn Belt Plains","Oak / hickory group",-0.412097020852232,-3.29429159473643,-5.22616419711669,-2.23400973135843,1.23303442872785,-0.335125551168869,-0.721947688874557,-1.02556199501415,-1.62637041884319,"Low"
"20001",9.649131889,0.114583333333333,11,13.30916674,1018.930556,506.465674567581,-0.0689632038828298,-53.138083742109,-47.3867318215779,0,37.88591303,"Central Irregular Plains","Elm / ash / cottonwood group",-0.620464277661693,-0.694953956841108,-1.54781472397532,-0.967541592442137,0.16299867266401,-0.328376953778113,-0.0771044512470854,0.241691464679435,-1.42944233528565,"Moderate"
"20003",5.246913033,0.292237442922374,19,13.01106875,1001.6,459.451580106226,-0.0438689864286868,-38.2721177509933,-35.0686800280237,0,38.21419752,"Central Irregular Plains","Oak / hickory group",0.322343676339168,0.290830307451735,-0.244858307223385,-1.12085103346767,0.347557465172112,-0.352371885447852,-0.130889913909228,0.171679368362697,-0.904300779132216,"Moderate"
"20005",14.51550943,0.233870967741935,14,11.97871849,940.1351351,509.127144080742,-0.215610121272706,-42.07233061924,-38.5241958406495,1,39.53184586,"Western Corn Belt Plains","Oak / hickory group",0.0125935828884375,0.0388325530697066,-0.610369556624412,-0.958862739684384,-0.915535776476286,-0.301852057948299,-0.321646413360982,-0.0707811924607094,-1.23251425172811,"Moderate"
"20009",11.30329008,0.196078431372549,7,12.62691376,649.979021,442.014923708232,-0.231934108650636,-32.4835459929461,-24.8012917647491,0,38.47896745,"Central Great Plains","Elm / ash / cottonwood group",-0.187970895880715,0.674679090317452,0.841186762656704,-1.17771066410307,-1.03559273401615,-0.319360724903012,-1.22214728829644,0.0814556933877808,-1.69201311336236,"Moderate"
"20011",8.833805021,0.274774774774775,29,13.41365822,1071.353535,420.33050236459,-0.167521944624216,-30.2835541170993,-22.2794475704165,1,37.85516639,"Central Irregular Plains","Elm / ash / cottonwood group",0.229669532939282,0.820563816145424,1.10793779846366,-1.24842193809961,-0.561864822903818,-0.332821010997008,0.0855905124714925,0.266232614930192,-0.247873833940425,"Moderate"
"20013",6.475938949,0.312,12,11.65061367,888.9204545,593.09911038809,-0.197566575272019,-41.3742299648461,-29.1710964461093,1,39.82653973,"Western Corn Belt Plains","Oak / hickory group",0.427223299148249,0.0851246433654408,0.378965532793854,-0.685036446444251,-0.782832094102585,-0.34567290163096,-0.480591417269966,-0.147840773640127,-1.36379964076647,"Moderate"
"20015",18.06410823,0.376044568245125,16,13.32707409,857.8311111,506.797584650925,-0.213799259136385,-26.9089769516665,-25.9571732746364,0,37.78123592,"Flint Hills","Oak / hickory group",0.767106955607044,1.04433703547834,0.718922036419665,-0.966459258517998,-0.902217547689564,-0.282509906066581,-0.577077341820293,0.245897233101348,-1.10122886268975,"Moderate"
"20021",13.15357997,0.240601503759398,23,14.01031631,1095.909091,651.950480703637,0.100212319349853,-35.2845685957608,-29.9564296761238,1,37.16932185,"Central Irregular Plains","Elm / ash / cottonwood group",0.048312446395915,0.488939125122221,0.295895986693117,-0.493126535383868,1.40722277914618,-0.309275451786877,0.16179879686734,0.406365339962123,-0.6417300010555,"Moderate"
"20027",4.804599177,0.387878787878788,13,12.25783187,783.0454545,546.828587936875,-0.006128331013741,-11.0233986839797,-12.9644041426524,1,39.34944881,"Central Great Plains","Elm / ash / cottonwood group",0.829910998957466,2.09773330282058,2.09324747323538,-0.835921154832839,0.625126184124007,-0.354782781202576,-0.809174981429958,-0.00522787274912583,-1.29815694624729,"Moderate"
"20029",4.766488351,0.304721030042918,13,12.04257263,739.991453,434.420283521217,-0.220503977497942,-31.9552319274638,-24.0738534013015,0,39.48047558,"Central Great Plains","Oak / hickory group",0.388593904149477,0.709712379958251,0.918132411151343,-1.20247621696974,-0.951528299346877,-0.3549905097812,-0.942793279084926,-0.0557842372651963,-1.29815694624729,"Moderate"
"20031",5.061516965,0.264925373134328,22,12.93379126,957.2828283,686.326362984613,-0.194020668245068,-33.2424777128581,-24.7181071214991,0,38.23653004,"Central Irregular Plains","Elm / ash / cottonwood group",0.177398891802729,0.624353201800751,0.849985716136874,-0.381029357768592,-0.756753244645097,-0.353382413576737,-0.268428466265085,0.153529769054778,-0.707372695574679,"Moderate"
"20035",12.03505977,0.141221374045802,18,13.99211214,878.2606061,527.39505419218,-0.137186702576105,-31.2571041527452,-15.4463850162553,0,37.23787292,"Flint Hills","Oak / hickory group",-0.479096556302413,0.75600626864296,1.83071302706519,-0.89929245294428,-0.338760211131354,-0.315372108188601,-0.513674307288168,0.402089859596065,-0.969943473651395,"Moderate"
"20037",25.44943953,0.472361809045226,27,13.65773673,1093.261364,516.152141804714,-0.0969614476054423,-39.1827708779988,-30.1330361140317,2,37.50685744,"Central Irregular Plains","Elm / ash / cottonwood group",1.27826124831558,0.230443547293157,0.277215233001838,-0.935954748227629,-0.042918171056486,-0.242255087826377,0.153581563577303,0.323557550770806,-0.379159222978783,"Moderate"
"20041",8.484452057,0.3,12,12.74206536,823.3461538,475.646512485271,0.0777756418954991,-28.0876017463116,-18.8529257857165,0,38.86624194,"Central Great Plains","Unknown",0.363539461638485,0.966180676398756,1.47038217045854,-1.06804057186198,1.24220922148349,-0.334725209941678,-0.684101570198467,0.108500508115403,-1.36379964076647,"Moderate"
"20043",7.473218987,0.397003745318352,31,11.75800553,914.0983607,730.875398401885,0.16440347448502,-55.7817298049966,-29.3148104613032,1,39.79066338,"Western Corn Belt Plains","Elm / ash / cottonwood group",0.878337024529525,-0.870258050144684,0.363764013802672,-0.235758289670862,1.87932525068552,-0.340237082297537,-0.402451666079581,-0.122618432335666,-0.116588444902067,"Moderate"
"20045",102.7627178,0.182417582417582,28,12.61484699,981.5479452,656.279694534301,-0.0900714670736706,-38.403334151334,-25.9871731816566,3,38.88310114,"Central Irregular Plains","Elm / ash / cottonwood group",-0.260468836305178,0.28212915323476,0.715748760969209,-0.479009293308629,0.00775511611303186,0.179152136560859,-0.193121560992255,0.0786216593056591,-0.313516528459604,"Moderate"
"20049",1.499427607,0.228260869565217,12,13.72097895,934.3153153,477.357247076435,-0.238067352942688,-37.3194967851467,-23.9640831629234,0,37.45361105,"Flint Hills","Oak / hickory group",-0.0171791321698904,0.354000017279422,0.929743487225725,-1.06246199448174,-1.08070050287832,-0.372798097699351,-0.339708251685921,0.338410788788024,-1.36379964076647,"Moderate"
"20051",12.33373307,0.210526315789474,8,12.13049484,584.2076923,368.194660605253,-0.455102811915204,-49.7371462253194,-16.7978273467056,1,38.91467875,"Central Great Plains","Unknown",-0.111296168916773,-0.469432743493925,1.6877626250177,-1.41843301348233,-2.67691693451668,-0.313744146095052,-1.4262689185565,-0.0351345903658645,-1.62637041884319,"Moderate"
"20053",3.332378181,0.558823529411765,11,12.53305951,700.1696429,525.467571328377,-0.138989827566881,-48.8022023739929,-26.9528059199139,0,38.69696391,"Central Great Plains","Elm / ash / cottonwood group",1.73711242753536,-0.407435229360917,0.613607822318792,-0.905577830208727,-0.35202153604204,-0.362807335037201,-1.06638045541513,0.0594128316068766,-1.42944233528565,"Moderate"
"20059",17.31602955,0.218461538461538,19,12.79548356,981.3406593,540.726322229981,-0.157112876460466,-21.432957325874,-24.6929705352669,0,38.56450627,"Central Irregular Plains","Elm / ash / cottonwood group",-0.0691840496458129,1.40746002266203,0.852644568110822,-0.855820186287804,-0.485309933119078,-0.286587417293839,-0.193764873765073,0.121046450352272,-0.904300779132216,"Moderate"
"20061",33.43361088,0.273109243697479,19,12.42545968,866.016129,448.469915876383,-0.117208106104774,-48.7080216646168,-33.2626110412867,1,39.00055537,"Flint Hills","Oak / hickory group",0.220830582064784,-0.401189966768606,-0.0538192358828153,-1.15666141807459,-0.191824940187222,-0.198736205133478,-0.551675099985154,0.0341416459084266,-0.904300779132216,"Moderate"
"20065",1.058794982,0.284090909090909,7,11.55597089,545.2281879,739.49946549976,-0.0373040552506592,-17.4306178948343,-20.844150240431,0,39.34995693,"Central Great Plains","Elm / ash / cottonwood group",0.2791101316066,1.67286108935595,1.25975806171585,-0.207635852744449,0.395840133214248,-0.375199829660933,-1.54724199515572,-0.170068831699304,-1.69201311336236,"Moderate"
"20073",2.029621234,0.234285714285714,23,13.27234665,906.9657143,546.260374326356,-0.190476966132994,-38.6545025343562,-36.7897706984103,0,37.87736398,"Flint Hills","Elm / ash / cottonwood group",0.0147946371802506,0.26547380505092,-0.426908697201902,-0.837774056861684,-0.730690611530199,-0.369908200520737,-0.424587867978093,0.233043799234019,-0.6417300010555,"Moderate"
"20077",2.653122724,0.280701754385965,8,14.17074359,751.2564103,353.484263280637,-0.222886892460351,-18.2776052046383,-22.3717772884615,1,37.19181295,"Central Great Plains","Oak / hickory group",0.261123933479508,1.61669610400892,1.09817151394076,-1.46640251745638,-0.969053767471769,-0.366509715316364,-0.907832430728429,0.44404372276233,-1.62637041884319,"High"
"20079",24.63158528,0.263157894736842,3,13.25880765,804.1410256,363.330016685231,-0.310410026302378,-35.4070099083609,-37.0867682032658,0,38.0431027,"Central Great Plains","Oak / hickory group",0.168018907880436,0.480819859994568,-0.458323957601544,-1.43429625297915,-1.61275440997746,-0.246712920907031,-0.743704776565462,0.229863993251321,-1.95458389143908,"Moderate"
"20085",7.795362014,0.207650273224044,16,11.97829968,903.8348624,577.500676238963,-0.0461880673482791,-43.925459491763,-20.5689166500028,2,39.41673724,"Western Corn Belt Plains","Oak / hickory group",-0.12655928786744,-0.0840511723021696,1.28887121846859,-0.735901771995547,0.330501473088252,-0.338481195056672,-0.434304481684436,-0.0708795553046135,-1.10122886268975,"Moderate"
"20087",13.75431459,0.401891252955083,27,12.23210923,961.7126437,552.399044306343,-0.202529677669228,-42.4415358217048,-21.7355666646899,2,39.23382338,"Central Irregular Plains","Oak / hickory group",0.904274961376634,0.0143500082352599,1.16546744097061,-0.817756313798578,-0.819333897244955,-0.306001060705912,-0.254680513181706,-0.0112691612167226,-0.379159222978783,"Moderate"
"20089",1.210957048,0.330275229357798,12,11.3688536,694.9428571,641.333923826346,-0.101789451869226,-29.116524047802,-27.5487052966701,0,39.78471551,"Central Great Plains","Elm / ash / cottonwood group",0.524209693887889,0.897951311781927,0.550575864855416,-0.527746332257998,-0.0784263768324257,-0.374370448274903,-1.08260180991114,-0.214015702089162,-1.36379964076647,"Moderate"
"20091",487.1415806,0.217687074829932,16,12.60721455,1013,512.41909787761,-0.0678895053577835,-44.7722244354284,-17.2762044010148,6,38.88557306,"Central Irregular Plains","Unknown",-0.0732941176518479,-0.140201412220586,1.63716172943897,-0.948127924896139,0.170895332667949,2.27426481720531,-0.0955099598934178,0.0768290839031489,-1.10122886268975,"Moderate"
"20099",11.92777494,0.284090909090909,20,14.08716661,1044.063158,624.844997237342,-0.061901634736212,-32.1512863571305,-27.3406062315609,1,37.19111559,"Central Irregular Plains","Elm / ash / cottonwood group",0.2791101316066,0.696711719804323,0.572587788230019,-0.581515486964341,0.214933931346368,-0.315956879697983,0.000894698143937308,0.424414608276781,-0.838658084613037,"Moderate"
"20103",67.90347733,0.288428324697755,28,12.34108582,999.6666667,506.450329463356,-0.0421451046577739,-36.6395096311458,-25.3732438307345,3,39.19915839,"Central Irregular Plains","Oak / hickory group",0.302128737499824,0.399090974485698,0.780687860156541,-0.967591631677778,0.360235985179672,-0.0108532040406412,-0.136890022966354,0.014325374041129,-0.313516528459604,"Moderate"
"20105",1.617087169,0.673469387755102,6,12.47448063,688.1875,902.747546240547,0.129735679672629,-21.0158066087371,-44.1631938678201,1,39.04568596,"Central Great Plains","Elm / ash / cottonwood group",2.34553644536074,1.43512190572013,-1.20684120544457,0.324703912460072,1.6243562977311,-0.372156777210109,-1.10356709267942,0.0456548381742923,-1.75765580788154,"Moderate"
"20107",6.295726794,0.348739495798319,34,13.09642611,1029.590909,683.425606579614,-0.0889988505351813,-33.1454597098095,-21.7281760124668,0,38.21275962,"Central Irregular Plains","Oak / hickory group",0.622199305865817,0.630786609546711,1.16624919590227,-0.390488507159785,0.0156438185015226,-0.346655174090992,-0.044019995200392,0.191726627687265,0.08033963865547,"Moderate"
"20111",15.14242944,0.280254777070064,19,12.73006762,911.0827068,540.493779471747,-0.0493642366165081,-54.1972615606788,-26.4054134031377,1,38.45556259,"Flint Hills","Unknown",0.258751830916475,-0.765189609691257,0.671508909614817,-0.856578490806648,0.307141909634365,-0.298434939605389,-0.41181076224709,0.105682686604888,-0.904300779132216,"Moderate"
"20113",12.27441127,0.350877192982456,8,12.96249539,775.0909091,469.370227826255,-0.373645060181105,-32.4829073894555,-22.353991417609,1,38.39187577,"Central Great Plains","Elm / ash / cottonwood group",0.633544035875788,0.674721437062529,1.10005283534963,-1.08850706608706,-2.07782495932588,-0.314067488160517,-0.833861950769316,0.160271298289002,-1.62637041884319,"Moderate"
"20117",4.166091449,0.244444444444444,19,11.65203211,816.0153846,490.213808622549,-0.129230361939506,-20.9281736527265,-16.2492282996107,0,39.78352705,"Western Corn Belt Plains","Oak / hickory group",0.0687068805747592,1.44093297707065,1.74579133447729,-1.0205377101426,-0.280244235354974,-0.358263060081278,-0.706852647145531,-0.147507635003736,-0.904300779132216,"Moderate"
"20121",22.62123277,0.422712933753943,24,12.69794046,1008.367347,633.254750903314,-0.127196749445299,-33.3242374566531,-26.0872815539322,2,38.56394365,"Central Irregular Plains","Oak / hickory group",1.01477533943287,0.618931591867438,0.705159680145946,-0.55409191008885,-0.265287759145023,-0.257670638523407,-0.109887420429488,0.0981372153311526,-0.576087306536321,"Moderate"
"20123",3.330155334,0.65,9,12.01347088,675.6507937,638.547303362644,-0.0964093728365314,-39.9823119437784,-26.8305875641474,0,39.39350466,"Central Great Plains","Elm / ash / cottonwood group",2.22098472233994,0.177424792792272,0.626535612651201,-0.536833292892571,-0.0388578630229489,-0.362819450986822,-1.14247482008325,-0.0626191526028868,-1.56072772432401,"Moderate"
"20125",19.26570182,0.217687074829932,24,14.22572171,1045.43617,646.336184603272,-0.137302377071336,-25.7390069878962,-22.2243750125479,1,37.19234549,"Central Irregular Plains","Elm / ash / cottonwood group",-0.0732941176518479,1.12191947987982,1.11376316304764,-0.511434334497308,-0.339610954742022,-0.275960446116958,0.0051558473915826,0.45695603200921,-0.576087306536321,"High"
"20127",3.082297644,0.444444444444444,7,12.39372275,860.7788462,692.503108173973,0.190418460708397,-21.0804461437641,-24.4667205357686,1,38.68902754,"Flint Hills","Oak / hickory group",1.13010417240416,1.43083556223469,0.876576427919261,-0.360887454299275,2.07065596076944,-0.364170435235881,-0.5679290319704,0.0266878251028669,-1.69201311336236,"Moderate"
"20131",5.440421951,0.30952380952381,9,11.58709539,863.2454545,420.21001100379,-0.273705101473715,-19.9498327281725,-19.9246995715459,0,39.78331444,"Western Corn Belt Plains","Unknown",0.41408218982084,1.50580821552575,1.35701403765984,-1.24881485140325,-1.34280311072464,-0.351317137054648,-0.560273901423994,-0.162758847852011,-1.56072772432401,"Moderate"
"20133",10.81526855,0.387218045112782,20,13.65436028,1023.555556,590.98640333954,-0.101431845693528,-23.870222493316,-18.6087336662416,1,37.5586765,"Central Irregular Plains","Elm / ash / cottonwood group",0.826404446045293,1.24584135278149,1.49621187911072,-0.691925825903216,-0.0757963141854884,-0.322020756957018,-0.0627507418327764,0.322764548635472,-0.838658084613037,"Moderate"
"20137",2.381577721,0.314814814814815,7,11.07563846,567.5461538,444.58492951546,-0.109187987313574,-32.4231738858612,-31.3642843825617,1,39.78445301,"Central Great Plains","Elm / ash / cottonwood group",0.442161483255479,0.67868245432367,0.146978499224233,-1.1693300676404,-0.132839899407198,-0.367989810696757,-1.47797808223744,-0.282880999111815,-1.69201311336236,"Moderate"
"20139",8.676957762,0.34136546184739,22,12.61766937,932.1322314,498.448040653394,-0.115054915584937,-32.8194111724499,-23.0335547733173,0,38.65234824,"Central Irregular Plains","Oak / hickory group",0.583065407538946,0.652407371878394,1.02817122210841,-0.993686496173969,-0.175989011328026,-0.333675929706277,-0.346483462913522,0.0792845310694117,-0.707372695574679,"Moderate"
"20143",3.094258346,0.420634920634921,10,12.50818589,745.25,627.895927131229,-0.241075746945398,-36.9052874749681,-16.4887859857527,0,39.13256333,"Central Great Plains","Oak / hickory group",1.00374735194829,0.381466851277406,1.72045183846183,-0.571566633072784,-1.10282614060914,-0.364105241696759,-0.926473353554226,0.0535709462617728,-1.49508502980483,"Moderate"
"20145",3.347271087,0.509433962264151,9,12.68749694,601.9909091,407.567680877838,-0.212061943003546,-29.4832175139795,-34.0958056619636,1,38.18133843,"Central Great Plains","Elm / ash / cottonwood group",1.47500266345984,0.873635323907825,-0.141951376874643,-1.29004054312562,-0.889440222862936,-0.362726159095359,-1.37107862095675,0.095684422113306,-1.56072772432401,"Moderate"
"20147",2.308668966,0.594405594405594,9,11.19228463,592.3076923,432.897139170738,-0.151504288195005,-25.901363438372,-18.9246112678657,0,39.78466016,"Central Great Plains","Elm / ash / cottonwood group",1.9259459646461,1.11115338273005,1.46279955426893,-1.20744307662425,-0.444060817467628,-0.368387210428932,-1.40113053017685,-0.255485165651084,-1.56072772432401,"Moderate"
"20149",11.11500363,0.209016393442623,21,12.03353677,876.9117647,466.041811185715,-0.117616661855351,-38.1871085786595,-30.0782476664396,2,39.37984561,"Flint Hills","Oak / hickory group",-0.119309306365875,0.296467391813243,0.283010545487158,-1.09936078347772,-0.194829718325314,-0.320387007477748,-0.517860442964187,-0.0579064236664687,-0.773015390093858,"Moderate"
"20151",4.897725187,0.472727272727273,9,13.27905551,662.5128205,592.302391478232,0.0609534975872397,-35.554765886274,-21.973796123314,1,37.64797951,"Central Great Plains","Unknown",1.28020075912752,0.471021941845893,1.1402684397831,-0.68763448714086,1.11848850189529,-0.35427518439294,-1.18324858216018,0.234619460151744,-1.56072772432401,"Moderate"
"20155",19.19918367,0.285285285285285,15,13.30926853,725.9166667,367.535768582568,-0.159468634676176,-29.379253788211,-25.7916011895119,1,37.95123123,"Central Great Plains","Aspen / birch group",0.285448669897281,0.880529312834013,0.736435618466857,-1.42058161102209,-0.502635673303126,-0.276323012930708,-0.986474445056536,0.241715371352822,-1.16687155720893,"Moderate"
"20157",2.479549952,0.286764705882353,13,11.48446633,748.0769231,460.3488842946,-0.248109538932736,-25.1658491539362,-17.0756068127287,0,39.82810684,"Central Great Plains","Elm / ash / cottonwood group",0.293299934973304,1.15992642635149,1.65838017527949,-1.11792499171092,-1.154557108443,-0.367455798857438,-0.917699984318767,-0.186862585128523,-1.29815694624729,"Moderate"
"20159",5.067689429,0.552631578947368,8,12.84212904,698.5806452,392.394346669333,-0.20605328567394,-16.2072340246174,-22.1991351604039,0,38.34455842,"Central Great Plains","Elm / ash / cottonwood group",1.7042518302651,1.75398548915414,1.11643293809487,-1.33951964960743,-0.845248745548549,-0.353348769667436,-1.07131191730612,0.132001733339925,-1.62637041884319,"Moderate"
"20161",46.8990097,0.321808510638298,24,12.21662419,847.3627451,572.631632268383,0.00053490128456745,-50.8532616774715,-21.7085469120537,4,39.28866591,"Flint Hills","Elm / ash / cottonwood group",0.479276932290096,-0.543444015315963,1.16832548708589,-0.75177935972771,0.674131820957435,-0.125341097993063,-0.609565965302808,-0.0149060193919443,-0.576087306536321,"Moderate"
"20163",2.161326253,0.113636363636364,8,11.71964754,586.2432432,525.654314572631,0.14717085675128,9.42182514133841,-6.429414623533,1,39.3503143,"Central Great Plains","Elm / ash / cottonwood group",-0.62548983302073,3.45348643309067,2.7844936759668,-0.904968874474922,1.7525856491616,-0.369190323233206,-1.41995157669345,-0.131627293114622,-1.62637041884319,"Moderate"
"20165",1.58849052,0.671428571428571,4,12.42252285,587.1538462,661.914695608085,-0.256128697968745,-25.7827484217301,-18.1499779111618,1,38.52293133,"Central Great Plains","Elm / ash / cottonwood group",2.33470586075023,1.11901892049492,1.54473730868522,-0.460633976827521,-1.21353509057457,-0.372312647388577,-1.4171255159683,0.0334518941096109,-1.8889411969199,"Moderate"
"20167",3.004265668,0.642857142857143,4,12.39415389,652.9076923,91.5222878371585,-0.738250083713685,-16.7813220000919,-37.1311300723486,1,38.91472404,"Central Great Plains","Aspen / birch group",2.18307767620318,1.71591686361842,-0.463016386481473,-2.32064090033528,-4.75936157263244,-0.364595759826371,-1.21305814304017,0.0267890838037591,-1.8889411969199,"Moderate"
"20169",29.1536103,0.588888888888889,8,12.89365385,745.2307692,506.537255895853,-0.15773837156411,-40.7752428801313,-27.5618417622826,2,38.78387768,"Central Great Plains","Oak / hickory group",1.89666888316985,0.124844365782361,0.54918633975436,-0.967308171091562,-0.489910220865019,-0.222064968382849,-0.926533036433146,0.144102988904988,-1.62637041884319,"Moderate"
"20173",199.6149021,0.432432432432432,7,13.70243416,795.3184713,376.226229309564,-0.146379025964035,-20.0036995850917,-13.2896874163564,3,37.68445274,"Central Great Plains","Elm / ash / cottonwood group",1.0663565873093,1.50223622431108,2.05884025236654,-1.39224266944351,-0.406366388049226,0.707058999068605,-0.771085615638794,0.334055309491925,-1.69201311336236,"Moderate"
"20175",13.22031056,0.6,2,13.13943604,498.8989899,156.674071577803,0.0547078011263216,-35.8463910107419,-12.3424011522085,0,37.19322914,"High Plains","Aspen / birch group",1.95563539938259,0.451683847103533,2.15904057113921,-2.10818581295069,1.07255368845448,-0.30891172703813,-1.69102488066707,0.201828055616169,-2.02022658595826,"Moderate"
"20177",125.8271589,0.276807980049875,17,12.53271374,913.0823529,545.896243006613,-0.167226482631224,-38.2706318072174,-22.7133321494555,5,39.04108223,"Central Irregular Plains","Oak / hickory group",0.240459725802904,0.290928842588489,1.06204314678794,-0.838961461824585,-0.559691807994775,0.30486821436124,-0.405604851100958,0.0593316231339735,-1.03558616817057,"Moderate"
"20191",7.491572426,0.028169014084507,8,14.16194853,804.3090909,864.988518658925,-0.0416374051721817,-19.6332745130543,-8.7928826461776,0,37.23689755,"Central Great Plains","Elm / ash / cottonwood group",-1.07906389979162,1.52679966050703,2.53449506599958,0.201574551392309,0.363969929232285,-0.340137044219215,-0.74318318511058,0.441978091297215,-1.62637041884319,"High"
"20197",3.342696864,0.271676300578035,18,12.32509972,895.034188,508.827502413558,-0.111568718073756,-30.5873857347394,-18.036643402994,1,38.95605795,"Flint Hills","Oak / hickory group",0.213225972333166,0.800416290727752,1.55672539958884,-0.959839848720094,-0.150349303523466,-0.362751091560535,-0.461617416384446,0.010570835565613,-0.969943473651395,"Moderate"
"20201",2.362110796,0.227488151658768,14,11.69737503,781.4785714,602.522472864095,-0.144045689060556,-25.8410191409572,-14.1003335891923,0,39.78417763,"Central Great Plains","Elm / ash / cottonwood group",-0.0212799356361555,1.11515490263578,1.9730931999662,-0.654307567151153,-0.389205548417243,-0.368095917991845,-0.814037810555059,-0.136858274763762,-1.23251425172811,"Moderate"
"20205",5.821093135,0.267352185089974,27,13.75363337,995.9888889,472.041059692453,0.0440241352113186,-30.1509662339208,-20.0964596022219,0,37.55943623,"Central Irregular Plains","Oak / hickory group",0.190277949990239,0.8293559154245,1.33884591839377,-1.07979768339723,0.993979232628702,-0.349242233614473,-0.148304023794807,0.346080093764576,-0.379159222978783,"Moderate"
"20207",2.417507805,0.135964912280702,21,13.26563554,1000.746667,488.877490977696,-0.0192890232461078,-7.62369924457152,-11.3144139189967,0,37.88663075,"Central Irregular Plains","Oak / hickory group",-0.506992527712823,2.32317241741944,2.26777712983377,-1.02489534190202,0.52833410557384,-0.367793968568351,-0.133538236918015,0.231467609875237,-0.773015390093858,"Moderate"
"20209",421.2640952,0.087719298245614,28,12.64280249,1003.074074,547.834357138697,-0.0579031487632178,-24.5175610328254,-17.9836458684986,3,39.11714021,"Central Irregular Plains","Oak / hickory group",-0.763031348110268,1.20291537364902,1.56233127613492,-0.832641416790479,0.244341333445474,1.91519003867795,-0.126315118265728,0.0851873632830074,-0.313516528459604,"Moderate"
"21001",18.44923912,0.307167235494881,49,13.44480765,1337.753846,1077.61890390316,-0.0449126842689094,-40.7595873030741,-28.7405626560497,1,37.1045635,"Interior Plateau","Oak / hickory group",0.401575883359336,0.12588251032814,0.42450575082413,0.894946313207959,0.339881449233906,-0.280410694352729,0.912365139925666,0.273548453904388,1.06498005644316,"Moderate"
"21003",23.61973993,0.267741935483871,46,13.89506734,1328.115385,1147.22921438713,-0.0149206311461578,-40.3383224641379,-31.9856303788734,0,36.75198431,"Interior Plateau","Oak / hickory group",0.192346350053097,0.153817206907652,0.0812548956474816,1.12194032239138,0.560462031963336,-0.252228130583738,0.88245213054293,0.379297656654212,0.868051972885619,"Moderate"
"21005",43.12351981,0.236725663716814,30,12.63779175,1189.625,517.286529213299,-0.138243111729607,-43.7297577619148,-37.3042691371991,1,38.00771018,"Interior Plateau","White / red / jack pine group",0.0277434157721018,-0.0710739001965734,-0.481330374709339,-0.932255595845581,-0.346529714130247,-0.145919952632892,0.452646564496275,0.0840105273992831,-0.182231139421246,"Moderate"
"21007",12.37454115,0.169230769230769,37,14.09701276,1232.589744,761.819272330616,-0.197010262872275,-39.7489943729318,-36.1222932973126,0,37.05841258,"Mississippi Valley Loess Plains","Oak / hickory group",-0.330451075326896,0.192896427132151,-0.356305490024916,-0.13485263425985,-0.778740619843957,-0.313521715742722,0.58598785107707,0.426727101568497,0.277267722213007,"Moderate"
"21009",34.86270543,0.187793427230047,42,13.77465833,1328.3625,1116.56181061442,-0.065281326487431,-49.5792553647434,-35.2069293065567,1,36.9646223,"Interior Plateau","Oak / hickory group",-0.23193930067895,-0.458962766236848,-0.259481787266728,1.02193621545356,0.190077534457546,-0.190946718240951,0.883219053116318,0.351018072462707,0.605481194808903,"Moderate"
"21011",17.20166135,0.179054054054054,44,12.20327242,1174.731707,746.664750116261,-0.134891250109737,-41.6135484237636,-30.2624589938523,1,38.14379361,"Interior Plateau","Oak / hickory group",-0.278319035785378,0.0692550812329378,0.263525375663764,-0.184270396237623,-0.321877997680116,-0.287210797737647,0.406425159102942,-0.0180418520328787,0.736766583847261,"Moderate"
"21013",28.41610308,0.140915593705293,49,12.25849089,1308.818182,867.885800031511,-0.130106553972241,-59.9468450778505,-36.4922915496077,2,36.73354102,"Central Appalachians","Oak / hickory group",-0.480719328428968,-1.14645302445035,-0.395442490347253,0.211022368963059,-0.286688307335393,-0.22608485833578,0.822563169597864,-0.0050730935380531,1.06498005644316,"Moderate"
"21015",207.5114336,0.52755905511811,33,11.9028333,1090.692308,799.915100452169,-0.191175710091676,-34.2691189086759,-30.2310733523623,1,38.97057537,"Interior Plateau","Maple / beech / birch group",1.57119228580658,0.556275100685976,0.266845228807641,-0.0106249918552771,-0.735829617818095,0.750100188061785,0.145608486108527,-0.0886037924429974,0.0146969441362909,"Moderate"
"21017",26.64837386,0.144329896907216,11,12.17827272,1148.227273,703.21047731351,0.214995525230532,-105.744406714628,-32.0949695364316,1,38.20593628,"Interior Plateau","Oak / hickory group",-0.46259966756894,-4.18335729501694,0.0696894176538547,-0.325971525439138,2.25141128258363,-0.235720122558659,0.324168522599865,-0.0239133488661497,-1.42944233528565,"Moderate"
"21019",114.3835855,0.0383480825958702,35,12.28058331,1090,705.91776312868,-0.032019331544318,-56.7516721101433,-50.1003110911865,1,38.36057849,"Western Allegheny Plateau","Oak / hickory group",-1.02504372103509,-0.934576363684279,-1.83484676288521,-0.31714326915184,0.434707343469503,0.242493359595357,0.143459904950213,0.000115591688942089,0.145982333174649,"Moderate"
"21021",64.41818375,0.0387931034482759,33,12.88751242,1250.740741,880.402947647658,-0.00825853541887311,-53.6488487957579,-35.8634050290484,1,37.62684507,"Interior Plateau","Oak / hickory group",-1.02268200139733,-0.728823545466475,-0.328921278949172,0.251839849896206,0.609459309732524,-0.0298503016490655,0.64231955627015,0.142660596124404,0.0146969441362909,"Moderate"
"21023",15.82375187,0.251968503937008,34,11.79985787,1118.941176,697.420530134533,-0.100438162172726,-36.2767435332433,-28.5105735151645,1,38.69157219,"Interior Plateau","Oak / pine group",0.108636962419613,0.423146532741712,0.448833122710685,-0.344852109564947,-0.0684881352765605,-0.294721292990426,0.233278981796132,-0.112788879110028,0.08033963865547,"Moderate"
"21025",10.0380069,0.142775229357798,58,12.40482885,1187.093333,924.190481031629,-0.081209924844672,-41.3616448194398,-32.3041109748041,2,37.52334997,"Central Appalachians","Oak / hickory group",-0.470850267202177,0.0859591830322731,0.0475672360213038,0.394627716894292,0.0729285185724707,-0.326257334190301,0.444789523966157,0.029296233642969,1.65576430711577,"Moderate"
"21027",13.74374785,0.31957773512476,47,12.99675856,1212.482759,819.22345021045,-0.0947837021108495,-40.2595019461276,-35.2589885489638,1,37.77369692,"Interior Plateau","Oak / hickory group",0.467438236846353,0.159043912417701,-0.264988414863558,0.0523380906518362,-0.0269016493376287,-0.306058656253195,0.523585727858071,0.168318438620799,0.933694667404798,"Moderate"
"21029",105.1795296,0.190258751902588,46,13.16544444,1199.866667,1060.08592005839,0.0028915243953862,-39.2371913171174,-33.5011217655528,1,37.97248814,"Interior Plateau","Oak / hickory group",-0.218855856024374,0.22683484722139,-0.0790479882744301,0.837772565982841,0.691463922128718,0.192325319425354,0.484431626558138,0.207936458446541,0.868051972885619,"Moderate"
"21031",11.55882915,0.204861111111111,52,13.58727433,1250.876923,993.600126578671,-0.0791619611475958,-58.1494996557048,-36.8892073707351,1,37.20890456,"Interior River Valleys and Hills","Oak / hickory group",-0.141361333433142,-1.02726838244936,-0.437426728172826,0.620967372746734,0.0879905426313404,-0.317967872179381,0.642742197752412,0.307008561844351,1.26190814000069,"Moderate"
"21033",14.19817601,0.256267409470752,39,13.90455669,1248.622642,857.164162332993,0.00918692217058448,-44.1209547459808,-27.8184448023805,1,37.14749966,"Interior Plateau","Oak / hickory group",0.131451195876344,-0.0970147527023269,0.522043851375754,0.176059911400695,0.737764270560463,-0.303581729729393,0.635746025987612,0.381526350937535,0.408553111251365,"Moderate"
"21035",39.09951233,0.226215644820296,34,14.26705728,1340.796875,921.173790182715,-0.016850501493042,-39.5985171023412,-35.6018219758481,0,36.6210149,"Mississippi Valley Loess Plains","Oak / hickory group",-0.0280331121970985,0.202874798236363,-0.30125202382725,0.384790513964137,0.546268541308805,-0.167853388402337,0.921809194845734,0.466664215241667,0.08033963865547,"High"
"21037",238.8150565,0.290229885057471,38,11.99713993,1095.24,643.872899013131,-0.143791232326264,-35.3929349614459,-42.2383674451286,1,38.94378654,"Interior Plateau","Oak / hickory group",0.311689593934173,0.48175319061014,-1.00324042663539,-0.519466924324624,-0.387334112190458,0.920725119958799,0.159722269778533,-0.0664546834776299,0.342910416732186,"Moderate"
"21039",9.656631266,0.351648351648352,29,14.16147216,1265.375,1094.88436285663,0.0271474059708303,-36.7500272805834,-22.9464997095288,0,36.85377799,"Mississippi Valley Loess Plains","Oak / hickory group",0.637636564473552,0.391762385155726,1.03737957387336,0.951247681798213,0.869857060825474,-0.328336077337262,0.68773704841712,0.441866209756778,-0.247873833940425,"High"
"21041",32.07873475,0.388157894736842,28,12.33766677,1154.863636,675.843050504527,-0.138314251511517,-46.26534270448,-32.6360285235183,1,38.66601168,"Interior Plateau","Oak / hickory group",0.831392215273813,-0.239212300261019,0.0124582669101293,-0.41521465464247,-0.347052921210627,-0.206121153775002,0.344764506614973,0.0135223667551297,-0.313516528459604,"Moderate"
"21043",25.4348351,0.112730061349693,53,11.95438021,1104.421875,808.458184297986,-0.0970327091652812,-41.1316598369044,-34.6214918978472,2,38.31659899,"Western Allegheny Plateau","Oak / hickory group",-0.630299566983987,0.10120982849605,-0.197556456778685,0.0172333647512303,-0.0434422737689991,-0.242334691387987,0.188218262346859,-0.0764973464124478,1.32755083451987,"Moderate"
"21045",13.87829834,0.154513888888889,49,12.965423,1322.268657,1028.09352221433,-0.130625295811021,-38.2035161134325,-28.5487733685927,1,37.32522799,"Interior Plateau","Oak / hickory group",-0.40855336002214,0.295379383835509,0.444792488284281,0.733447752610738,-0.290503463857553,-0.305325269313725,0.864306782491794,0.1609588846538,1.06498005644316,"Moderate"
"21047",38.4590061,0.257163850110213,52,13.84365912,1273.81982,883.589683687838,-0.0617838772720156,-39.9604492421585,-33.5517787408241,1,36.89262217,"Interior Plateau","Oak / hickory group",0.136208594211393,0.178874540978479,-0.0844062894156476,0.262231557459935,0.215799994432041,-0.171344560405733,0.713945587300611,0.367223783730371,1.26190814000069,"Moderate"
"21049",55.28343415,0.26551724137931,36,12.36844997,1169.6,983.234992177012,-0.0923048321707114,-29.6419703154422,-31.235927480802,1,37.96961145,"Interior Plateau","Oak / hickory group",0.180539928564448,0.863108190071526,0.16055560147913,0.58716744573593,-0.0086704674419373,-0.0796405777897956,0.39049888211324,0.0207521919657507,0.211625027693828,"Moderate"
"21051",16.54500703,0.124103695532267,55,12.51570048,1237.565217,830.285133077581,-0.0931023653469987,-51.5527515459868,-38.024822642174,2,37.16443333,"Central Appalachians","Oak / hickory group",-0.569939844385775,-0.589828226461525,-0.557547769201171,0.0884094100421424,-0.014536032298451,-0.29078998724513,0.601429255107501,0.055335843096068,1.45883622355823,"Moderate"
"21053",19.91677988,0.296928327645051,42,13.61273886,1334.8,992.927657335483,0.0711414639728463,-54.9789631078545,-39.093371627699,1,36.7257964,"Southwestern Appalachians","Oak / hickory group",0.347238138043834,-0.817025399241677,-0.670574794954717,0.618774500907742,1.19341726895792,-0.272411650822496,0.903197864868666,0.312989229902597,0.605481194808903,"Moderate"
"21055",9.589183679,0.310116086235489,44,13.78466966,1228.736842,760.904211088042,-0.089633783920005,-39.2586108555687,-29.8061069575324,1,37.35843648,"Interior Plateau","Oak / hickory group",0.417225394309788,0.225414485842498,0.311796549059217,-0.137836580440468,0.0109741156490515,-0.328703710182037,0.574030351464138,0.353369360373836,0.736766583847261,"Moderate"
"21057",8.425547631,0.315384615384615,49,13.78322619,1329.02381,978.89786767861,-0.0561238194960703,-36.1790075079227,-28.10115650717,1,36.78923069,"Interior Plateau","Oak / hickory group",0.445185407163821,0.429627553609993,0.492139688280814,0.573024407565649,0.257427649510885,-0.335046277049686,0.885271431834756,0.353030343124272,1.06498005644316,"Moderate"
"21059",85.07297341,0.15954415954416,44,13.45853476,1201.833333,900.468748807997,-0.0910108496041169,-31.6599325858685,-29.331731541553,1,37.73043966,"Interior River Valleys and Hills","Oak / hickory group",-0.381857781768772,0.729294117490454,0.361974166636955,0.317272924697842,0.000846301130488889,0.0827316218663966,0.490535183807652,0.276772439908018,0.736766583847261,"Moderate"
"21061",15.54555924,0.227338129496403,44,13.52192005,1289.9,1135.28976690078,-0.095009929184672,-50.3962120795534,-34.4214308063894,1,37.21220025,"Interior River Valleys and Hills","Maple / beech / birch group",-0.0220761012203986,-0.513136378267803,-0.17639475952119,1.08300667831597,-0.0285654667351476,-0.296237622224893,0.763850502122186,0.291659279730536,0.736766583847261,"Moderate"
"21063",12.29397783,0.133595284872299,35,12.05199999,1127.194444,1029.07865303006,-0.122349476196057,-52.0558529949108,-29.4498865674905,2,38.11588091,"Western Allegheny Plateau","Oak / hickory group",-0.519568108282441,-0.623189630085656,0.349476179796429,0.736660190421717,-0.229637837027637,-0.313960837790426,0.258893038140006,-0.0535701021201302,0.145982333174649,"Moderate"
"21065",21.64269208,0.189024390243902,45,12.60668426,1191.473684,1059.04639832112,-0.0684245597325592,-49.327486749306,-34.5116234286706,2,37.69241422,"Western Allegheny Plateau","Oak / hickory group",-0.225406596632711,-0.442267615750877,-0.185934990226055,0.834382763450203,0.166960203408978,-0.263004316325593,0.458383964049763,0.0767045385663762,0.80240927836644,"Moderate"
"21067",438.5955909,0.537037037037037,11,12.54394962,1161.488372,1025.42201170685,-0.181083683526151,-55.1594061294842,-45.6487220319311,7,38.0373395,"Interior Plateau","Oak / hickory group",1.62149180751037,-0.828990843763098,-1.36397469425707,0.724736156922508,-0.661606453047302,2.00965786698436,0.365324406180489,0.0619705121542023,-1.42944233528565,"Moderate"
"21069",16.08347913,0.243243243243243,43,11.97789286,1146.928571,865.921137734466,-0.0835653075875649,-38.5030381015118,-32.987345674678,1,38.36602943,"Interior Plateau","Oak / hickory group",0.0623321220652744,0.275517636349019,-0.0247027179672089,0.204615752351279,0.0556055398536835,-0.293305611930414,0.320137994789318,-0.0709751021448437,0.671123889328082,"Moderate"
"21071",35.27473296,0.183673469387755,52,12.63770218,1139.180328,775.160909932354,-0.132475157627079,-51.0190066973271,-33.8615097451069,2,37.56202246,"Central Appalachians","Oak / hickory group",-0.25380386116025,-0.554434813529561,-0.117168450694144,-0.0913465532319795,-0.304108521026695,-0.188700902493984,0.296091285925868,0.083989490747989,1.26190814000069,"Moderate"
"21073",94.26499929,0.254098360655738,27,12.50313445,1147.451613,619.868275694724,-0.264884032533424,-37.2974328955287,-38.2815059799511,1,38.23943616,"Interior Plateau","Oak / gum / cypress group",0.119940083185836,0.355463106540322,-0.584698751161239,-0.597744203194654,-1.27792737450271,0.132834090669476,0.321761258114611,0.0523845514664966,-0.379159222978783,"Moderate"
"21075",11.36960307,0.293859649122807,30,14.44855705,1288.605263,952.978542645551,0.0424782497063072,-49.4965257861249,-30.5211292204567,0,36.55253159,"Mississippi Valley Loess Plains","Elm / ash / cottonwood group",0.33095270267881,-0.453476845117262,0.236164228201043,0.488503429801339,0.982609810064239,-0.318999276343566,0.759832279707925,0.509291739763741,-0.182231139421246,"High"
"21077",34.38515913,0.331983805668016,27,12.20657842,1121.529412,835.346979543567,-0.139525711123111,-45.8122605030062,-34.72624760031,1,38.75400334,"Interior Plateau","Oak / hickory group",0.533277085230635,-0.20916774715825,-0.208637114418612,0.104915712272323,-0.355962763627379,-0.193549653536187,0.241311584485787,-0.0172653959741741,-0.379159222978783,"Moderate"
"21079",29.45403916,0.183673469387755,34,12.85821898,1208.914286,608.585191513038,-0.099030697122046,-47.6483335739769,-32.3291060763126,1,37.63565383,"Interior Plateau","Oak / hickory group",-0.25380386116025,-0.330920477020301,0.0449233497604172,-0.63453749569038,-0.0581367445338311,-0.220427437355173,0.512510954994329,0.135780659957345,0.08033963865547,"Moderate"
"21081",37.57645815,0.159509202453988,39,11.98267954,1123.769231,613.437951257011,-0.141567853519422,-41.2187011009594,-35.6740809083427,2,38.64959373,"Interior Plateau","Oak / hickory group",-0.382043298572966,0.0954379931171139,-0.308895297401627,-0.618713009601612,-0.37098197414795,-0.176155015871085,0.248262873365062,-0.0698508895958181,0.408553111251365,"Moderate"
"21083",25.97906961,0.216061185468451,41,14.21563438,1325.840909,832.882573148224,-0.0196478615494879,-40.4387599886933,-33.20356032716,0,36.72281756,"Mississippi Valley Loess Plains","Oak / hickory group",-0.0819226904772987,0.147157045616391,-0.04757307714159,0.0968794675831828,0.525694981078386,-0.239368262342333,0.875393283499942,0.454586894533513,0.539838500289723,"High"
"21085",20.32191936,0.264130434782609,51,13.27044651,1256.858974,772.34677041088,-0.0162523241341412,-55.6139883952429,-38.5874643528155,1,37.46237888,"Interior River Valleys and Hills","Oak / hickory group",0.1731801647343,-0.859134868354525,-0.617061857914148,-0.100523251452971,0.550667917032163,-0.270203379389997,0.661307521375239,0.232597527239044,1.19626544548151,"Moderate"
"21087",14.84754073,0.28133704735376,40,13.47872616,1329.404762,904.068426880969,-0.116846544016077,-39.2977740974123,-30.7262707998817,2,37.26478991,"Interior Plateau","Oak / hickory group",0.264495424657187,0.222817513162001,0.214465136353231,0.329011205304158,-0.189165783246841,-0.300042273242831,0.886453718171793,0.28151464646087,0.474195805770544,"Moderate"
"21089",39.63332355,0.059016393442623,43,11.98774843,1077.075472,758.189555876062,-0.0567518041355488,-30.7467864808075,-32.2276661434615,1,38.5425856,"Western Allegheny Plateau","Oak / hickory group",-0.915357275237927,0.789846190723192,0.0556532779697132,-0.146688867778849,0.252809052139296,-0.164943773008958,0.10334857106284,-0.0686603964465722,0.671123889328082,"Moderate"
"21091",17.99735335,0.143968871595331,39,13.17340863,1207.741935,876.401081050837,-0.147203434029856,-50.0342485113785,-39.1871287826832,1,37.83814511,"Interior River Valleys and Hills","Oak / hickory group",-0.464515624010523,-0.48913403694889,-0.680492068298786,0.238790062634608,-0.412429607890208,-0.282873763211493,0.508872558110962,0.209806949547017,0.408553111251365,"Moderate"
"21093",67.89787826,0.114563106796117,48,13.13794106,1232.878788,759.705874095421,-0.174875357328271,-45.845599238059,-30.6524467703605,1,37.69748794,"Interior Plateau","Oak / hickory group",-0.620571619620814,-0.211378488150535,0.222273959906439,-0.1417442676267,-0.615946484224963,-0.0108837225828716,0.586884900500627,0.201476940589356,0.999337361923977,"Moderate"
"21095",21.80446267,0.222914072229141,52,11.60305069,1275.492754,960.103855817393,-0.118433164668904,-46.1079215899521,-36.1228816933069,2,36.85703697,"Central Appalachians","Oak / hickory group",-0.045554513232249,-0.228773472561441,-0.356367728303274,0.511738542420702,-0.200834797926787,-0.262122562287414,0.719137545896355,-0.159011543147399,1.26190814000069,"Moderate"
"21097",23.64276415,0.473867595818815,28,12.09496182,1126.291667,745.210954792365,-0.157190767351652,-38.6531987723483,-25.0524474775469,1,38.44208096,"Interior Plateau","Oak / hickory group",1.28625243833338,0.2655602594443,0.814620471730323,-0.189011113910176,-0.485882792139326,-0.25210263373687,0.256091265442941,-0.0434799710866962,-0.313516528459604,"Moderate"
"21099",17.62504756,0.104010025062657,39,13.45738338,1311.183333,785.680294118368,-0.0347320202716659,-49.6062911648888,-37.4354829699928,2,37.29943541,"Interior Plateau","Oak / hickory group",-0.676576681482558,-0.460755550262576,-0.495209672204632,-0.0570436292265781,0.414756509900592,-0.28490306985969,0.829903426932991,0.276502023702068,0.408553111251365,"Moderate"
"21101",40.30688582,0.28643216080402,33,13.58665756,1166.246575,946.03836188911,0.0032174127287905,-45.37977378163,-31.5101982085441,1,37.79347665,"Interior River Valleys and Hills","Oak / hickory group",0.291535122745535,-0.18048891090213,0.131544292659517,0.46587202012353,0.693860711644689,-0.16127242427037,0.380091511736444,0.306863705582001,0.0146969441362909,"Moderate"
"21103",21.57652506,0.286778398510242,38,12.27505321,1172.191489,846.091658396996,-0.0700153989873351,-36.839733955908,-33.5341268193212,1,38.44945147,"Interior Plateau","Oak / hickory group",0.293372601564101,0.385813802400332,-0.0825391366567807,0.139953305315236,0.155260162454425,-0.263364969254405,0.398541580503808,-0.00118322248233527,0.342910416732186,"Moderate"
"21105",7.109299653,0.333333333333333,31,14.2681711,1291.405405,1162.35532655599,-0.110591765945853,-47.8866635482165,-33.6883618302392,0,36.67949832,"Mississippi Valley Loess Plains","Maple / beech / birch group",0.540439010276717,-0.346724491267012,-0.0988535263453005,1.1712654413385,-0.143164177890699,-0.342220677352273,0.768522533672639,0.466925810004918,-0.116588444902067,"High"
"21107",32.08281788,0.224890829694323,57,13.84871223,1221.535714,929.236204041388,-0.0172728400377122,-41.7603914498205,-36.5539877737526,1,37.30935077,"Interior River Valleys and Hills","Oak / hickory group",-0.0350638881315103,0.0595177022765655,-0.401968481022258,0.411081441741245,0.543162395760477,-0.206098898083372,0.551681616595545,0.368410570746343,1.59012161259659,"Moderate"
"21109",14.95216079,0.0714932126696833,47,12.27337274,1216.981818,992.501668163501,-0.065119821966398,-37.3560730408743,-35.6481238280693,2,37.41861617,"Southwestern Appalachians","Oak / hickory group",-0.849142964546693,0.351574591487074,-0.30614965670542,0.617385382121392,0.191265341148108,-0.299472026448407,0.537548578782143,-0.0015779021898281,0.933694667404798,"Moderate"
"21111",779.1148918,0.300813008130081,39,13.3156774,1169.564516,891.348561844295,-0.120462446497957,-45.1973311465676,-31.9504051656116,2,38.18573305,"Interior Plateau","Oak / hickory group",0.367854084776001,-0.168390869046786,0.0849808840115615,0.287532678044728,-0.21575942367824,3.86570765110317,0.390388757351108,0.243220575811669,0.408553111251365,"Moderate"
"21113",119.9254291,0.363128491620112,24,12.69791352,1176.37037,645.902946759833,-0.0572310231343429,-27.760399997186,-35.1116162904962,1,37.86689624,"Interior Plateau","Oak / hickory group",0.698561511852795,0.987877909913879,-0.249399940887335,-0.512847090658407,0.249284571651869,0.272699981041525,0.411510757487803,0.0981308881302387,-0.576087306536321,"Moderate"
"21115",33.05452633,0.144565217391304,48,12.44932911,1135.9,1023.05857366686,-0.0490458410832677,-48.0179979368862,-33.9295530995273,2,37.85107079,"Central Appalachians","Oak / hickory group",-0.461350824946325,-0.355433469465166,-0.12436581653943,0.71702916247838,0.309483592345221,-0.200802460395164,0.285910772434924,0.0397476844871696,0.999337361923977,"Moderate"
"21117",401.1843514,0.471794871794872,33,11.94070512,1094.769231,770.840337035498,-0.106354973169196,-39.4408902924533,-30.6832382496795,1,38.93942744,"Interior Plateau","Oak / hickory group",1.27525252000477,0.213327265900492,0.219016954965043,-0.105435617869213,-0.112004116398613,1.80574248593527,0.158261235956422,-0.0797091148588571,0.0146969441362909,"Moderate"
"21119",16.52080875,0.23469387755102,46,12.36061214,1156.654545,961.107324283206,-0.0716523460072656,-40.3238508214402,-30.1599162407118,2,37.35383279,"Central Appalachians","Oak / hickory group",0.0169607541023508,0.154776843009227,0.27437195598629,0.515010777935245,0.143221015748608,-0.290921883476126,0.35032260118221,0.0189113781149958,0.868051972885619,"Moderate"
"21121",31.27159211,0.147128245476003,54,12.73389546,1270.779661,799.490311248086,-0.237556634992395,-46.5676242154141,-33.9823655548466,2,36.89225095,"Central Appalachians","Oak / hickory group",-0.447748869606414,-0.259257035802832,-0.129952116117965,-0.0120101976361772,-1.07694435912167,-0.210520601673449,0.704510439439141,0.10658170341062,1.39319352903905,"Moderate"
"21123",21.06376983,0.242524916943522,39,13.26182494,1294.675,989.877585218365,-0.101012428704808,-40.7846673535147,-21.3412878627179,1,37.54565946,"Interior Plateau","Maple / beech / birch group",0.0585199741194058,0.124219414967449,1.2071727449934,0.608828444161987,-0.0727116556127714,-0.266159815923689,0.778669737247229,0.23057264210231,0.408553111251365,"Moderate"
"21125",53.9409416,0.162510748065348,47,12.69391918,1221.181818,1089.34318478222,-0.167306595990545,-30.911851680576,-30.561083642479,2,37.10970391,"Southwestern Appalachians","Oak / hickory group",-0.366114136656966,0.778900472388347,0.231938002217904,0.933178315091405,-0.560281012455407,-0.0869580279343921,0.550583298682705,0.097192766686341,0.933694667404798,"Moderate"
"21127",14.49663374,0.0891364902506964,47,12.3513005,1117.606061,961.412931508414,-0.0931614132148351,-35.978059148222,-27.7037214376237,2,38.07133117,"Western Allegheny Plateau","Oak / hickory group",-0.755510329329285,0.442952737526517,0.534178850218628,0.516007340208895,-0.0149703077727901,-0.301954942631361,0.229135446067551,0.0167244212806112,0.933694667404798,"Moderate"
"21129",13.10306544,0.153952843273232,45,12.41045317,1204.28125,974.908703393339,-0.14086891422045,-50.8200930876565,-33.2216445697634,2,37.59647105,"Western Allegheny Plateau","Oak / hickory group",-0.411530821507395,-0.541244556906873,-0.0494859591733517,0.560016041590704,-0.365841531203656,-0.309550788551206,0.498132305815944,0.0306171765770566,0.80240927836644,"Moderate"
"21131",9.71001892,0.168175937904269,57,12.29414551,1250.126984,1011.75230813807,-0.0731234204373035,-47.1866747761243,-36.9634623187955,2,37.0924054,"Central Appalachians","Oak / hickory group",-0.336049050893315,-0.30030719708495,-0.445281132641356,0.680160277345863,0.132401801282427,-0.328045080194312,0.640414758512529,0.00330084648608717,1.59012161259659,"Moderate"
"21133",25.0629659,0.190322580645161,51,12.07582694,1163.615385,976.08047528538,-0.0564193393354857,-48.9578962446159,-36.6830405233877,2,37.12307737,"Central Appalachians","Oak / hickory group",-0.218517117751835,-0.417759520954126,-0.41561918740462,0.563837101973477,0.255254209162551,-0.244361618339136,0.371925601104264,-0.0479740405085302,1.19626544548151,"Moderate"
"21135",10.67131592,0.163375224416517,48,11.83441552,1115.093333,828.528970323955,-0.120322620158058,-39.2677843222465,-34.2388377821935,1,38.53224302,"Western Allegheny Plateau","Oak / hickory group",-0.36152637236706,0.2248061796547,-0.157080767623974,0.0826826948263561,-0.214731052082284,-0.322805391622744,0.221337182813671,-0.104672576412783,0.999337361923977,"Moderate"
"21137",28.41216033,0.160756501182033,41,12.79834643,1272.098039,874.790234038052,-0.163750376553699,-45.6029256342689,-36.3406671583879,1,37.4551738,"Interior Plateau","Oak / hickory group",-0.37542390111272,-0.195286441382872,-0.379404242027878,0.233537211166614,-0.534126318994353,-0.226106348865882,0.708602031808918,0.121718831706411,0.539838500289723,"Moderate"
"21139",11.30443933,0.308943089430894,49,14.01198183,1254.218182,856.513022171711,0.0297242481349893,-51.249082662808,-39.2518119232945,1,37.21099155,"Interior Plateau","Oak / hickory group",0.41100031615118,-0.569691492207462,-0.687334003576186,0.173936592100406,0.888808792600741,-0.319354460749383,0.653111810890562,0.406756508472375,1.06498005644316,"Moderate"
"21141",18.91242208,0.255102040816327,47,13.73996917,1289.308642,909.396099922882,-0.145380311219602,-44.9365735688555,-32.2065479728674,0,36.85970113,"Interior Plateau","Oak / hickory group",0.125266600207397,-0.151099647133771,0.057887077303147,0.346384348089963,-0.399021206330393,-0.277886048523129,0.762015219767196,0.34287088297288,0.933694667404798,"Moderate"
"21143",14.85243408,0.205776173285199,41,14.20923072,1273.538462,979.35332797818,-0.00971751738228077,-52.657207145933,-40.9494813357533,0,37.02078323,"Interior Plateau","Oak / hickory group",-0.136505110865979,-0.66306631618188,-0.866906982449693,0.57450962949189,0.598729030936236,-0.300015601329705,0.713072391414472,0.45308291370929,0.539838500289723,"High"
"21145",101.6544459,0.213953488372093,35,14.22097806,1255.578947,1189.42997915661,0.0524897111002596,-40.7550566426722,-35.5629987995043,0,37.05353237,"Mississippi Valley Loess Plains","Oak / hickory group",-0.0931082104276541,0.126182945142381,-0.297145456686307,1.25955385577501,1.05624044746052,0.173111340003062,0.657334951515678,0.455841925601807,0.145982333174649,"High"
"21147",15.68005989,0.201834862385321,52,12.99635854,1308.318182,1073.91625272368,-0.13307813597002,-40.6328551194881,-37.8692700025909,2,36.73871187,"Southwestern Appalachians","Oak / hickory group",-0.15742159444292,0.134286309478038,-0.541094005790828,0.882872245013256,-0.308543206231966,-0.295504506945564,0.821011417228749,0.168224488846872,1.26190814000069,"Moderate"
"21149",14.06945434,0.255434782608696,30,13.64413598,1190.710526,997.253657969081,-0.0847106169148326,-38.6338663059844,-26.1703107011082,1,37.5301945,"Interior River Valleys and Hills","Oak / hickory group",0.127032456393891,0.266842223976096,0.696377174445896,0.632881264987994,0.047182208587225,-0.304283345840972,0.456015499580746,0.320363242016896,-0.182231139421246,"Moderate"
"21151",81.29802684,0.185185185185185,40,12.71234345,1180.80303,645.076029921844,-0.103957833907592,-46.0780886506035,-28.5737436930085,2,37.71653094,"Interior Plateau","Elm / ash / cottonwood group",-0.245781205893211,-0.226795206084507,0.442151222849517,-0.515543604537046,-0.0943740337549178,0.0621557286709442,0.425267538800761,0.101519940330838,0.474195805770544,"Moderate"
"21153",15.45439113,0.102060843964671,46,12.27664013,1151.204545,882.662062195809,-0.11079323695686,-45.4056652203653,-35.8446658583488,2,37.70816306,"Central Appalachians","Oak / hickory group",-0.686920959175995,-0.182205810624651,-0.326939121127718,0.259206653246515,-0.144645923499414,-0.296734547216918,0.333408500358862,-0.000810514179649162,0.868051972885619,"Moderate"
"21155",21.67395245,0.151162790697674,46,13.21962821,1288.346154,810.952871414823,-0.141856060655143,-42.3638606898177,-28.7669148788736,2,37.55114092,"Interior Plateau","Oak / hickory group",-0.42633759274619,0.019500761491855,0.421718313459883,0.0253683526053567,-0.373101632234841,-0.262833927149894,0.759028133698708,0.220662204514282,0.868051972885619,"Moderate"
"21157",39.89331787,0.25,44,14.30950957,1306.480769,721.878564357134,-0.0582184968880213,-52.3782186755497,-37.6755085688721,1,36.88008263,"Mississippi Valley Loess Plains","Oak / hickory group",0.0981901386811339,-0.644566176723243,-0.520598662240228,-0.265096291693511,0.242022063309245,-0.163526636299724,0.815308997277166,0.476634674339181,0.736766583847261,"High"
"21159",19.2043574,0.129657228017884,43,12.52106018,1158.75,901.046941394545,-0.0236948917028761,-41.4625585459636,-33.1825870396723,2,37.79986799,"Central Appalachians","Oak / hickory group",-0.540467322684173,0.0792674440818568,-0.0453546029891449,0.319158367420166,0.495930554284918,-0.276294812765771,0.356825855703455,0.0565946366646821,0.671123889328082,"Moderate"
"21161",27.53067431,0.3125,29,11.78691023,1128.794872,864.648976654886,-0.110813862692759,-34.2269783086138,-22.3885060218452,1,38.59471408,"Interior Plateau","Oak / hickory group",0.429876792377822,0.559069506408006,1.09640201249104,0.200467330346359,-0.144797618244192,-0.230911016127916,0.2638599740212,-0.115829796691372,-0.247873833940425,"Moderate"
"21163",35.87312052,0.287410926365796,45,12.93315597,1178.234043,792.705073461427,-0.111468031772352,-33.7002360363836,-27.6980156312459,2,37.96162673,"Interior Plateau","Oak / hickory group",0.296729418328559,0.593998568105895,0.534782388599315,-0.0341363498936256,-0.149608792597266,-0.185439304403591,0.417294675473812,0.153380563135379,0.80240927836644,"Moderate"
"21165",12.25717013,0.257289879931389,42,12.06197305,1200.483871,1130.33455796356,-0.0889762506644214,-51.086345745848,-40.086207052927,3,37.93902268,"Western Allegheny Plateau","Oak / hickory group",0.136877432765823,-0.558900165760558,-0.775593129814812,1.06684811308073,0.0158100322862684,-0.31416146349199,0.486347122096592,-0.0512278024042126,0.605481194808903,"Moderate"
"21167",33.62409807,0.168776371308017,29,12.82696491,1204.026316,516.592664301779,-0.316645823631484,-33.6121197339016,-21.828754601052,1,37.81457463,"Interior Plateau","Oak / hickory group",-0.332862558950005,0.599841690878161,1.1556103773958,-0.934518237356624,-1.65861641892387,-0.197697927106528,0.497341116939008,0.128440244951091,-0.247873833940425,"Moderate"
"21169",13.41302926,0.266304347826087,44,13.5849281,1342.545455,1016.06404351199,-0.0540998120123699,-46.2448890103717,-34.1535012422247,1,36.99452983,"Interior Plateau","Oak / hickory group",0.184717091819401,-0.237855985453715,-0.148054194737348,0.694220523482668,0.272313484381079,-0.307861285842623,0.927235921160906,0.306457519951243,0.736766583847261,"Moderate"
"21171",12.44226453,0.298165137614679,45,13.79694213,1347.693878,1088.45371794956,-0.0430158098638058,-44.4011558006537,-30.6288321877611,0,36.71230211,"Interior Plateau","Oak / hickory group",0.353801871805188,-0.115595300424546,0.224771820155972,0.930277830364683,0.353832266803141,-0.313152579648244,0.943214076335813,0.356251705711636,0.80240927836644,"Moderate"
"21173",54.8621775,0.15609756097561,31,12.24581028,1177.758621,927.211559563542,-0.0653054211734085,-37.1217818477873,-29.3803743897767,1,38.03254848,"Interior Plateau","Oak / hickory group",-0.400148833702182,0.367110788162459,0.35682891215318,0.404479227730101,0.189900326853524,-0.0819366981924412,0.415819201044154,-0.0080512957348371,-0.116588444902067,"Moderate"
"21175",13.44322625,0.124434389140271,42,12.11756018,1161.311475,889.639422892827,-0.134899576477024,-42.470602004191,-32.8151231376982,3,37.92467097,"Western Allegheny Plateau","Oak / hickory group",-0.568184857885972,0.0124225865436531,-0.00648567655287222,0.281959303926039,-0.321939235066589,-0.307696692773676,0.36477540550281,-0.0381724594294712,0.605481194808903,"Moderate"
"21177",25.45744339,0.236920039486673,54,13.73730047,1243.211268,843.251697198467,-0.0892894501451174,-42.7386824357925,-32.3072776413265,1,37.21427466,"Interior River Valleys and Hills","Oak / hickory group",0.0287749653507299,-0.00535422467705896,0.0472322781453158,0.130692404539224,0.0135065646416986,-0.242211461627845,0.618951801138283,0.342244104907585,1.39319352903905,"Moderate"
"21179",42.45967304,0.267857142857143,44,13.20064611,1240.984615,1000.02185664273,-0.0669769725005032,-45.2263588511633,-31.5447094013778,1,37.805055,"Interior Plateau","Oak / hickory group",0.192957754023046,-0.170315739212376,0.127893830646038,0.641908153544862,0.177606678123187,-0.149538345631145,0.612041373002391,0.216204017414483,0.736766583847261,"Moderate"
"21181",14.22252046,0.140672782874618,29,12.04383332,1143.96875,755.423744505924,-0.145055822857802,-33.3088142178105,-25.197169642371,1,38.33342748,"Interior Plateau","Oak / hickory group",-0.482007922219494,0.619954329721443,0.799312314526237,-0.155707971517759,-0.396634713093608,-0.303449036777635,0.310952176291508,-0.0554881482184186,-0.247873833940425,"Moderate"
"21183",15.83169143,0.251346499102334,51,13.44080493,1225.180851,942.723605282881,-0.00356540263914207,-48.2945150577779,-35.1871924679554,1,37.47744721,"Interior River Valleys and Hills","Oak / hickory group",0.105335991184474,-0.373769730071809,-0.257394099949532,0.455062847081723,0.643975585065284,-0.29467801726836,0.562994316546539,0.272608364311134,1.19626544548151,"Moderate"
"21185",137.141246,0.309352517985612,28,12.50538883,1181,944.508760833704,-0.0688182185276811,-32.7176736273894,-29.4458032534083,1,38.39790358,"Interior Plateau","White / red / jack pine group",0.413173147947056,0.659153739458433,0.3499080971462,0.460884105637819,0.164064986930494,0.366537285288951,0.42587883612905,0.0529140212213733,-0.313516528459604,"Moderate"
"21187",11.92809973,0.221198156682028,42,12.13804014,1140.685185,757.042147695639,-0.125822109307844,-32.4293774754849,-31.121755681531,1,38.51673404,"Interior Plateau","Oak / hickory group",-0.0546608538058176,0.678271085090293,0.172632257834002,-0.1504304799227,-0.255177783635108,-0.315955109383032,0.300761616755726,-0.033362480898308,0.605481194808903,"Moderate"
"21189",8.636996569,0.149441340782123,50,12.48813435,1213.225806,710.013423017717,-0.198936077052086,-50.4537302035885,-41.5761185430791,2,37.42824913,"Central Appalachians","Oak / hickory group",-0.435473304138119,-0.516950490422999,-0.933190270094896,-0.30378762898876,-0.79290427887299,-0.333893743978316,0.525891777743298,0.0488615876049801,1.13062275096233,"Moderate"
"21191",20.32078341,0.214388489208633,39,11.96003091,1112.534884,711.357564787048,-0.137534933828851,-29.8144055555272,-31.3813331851154,2,38.69605,"Interior Plateau","Oak / hickory group",-0.0907996668784187,0.851673753426983,0.145175142081596,-0.299404483345391,-0.341321324648356,-0.270209571050049,0.213397024219653,-0.0751702078005538,0.408553111251365,"Moderate"
"21193",29.85368271,0.160929432013769,52,12.45461952,1203.018868,910.928174945477,-0.0277550769359862,-57.932620325837,-34.3899867382281,2,37.25017905,"Central Appalachians","Maple / beech / birch group",-0.374506159530328,-1.01288679226129,-0.173068726227436,0.351380329997395,0.466069376690862,-0.218249122285392,0.494214497297489,0.0409902044198768,1.26190814000069,"Moderate"
"21195",28.75656201,0.213515754560531,59,12.46823445,1153.90678,885.26982078535,-0.142557617147419,-48.0825364220919,-35.6890223859042,3,37.47078374,"Central Appalachians","Oak / hickory group",-0.0954312578383244,-0.359713112187011,-0.310475749764614,0.267710358704901,-0.378261323678788,-0.224229137611998,0.34179489948517,0.0441878435267548,1.72140700163495,"Moderate"
"21197",26.49717512,0.251046025104602,38,12.40652977,1194.035714,1248.0020154193,-0.0783975793594058,-51.3091971424046,-35.5442976082225,2,37.83220909,"Western Allegheny Plateau","Oak / hickory group",0.103741379747185,-0.57367777255264,-0.295167316182443,1.45055287940912,0.0936122911517446,-0.236544253196759,0.466335236294248,0.029695716292507,0.342910416732186,"Moderate"
"21199",37.99327208,0.193138500635324,52,13.10708338,1279.586538,943.515294558517,-0.0727638167389772,-41.6175467647762,-35.3152408775391,3,37.10465173,"Interior Plateau","Oak / hickory group",-0.203573068493998,0.068989945307304,-0.270938571081668,0.457644486517816,0.135046554977809,-0.173883111157462,0.731842623937641,0.194229622805459,1.26190814000069,"Moderate"
"21201",8.265230002,0.160869565217391,28,11.89823805,1128.428571,551.745592662158,-0.12337964651496,-37.7750851805247,-33.3862247375167,1,38.5193623,"Interior Plateau","Oak / pine group",-0.374823871808058,0.323789274739955,-0.0668946199939276,-0.819887170671501,-0.237214362993504,-0.335920111513429,0.262723157132082,-0.0896830452269543,-0.313516528459604,"Moderate"
"21203",20.48534946,0.147121535181237,45,12.59636997,1232.2,906.726258934955,-0.173673687256524,-56.2184029547063,-37.1888319019171,2,37.36639699,"Southwestern Appalachians","Oak / hickory group",-0.447784481049874,-0.899214494675787,-0.469119865372019,0.337678196579961,-0.607108640293786,-0.269312579952133,0.584778278726374,0.0742820966541755,0.80240927836644,"Moderate"
"21205",33.85022632,0.05175983436853,36,11.97113705,1166.666667,999.495324690561,-0.0852969667330259,-45.8467694822655,-33.2134209706544,4,38.19452147,"Western Allegheny Plateau","Oak / hickory group",-0.953867735984139,-0.211456088780379,-0.0486160983051358,0.640191172282244,0.0428698201004808,-0.196465382318358,0.381395269248936,-0.072561789865944,0.211625027693828,"Moderate"
"21207",27.16036121,0.265714285714286,42,13.55749995,1322.418605,954.61844890224,0.020469493744238,-41.1742612199694,-31.577793406078,1,36.99306758,"Interior Plateau","Oak / hickory group",0.181585640182017,0.0983848675693471,0.124394331136015,0.493851041287378,0.820743458487917,-0.232929461330566,0.864772146820282,0.300015670814354,0.605481194808903,"Moderate"
"21209",76.68248692,0.244712990936556,24,12.22292559,1141.170213,553.201259007134,-0.170923529969976,-42.2823686876064,-36.9868251522474,1,38.29617998,"Interior Plateau","Elm / ash / cottonwood group",0.070132053172049,0.0249046170834543,-0.447752363828709,-0.815140351739332,-0.586882239174078,0.0369980596358385,0.3022669034519,-0.0134260556265721,-0.576087306536321,"Moderate"
"21211",48.90183537,0.309954751131222,28,12.4683418,1195.491525,939.491941964042,0.0104026669589736,-67.0305204937087,-32.3939998919854,1,38.21478169,"Interior Plateau","Oak / hickory group",0.416369191096058,-1.61618205265372,0.0380591300805939,0.444524635027013,0.746705628885469,-0.114424406508598,0.470853352630714,0.0442130560367067,-0.313516528459604,"Moderate"
"21213",30.20000806,0.114503816793893,29,13.84760099,1289.606061,896.472334204477,-0.00503621123360531,-97.6928619153256,-55.7205561708258,1,36.74178434,"Interior Plateau","Oak / hickory group",-0.620886270859779,-3.64944741178805,-2.42933479662335,0.304240915978084,0.63315832572254,-0.216361425789471,0.762938261042935,0.368149581928837,-0.247873833940425,"Moderate"
"21215",39.17349034,0.339331619537275,38,12.88454324,1208.555556,757.300118106635,-0.0959583005812528,-56.4073092164385,-45.6833139331805,1,38.03247995,"Interior Plateau","Oak / hickory group",0.572271833939125,-0.911741149206901,-1.36763369329814,-0.149589257732545,-0.0355403915409131,-0.16745016054087,0.511397634739584,0.141963246517512,0.342910416732186,"Moderate"
"21217",37.06668565,0.190825688073395,40,13.28832946,1328.72093,1096.09856403207,-0.0196971164281308,-56.1295779792129,-34.9791227245929,1,37.36777712,"Interior Plateau","Oak / hickory group",-0.215847133442701,-0.893324378744544,-0.235385278117173,0.955207100896506,0.525332729458303,-0.178933604738365,0.884331442319641,0.23679756501128,0.474195805770544,"Moderate"
"21219",12.71600915,0.269113149847095,42,13.73339682,1287.952381,1001.70101794477,-0.0405980292141335,-29.8607529730199,-30.805418883377,1,36.83798884,"Interior Plateau","Oak / hickory group",0.199623366111315,0.848600387398686,0.206093154728849,0.647383772793874,0.371614159307595,-0.311660494936711,0.757806057327421,0.341327283161196,0.605481194808903,"Moderate"
"21221",12.74082261,0.235571260306243,41,14.11444443,1280.866667,962.471494781723,0.00449405899303357,-45.9101159130221,-33.6653094316624,1,36.80765334,"Interior Plateau","Oak / hickory group",0.0216170125038084,-0.21565668460283,-0.0964151317719895,0.519459235764483,0.703249978053145,-0.311525245577998,0.735815510354686,0.43082115050523,0.539838500289723,"Moderate"
"21223",21.71264811,0.269121813031161,33,12.24080772,1174.461538,881.883362852239,-0.130523089438128,-29.6700553351323,-25.6192580125028,1,38.61054256,"Interior Plateau","Oak / hickory group",0.199669341511846,0.861245830740865,0.754665420722188,0.256667373006038,-0.289751773361436,-0.262623010848822,0.40558668833132,-0.00922621044174387,0.0146969441362909,"Moderate"
"21225",16.42461148,0.145569620253165,27,13.68515097,1170.113208,878.283244956593,-0.141531664142084,-62.4528816758135,-49.2869541938168,0,37.66165636,"Interior River Valleys and Hills","Oak / gum / cypress group",-0.4560204725589,-1.31263202993781,-1.74881298040901,0.244927658170922,-0.370715814511957,-0.291446220633357,0.392091625572937,0.329996132967654,-0.379159222978783,"Moderate"
"21227",93.25184243,0.229822161422709,43,13.83036213,1287.864198,885.850216193984,-0.11086154223938,-43.2706835032094,-32.8819207207059,2,36.99697077,"Interior Plateau","Oak / hickory group",-0.00889337742340376,-0.040632004887238,-0.0135512694617236,0.269602984665071,-0.145148283873347,0.127311732417502,0.75753238096909,0.364100816867687,0.671123889328082,"Moderate"
"21229",15.65875873,0.180497925311203,37,12.99251449,1234.456522,725.536685990064,-0.181216320026848,-47.1487985018833,-30.3131686988024,1,37.75426255,"Interior Plateau","Oak / hickory group",-0.270656430574936,-0.297795565135897,0.258161496978751,-0.253167431015169,-0.662581946005226,-0.295620612004264,0.591781405445292,0.167321664916907,0.277267722213007,"Moderate"
"21231",17.23026826,0.28285523682455,48,13.43148175,1310.671233,960.938920995668,-0.0459871846299944,-46.7056826691046,-34.0590811024225,2,36.8030581,"Southwestern Appalachians","Oak / hickory group",0.272552435621089,-0.26841189673027,-0.138066793394364,0.514461627426762,0.331978892019132,-0.287054871630112,0.828314122156544,0.270418697161287,0.999337361923977,"Moderate"
"21233",15.13837258,0.278884462151394,36,13.71443333,1194.08,660.879954447478,0.0559856344404379,-55.3623063191773,-37.4592309338159,1,37.52173528,"Interior River Valleys and Hills","Oak / hickory group",0.251479588198326,-0.842445456422714,-0.497721641009983,-0.464008190257691,1.08195168518065,-0.298457052108579,0.466472678105085,0.336873466856089,0.211625027693828,"Moderate"
"21235",31.96889106,0.0819140308191403,51,12.95830236,1273.842857,909.379103038799,-0.0284421931057488,-49.6419480771239,-35.7783504246219,2,36.75694688,"Central Appalachians","Oak / hickory group",-0.793839823734291,-0.463120013023734,-0.319924528126139,0.346328922523911,0.461015888538226,-0.206719872721542,0.714017082739266,0.159286511976893,1.19626544548151,"Moderate"
"21237",12.49176394,0.201975850713502,39,12.09818093,1197.457143,865.751243611101,-0.158586824387792,-34.9889353488571,-28.0367380545658,2,37.73944322,"Western Allegheny Plateau","Oak / hickory group",-0.156673371294366,0.508543004410902,0.498953625872942,0.204061740338817,-0.496150281106985,-0.312882775942546,0.476953657407262,-0.042723922247272,0.408553111251365,"Moderate"
"21239",53.79110152,0.512820512820513,20,12.57438508,1162.551724,621.404748908218,-0.115253529362755,-35.3822448062372,-22.4669031791345,2,38.04167718,"Interior Plateau","Oak / hickory group",1.49297504140567,0.482462070665017,1.08810946096932,-0.592733879116093,-0.177449743031517,-0.0877747529993188,0.368624524150894,0.0691186662124176,-0.838658084613037,"Moderate"
"22001",36.7520844,0.0697674418604651,34,19.71304516,1534.239583,873.495213285571,0.155450247263454,-64.6678747402629,-39.5604158700786,0,30.29720087,"Western Gulf Coastal Plain","White / red / jack pine group",-0.858301606862805,-1.45951150684209,-0.719976949022131,0.229314245480387,1.81347753863463,-0.180648384431036,1.52215955569958,1.74572358761231,0.08033963865547,"High"
"22005",166.522223,0.139165009940358,28,19.70123405,1608.595238,912.556313670486,-0.0964346945753305,-36.8589277250533,-31.8535932158017,0,30.20406873,"Mississippi Valley Loess Plains","Oak / gum / cypress group",-0.490009652765081,0.384541035086913,0.0952212818713176,0.356689568443928,-0.0390440951517454,0.52668255715436,1.7529226833062,1.74294959852595,-0.313516528459604,"High"
"22007",24.95595004,0.0741324921135647,23,19.90522102,1630.903846,979.751445114366,-0.142189385703438,-60.7543523076199,-27.4687436339234,0,29.90047991,"Mississippi Alluvial Plain","Oak / gum / cypress group",-0.83513634427611,-1.20000002710629,0.559033903782033,0.575807859656921,-0.375553116069253,-0.244944923788563,1.82215755393749,1.79085852736844,-0.6417300010555,"High"
"22011",12.47125948,0.00421200421200421,48,19.12218968,1468.1125,735.253463093596,-0.0481960227714344,-43.0942885408936,-33.4649925490553,0,30.64838446,"South Central Plains","White / red / jack pine group",-1.20620342678664,-0.0289349931857877,-0.0752263779048203,-0.221481748596322,0.315733695253185,-0.31299453847247,1.31693384028382,1.60695367918377,0.999337361923977,"High"
"22013",6.372508159,0.0233263354327035,54,17.69180336,1361.189189,840.071371079313,0.0165816014009159,-70.3736676797191,-46.9963183722183,1,32.34570967,"South Central Plains","White / red / jack pine group",-1.10476392982274,-1.83787110341258,-1.50651828217147,0.120321599247905,0.792149432091347,-0.346236666136947,0.985096837968186,1.27100929792181,1.39319352903905,"High"
"22015",58.38625441,0.0617027588252744,55,17.6321959,1279.416667,865.715350114864,0.111058047771549,-63.8940717754918,-44.8908433008845,2,32.67855467,"South Central Plains","White / red / jack pine group",-0.901100770527875,-1.40819948401153,-1.28380918007619,0.203944694335749,1.48698914544299,-0.0627282064249087,0.731315428484253,1.25700972942181,1.45883622355823,"High"
"22017",106.7879848,0.0825935932072559,55,17.8105891,1262.317829,827.935601007419,0.0935170389780584,-56.579890602022,-39.5207947881665,4,32.57949112,"South Central Plains","White / red / jack pine group",-0.790233395342416,-0.923185276976313,-0.715785982481217,0.0807477619241682,1.35798144045213,0.201092437526544,0.678249103733044,1.29890763655178,1.45883622355823,"High"
"22019",73.60691978,0.0128854118729867,42,19.70886331,1460.732919,583.339509228596,-0.104234852768769,-25.6472272257842,-27.2970197155954,0,30.2285603,"Western Gulf Coastal Plain","Aspen / birch group",-1.16017376977515,1.12800553209631,0.577198203222009,-0.716861774902381,-0.0964114061740507,0.0202342353499538,1.29403127568417,1.7447414270651,0.605481194808903,"High"
"22027",8.109842406,0.0340971085651937,58,17.38508028,1329.481481,820.772333489263,-0.027049120593984,-47.5695777894757,-35.5766624772578,1,32.82151962,"South Central Plains","White / red / jack pine group",-1.04760358265407,-0.325698064085298,-0.298590748271675,0.0573888830239792,0.471261427420535,-0.33676707411804,0.886691815951806,1.19897148975166,1.65576430711577,"High"
"22029",10.81944668,0.152801358234295,33,18.89392279,1538.953704,841.671078790968,-0.00610657032210105,-52.2009823638168,-42.7514001088359,1,31.44784684,"Mississippi Alluvial Plain","Oak / gum / cypress group",-0.417641737016944,-0.632813373893477,-1.05750706005956,0.125538126289166,0.62528622605321,-0.321997983454124,1.53678985255966,1.55334230297623,0.0146969441362909,"High"
"22033",375.6388374,0.0535405872193437,46,19.4662885,1601.149254,890.366403213233,-0.0440636805767711,-55.2685236130604,-37.0194310636075,2,30.53863309,"Mississippi Valley Loess Plains","White / red / jack pine group",-0.944417304717784,-0.836226586017112,-0.451201292453357,0.284329932305357,0.346125560911918,1.66650296083467,1.72981403668142,1.68776965425397,0.868051972885619,"High"
"22035",6.372853773,0.208163265306122,32,17.95296952,1416.266667,666.803772951078,-0.0195317875293144,-50.0849551482661,-38.9916689612608,0,32.73898457,"Mississippi Alluvial Plain","Elm / ash / cottonwood group",-0.123836845834203,-0.492496469283854,-0.659817075791223,-0.444691061768273,0.526548663048901,-0.346234782317767,1.15603005191089,1.33234748523596,-0.0509457503828881,"High"
"22037",16.37787427,0.0388035569927243,47,18.79130845,1611.223881,1064.64338522891,-0.120799911475323,-36.8832041271479,-33.340917401642,0,30.84387504,"Mississippi Valley Loess Plains","White / red / jack pine group",-1.02262652457849,0.382931230840569,-0.0621021832520427,0.852634118582988,-0.218241355177011,-0.291700968567766,1.76108068931181,1.52924202287854,0.933694667404798,"High"
"22043",13.4099833,0.0229741019214703,52,18.56067031,1493.945652,1003.87161538264,-0.0135905289157012,-43.5050048986942,-33.1075806377858,0,31.59896546,"South Central Plains","White / red / jack pine group",-1.10663322829731,-0.0561702043284386,-0.0374207126083115,0.654461928476843,0.570244447454634,-0.307877888288902,1.39710714991921,1.47507372851334,1.26190814000069,"High"
"22045",47.62255689,0.184542586750789,25,20.08189252,1562.514851,863.175215910446,-0.0411849203791279,-33.6492556894125,-21.7210519999087,0,29.86704633,"Mississippi Alluvial Plain","Oak / gum / cypress group",-0.24919146708322,0.597379150562651,1.16700274670975,0.195661506932676,0.367297789413098,-0.121397299206181,1.60991198391227,1.83235207140214,-0.510444612017142,"High"
"22047",20.35974281,0.191944306315266,29,19.50608424,1587.236559,850.068959707718,-0.201565296017436,-53.1544644761133,-32.8444426633841,0,30.25693371,"Mississippi Alluvial Plain","Oak / gum / cypress group",-0.209910641580137,-0.6960401876201,-0.00958698386743929,0.152922987018627,-0.812241222867005,-0.269997217195897,1.68663592182738,1.69711618886789,-0.247873833940425,"High"
"22049",10.72909667,0.0253918495297806,50,17.77996589,1424.987952,804.348839013639,-0.0261474169393323,-46.5313392340728,-38.8059309834923,1,32.30268097,"South Central Plains","White / red / jack pine group",-1.09380227447838,-0.256850924847258,-0.640170422730824,0.00383309753897986,0.477893128050641,-0.322490449273573,1.18309660123183,1.2917153870232,1.13062275096233,"High"
"22051",557.9575977,0.121951219512195,12,20.60146574,1585.530864,354.01253531242,-0.0558397981900047,-57.6132649791767,-15.9890553023861,0,29.74007147,"Mississippi Alluvial Plain","Oak / gum / cypress group",-0.581363005477936,-0.991709865336822,1.77331143926989,-1.46467986192446,0.259516522351404,2.66025777825984,1.68134228931291,1.95438043637782,-1.36379964076647,"High"
"22053",18.62299329,0.0171428571428571,21,19.72865982,1522.714286,708.569525126714,-0.00310687767575546,-2.79819036909021,-11.1161893153979,0,30.26901961,"Western Gulf Coastal Plain","Unknown",-1.13757956537739,2.64315907146518,2.28874457042793,-0.308496071873894,0.647347868490025,-0.279463622075575,1.48639074185058,1.74939088868963,-0.773015390093858,"High"
"22055",350.0026372,0.277777777777778,14,19.8465264,1562.815789,817.433363250238,-0.0074606042766463,-65.8281862769351,-45.9333930265229,1,30.21132449,"Western Gulf Coastal Plain","Oak / gum / cypress group",0.245606429212997,-1.53645348661068,-1.39408610353533,0.0465007511390488,0.615327801482988,1.52676913746232,1.61084594642119,1.77707335092792,-1.23251425172811,"High"
"22057",35.42848448,0.127167630057803,16,20.51321714,1601.529101,715.43876104156,0.0242246283385243,-45.9762380240598,-32.4226186606385,0,29.52489406,"Mississippi Alluvial Plain","Oak / gum / cypress group",-0.553679585347043,-0.220041339903518,0.0350319461653904,-0.286096008011275,0.84836110018937,-0.187862857558646,1.73099289364572,1.93365413264455,-1.10122886268975,"High"
"22059",9.237728383,0.0340258958145137,55,18.48614386,1510.084211,759.75359013839,0.125969926890154,-69.8509581912702,-42.1532369986709,1,31.67872875,"South Central Plains","White / red / jack pine group",-1.04798150775765,-1.80320946159143,-0.994235653532299,-0.141588669184161,1.59666056313855,-0.33061936819186,1.44719324424389,1.45757024586475,1.45883622355823,"High"
"22061",38.57286159,0.0366336633663366,43,17.59924747,1361.742424,802.400539607392,0.0650843641250787,-58.5049153727626,-41.9872190354253,1,32.60034332,"South Central Plains","White / red / jack pine group",-1.03414212067152,-1.05083652604443,-0.976674908202414,-0.00252016091136891,1.14886951463772,-0.170723974562063,0.986813805412041,1.24927137246528,0.671123889328082,"High"
"22063",83.71294129,0.0344427244582043,49,19.35966482,1636.72449,889.092338482813,0.233266367068636,-102.373331558319,-63.0499069128827,0,30.44044618,"Mississippi Valley Loess Plains","White / red / jack pine group",-1.0457694037898,-3.95981629910561,-3.2046054920255,0.280175302637618,2.38578664272024,0.0753185697543757,1.84022195017103,1.662727729772,1.06498005644316,"High"
"22065",6.889129609,0.281045751633987,32,18.16647134,1426.301075,987.075867943673,-0.011980678721015,-68.572781084269,-46.5296678050638,0,32.36926227,"Mississippi Alluvial Plain","Oak / gum / cypress group",0.262949522216744,-1.71845164095507,-1.45715776956402,0.599692253957416,0.582084306919993,-0.343420746075413,1.18717188468421,1.38249109736041,-0.0509457503828881,"High"
"22067",12.23413905,0.105637657361795,47,17.65898059,1399.205357,804.970226828254,0.0111805033072805,-69.9834766734571,-42.4651850603859,1,32.81656859,"Mississippi Alluvial Plain","White / red / jack pine group",-0.667938858910562,-1.81199695878777,-1.02723232666835,0.00585939666502188,0.752426330775247,-0.314286997730281,1.1030801954855,1.26330045381111,0.933694667404798,"High"
"22069",11.86195554,0.0895557106303792,67,18.38164712,1372.042553,890.171734895454,0.0237161917302877,-55.7139951111655,-40.7053448783723,2,31.72282395,"South Central Plains","White / red / jack pine group",-0.753285532450909,-0.865766462086074,-0.841083161520956,0.283695133500318,0.844621734869271,-0.316315637873622,1.01878030456791,1.43302786023623,2.24654855778838,"High"
"22073",97.84881042,0.0872876391329818,54,17.92031258,1373.284091,909.015431096093,0.134382849674311,-62.2492432255751,-39.9516979005461,2,32.47524645,"South Central Plains","White / red / jack pine group",-0.765322157175975,-1.29912846212594,-0.761365266014282,0.345143015555125,1.65853453363973,0.152368172457434,1.0226334236336,1.32467758840542,1.39319352903905,"High"
"22075",11.533501,0.0604395604395604,16,20.69664404,1522.511628,488.727935996363,-0.336100730554664,-45.4185841379343,-42.7906311744197,0,29.42226719,"Mississippi Alluvial Plain","Aspen / birch group",-0.907804547256076,-0.183062483218873,-1.06165677216461,-1.02538302949557,-1.80170014475278,-0.318105926930508,1.48576179178734,1.97673426810565,-1.10122886268975,"High"
"22077",15.17229182,0.195383347073372,29,19.28794858,1565.333333,912.356099019643,-0.0941445642833383,-48.4938985675464,-31.7311707264121,0,30.71141207,"Mississippi Alluvial Plain","Oak / gum / cypress group",-0.191659698844413,-0.386991146467268,0.108170664677809,0.356036683462147,-0.0222010243467409,-0.298272170376726,1.61865915615389,1.64588426060821,-0.247873833940425,"High"
"22079",38.12323359,0.0428031892572388,66,18.94305061,1536.015707,817.436199043487,0.0972699053359465,-71.995345914337,-44.6086971139137,1,31.19647967,"South Central Plains","White / red / jack pine group",-1.00140053030915,-1.94540699353825,-1.25396483529367,0.0465099984484536,1.38558240010436,-0.173174737118335,1.52767176494926,1.56488059501795,2.1809058632692,"High"
"22081",8.399398544,0.0952727272727273,54,18.05119267,1297.96875,731.877998595398,0.0647219703639801,-49.8630907713633,-36.8807782318755,1,32.09517101,"South Central Plains","White / red / jack pine group",-0.72294540254325,-0.477784313229641,-0.436535126095739,-0.232488885527262,1.14620424105096,-0.335188806436869,0.788891905978771,1.35541643863056,1.39319352903905,"High"
"22083",14.0726603,0.393478260869565,32,18.08227362,1393.654321,685.509016567535,0.210955490944999,-81.5068000035414,-43.0530186129491,1,32.41114713,"Mississippi Alluvial Plain","Oak / gum / cypress group",0.859627326297879,-2.57612562812177,-1.08941111209083,-0.383694663221395,2.22169830783987,-0.304265871291511,1.08585252895742,1.36271619420763,-0.0509457503828881,"High"
"22085",10.65470795,0.0359485699291525,52,18.22779676,1324.934307,846.494638498021,0.0609042427017001,-69.306385923024,-44.3497679780903,1,31.56391375,"South Central Plains","White / red / jack pine group",-1.03777790226591,-1.76709806640001,-1.22657630140379,0.141267393244407,1.11812625022448,-0.322895915769398,0.872579639897254,1.39689415057021,1.26190814000069,"High"
"22089",73.47766013,0.203478260869565,16,20.13134256,1619.781818,637.367678111056,-0.0594868543474623,-23.6769100255266,-28.1805683853693,0,29.90766062,"Mississippi Alluvial Plain","Oak / gum / cypress group",-0.148700100940055,1.25866018937457,0.483739803461346,-0.540679962492668,0.232693758028921,0.0195296869004425,1.78764028734077,1.84396604090038,-1.10122886268975,"High"
"22091",9.665630768,0.00813559322033898,36,18.74130669,1636.44,831.631779279461,-0.116625671650325,-45.772799839154,-38.6304046643247,0,30.82231714,"Southeastern Plains","White / red / jack pine group",-1.18538099304815,-0.206551051983022,-0.621603919869718,0.0928007224524896,-0.187541347768982,-0.32828702424776,1.83933903410806,1.51749847493604,0.211625027693828,"High"
"22093",34.31820205,0.087797619047619,17,19.81759273,1628.583333,1012.03661919762,0.147504293346766,-70.241346125922,-35.3862398724327,0,30.02647824,"Mississippi Alluvial Plain","Oak / gum / cypress group",-0.762615700674558,-1.82909666482999,-0.278448573274382,0.681087394418229,1.75503795338481,-0.193914612801494,1.81495583084687,1.77027791131145,-1.03558616817057,"High"
"22095",77.50888255,0.142585551330798,17,20.00278945,1617.877193,634.170393651109,-0.107001717468068,-44.3910932094409,-31.2174409328084,0,30.12615761,"Mississippi Alluvial Plain","Oak / gum / cypress group",-0.471856885923063,-0.114928035069471,0.162511037836725,-0.551106067663257,-0.1167606842047,0.0415024487456607,1.78172927462873,1.81377371146154,-1.03558616817057,"High"
"22097",34.59183083,0.194805194805195,40,19.38089634,1569.055118,824.901877329298,-0.0106176881888671,-56.2879912112471,-34.8944854311699,1,30.60000014,"Mississippi Alluvial Plain","Oak / gum / cypress group",-0.194727945102954,-0.903828995228156,-0.226432668856371,0.0708550162136037,0.592108603843094,-0.192423159492664,1.63020973353605,1.66771422170773,0.474195805770544,"High"
"22099",28.06592153,0.147693817468106,33,19.68828589,1587.336207,815.242302493964,-0.109056266080797,-45.0765648887787,-33.4104542797717,0,30.12846644,"Mississippi Alluvial Plain","Oak / gum / cypress group",-0.444747386702651,-0.160382679289256,-0.069457528324337,0.0393558661073171,-0.131871137910115,-0.227993573608489,1.68694517986754,1.739908558816,0.0146969441362909,"High"
"22101",34.74513314,0.089035449299258,30,20.08443402,1609.632479,723.877995347017,-0.0864629285895695,-35.8387526567829,-24.2729855186849,0,29.69344277,"Mississippi Alluvial Plain","Oak / gum / cypress group",-0.756046552290388,0.452190357689013,0.897068977219212,-0.258576296978309,0.0342945970337554,-0.191587563041514,1.75614176566438,1.83294897493305,-0.182231139421246,"High"
"22103",118.055096,0.0137767220902613,53,19.51581059,1589.227273,813.101137509518,-0.275976514995962,-31.5360557445395,-22.1228500953325,0,30.40923945,"Southern Coastal Plain","White / red / jack pine group",-1.15544359852117,0.737508574658284,1.12450208057803,0.0323736874506874,-1.35950852653283,0.262505459505418,1.69281411215884,1.69940054560914,1.32755083451987,"High"
"22105",65.27324415,0.00851365732529266,49,19.1581025,1640.319672,806.363143469667,-0.102670702939186,-62.0505631604491,-43.2901842732491,1,30.62967539,"Southeastern Plains","White / red / jack pine group",-1.18337461196247,-1.28595369218855,-1.11449758875938,0.0104015935133673,-0.0849076561815627,-0.0251896710573957,1.85137961454283,1.6153882607549,1.06498005644316,"High"
"22109",34.94076358,0.0760059612518629,12,20.65260941,1591.910638,721.796633844455,-0.0786586951124029,-27.4953145930483,-19.0110550733065,1,29.37272799,"Mississippi Alluvial Plain","Oak / gum / cypress group",-0.825193868927531,1.00545611641918,1.45365585907465,-0.26536346095936,0.0916918802775641,-0.190521250985282,1.70114194815074,1.96639217637658,-1.36379964076647,"High"
"22111",9.805563422,0.0244351024697846,57,17.44927992,1358.88,746.102834603579,-0.0827150076201713,-48.8839630531177,-34.2125047656358,1,32.83120371,"South Central Plains","White / red / jack pine group",-1.0988797181706,-0.412856901317337,-0.154295361825125,-0.186102760641103,0.0618591851621542,-0.327524301043638,0.977930258965221,1.21404959000715,1.59012161259659,"High"
"22115",14.35166907,0.00936329588014981,55,18.68157338,1433.989637,897.353666164766,0.221209370879188,-58.3844333581973,-38.1439928759003,0,31.10820897,"South Central Plains","White / red / jack pine group",-1.17886559165668,-1.04284718487684,-0.570153140839628,0.307114873495247,2.29711184494798,-0.302745093567732,1.21103337328138,1.5034693489663,1.45883622355823,"High"
"22117",26.71026301,0.00866616428033157,51,18.8851613,1641.086957,779.873465733639,-0.159367874128323,-33.5266009752787,-19.3276062119478,0,30.85300169,"Southeastern Plains","White / red / jack pine group",-1.18256525961716,0.605512566662667,1.42017229006266,-0.0759792617000645,-0.501894616321445,-0.235382786780061,1.8537608871759,1.55128455585167,1.19626544548151,"High"
"22119",25.2588102,0.0422592442096709,51,17.51243335,1293.294118,829.339361582449,-0.0515730711514455,-49.6381159880308,-37.6565427423387,2,32.70974667,"South Central Plains","White / red / jack pine group",-1.00428723931111,-0.462865901509581,-0.518592529631367,0.0853253200279072,0.290896739392926,-0.24329414060799,0.774384163417294,1.22888197456597,1.19626544548151,"High"
"22121",52.98342287,0.194244604316547,17,19.41815338,1580.2,758.984900673574,-0.165257124010875,-49.6169461600393,-31.2248923433156,0,30.45874014,"Mississippi Alluvial Plain","Oak / gum / cypress group",-0.197702991235335,-0.461462098801821,0.1617228561261,-0.144095307959689,-0.545207895529633,-0.0921771224979279,1.66479792763006,1.67646451040628,-1.03558616817057,"High"
"22123",11.73702153,0.279187817258883,26,17.80883656,1400.792453,776.338137989595,0.169829745663489,-87.0726622622673,-43.1013246212562,0,32.78532392,"Mississippi Alluvial Plain","Oak / gum / cypress group",0.253089489646083,-2.94520621361163,-1.09452073693624,-0.0875077007031162,1.91923349083486,-0.316996608795613,1.10800575544152,1.2984960302901,-0.444801917497963,"High"
"22125",14.78195736,0.0682773109243697,51,18.8615211,1588.873016,1059.33714793863,-0.194088678288576,-34.0597728814696,-28.0614110400017,0,30.8781616,"Mississippi Valley Loess Plains","White / red / jack pine group",-0.86620971156302,0.570157146395991,0.496343811818502,0.835330876177877,-0.757253433644064,-0.300399744902759,1.69171467388079,1.54573235484774,1.19626544548151,"High"
"22127",5.756965426,0.0261398176291793,62,18.11509264,1469.444444,907.401237153153,0.155455239127325,-47.0781295106239,-36.9092572272086,0,31.94474885,"South Central Plains","White / red / jack pine group",-1.08983281790299,-0.293109399460649,-0.43954752532362,0.339879249998556,1.81351425196789,-0.349591770983224,1.32106753479887,1.37042415758323,1.91833508519248,"High"
"23001",89.07495393,0.578736208625878,29,6.792313722,1143.588235,897.636736935689,-0.137637073566685,-46.7932050423715,-35.2730699313067,5,44.16870993,"Acadian Plains and Hills","Maple / beech / birch group",1.84278874649,-0.274215635174959,-0.266477889643167,0.30803794607929,-0.342072525067982,0.104544996499087,0.309771246186041,-1.28887417643154,-0.247873833940425,"Low"
"23003",3.902700732,0.688522958349331,35,3.381694682,1020.408784,485.910180044672,-0.0432061219769206,-47.1308410002263,-33.4039056493783,9,46.65666221,"Acadian Plains and Hills","Maple / beech / birch group",2.42542554066612,-0.296604776554108,-0.0687648392420847,-1.03457152062465,0.352432590807652,-0.359698709344432,-0.0725167636449029,-2.08990134447177,0.145982333174649,"Low"
"23005",135.9864827,0.534355275022543,34,7.225246904,1157.593407,997.063508436657,-0.17903869983563,-37.9479688741074,-32.6350921515958,9,43.83903397,"Northeastern Coastal Zone","Maple / beech / birch group",1.6072597328128,0.312325100478525,0.0125573127515769,0.632261201603573,-0.646566345846868,0.360243080619763,0.353236363847753,-1.18719432398807,0.08033963865547,"Low"
"23007",6.810351679,0.740699901340607,32,4.076072783,1138.7,579.251274207205,-0.117495961618148,-42.6895039308017,-34.8053429500413,6,44.97260646,"Northeastern Highlands","Maple / beech / birch group",2.70232787060051,-0.00209312503574744,-0.217003518067082,-0.730193203128136,-0.193942012220338,-0.343850136596254,0.294600585701965,-1.92681783462507,-0.0509457503828881,"Low"
"23009",13.33903301,0.706276858966011,34,6.602677315,1238.857143,545.537746324159,-0.0889327507676707,-48.5794090751054,-36.4930144876008,14,44.59641407,"Acadian Plains and Hills","Maple / beech / birch group",2.51964525083589,-0.392661475111483,-0.395518959963781,-0.840130492657279,0.0161299581191105,-0.308264613123852,0.605438753569941,-1.33341269342069,0.08033963865547,"Low"
"23011",54.37123165,0.562724599803986,31,6.756991567,1098.278481,733.577367016631,-0.126756875357932,-46.4844154398611,-34.4612787779167,8,44.40971891,"Acadian Plains and Hills","Maple / beech / birch group",1.75781535528306,-0.253739338423446,-0.180609725578015,-0.226947372375928,-0.262052646092846,-0.0846126696762841,0.169152209959052,-1.29717003283089,-0.116588444902067,"Low"
"23015",29.14823481,0.595779220779221,27,7.421686058,1152.32,857.506347147203,-0.129773910083167,-46.7725734650157,-36.1585371527504,10,44.06282039,"Acadian Plains and Hills","Maple / beech / birch group",1.93323578121087,-0.272847524665555,-0.360139226463272,0.177175750452686,-0.284241833177955,-0.222094268269897,0.336870320236643,-1.14105809552767,-0.379159222978783,"Low"
"23017",10.73393569,0.633058984910837,36,5.168360815,1128.43956,739.189193346838,-0.174066857373574,-44.5856642606804,-34.4131952881396,4,44.49961799,"Northeastern Highlands","Maple / beech / birch group",2.13107898465755,-0.127830330198724,-0.175523637891837,-0.208647626998005,-0.610000262723759,-0.322464073493984,0.26275726154565,-1.67028012733625,0.211625027693828,"Low"
"23019",17.24072928,0.636881854220319,43,5.377900702,1067.118506,526.394282974362,-0.0629537483424296,-52.2642558533339,-36.2108154985904,9,45.39383826,"Acadian Plains and Hills","Maple / beech / birch group",2.15136690031806,-0.6370091328741,-0.365669029983423,-0.902555892935116,0.207196020526885,-0.286997852325006,0.0724470799034555,-1.62106702546045,0.671123889328082,"Low"
"23021",1.643856161,0.714206231454006,37,3.837119327,1055.010568,478.53003081918,-0.0598041858884935,-53.8198050684833,-36.502794515174,5,45.83663347,"Northeastern Highlands","Maple / beech / birch group",2.56172632325921,-0.740159909590782,-0.396553453883443,-1.0586376345296,0.230359900591666,-0.372010868940912,0.0348700369502726,-1.98293908648822,0.277267722213007,"Low"
"23023",54.30369376,0.588171459576777,23,7.456460644,1144.037037,946.842954552337,-0.14055376449827,-40.3745711497538,-30.6292198751771,7,43.9557976,"Acadian Plains and Hills","Maple / beech / birch group",1.89286149552507,0.151413502775489,0.224730812063553,0.468495736540188,-0.363523720246168,-0.0849807947306438,0.311164105319568,-1.13289084265754,-0.6417300010555,"Low"
"23025",4.975790584,0.735257090666733,38,3.939031019,1070.828125,483.529050243795,-0.083154498707948,-46.7079515372881,-34.3572140257367,5,45.50860606,"Northeastern Highlands","Maple / beech / birch group",2.67344294805456,-0.268562348746264,-0.169602154016936,-1.04233620657605,0.0586268889319026,-0.353849677636448,0.0839599000469797,-1.95900383219112,0.342910416732186,"Low"
"23027",21.01060889,0.591130884041332,33,6.711046566,1165.244755,635.720247486598,-0.117549480368541,-47.2610111145811,-33.0952348836969,6,44.48213391,"Acadian Plains and Hills","Maple / beech / birch group",1.90856712108533,-0.305236549994788,-0.0361148259486859,-0.546052110378481,-0.19433562305786,-0.266449577329136,0.376982358619592,-1.30796079943514,0.0146969441362909,"Low"
"23029",4.727424335,0.693936197300935,37,5.997783648,1183.070611,453.544401851843,-0.0900568976736456,-46.828007197833,-33.9745685014701,12,45.01465067,"Acadian Plains and Hills","White / red / jack pine group",2.45415352648241,-0.276523417746097,-0.129127373626301,-1.14011389935062,0.0078622687222374,-0.355203433860017,0.43230498717858,-1.4754796482344,0.277267722213007,"Low"
"23031",80.27315412,0.510161812297735,37,7.626909296,1165.553073,932.384854348152,-0.138000753306457,-51.6367384114231,-36.2689190001862,11,43.47753688,"Northeastern Coastal Zone","White / red / jack pine group",1.47886535373236,-0.595397520135671,-0.371814996205097,0.421348954580648,-0.344747256557602,0.0565695114266421,0.377939224993473,-1.09285881345506,0.277267722213007,"Low"
"24001",64.93083362,0.140362659503022,43,10.51469314,952.7301587,685.189633641887,-0.148919475891653,-38.6572486888662,-22.7880823207424,4,39.62371591,"Ridge and Valley","Oak / hickory group",-0.483653742753219,0.265291703470377,1.05413635950016,-0.38473614702248,-0.425050468233248,-0.027056029259726,-0.282557697940276,-0.414626126854084,0.671123889328082,"Moderate"
"24003",535.5978136,0.0391644908616188,33,13.15989756,1112.493827,1016.67251798778,-0.31255700621147,-52.3942498125873,-31.9439811119122,4,39.00423839,"Southeastern Plains","Oak / hickory group",-1.02071105342362,-0.645629225208611,0.085660395847481,0.696204713177917,-1.62854466206583,2.53838253552893,0.213269603625616,0.206633703279297,0.0146969441362909,"Moderate"
"24005",534.4074816,0.0671462829736211,46,12.31138424,1127.118812,1299.63241865248,0.0110665898674902,-32.9753534242983,-30.3429569798191,6,39.45912701,"Northern Piedmont","Unknown",-0.872212061582559,0.64206660975756,0.255010606517727,1.61891575761169,0.751588539083334,2.53189445850718,0.258658313869644,0.00734958101508653,0.868051972885619,"Moderate"
"24009",166.7890524,0.0153452685421995,29,13.47238463,1098,1371.97815346127,-0.0591152652949747,-3.39071519230822,-15.8802138702666,3,38.5394617,"Southeastern Plains","Oak / hickory group",-1.14711934374019,2.60386787119738,1.78482426976983,1.85482978065501,0.235426659621157,0.528136949457403,0.168287942856045,0.280025257655681,-0.247873833940425,"Moderate"
"24013",145.1090266,0.0230547550432277,26,11.55996077,1083.970588,1409.04494682258,-0.0106033358281827,4.20926385161238,-3.05071745637849,3,39.56552308,"Northern Piedmont","Oak / hickory group",-1.10620520327226,3.1078337591141,3.14187934279028,1.97570181777364,0.59221416020732,0.409966827824277,0.124747596239478,-0.169131757743011,-0.444801917497963,"Moderate"
"24015",114.7146425,0.0317124735729387,37,12.23062423,1133.087719,1270.87427809886,-0.0600497177232524,-10.1396012100993,-10.9937886871829,3,39.56600943,"Southeastern Plains","Unknown",-1.06025880826798,2.15633922476967,2.30169164084297,1.52513761504142,0.228554103737143,0.244297833737518,0.277182845026192,-0.0116179323138722,0.277267722213007,"Moderate"
"24017",136.1559627,0.0280373831775701,38,13.51205018,1043.242105,1063.02677214062,-0.217175487493847,-51.3451666067392,-42.1476684698841,2,38.51090709,"Southeastern Plains","Unknown",-1.07976246323234,-0.576062961107308,-0.993646635850264,0.847362464374611,-0.927048472583853,0.361166855914089,-0.00165344373189947,0.289341215495773,0.342910416732186,"Moderate"
"24021",149.6006375,0.0900584795321637,44,11.77202263,1014.271845,1235.35856989839,-0.113046139169899,-45.5759385114825,-39.9383163080004,7,39.47232199,"Northern Piedmont","Oak / hickory group",-0.750617344697059,-0.19349688522505,-0.759949812323553,1.40932355046733,-0.161215195397896,0.43444900378099,-0.091562782909625,-0.119326338500074,0.736766583847261,"Moderate"
"24023",17.34278611,0.317911714770798,42,8.664114981,1142,802.084839563676,-0.0745614124439409,-46.0563549116246,-37.931345753005,6,39.52773764,"Central Appalachians","Oak / hickory group",0.458596689387213,-0.225354009602392,-0.547660141303349,-0.00354963511029491,0.121825895942232,-0.286441576787059,0.30484215133812,-0.849257894446884,0.605481194808903,"Low"
"24025",224.1183074,0.0770833333333333,36,12.14641701,1124.772152,1326.02479035232,-0.27807322960339,-25.9083700629819,-23.2167548959936,4,39.54844421,"Northern Piedmont","Unknown",-0.819476269879705,1.11068876305513,1.00879301365537,1.70497930512863,-1.3749290957093,0.840618359718757,0.251375443440632,-0.0313950666622278,0.211625027693828,"Moderate"
"24027",496.0440255,0.0453172205438066,33,12.29960837,1125.225,1407.84611105651,0.0995115078306958,-11.0376590073224,-34.5071232378932,3,39.25323759,"Northern Piedmont","Oak / hickory group",-0.98805860031346,2.09678767961901,-0.185458977253524,1.97179250412454,1.40206856670709,2.3227888829223,0.252780859354329,0.00458386848997536,0.0146969441362909,"Moderate"
"24029",27.11648526,0.0526315789473684,26,12.78362458,1120.222222,1026.29017785618,-0.0672493314676701,-29.9205115051126,-39.3508348246737,2,39.249809,"Middle Atlantic Coastal Plain","Oak / hickory group",-0.949241399308409,0.844637710460677,-0.697808267438669,0.727567181716157,0.175603577520391,-0.233168613552805,0.237254714127022,0.118261218388855,-0.444801917497963,"Moderate"
"24031",820.3124753,0.0831460674157303,43,12.55081014,1054.987342,1309.67124053084,-0.013168915297775,-42.1291755500916,-27.8588636317269,4,39.13709493,"Northern Piedmont","Oak / hickory group",-0.787301422199015,0.0350630813534512,0.51776850216168,1.65165160392245,0.573345261431863,4.09026104869119,0.0347979549492224,0.0635817923477484,0.671123889328082,"Moderate"
"24033",728.4074605,0.0206451612903226,41,13.20991475,1092.486486,1062.33586147916,-0.25525583327508,-34.0100988496954,-32.6947560531551,6,38.83156721,"Southeastern Plains","Oak / hickory group",-1.11899288469097,0.573451105153616,0.00624629338844751,0.845109456451761,-1.20711548995622,3.58931945029095,0.151176726032753,0.218380875153125,0.539838500289723,"Moderate"
"24035",52.1080251,0.0884955752212389,34,12.98167625,1120.591549,875.864277432271,-0.359298352246407,-44.5155807532041,-31.9699322149261,4,39.06194349,"Middle Atlantic Coastal Plain","Unknown",-0.758911656712079,-0.123182988821926,0.0829153874029279,0.237039586237142,-1.97231016900684,-0.0969486048712685,0.238400922221477,0.164776166697399,0.08033963865547,"Moderate"
"24037",121.8570078,0.00707547169811321,30,13.82509963,1085.097561,1006.76913824895,0.0900479778996235,-18.5322265893207,-40.2830101094176,3,38.30054498,"Southeastern Plains","White / red / jack pine group",-1.19100704361166,1.59981178216112,-0.796410204591604,0.66391053354054,1.33246776484368,0.283228330593718,0.128245162284835,0.362864851952705,-0.182231139421246,"Moderate"
"24043",127.0039896,0.222506393861893,50,11.58064464,992.9117647,762.414505640006,-0.159549702761864,-38.0707680650077,-31.1596682025982,5,39.60765253,"Ridge and Valley","Oak / hickory group",-0.0477180568069213,0.304182103909735,0.168622016326038,-0.132911623016565,-0.503231899427047,0.311282700591261,-0.157853893329626,-0.164273888360387,1.13062275096233,"Moderate"
"24045",106.4399777,0.0128369704749679,27,13.50089138,1110.525424,763.873382788037,-0.164534026884597,-18.3636787432977,-22.9596896781326,2,38.37310635,"Middle Atlantic Coastal Plain","White / red / jack pine group",-1.1604308476185,1.61098843993696,1.03598438943047,-0.128154333896099,-0.539889780599936,0.199195574408595,0.207160655588372,0.286720429691819,-0.379159222978783,"Moderate"
"24047",42.83619041,0.0240089335566722,32,13.50169593,1080.659574,890.845893270455,-0.178720237130185,-34.664252297222,-23.6592732501554,1,38.21267959,"Middle Atlantic Coastal Plain","White / red / jack pine group",-1.1011413908218,0.530073219357966,0.961985114261137,0.285893513471648,-0.644224169109012,-0.147486083155983,0.114471848602136,0.286909388470413,-0.0509457503828881,"Moderate"
"24510",2872.768583,0.285714285714286,5,13.36598267,1125.142857,1331.13114572715,-0.0602463391110546,1.38152248239959,-3.49502019971666,5,39.30144574,"Southeastern Plains","Oak / hickory group",0.287725369364957,2.92032203287136,3.09488269753215,1.72163074757716,0.227108025333608,15.2774704243167,0.252525928164617,0.255035406929717,-1.82329850240072,"Moderate"
"25001",209.1078308,0.419291338582677,21,9.925929087,1124.851852,459.656157741894,-0.221128571982845,-22.8795099699397,-25.2578112228531,7,41.7299185,"Atlantic Coastal Pine Barrens","White / red / jack pine group",0.996616980190274,1.31153697031256,0.792897880025119,-1.12018392111913,-0.956121963371331,0.758801582287007,0.251622792768268,-0.552904837107949,-0.773015390093858,"Low"
"25003",52.45647127,0.5498733010827,42,6.880465813,1169.467949,831.646568330833,-0.177231519491832,-37.2491321367952,-32.382052190708,9,42.37188109,"Northeastern Highlands","Maple / beech / birch group",1.68961368698674,0.358666001524836,0.0393229122358995,0.0928489484414214,-0.633275195297733,-0.0950493485386723,0.390089061209052,-1.26817053906179,0.605481194808903,"Low"
"25005",393.2146443,0.266502159161012,35,9.98880917,1218.50495,884.482049331035,-0.160666384293053,-45.0133010309363,-35.8145600900003,7,41.79207875,"Northeastern Coastal Zone","Oak / pine group",0.185766873895313,-0.156187558999275,-0.323754648070749,0.265141494990719,-0.511444683722431,1.76230244273259,0.542275626161091,-0.538136651561309,0.145982333174649,"Low"
"25007",65.20934127,0.293193717277487,11,10.21486182,1171.230769,223.930047159472,-0.409978992848805,-10.7050436027778,-17.0890072854848,6,41.40669141,"Atlantic Coastal Pine Barrens","White / red / jack pine group",0.327418611392982,2.11884390065823,1.6569627245123,-1.88886911356114,-2.34504774690534,-0.0255379829631088,0.395559981431697,-0.485045317720198,-1.42944233528565,"Moderate"
"25009",616.983141,0.414905450500556,33,9.318713012,1106.757282,799.233383794034,-0.229010067696511,-43.581500255828,-39.3994141979353,10,42.66950051,"Northeastern Coastal Zone","Oak / hickory group",0.973341131527123,-0.0612427249704891,-0.70294680778367,-0.0128480188218473,-1.01408748211006,2.98198505365922,0.195466209037053,-0.69551723891573,0.0146969441362909,"Low"
"25011",38.94604268,0.653250773993808,38,7.410234722,1177.733333,993.202138832202,-0.117426597641126,-37.8602461792663,-31.9223531029166,9,42.58369453,"Northeastern Coastal Zone","Maple / beech / birch group",2.23823653590683,0.318142122544054,0.0879481239374972,0.619669564511879,-0.193431865535504,-0.168689896964402,0.415740719616334,-1.143747587124,0.342910416732186,"Low"
"25013",292.0143698,0.517453798767967,43,8.442006579,1186.186275,961.103631776403,-0.15058135559909,-41.9471472895308,-33.5657877205887,9,42.13345178,"Northeastern Coastal Zone","Maple / beech / birch group",1.51756382719017,0.0471336454207092,-0.0858881057273788,0.514998736947102,-0.437272985737879,1.21069568463681,0.441974465165309,-0.901422871586049,0.671123889328082,"Low"
"25015",118.1675348,0.543577981651376,40,7.918065892,1173.906977,1015.61844300465,-0.128409469088512,-40.2876582677741,-31.1957497091858,13,42.3427579,"Northeastern Coastal Zone","Maple / beech / birch group",1.6562045120087,0.157176824948507,0.164805452528264,0.692767453600462,-0.274206868633543,0.263118323474993,0.403865605640183,-1.02447699161719,0.474195805770544,"Low"
"25017",758.1302093,0.442390634627233,38,9.017281881,1154.826087,944.400472420863,-0.217353751369921,-43.7747451994212,-38.3904244104916,15,42.48646628,"Northeastern Coastal Zone","White / red / jack pine group",1.11920463151456,-0.0740570839339215,-0.596219726259717,0.460530985233558,-0.928359538201905,3.75132759886829,0.344647973115557,-0.766312165699488,0.342910416732186,"Low"
"25019",93.71657685,0.117647058823529,4,10.19659565,1054.47619,393.264399585851,-0.390051641087092,4.59141582873566,-8.07179862762312,3,41.29421893,"Atlantic Coastal Pine Barrens","Oak / hickory group",-0.604205127970679,3.1331748237877,2.61076857618927,-1.33668247220729,-2.19848936206044,0.129844834704608,0.0332115922952677,-0.48933535957314,-1.8889411969199,"Low"
"25021",685.9649049,0.420765027322404,35,9.597403308,1184.142857,726.358337188043,-0.179970877849992,-51.5051732059627,-33.363622641338,10,42.16065374,"Northeastern Coastal Zone","White / red / jack pine group",1.004437826377,-0.58667323613362,-0.0645038566864138,-0.250488087994245,-0.653422174248277,3.35798015189986,0.435632707720126,-0.630063285851194,0.145982333174649,"Low"
"25023",304.0710974,0.447916666666667,31,9.948060901,1225.776923,837.885998042744,-0.218580567233791,-44.9121905676568,-32.0848160775468,7,41.94084681,"Northeastern Coastal Zone","Oak / pine group",1.14853120872065,-0.149482774142653,0.0707634117097249,0.113195261444162,-0.937382320238419,1.2764126252038,0.564844228822864,-0.547706899700078,-0.116588444902067,"Low"
"25027",211.2787336,0.441985645933014,40,8.025297806,1166.624031,1001.8364859583,-0.148687433695232,-50.8459928713602,-36.73030256437,15,42.34913408,"Northeastern Highlands","Oak / hickory group",1.11705536199823,-0.542962009996632,-0.420618385378353,0.647825523840429,-0.423343882735587,0.770634402519614,0.381262948220917,-0.999292215660814,0.474195805770544,"Low"
"26001",5.949583375,0.412480169222634,38,7.137942565,790.7261538,992.555636891242,-0.131516476512621,-32.9008631771493,-29.4847714181618,4,44.68487227,"Northern Lakes and Forests","Aspen / birch group",0.960470196625568,0.647006168581161,0.345786193685688,0.617561370100691,-0.297057772016171,-0.348541878945639,-0.785337894759496,-1.20769885604123,0.342910416732186,"Low"
"26003",3.838935693,0.543115601503759,30,5.062506347,839.4786996,858.773326062172,-0.10274628719493,-48.9575431040342,-35.2578462487338,3,46.4132186,"Northern Lakes and Forests","Maple / beech / birch group",1.65375066682632,-0.417736103678133,-0.264867586713175,0.181307273806915,-0.0854635507416631,-0.360046269927804,-0.634034137868471,-1.69514139261742,-0.182231139421246,"Low"
"26005",54.78817102,0.388489208633094,51,9.24402083,920.0277778,1186.11752907612,-0.115291997175861,-33.5360880158786,-30.2272181932626,5,42.5914896,"Southern Michigan/Northern Indiana Drift Plains","Oak / hickory group",0.83315049363495,0.604883466922786,0.267253012795786,1.2487522041409,-0.177732659729367,-0.0823400812337676,-0.384049692014795,-0.713059645827938,1.19626544548151,"Low"
"26007",19.19450508,0.445190156599553,33,6.893234175,779.4525547,863.36908412387,-0.0314240936850767,-53.2571088234232,-35.0619219978215,4,45.03492227,"Northern Lakes and Forests","White / red / jack pine group",1.13406165671375,-0.70284668660289,-0.244143468630064,0.196293696657336,0.43908510024783,-0.276348514263339,-0.820325562983241,-1.26517172719408,0.0146969441362909,"Low"
"26009",18.91310829,0.683453237410072,30,6.717121644,803.42,798.295006706467,-0.18902387468583,-33.4552768755578,-30.452327088677,4,44.99527489,"Northern Lakes and Forests","Maple / beech / birch group",2.39852060028982,0.610242173552104,0.24344185461397,-0.0159079962268001,-0.720003655326743,-0.277882308236106,-0.745942482931447,-1.30653399026387,-0.182231139421246,"Low"
"26011",15.96061932,0.383966244725738,28,7.525517389,736.8347826,870.113138363299,-0.152506642274472,-42.0665294264393,-25.29881690887,1,44.06370462,"Northern Lakes and Forests","Unknown",0.809147185423401,0.0392172387726386,0.788560455356472,0.218285552451615,-0.451432765164744,-0.293975277124794,-0.952590020628353,-1.11667198964796,-0.313516528459604,"Low"
"26013",3.582856537,0.667333435913217,28,4.290625001,825.0869565,820.715903957035,-0.129781853748915,-42.1778151490328,-31.7316352475344,3,46.67142592,"Northern Lakes and Forests","Maple / beech / birch group",2.31297303202188,0.0318377173719646,0.108121529409736,0.0572048705455443,-0.284300255934561,-0.361442066468426,-0.678698980770695,-1.876427523199,-0.313516528459604,"Low"
"26015",42.61332154,0.28772378516624,37,8.638645855,884.7954545,1277.38314446752,0.0242629525886939,-53.6040045835729,-44.3109795764971,2,42.59514332,"Southern Michigan/Northern Indiana Drift Plains","Oak / hickory group",0.298389755746141,-0.725849859212719,-1.22247341260299,1.54636254080298,0.848642961034324,-0.148700862221243,-0.49339337431516,-0.855239641934062,0.277267722213007,"Low"
"26017",90.33274492,0.355555555555556,20,7.895100311,753.9417476,1057.0131394061,-0.0822985850791829,-24.7245267648807,-21.9520421420411,1,43.70623581,"Huron/Erie Lake Plains","Elm / ash / cottonwood group",0.65837204270221,1.18919116884256,1.14256949273891,0.827752458404594,0.0649218206668642,0.11140076851931,-0.899498473694136,-1.02987074978692,-0.838658084613037,"Low"
"26019",21.38006148,0.582590815627142,27,7.798204955,847.8322981,977.872339983995,-0.214016625693834,-29.8402445207077,-31.1669264685124,4,44.63939965,"North Central Hardwood Forests","Maple / beech / birch group",1.86324509365104,0.849960333303745,0.167854264711911,0.569680238558057,-0.903816199229415,-0.264435822460912,-0.608108705342459,-1.05262785390868,-0.379159222978783,"Low"
"26021",104.5849817,0.456456456456456,39,9.806464835,953.7777778,1092.44123961718,-0.0829262310302272,-42.430086098981,-34.5238799822709,5,41.95429077,"Southern Michigan/Northern Indiana Drift Plains","Oak / hickory group",1.19385175749902,0.0151092563391759,-0.187231441599081,0.943280839886487,0.0603057142248516,0.189084649958082,-0.279306407099567,-0.580962532892584,0.408553111251365,"Low"
"26023",33.11076265,0.446,32,8.845181834,910.7613636,1167.12093538016,0.046514338963874,-46.5191611052104,-34.6479538560641,2,41.91607608,"Southern Michigan/Northern Indiana Drift Plains","Oak / hickory group",1.13835948467395,-0.256043375051418,-0.200355501533195,1.18680573480476,1.01229377056999,-0.200495936185465,-0.412808052390887,-0.806732045976706,-0.0509457503828881,"Low"
"26025",73.22449987,0.212653778558875,35,8.762508954,878.7053571,1253.02763906067,0.00432139591630198,-36.0845373587826,-35.5351729601484,4,42.24640717,"Southern Michigan/Northern Indiana Drift Plains","Unknown",-0.100005752807223,0.435892009382552,-0.294202145800145,1.46694106172105,0.701980104266064,0.0181498002253596,-0.512294020452336,-0.826148821102704,0.145982333174649,"Low"
"26027",40.66016459,0.353413654618474,36,9.288622571,960.5402299,1179.29419800618,0.0874287306825094,-43.4230897054023,-26.8842006208931,3,41.91526993,"Southern Michigan/Northern Indiana Drift Plains","Maple / beech / birch group",0.647005003432282,-0.0507382863083163,0.620864628515134,1.22650183253958,1.31320415941131,-0.159346827151325,-0.258319104965171,-0.702584360882923,0.211625027693828,"Low"
"26031",13.72962013,0.520645844362096,38,6.162836549,779.4358974,887.816517574554,-0.113183252351214,-41.5032967630006,-32.4953355258466,8,45.44763079,"Northern Lakes and Forests","Aspen / birch group",1.53450396993519,0.0765660324592002,0.0273402342196297,0.276014946205471,-0.162223612704659,-0.306135661437884,-0.820377258992716,-1.43671487963543,0.342910416732186,"Low"
"26033",9.269876266,0.546905439832159,38,5.081168797,836.2605932,667.958667391469,-0.082322579000695,-42.4177639239745,-35.7472883013853,4,46.29590885,"Northern Lakes and Forests","White / red / jack pine group",1.67386328751749,0.0159263580485792,-0.316638895506032,-0.440925037491333,0.0647453541486355,-0.330444141497971,-0.644021546328996,-1.69075827937702,0.342910416732186,"Low"
"26035",20.97210189,0.368421052631579,32,6.811202678,780.0795455,1118.27531782603,-0.130386268952442,-34.5304436376089,-39.4811436898347,4,43.98799974,"Northern Lakes and Forests","Aspen / birch group",0.72664906147486,0.538946270133916,-0.711591840918206,1.02752383414142,-0.288745508723986,-0.266659465311545,-0.818379694064614,-1.2844378653823,-0.0509457503828881,"Low"
"26037",53.82808172,0.263157894736842,27,8.355343472,804.1010101,1130.89467070028,0.0863573361359968,-45.5359742405625,-35.4487111519538,5,42.94402242,"Southern Michigan/Northern Indiana Drift Plains","Unknown",0.168018907880436,-0.190846795117861,-0.285056546343412,1.06867459876681,1.30532444432693,-0.0875731870615136,-0.743828964859315,-0.921776802165694,-0.379159222978783,"Low"
"26039",9.648333892,0.448002754820937,27,6.05886193,788.9292929,675.17353660501,-0.198090194277631,-44.5931872312837,-37.3480622808935,5,44.68263121,"Northern Lakes and Forests","White / red / jack pine group",1.14898807738965,-0.128329189542672,-0.485962645992385,-0.417397889327084,-0.786683120403231,-0.328381303376376,-0.790914461076585,-1.4611346385205,-0.379159222978783,"Low"
"26041",11.82735564,0.550661893264508,37,5.878817519,765.4913793,664.257716100368,-0.0851298651316408,-44.9612369332123,-34.238885485035,5,45.90479001,"Northern Lakes and Forests","White / red / jack pine group",1.69379873501738,-0.15273511142193,-0.157085813448141,-0.452993562477341,0.0440987912702,-0.316504229641418,-0.863654136988386,-1.50342035351047,0.277267722213007,"Low"
"26043",12.87417239,0.527546777546778,30,4.736416666,780.2205882,701.630412717523,-0.169800308212057,-36.6443247092679,-30.4813851143089,5,46.00981698,"Northern Lakes and Forests","Aspen / birch group",1.57112712890177,0.398771679510387,0.240368207775186,-0.331123997751332,-0.578621353902833,-0.310798403282342,-0.817941967376872,-1.77172769282718,-0.182231139421246,"Low"
"26045",73.65501359,0.553530751708428,24,8.503494829,836.6666667,1119.35479766,-0.0456874556674163,-44.7793898049875,-37.3757843770497,4,42.59590148,"Southern Michigan/Northern Indiana Drift Plains","Oak / hickory group",1.70902372793248,-0.140676558508653,-0.488894983319578,1.03104393703482,0.334183288929065,0.0204963776292079,-0.642761295297677,-0.886981575684162,-0.576087306536321,"Low"
"26047",27.3967612,0.514816452896948,32,6.482557103,803.7062937,731.889917012095,-0.137041147320658,-44.4416184730799,-36.5547236757516,4,45.52600857,"Northern Lakes and Forests","White / red / jack pine group",1.50356746836458,-0.118278440275183,-0.402046321921758,-0.232450020463016,-0.337689705456587,-0.231640928935352,-0.745053969076972,-1.36162444973656,-0.0509457503828881,"Low"
"26049",246.5763347,0.458844133099825,28,8.275425901,760.1818182,993.921598687695,-0.0891204350218329,-31.2457688661306,-30.2004529953528,2,43.02229559,"Southern Michigan/Northern Indiana Drift Plains","Maple / beech / birch group",1.2065231251142,0.756757928318665,0.270084133085478,0.622015669218344,0.0147496090652196,0.963029091244781,-0.880132385020153,-0.940546458003534,-0.313516528459604,"Low"
"26051",19.47645615,0.316259678379988,36,7.135806831,763.2954545,961.437931075137,-0.183942486316253,-43.9847429153227,-30.8208890842359,2,43.99054723,"Northern Lakes and Forests","Aspen / birch group",0.449829354631166,-0.0879823440883478,0.204456776037205,0.516088861923694,-0.68263190211437,-0.274811699107127,-0.870469200009981,-1.20820046027719,0.211625027693828,"Low"
"26053",5.154985996,0.658249287858958,30,4.407961161,857.3794466,893.656563398107,-0.12901173657707,-44.8930753804668,-29.9546536649952,4,46.40892622,"Northern Lakes and Forests","Maple / beech / birch group",2.26476358130504,-0.148215217715296,0.29608384635916,0.295058898259218,-0.278636325764784,-0.352872947081444,-0.578479084736133,-1.84886963682963,-0.182231139421246,"Low"
"26055",77.03148707,0.509034267912773,34,7.022316821,781.036036,829.126354062039,-0.13776103319224,-38.9558765098616,-34.1945147158912,3,44.69558826,"Northern Lakes and Forests","Oak / hickory group",1.47288149094928,0.245489249530064,-0.152392443153791,0.0846307184565608,-0.34298420278234,0.0389003355166855,-0.815411221265793,-1.23485502950494,0.08033963865547,"Low"
"26057",27.64216461,0.478134110787172,30,8.063734813,807.8409091,721.158963214809,-0.0838320699246391,-37.7216023048888,-34.5750298552824,1,43.292682,"Southern Michigan/Northern Indiana Drift Plains","Oak / hickory group",1.3088947754982,0.327335803585946,-0.192641879578508,-0.267442857125753,0.0536436004185519,-0.230303322095009,-0.732222170592317,-0.99026479673655,-0.182231139421246,"Low"
"26059",29.5034783,0.458188153310105,37,8.5381054,904.0612245,955.327194654525,-0.166870751340501,-37.5302535562692,-34.4815143532373,2,41.88750894,"Southern Michigan/Northern Indiana Drift Plains","Oak / hickory group",1.20304184925268,0.340024423046938,-0.182750167358301,0.496162208105689,-0.55707553444119,-0.220157962159842,-0.433601965834531,-0.878852843818411,0.277267722213007,"Low"
"26061",13.73223573,0.643639109097773,34,4.681151961,808.0367647,911.392418880716,-0.176586196811555,-43.215096319104,-31.4128125441398,5,46.89895361,"Northern Lakes and Forests","Maple / beech / birch group",2.18722756045371,-0.0369459362240782,0.141845375855289,0.352894194701723,-0.628529082976532,-0.306121404731135,-0.731614331809708,-1.78470731019856,0.08033963865547,"Low"
"26063",14.3653968,0.544787077826725,27,7.86611658,820.9044944,1062.67093690841,-0.0736462921626564,-32.490795099057,-30.6250355169586,1,43.83369063,"Huron/Erie Lake Plains","Elm / ash / cottonwood group",1.66262116903908,0.674198391334379,0.225173417475687,0.846202112331839,0.128556270954809,-0.302670268586488,-0.691679271715509,-1.0366779468646,-0.379159222978783,"Low"
"26065",201.9967123,0.438848920863309,23,8.38579073,793.4777778,973.697761163661,0.0141855049808122,-41.7901537177712,-34.7254049162258,10,42.59717242,"Southern Michigan/Northern Indiana Drift Plains","Oak / hickory group",1.10040880452724,0.0575441221248959,-0.208547978518454,0.556067249670469,0.774527019165523,0.720041400641255,-0.776798216637672,-0.914625877197442,-0.6417300010555,"Low"
"26067",43.52269161,0.246753246753247,36,8.342457887,859.5656566,1249.07565598394,-0.147851718925426,-50.8718969431661,-29.5942209157237,3,42.94483073,"Southern Michigan/Northern Indiana Drift Plains","Oak / hickory group",0.0809596631644241,-0.544679747436811,0.33420904434839,1.45405394088255,-0.417197506221618,-0.143744208904833,-0.57169417164237,-0.924803145342706,0.211625027693828,"Low"
"26069",17.72849461,0.665244723843736,32,7.561051916,809.1803279,857.525020841725,-0.0941073795594334,-38.4666023191662,-29.1103730768751,3,44.35496674,"Northern Lakes and Forests","White / red / jack pine group",2.30188826535208,0.27793374714296,0.385388618596424,0.177236643971998,-0.0219275443007432,-0.284339216726218,-0.728065278000044,-1.10832625498906,-0.0509457503828881,"Low"
"26071",3.675263802,0.665710503089144,30,3.975414683,790.784689,765.951069129235,-0.174368861148209,-42.6199120258833,-32.0119063244678,4,46.20982869,"Northern Lakes and Forests","Maple / beech / birch group",2.30436014950042,0.00252161744595327,0.0784755265969011,-0.121379154341013,-0.61222139004448,-0.360938387282544,-0.785156230488943,-1.95045866693078,-0.182231139421246,"Low"
"26073",47.43735091,0.424425634824667,39,7.494683478,798.2525253,1021.53018426167,-0.159031279919108,-26.193581203212,-30.1602642280629,4,43.64066739,"Southern Michigan/Northern Indiana Drift Plains","Unknown",1.02386462082376,1.09177598912521,0.274335147214931,0.71204519909328,-0.499419089003988,-0.122406791232883,-0.761979765147575,-1.12391372498054,0.408553111251365,"Low"
"26075",87.008954,0.168493150684932,38,8.566550604,822.7142857,1240.4532306857,0.0844790257300618,-48.1744449535232,-43.4976298658011,3,42.24812564,"Southern Michigan/Northern Indiana Drift Plains","Oak / hickory group",-0.334365606961668,-0.365807703288146,-1.13644039030565,1.42593685774179,1.29151015818279,0.0932839645577818,-0.686062575840753,-0.872172126641494,0.342910416732186,"Low"
"26077",181.6075663,0.43268416596105,45,9.01593373,920.0454545,1196.12162613093,-0.149536591090103,-32.4860319100802,-33.1585344362848,4,42.24540217,"Southern Michigan/Northern Indiana Drift Plains","Oak / hickory group",1.06769253373699,0.674514245463468,-0.0428104105755583,1.2813748154027,-0.429589124840988,0.608907406381176,-0.383994832292589,-0.766628796072143,0.80240927836644,"Low"
"26079",12.22642191,0.49771897810219,30,6.374500007,800.728972,840.671015164759,-0.22300600145223,-37.7682727107918,-36.8738515540141,5,44.68314416,"Northern Lakes and Forests","White / red / jack pine group",1.41283140114319,0.324241019716883,-0.435802448597905,0.122276993701573,-0.969929770549299,-0.314329061119913,-0.754294101080153,-1.38700303015858,-0.182231139421246,"Low"
"26081",296.816773,0.376823338735818,49,8.374458365,902.4551282,1153.18396217993,-0.0170418834817512,-37.879358869133,-34.3106326025781,6,43.03177017,"Southern Michigan/Northern Indiana Drift Plains","Oak / hickory group",0.771239880055936,0.31687473171791,-0.164674949194036,1.1413583089765,0.54486099676957,1.23687187905238,-0.438586493311633,-0.917287426944478,1.06498005644316,"Low"
"26085",8.030313949,0.41971637694419,28,6.9876074,870.8222222,1052.18499307054,-0.163737420203439,-24.0870211445146,-29.340531906338,2,43.99052371,"Northern Lakes and Forests","White / red / jack pine group",0.998872653019441,1.23146511251569,0.361043297700978,0.812008234797296,-0.534031029776282,-0.337200555495031,-0.536759366966584,-1.24300697754776,-0.313516528459604,"Low"
"26087",52.50114096,0.431163287086446,42,8.002418143,756.625,805.052043115262,-0.0914793985598463,-36.2820286180749,-29.4720230066769,2,43.09002111,"Southern Michigan/Northern Indiana Drift Plains","Elm / ash / cottonwood group",1.05962125014347,0.422796070924057,0.347134671904974,0.00612619344951149,-0.00259970509219461,-0.094805869921566,-0.891170987156871,-1.0046657948978,0.605481194808903,"Low"
"26089",24.0747236,0.633440514469453,31,7.547787709,802.6404762,1074.69700333894,-0.174868629278562,-30.2160086467568,-28.1934869932096,1,44.94455589,"North Central Hardwood Forests","Maple / beech / birch group",2.13310375685889,0.825042856513718,0.482373322522385,0.88541821429709,-0.615897001879778,-0.249748176172199,-0.748361738738309,-1.11144152234812,-0.116588444902067,"Low"
"26091",50.63542399,0.477083333333333,31,8.920709552,871.3484848,949.196324088943,-0.00639918744892465,-42.9416598524451,-28.7371719161232,4,41.89476381,"Eastern Corn Belt Plains","Oak / hickory group",1.3033183137791,-0.0188139583709559,0.424864410327988,0.476169898348838,0.623134134094477,-0.104975230572322,-0.535126108493931,-0.788993402830539,-0.116588444902067,"Low"
"26093",130.3428466,0.311475409836066,36,8.310956261,779.223301,1094.88523849791,0.0190146576785408,-46.4626131912247,-30.5691071979492,2,42.60306981,"Southern Michigan/Northern Indiana Drift Plains","Oak / hickory group",0.424439306251649,-0.25229359896428,0.23108930120087,0.951250537198848,0.810043671253149,0.329481624404609,-0.821037052927447,-0.932201702017462,0.211625027693828,"Low"
"26095",2.699483546,0.541404523040299,34,4.835445925,824.1934524,618.125430690523,-0.142668475146253,-48.5735456966945,-34.3865513315657,4,46.47228017,"Northern Lakes and Forests","Maple / beech / birch group",1.6446699965902,-0.392272665788462,-0.172705342047052,-0.603427490226968,-0.379076643719832,-0.36625701893928,-0.681471974978673,-1.74846941450305,0.08033963865547,"Low"
"26097",4.073443956,0.473158149282605,35,5.684551069,787.7607527,602.466955556935,-0.0941581004885477,-43.5369909427418,-35.1406276890291,4,46.07127973,"Northern Lakes and Forests","White / red / jack pine group",1.28248741517223,-0.0582912463729277,-0.25246865568988,-0.65448860493196,-0.0223005781859134,-0.358768048664678,-0.794541031124096,-1.5490462948612,0.145982333174649,"Low"
"26099",701.4875474,0.318807339449541,34,9.069639776,813.6321839,1108.99418880137,-0.0570978554288997,-32.4464475019467,-31.3788146694939,4,42.69137757,"Huron/Erie Lake Plains","Oak / hickory group",0.46334975742978,0.677139146305611,0.145441541033697,0.997258767480906,0.250263971426442,3.44258856377235,-0.714248921810131,-0.754015249548924,0.08033963865547,"Low"
"26101",17.47025056,0.397556912826208,33,7.867830929,850.4784689,1087.20837456592,-0.154278349956196,-36.4903429070615,-29.2107873963253,1,44.33353211,"North Central Hardwood Forests","Oak / hickory group",0.881272677003356,0.408982441306374,0.374767175850918,0.926216858857773,-0.464463027256552,-0.285746813335237,-0.599896301726496,-1.03627531024397,0.0146969441362909,"Low"
"26103",14.17225905,0.594773403903407,33,4.866851601,825.4143836,656.955407548359,-0.133378242630675,-42.3554104583678,-33.2219878340696,6,46.43457826,"Northern Lakes and Forests","Maple / beech / birch group",1.92789792467054,0.0200611088784911,-0.0495222683590821,-0.476805843775765,-0.310750380973132,-0.303722993874732,-0.677682809214421,-1.74109339290356,0.0146969441362909,"Low"
"26105",22.66991741,0.479041916167665,38,8.006793613,850.4974093,1038.46087567349,-0.0770484957305564,-27.389792168402,-26.5150104818815,3,43.99508427,"Southern Michigan/Northern Indiana Drift Plains","Oak / hickory group",1.31371248636002,1.01245346498089,0.65991614970442,0.767254915801861,0.103534307886791,-0.257405275839639,-0.599837520105352,-1.00363816023622,0.342910416732186,"Low"
"26107",30.24042439,0.282051282051282,29,7.217620636,853.6857143,1077.31465502435,-0.19131873660153,-41.2357742025983,-29.8135526228676,2,43.64072157,"Northern Lakes and Forests","Aspen / birch group",0.268285858525589,0.0943058504128753,0.311008975050918,0.893954180400183,-0.73688152549378,-0.216141130727273,-0.589942600430933,-1.18898544981805,-0.247873833940425,"Low"
"26109",8.469506507,0.489156289352176,33,5.976705665,788.587234,534.090689708254,-0.112133954039298,-39.0647843760912,-31.6061563826494,5,45.57966811,"Northern Lakes and Forests","White / red / jack pine group",1.36738932789298,0.238267407313352,0.121394203929112,-0.877458486980653,-0.154506407345221,-0.33480667282727,-0.791976042493488,-1.48043008005703,0.0146969441362909,"Low"
"26111",62.26363384,0.309968847352025,37,7.726008882,772.4574468,1036.26386469506,-0.130784206082536,-38.7873661229711,-31.7592507600747,7,43.64492846,"Huron/Erie Lake Plains","Aspen / birch group",0.416443999548985,0.25666342333524,0.105200466089877,0.760090627541308,-0.291672190791618,-0.0415939880855153,-0.842034913495313,-1.06958401794241,0.277267722213007,"Low"
"26113",10.30562294,0.380331753554502,34,6.329111099,776.4516129,764.781188790531,-0.0939511336419971,-44.9326178714446,-33.4705800426846,4,44.33787332,"Northern Lakes and Forests","White / red / jack pine group",0.789858989991762,-0.150837338968644,-0.075817401615377,-0.125194046510018,-0.0207784127165821,-0.32479865419197,-0.82963900007869,-1.39766319126402,0.08033963865547,"Low"
"26115",105.4245719,0.343373493975904,33,9.527165185,857.853211,1006.72546376505,-0.00192241310141705,-50.1564038897091,-38.9257892271411,6,41.92733997,"Huron/Erie Lake Plains","Oak / hickory group",0.593722006854502,-0.497234341350838,-0.652848569428059,0.663768114319443,0.656059172279752,0.193660957983324,-0.577008754675929,-0.646559600477747,0.0146969441362909,"Low"
"26117",34.76911913,0.351549755301794,38,7.816929591,854,1176.69492866973,-0.0589142145842627,-31.9119078162318,-28.9462662517892,2,43.31079799,"Northern Lakes and Forests","Oak / hickory group",0.637113314997448,0.712585266062155,0.402747211039618,1.21802580989974,0.236905314074906,-0.191456823927919,-0.588967213271825,-1.04823013549693,0.342910416732186,"Low"
"26119",6.547160251,0.384845463609172,28,6.162638893,727.4375,872.511114299352,-0.0957869208318538,-52.8239573225426,-40.6953954196271,2,45.02760358,"Northern Lakes and Forests","Aspen / birch group",0.813813188132412,-0.674123767831375,-0.840030745819793,0.226105172388167,-0.0342799561570554,-0.345284699605841,-0.98175453170393,-1.43676130165562,-0.313516528459604,"Low"
"26121",133.0740842,0.412484700122399,34,8.638419277,840.4008811,1174.28954983535,-0.0459854532082926,-26.572453906207,-32.2954203191899,5,43.29128585,"Southern Michigan/Northern Indiana Drift Plains","Oak / hickory group",0.960494242049269,1.06665237798512,0.0484865003407007,1.21018204966617,0.331991625992573,0.344368630646132,-0.631172143213714,-0.855292856653018,0.08033963865547,"Low"
"26123",22.40845837,0.418921627580677,44,7.539555928,878.6232877,1145.82265021399,-0.124188153272877,-25.5537606826993,-27.5610076889637,3,43.55418238,"Northern Lakes and Forests","Oak / hickory group",0.994654928908862,1.13420343726211,0.54927456484069,1.11735362196418,-0.243160634529904,-0.258830396217442,-0.5125487232241,-1.11337486059113,0.736766583847261,"Low"
"26125",558.8650392,0.340446168768186,45,8.594088568,785.8965517,1146.47050354517,0.0215724500900032,-49.8503941145606,-35.8228482417278,7,42.66079124,"Southern Michigan/Northern Indiana Drift Plains","Oak / hickory group",0.578186731615623,-0.476942379076643,-0.324631337068112,1.11946622315766,0.828855299063761,2.66520391962605,-0.800326587760607,-0.86570448629298,0.80240927836644,"Low"
"26127",19.04660919,0.475206611570248,41,8.156211039,846.6995708,1068.96945979581,-0.143893339497378,-21.5841039483591,-24.913227289276,4,43.64127627,"Southern Michigan/Northern Indiana Drift Plains","White / red / jack pine group",1.29335857679482,1.39743726584045,0.829346650893159,0.866741123754201,-0.388085073093768,-0.277154642238995,-0.61162412988513,-0.96854558138149,0.539838500289723,"Low"
"26129",14.31687413,0.353872486093282,37,6.464430586,745.2708333,916.08863901008,-0.172623101511878,-37.9167122442222,-34.8027028319366,4,44.33483292,"Northern Lakes and Forests","Aspen / birch group",0.649440015856118,0.314397773987537,-0.216724256469294,0.368208216830926,-0.599381966337429,-0.302934748429306,-0.926408697308963,-1.36588169231002,0.277267722213007,"Low"
"26131",1.708774326,0.617956137678952,33,4.716669684,826.6923077,901.158438536795,-0.158149938106283,-44.8896498449195,-31.9111321525908,2,46.66511353,"Northern Lakes and Forests","Maple / beech / birch group",2.05092837890337,-0.147988065370045,0.0891350331561049,0.31952195125072,-0.492937142274263,-0.371657023077211,-0.673716765714974,-1.77636552217232,0.0146969441362909,"Low"
"26133",15.90196154,0.445110977804439,34,6.580523045,820.1276596,1109.23814602789,-0.11715844330022,-29.4481624767053,-33.2345548964263,3,43.98993298,"Northern Lakes and Forests","Aspen / birch group",1.13364145592023,0.875959875447211,-0.050851564161033,0.99805429372597,-0.19145968842124,-0.294294999853045,-0.69409018219813,-1.33861590490516,0.08033963865547,"Low"
"26135",5.652902518,0.547120418848168,37,6.103435176,721.5185185,896.876622060749,-0.111521150222939,-36.0400834435198,-31.1763969668971,2,44.682004,"Northern Lakes and Forests","Aspen / birch group",1.67500417824445,0.43883981446824,0.166852511606226,0.305559268399174,-0.149999459376103,-0.350158980939951,-1.00012411883467,-1.45066604598788,0.277267722213007,"Low"
"26137",18.45245558,0.623322535863026,35,5.870007742,805.9651163,854.923754251313,-0.232259827668605,-29.9031406971677,-31.2263569350338,5,45.02090136,"Northern Lakes and Forests","Maple / beech / birch group",2.07940778140064,0.845789594511829,0.161567937214479,0.168754108436569,-1.03798827827902,-0.280393162571497,-0.738043702435053,-1.50548944144982,0.145982333174649,"Low"
"26139",198.1228113,0.398387096774194,41,9.060573698,865.4701754,995.215821820416,-0.0293632624366329,-28.3317977172292,-29.7178283371967,6,42.95985389,"Southern Michigan/Northern Indiana Drift Plains","Oak / hickory group",0.885678451973919,0.949987679207847,0.321134323957079,0.626236033926269,0.45424176044139,0.698926141988533,-0.553369469569608,-0.756144533031013,0.539838500289723,"Low"
"26141",7.436390398,0.388004895960832,34,6.740042326,782.5662921,590.474372742816,-0.0850887610603241,-45.5479335445714,-37.107159036526,3,45.34033185,"Northern Lakes and Forests","White / red / jack pine group",0.830580252841262,-0.191639834312954,-0.460480821973002,-0.693595519331774,0.0444010966831199,-0.340437821857622,-0.810662064208739,-1.30115077719414,0.08033963865547,"Low"
"26143",17.72189751,0.282755515533543,28,6.3680641,754.032967,656.986633767522,-0.0650510656859429,-37.0088705738662,-33.1421022519458,6,44.33474758,"Northern Lakes and Forests","Aspen / birch group",0.272023216080026,0.374598102283802,-0.0410722769498369,-0.476704017413691,0.191771018446925,-0.284375175175558,-0.899215373854017,-1.38851458460003,-0.313516528459604,"Low"
"26145",92.17022968,0.247524752475248,38,8.153938975,771.9366197,1239.71681140153,-0.109916676310625,-41.8840395053202,-30.2562798967,3,43.33441853,"Huron/Erie Lake Plains","Unknown",0.0850540335842378,0.0513184162365694,0.264178976932801,1.42353544960855,-0.138199140501503,0.121416245419168,-0.843651302867961,-0.969079204448206,0.342910416732186,"Low"
"26147",85.2379531,0.485751295336788,37,8.351362495,804.8041958,973.978158505075,-0.0239169996439759,-46.6635409197982,-35.4101620844672,4,42.92633214,"Huron/Erie Lake Plains","Elm / ash / cottonwood group",1.34931907075984,-0.265617414800146,-0.280978973389242,0.556981604401104,0.494297031602222,0.0836308675690607,-0.74164662470751,-0.922711785139443,0.277267722213007,"Low"
"26149",46.88568818,0.315719947159841,35,9.183962586,909.5168539,1167.37480680429,-0.114281751078789,-29.5708571443171,-35.6925204484279,2,41.91448985,"Southern Michigan/Northern Indiana Drift Plains","Oak / hickory group",0.446965008354267,0.867823809972782,-0.310845761442421,1.18763359050573,-0.17030266912885,-0.12541370886785,-0.416670394141609,-0.727165086671542,0.145982333174649,"Low"
"26151",16.51752857,0.495,28,8.039573394,810.1753731,864.067802355759,-0.126902669527893,-34.7959954359588,-32.3033397643324,3,43.42398362,"Huron/Erie Lake Plains","Elm / ash / cottonwood group",1.39840182117215,0.521337136336324,0.0476488117160326,0.198572164482624,-0.263124908896494,-0.290939762572449,-0.724977150507092,-0.995939412637774,-0.313516528459604,"Low"
"26153",2.646001501,0.547245857590685,31,5.705670295,803.6645963,576.154232295143,-0.119333540288338,-45.1017652345807,-36.0900283380731,4,46.19208178,"Northern Lakes and Forests","White / red / jack pine group",1.67566987995244,-0.162053751613866,-0.352892626011846,-0.740292424857509,-0.207456731343525,-0.366548530574051,-0.745183377155443,-1.54408617659657,-0.116588444902067,"Low"
"26155",49.57539686,0.424908424908425,27,8.190467791,778.4545455,1000.57546746987,-0.018220125358259,-28.250559565027,-25.8178929348705,2,42.95397319,"Southern Michigan/Northern Indiana Drift Plains","Oak / hickory group",1.02642678126088,0.955374701628658,0.733654578177635,0.64371343699075,0.536195458646768,-0.110753062021513,-0.823422889264237,-0.960499948398447,-0.379159222978783,"Low"
"26157",25.27302357,0.431884057971014,42,7.929524114,743.6710526,969.831405836529,-0.0688230325334236,-29.828445933669,-26.9000842885447,3,43.46556913,"Huron/Erie Lake Plains","Unknown",1.06344637146802,0.850742715118058,0.619184514887179,0.543459354510521,0.164029581678723,-0.243216668575567,-0.93137362429154,-1.02178588275637,0.605481194808903,"Low"
"26159",47.90820106,0.264797507788162,47,9.390009813,942.9176471,1038.92164034976,-0.0910749732325045,-40.1272433790915,-37.0659103693905,3,42.25205394,"Southern Michigan/Northern Indiana Drift Plains","Elm / ash / cottonwood group",0.176720312142032,0.167814174254707,-0.456117695690745,0.768757434903263,0.000374695293483568,-0.119840354273362,-0.313010874184803,-0.678772280324471,0.933694667404798,"Low"
"26161",201.4640407,0.355848434925865,38,8.748943457,844.4553571,970.165182468144,-0.0171755402766105,-25.0312351595782,-23.8942906472577,9,42.25309724,"Eastern Corn Belt Plains","Oak / hickory group",0.659926349554604,1.1688528800694,0.937125872659067,0.544547775108781,0.5438779999212,0.717137996911795,-0.618589057736678,-0.829334850242144,0.342910416732186,"Low"
"26163",1106.273,0.333333333333333,27,9.586807251,842.7652174,1108.91474583088,-0.146650264660963,-49.8766309189413,-40.7232615428638,5,42.28093838,"Huron/Erie Lake Plains","Elm / ash / cottonwood group",0.540439010276717,-0.478682180507595,-0.842978317780829,0.996999709903838,-0.408361249474094,5.64893031863604,-0.623834414303898,-0.632551904319443,-0.379159222978783,"Low"
"26165",22.85003604,0.570663811563169,38,6.509600709,819.7708333,970.730048876018,-0.155136810640211,-32.4253098509771,-32.521413145362,3,44.3384256,"Northern Lakes and Forests","White / red / jack pine group",1.79994864458534,0.678540815307303,0.0245818433433238,0.546389762160482,-0.470776691651427,-0.256423513151169,-0.695197594310904,-1.35527291563858,0.342910416732186,"Low"
"27001",3.354123829,0.591251199676719,39,4.287474251,719.7359551,796.55817042,-0.101344836120808,-37.0896128154285,-29.9727072833814,4,46.6088281,"Northern Lakes and Forests","Aspen / birch group",1.90920563453316,0.369243964433398,0.294174203639992,-0.0215716892805925,-0.0751563905972277,-0.36268880723226,-1.00565631279276,-1.87716751682482,0.408553111251365,"Low"
"27003",323.7084855,0.354785478547855,33,6.614248988,749.8888889,641.392869678504,-0.136087423096403,-31.7148434512953,-31.8526020992062,4,45.27258801,"North Central Hardwood Forests","Oak / hickory group",0.654285254449841,0.725652896522453,0.0953261183949412,-0.527554114248725,-0.330675412560788,1.38344905411497,-0.912076539872958,-1.33069493915263,0.0146969441362909,"Low"
"27005",10.04907215,0.496040584013858,34,4.048998743,643.3977695,776.358766423177,-0.128517026580616,-37.9125076932325,-27.6130828407303,1,46.93556845,"Northern Lakes and Forests","Aspen / birch group",1.4039241864433,0.314676584002745,0.543766254412646,-0.0874404329261245,-0.274997914654571,-0.326197021442039,-1.24257223351017,-1.93317651653421,0.08033963865547,"Low"
"27007",7.211790671,0.449577271688628,35,3.332882538,598.9057971,614.240896614673,-0.139859786265416,-41.8064445907554,-31.1989773113947,2,47.97291677,"Northern Minnesota Wetlands","Aspen / birch group",1.15734401708619,0.0564638501634899,0.164464049108365,-0.616094664925031,-0.358419764128927,-0.341662035209727,-1.38065328066672,-2.10136549599843,0.145982333174649,"Low"
"27009",38.27577955,0.479166666666667,28,5.763258137,706.1097561,664.354138946575,-0.0571032294133897,-48.0152762663347,-32.7191605724261,0,45.69827276,"North Central Hardwood Forests","Aspen / birch group",1.31437453556899,-0.355252991452243,0.00366487665836621,-0.452679134797229,0.250224447735765,-0.172343263262439,-1.04794528595331,-1.53056094101623,-0.313516528459604,"Low"
"27011",3.84736844,0.413333333333333,7,6.381396304,580.7222222,438.591973701109,-0.196172857050755,-34.1759562681776,-26.4742249930741,0,45.42720803,"Northern Glaciated Plains","Oak / hickory group",0.964997927008478,0.562452853620302,0.66423028275424,-1.1888726477223,-0.772581806263043,-0.360000306018541,-1.43708609152681,-1.38538334728252,-1.69201311336236,"Low"
"27013",34.78098794,0.365454545454545,25,7.14815483,754.3120567,703.939812230263,-0.177377151159843,-50.9514950634853,-36.8212097872515,2,44.03418728,"Western Corn Belt Plains","Oak / hickory group",0.710905848055378,-0.549958016909837,-0.430234203802215,-0.323593218897475,-0.634346262958965,-0.191392131259457,-0.898349217647677,-1.20530037599515,-0.510444612017142,"Low"
"27015",15.8431511,0.517766497461929,17,7.094284987,695.87,738.466092359075,-0.115463981988824,-37.1805250960296,-24.1683379445357,2,44.24213741,"Western Corn Belt Plains","Maple / beech / birch group",1.51922331492482,0.363215436203137,0.908138197459589,-0.211005605164108,-0.178997545134469,-0.294615554676744,-1.07972441752797,-1.21795239232268,-1.03558616817057,"Low"
"27017",16.00957927,0.505026328386788,34,4.245523661,758.1621622,795.805787089019,-0.130936648956643,-36.5844660940683,-31.7280417250385,3,46.59245361,"Northern Lakes and Forests","Aspen / birch group",1.4516114101558,0.402740993107727,0.108501638478381,-0.024025154974895,-0.292793352382852,-0.293708413823983,-0.886400396985745,-1.88702014530991,0.08033963865547,"Low"
"27019",112.9454232,0.242494226327945,20,6.683152579,749.8474576,558.080734620278,-0.230039391221987,-30.1866576777484,-18.0040412959886,1,44.81979346,"North Central Hardwood Forests","White / red / jack pine group",0.0583570994381159,0.826989162822203,1.5601739258034,-0.799228747202022,-1.02165778021994,0.234654447617716,-0.912205122108819,-1.31451205630373,-0.838658084613037,"Low"
"27021",5.627252778,0.4300871371168,34,4.193206672,685.4117647,751.498042410342,-0.181268167083771,-39.6517030161567,-30.9890924382255,4,46.94905457,"Northern Lakes and Forests","Aspen / birch group",1.05391013682654,0.199347961369341,0.186664868430953,-0.168509392044983,-0.662963262148608,-0.350298788563965,-1.11218160033504,-1.89930745416721,0.08033963865547,"Low"
"27023",7.889047689,0.0980392156862745,7,6.650591693,563.8165138,748.103905929942,-0.312779186258492,-16.7428842211511,-20.2669045192321,0,45.02375432,"Western Corn Belt Plains","Elm / ash / cottonwood group",-0.708263685993168,1.71846572977733,1.32081690682253,-0.179577416911488,-1.63017871506121,-0.337970547711869,-1.48955303764933,-1.32215939363328,-1.69201311336236,"Low"
"27025",51.96798373,0.446760982874162,28,6.114223643,761.443038,755.51206382604,-0.0597741863636647,-40.9501790991337,-30.2466619401174,2,45.50194912,"North Central Hardwood Forests","Oak / hickory group",1.14239801048277,0.113244085514633,0.265196327602807,-0.155419968829334,0.230580536126061,-0.0977119206476994,-0.876218183394904,-1.44813223758913,-0.313516528459604,"Low"
"27027",23.65318184,0.434883720930233,15,5.010041878,558.7230769,672.634223457393,0.00606375287749339,-40.2555925559902,-28.4600170709078,0,46.89283909,"Lake Agassiz Plain","Oak / hickory group",1.0793655421746,0.159303149878808,0.45418079006559,-0.42567839932542,0.714794502541811,-0.252045850608206,-1.50536054320235,-1.70746333902449,-1.16687155720893,"Low"
"27029",3.429524691,0.460395382778294,33,3.501871201,624.4431818,721.441020863788,-0.14467201172386,-41.7648640085687,-29.7156886700328,3,47.57781852,"Northern Lakes and Forests","Aspen / birch group",1.21475558615259,0.0592211202691983,0.321360649767981,-0.266523088256495,-0.393811922561847,-0.362277823909824,-1.30139788624829,-2.06167636374231,0.0146969441362909,"Low"
"27031",1.43588845,0.704327245121243,28,3.448737116,745.3963816,495.373552599608,-0.0913932770659762,-37.6733560312877,-33.9695606405728,5,47.90522985,"Northern Lakes and Forests","Aspen / birch group",2.50929867656114,0.330535085580479,-0.128597661249726,-1.00371217146062,-0.00196631299910769,-0.373144427080157,-0.926019057565036,-2.07415557796554,-0.313516528459604,"Low"
"27033",6.804734925,0.393162393162393,7,6.860857762,683.0431034,495.040227429556,-0.359649309276957,-35.683899351118,-17.9040572389417,2,44.00705478,"Western Corn Belt Plains","Elm / ash / cottonwood group",0.857951020653035,0.462458910172546,1.57074985703713,-1.00479911987654,-1.97489132962278,-0.343880751527689,-1.11953275190285,-1.27277573869831,-1.69201311336236,"Low"
"27035",25.05093304,0.410440237481797,40,4.838934017,702.248731,804.724394967223,-0.125605631719359,-36.22232204195,-27.1859988774881,3,46.48066608,"Northern Lakes and Forests","Aspen / birch group",0.949644306499362,0.426755302584744,0.588941562953682,0.00505775737721416,-0.253585670136894,-0.244427205185891,-1.05992799564558,-1.74765019182709,0.474195805770544,"Low"
"27037",291.8877165,0.375,31,7.051968561,767.5471698,963.221601449268,-0.0424688033483085,-29.5614790108816,-32.1130688472139,5,44.67128922,"Western Corn Belt Plains","Unknown",0.761563446074511,0.868445687916985,0.0677749417677466,0.521905277429826,0.357855299686263,1.21000534247558,-0.85727398143083,-1.22789094203545,-0.116588444902067,"Low"
"27039",18.28810117,0.40655737704918,21,6.708944427,823.8888889,749.478964826128,-0.163475295996768,-51.8230911196512,-40.7021890776944,1,44.02236362,"Western Corn Belt Plains","Oak / hickory group",0.929038018760706,-0.607754844744741,-0.84074935299245,-0.175093452832913,-0.532103202094118,-0.28128900009493,-0.682417189244014,-1.30845451345897,-0.773015390093858,"Low"
"27041",22.92594558,0.553519768563163,24,5.462712823,636.1384615,870.420997526919,-0.040896355653284,-48.6342188146869,-33.9570542319225,0,45.93372428,"North Central Hardwood Forests","Aspen / birch group",1.70896544052928,-0.396295990274623,-0.127274781164909,0.219289458127773,0.369420077444573,-0.256009757205597,-1.26510153028443,-1.60114782243503,-0.576087306536321,"Low"
"27043",7.438845567,0.448979591836735,10,7.249610105,768.8303571,688.386405437921,-0.0818009607260113,-66.2643570435709,-41.6086618411806,1,43.67387788,"Western Corn Belt Plains","Oak / hickory group",1.15417213820529,-1.56537661737467,-0.936632575728471,-0.374311713610517,0.0685816658049645,-0.340424439603281,-0.853291603565245,-1.18147231702319,-1.49508502980483,"Low"
"27045",9.427377128,0.415117719950434,38,6.959656863,837.9485294,726.880164646619,-0.123581179731097,-41.2325521316924,-28.8218925516392,2,43.67397443,"Driftless Area","Oak / hickory group",0.974467642623317,0.0945195107158364,0.415902985459273,-0.248786447732901,-0.238696566098203,-0.329585660230856,-0.638783028334468,-1.24957151590157,0.342910416732186,"Low"
"27047",16.63157791,0.0588235294117647,7,7.015702792,786.0166667,816.888987187451,0.20493194453641,3.59908854494499,-0.727207294474097,2,43.67386929,"Western Corn Belt Plains","Oak / hickory group",-0.916380802038149,3.06737212909744,3.38765136303993,0.044725581568099,2.17739732679445,-0.290318120121268,-0.799953810288975,-1.23640841815875,-1.69201311336236,"Low"
"27049",23.63952479,0.369903632320237,34,6.803481784,803.546875,638.847593414849,-0.0182064796214338,-38.5055940758405,-28.3700980438342,2,44.40842604,"Driftless Area","Oak / hickory group",0.734517091807174,0.275348145898504,0.463692080915572,-0.535854069521867,0.536295818050919,-0.25212029033787,-0.745548725767784,-1.28625121532934,0.08033963865547,"Low"
"27051",4.202156312,0.571428571428571,11,5.757089522,596.287037,666.497506064398,0.0246204521701407,-73.2634051010902,-48.660368284864,0,45.93433282,"Northern Glaciated Plains","Oak / hickory group",1.80400721483553,-2.0294938798691,-1.68253511890954,-0.44568977514858,0.851272239719525,-0.358066483320406,-1.38878061504535,-1.53200971853909,-1.42944233528565,"Low"
"27053",874.8016753,0.578787878787879,27,6.964732035,754.754902,742.443982296489,-0.11720734411739,-38.2574133983204,-23.0724549541851,9,45.00690928,"North Central Hardwood Forests","Oak / hickory group",1.84306295934008,0.291805374897081,1.02405650972337,-0.198034003993158,-0.191819336048669,4.38726232770681,-0.896974845160824,-1.2483795473449,-0.379159222978783,"Low"
"27055",13.05789775,0.405825242718447,38,7.426612824,820.3020833,835.807944658914,0.0221552640776501,-41.8599148040573,-29.8191166013908,2,43.67129583,"Driftless Area","Oak / hickory group",0.925152591781229,0.0529181609756567,0.310420438678367,0.106418884990543,0.833141682809877,-0.309796981589463,-0.69354885741872,-1.13990098200362,0.342910416732186,"Low"
"27057",8.875701036,0.381066116599718,32,3.863950923,662.6055556,709.3087586069,-0.23224353341491,-36.7432886547953,-30.410806096013,4,47.1077994,"Northern Lakes and Forests","Aspen / birch group",0.793756244728821,0.392209233431098,0.247833786449309,-0.306085486858206,-1.03786844000184,-0.33259265069734,-1.18296077833793,-1.97663734562951,-0.0509457503828881,"Low"
"27059",35.44540556,0.439226519337017,37,5.897670842,738.4303797,667.96170377694,-0.0666800794584965,-37.0218112664909,-26.8657287070082,0,45.56187579,"North Central Hardwood Forests","Oak / hickory group",1.1024127145142,0.373739985753325,0.622818516932669,-0.440915136065715,0.179790217874404,-0.187770626760574,-0.947638077468199,-1.49899241132352,0.277267722213007,"Low"
"27061",6.538903895,0.526302688350481,39,3.578776138,689.0921569,755.111192538262,-0.1373776983793,-42.4677843811266,-33.2871994037245,4,47.50994981,"Northern Lakes and Forests","Aspen / birch group",1.56452476438305,0.0126094273100894,-0.0564200988400984,-0.156727180076441,-0.34016491541736,-0.345329702070403,-1.1007594857038,-2.04361426323477,0.408553111251365,"Low"
"27063",5.422669749,0.502645502645503,18,6.984979191,707.5535714,357.72730284974,-0.115500885574939,-26.6560094483399,-23.5012067138536,1,43.67436724,"Western Corn Belt Plains","Oak / hickory group",1.43897640018521,1.06111168599926,0.978704788053705,-1.45256628319426,-0.179268957514833,-0.351413898003595,-1.04346439832864,-1.24362424578781,-0.969943473651395,"Low"
"27065",11.99514837,0.426260964912281,31,5.06329627,738.7777778,995.80669981189,-0.0755170972847115,-38.789169722227,-26.2140434262257,1,45.94575758,"North Central Hardwood Forests","Aspen / birch group",1.0336046927468,0.256543823992242,0.691751294008884,0.628162842804011,0.114797183428951,-0.31558965105668,-0.946559925818797,-1.69495586917542,-0.116588444902067,"Low"
"27067",20.77729376,0.492227979274611,25,6.477798061,680.4294872,621.743307692143,-0.193954533061614,-34.9744757020946,-26.2681958211968,1,45.1524514,"Western Corn Belt Plains","Elm / ash / cottonwood group",1.38369074471804,0.509501845044213,0.686023260737665,-0.591629864277299,-0.756266844556197,-0.267721295247984,-1.12764412216346,-1.36274217115051,-0.510444612017142,"Low"
"27069",1.500845519,0.0752336448598131,10,3.22612688,497.5721393,532.714362206921,-0.132633016300229,-74.3830974886429,-33.1116111926736,0,48.77769246,"Lake Agassiz Plain","Aspen / birch group",-0.829292541562317,-2.10374234358532,-0.0378470492922404,-0.881946587885603,-0.305269513839352,-0.372790369164568,-1.69514276779109,-2.12643841718872,-1.49508502980483,"Low"
"27071",1.536520417,0.579823449816362,37,3.206283128,662.6497373,538.853812271488,-0.0381270107768519,-41.2673252604595,-32.5426871841619,2,48.24520639,"Northern Minnesota Wetlands","Aspen / birch group",1.84855872076572,0.0922136529478769,0.0223315568670917,-0.861926301025104,0.389787596271044,-0.372595917964426,-1.18282366022263,-2.13109897419653,0.277267722213007,"Low"
"27073",3.353697736,0.469594594594595,14,6.796973626,627.3165468,483.805833141753,-0.314484924984803,-36.2809111060983,-28.3636295305818,0,44.99742996,"Western Corn Belt Plains","Elm / ash / cottonwood group",1.26357567869653,0.422870174801487,0.464376295513003,-1.04143363827483,-1.64272379961058,-0.362691129713889,-1.29248038435613,-1.28777973883512,-1.23251425172811,"Low"
"27075",1.935174831,0.712959610257086,34,3.200847769,748.2673077,550.56696329627,-0.0989398237190811,-40.115001543252,-32.738582102317,5,47.64046279,"Northern Lakes and Forests","Aspen / birch group",2.55511052144747,0.168625948554732,0.00161054149087424,-0.823730592762914,-0.0574684038871083,-0.370422994323719,-0.917109124810581,-2.13237553724154,0.08033963865547,"Low"
"27077",1.114715333,0.641741925608449,21,2.794272866,567.0762195,512.953207878869,-0.0825529004883352,-30.8348691785245,-27.9207132384233,2,48.77113948,"Northern Minnesota Wetlands","White / red / jack pine group",2.17715923336535,0.784005296332759,0.511226287266884,-0.946386232182979,0.0630514238348003,-0.374895027686046,-1.47943652556415,-2.22786481333093,-0.773015390093858,"Low"
"27079",24.46086635,0.460975609756098,20,6.80620373,754.6111111,572.155999356887,-0.11538287532747,-41.5745332129217,-32.8757674096877,0,44.37253862,"North Central Hardwood Forests","Elm / ash / cottonwood group",1.21783484286703,0.0718422377580503,-0.0129003957513506,-0.753330363030661,-0.178401035300631,-0.247643449168818,-0.897421100900288,-1.28561193176516,-0.838658084613037,"Low"
"27081",4.057499502,0.8,3,6.309190745,626.5888889,141.681190615669,-0.487904930241437,-35.8367904147547,-48.3353493265785,0,44.41299858,"Northern Glaciated Plains","Elm / ash / cottonwood group",3.01703269121199,0.452320476869649,-1.64815585631497,-2.15707647491072,-2.91816451918675,-0.358854956221243,-1.29473867409659,-1.40234173922374,-1.95458389143908,"Low"
"27083",13.8873643,0.368421052631579,3,6.837966641,642.825,557.094372799698,-0.240676321701477,-25.1383710682911,-15.873916933277,0,44.41326081,"Northern Glaciated Plains","Elm / ash / cottonwood group",0.72664906147486,1.161748538985,1.78549033568625,-0.802445199227623,-1.0998885140085,-0.305275853985265,-1.24434982636733,-1.27815200899201,-1.95458389143908,"Low"
"27085",28.11301182,0.279620853080569,18,6.782700383,707.0786517,619.307721150734,-0.178980444207572,-92.5233146604384,-37.4374242438796,0,44.82366536,"Western Corn Belt Plains","Elm / ash / cottonwood group",0.255387604888097,-3.30664706228963,-0.495415012733302,-0.599572129581157,-0.646137897006379,-0.227736901160385,-1.04493831386786,-1.29113199110515,-0.969943473651395,"Low"
"27087",3.812112719,0.51975051975052,27,3.989232377,618.1442308,792.849095200979,-0.103609207653986,-40.7998056494324,-26.527234975651,0,47.32566782,"North Central Hardwood Forests","Aspen / birch group",1.52975249434501,0.123215572101618,0.658623089497704,-0.0336667057871247,-0.0918100151510412,-0.360192472433713,-1.32094671052266,-1.94721340612509,-0.379159222978783,"Low"
"27089",2.034414364,0.115208483972041,25,3.518546475,508.2997033,546.090399671476,-0.14431884907488,-34.8608640864037,-29.0008640313352,2,48.35934944,"Lake Agassiz Plain","Aspen / birch group",-0.617146611687143,0.51703559986754,0.396972066691134,-0.838328331481386,-0.391214540428938,-0.369882074871242,-1.66184972208744,-2.05775996400612,-0.510444612017142,"Low"
"27091",10.69797802,0.4,11,7.275455519,755.0583333,390.882908684111,-0.400399296066454,-39.116389788115,-23.9251309129249,1,43.6743763,"Western Corn Belt Plains","Elm / ash / cottonwood group",0.894238107553187,0.234845375865425,0.933863707284308,-1.34444833568156,-2.27459258033259,-0.322660065983879,-0.896033144683547,-1.17540219352349,-1.42944233528565,"Low"
"27093",14.70120203,0.451612903225806,17,6.564004417,708.5221239,563.799976392769,-0.219680751728757,-53.6194304315207,-20.2551878870454,0,45.12334851,"North Central Hardwood Forests","Oak / hickory group",1.1681470860898,-0.726872770080361,1.32205624737299,-0.780578728111444,-0.945473774865291,-0.300839913528786,-1.04045849105566,-1.34249551434016,-1.03558616817057,"Low"
"27095",17.51576633,0.472262144294337,37,5.170229193,732.8333333,960.298572888823,-0.0631613823278911,-37.5668056510691,-28.7481171180012,1,45.93656445,"Northern Lakes and Forests","Aspen / birch group",1.27773232883216,0.337600599401558,0.423706668725777,0.512373500207746,0.205668948494834,-0.28549872303651,-0.965008537490686,-1.66984131505009,0.277267722213007,"Low"
"27097",11.36555218,0.356402909411505,37,5.376718705,688.9365854,908.352849910008,-0.123572459029191,-42.464846806908,-28.2227955725569,2,46.01198799,"North Central Hardwood Forests","Aspen / birch group",0.662868938141838,0.0128042222155546,0.479273173069658,0.342982387929802,-0.238632428524815,-0.319021356306406,-1.10124230259118,-1.62134463245743,0.277267722213007,"Low"
"27099",21.67585599,0.757009345794392,8,6.841764876,837.3392857,491.677622653682,-0.180616244284715,-14.2944567194326,-7.21466940340292,2,43.67146225,"Western Corn Belt Plains","White / red / jack pine group",2.78888187147296,1.88082459060738,2.70143242802238,-1.01576432221608,-0.658168608367428,-0.262823551629338,-0.640673819044154,-1.27725994529627,-1.62637041884319,"Low"
"27101",4.51870617,0.157894736842105,5,6.548371612,671.0074074,677.896142782298,-0.0244821596410689,3.63458491233229,-2.75341387590985,1,44.02231727,"Western Corn Belt Plains","Oak / hickory group",-0.390611245713988,3.06972594589151,3.1733269786979,-0.408519674486303,0.490140486500628,-0.356341082457515,-1.15688559146673,-1.34616707700101,-1.82329850240072,"Low"
"27103",29.41520345,0.340236686390533,20,7.072352319,742.2278481,756.182319412987,-0.230912656450419,-46.4935584114228,-27.2244281488828,1,44.34992113,"Western Corn Belt Plains","Elm / ash / cottonwood group",0.577075011473989,-0.254345622434844,0.584876661572034,-0.153234315557557,-1.02808032662504,-0.220639117019061,-0.935852616295524,-1.22310355776495,-0.838658084613037,"Low"
"27107",2.860412927,0.472118959107807,15,4.659843662,574.1310345,642.682765574306,-0.253904061804669,-41.6209070899664,-25.1647630403974,0,47.32665849,"Lake Agassiz Plain","Aspen / birch group",1.2769724469861,0.068767117157597,0.802740160966104,-0.523347860336314,-1.19717370512942,-0.36537985003263,-1.45754187378432,-1.78971183465689,-1.16687155720893,"Low"
"27109",92.42998734,0.395515695067265,30,6.82881285,841.3070175,663.424350522096,-0.0982406828986226,-47.7030950995528,-32.4252574004613,2,44.0036725,"Driftless Area","Oak / hickory group",0.870439961996476,-0.334551795041186,0.0347528303569916,-0.455711105215079,-0.0523264788259767,0.122832092178785,-0.628359944602832,-1.28030189298538,-0.182231139421246,"Low"
"27111",11.43951855,0.551663306451613,33,4.828068645,637.2872629,723.575410289158,-0.112077337916113,-36.1506685778716,-26.2724836193927,0,46.40915172,"North Central Hardwood Forests","Oak / hickory group",1.69911322124136,0.431506750113467,0.685569713840257,-0.259563004190572,-0.154090016463513,-0.318618191890445,-1.26153621969625,-1.75020206234115,0.0146969441362909,"Low"
"27113",8.835692745,0.0287303058387396,13,3.754988231,544.0884956,586.56625945441,-0.033779354206001,-33.140309833642,-21.7452766391897,1,48.06712684,"Lake Agassiz Plain","Aspen / birch group",-1.07608513205228,0.631128105477215,1.16444035699718,-0.70633958407607,0.421763020426926,-0.332810721683852,-1.5507790356089,-2.00222861676567,-1.29815694624729,"Low"
"27115",8.003075711,0.400923899829808,43,4.870077769,766.4375,777.701880214053,-0.138267020587581,-38.0523463606411,-30.2647754570806,4,46.12089691,"Northern Lakes and Forests","Aspen / birch group",0.899141231439586,0.305403674462021,0.263280349041205,-0.0830606394435099,-0.346705555037261,-0.337349021457536,-0.860717846913,-1.74033568640326,0.671123889328082,"Low"
"27119",6.147861129,0.32992700729927,27,4.222205436,542.5977011,588.380649875373,-0.124789994229489,-35.3162546117258,-23.8504675241228,1,47.77417986,"Lake Agassiz Plain","Oak / hickory group",0.522361684138505,0.486837978385097,0.941761315052693,-0.700422992797926,-0.247586954674663,-0.347461137320907,-1.55540572340337,-1.89249672639869,-0.379159222978783,"Low"
"27121",6.405089143,0.390588235294118,16,5.964493068,538.3916667,550.711176747243,-0.0880328970139466,-32.29370550633,-28.610879349416,1,45.58630197,"North Central Hardwood Forests","Elm / ash / cottonwood group",0.844289999702393,0.687267694686901,0.438223155114669,-0.823260323499827,0.0227480534043963,-0.34605907876331,-1.56845917109292,-1.4832983634609,-1.10122886268975,"Low"
"27123",1386.177005,0.0405405405405405,6,7.400117327,753.8888889,966.992030568087,-0.37909985955252,1.42570608880844,-13.4233394335582,9,45.01640222,"North Central Hardwood Forests","Aspen / birch group",-1.01340837641047,2.92325191337584,2.04470305304772,0.53420036440864,-2.11794301390168,7.17458765048522,-0.899662520920043,-1.14612378574652,-1.75765580788154,"Low"
"27125",3.576118453,0.0900900900900901,11,4.013584358,560.6666667,527.767247169425,-0.331537768853123,-42.5946811127206,-16.8259937269794,0,47.87239818,"Lake Agassiz Plain","Aspen / birch group",-0.750449587894177,0.00419471673761011,1.68478329301541,-0.898078759520025,-1.768141230097,-0.361478793371484,-1.49932860304887,-1.94149403431961,-1.42944233528565,"Low"
"27127",6.676793921,0.150442477876106,8,7.026582821,658.6223776,376.719054175391,-0.311264188854423,-29.3579381498267,-23.9277743071147,1,44.40551942,"Western Corn Belt Plains","White / red / jack pine group",-0.430160283136601,0.881942784445287,0.933584099154766,-1.39063560446504,-1.61903646318351,-0.344578112506131,-1.19532259013414,-1.23385310526222,-1.62637041884319,"Low"
"27129",5.724137365,0.14018691588785,10,6.880114713,664.611465,645.946585696513,-0.369861274139244,-60.3190209358276,-39.1564283789619,0,44.7285022,"Western Corn Belt Plains","Elm / ash / cottonwood group",-0.484586411739219,-1.17113255785994,-0.677244696985858,-0.512704787354131,-2.04999659670524,-0.349770705085846,-1.17673542901057,-1.26825299935284,-1.49508502980483,"Low"
"27131",51.82060283,0.55527950310559,19,6.727839249,782.2142857,712.656633429209,-0.102316940746943,-45.9361708046499,-25.781595227125,2,44.3543161,"North Central Hardwood Forests","Oak / hickory group",1.71830432791763,-0.217384423129198,0.737494010907179,-0.295168317794075,-0.0823058646272057,-0.0985152415957492,-0.811754517739027,-1.30401682470518,-0.904300779132216,"Low"
"27135",3.524237774,0.408560311284047,25,2.851331705,539.4318182,600.772513509719,-0.125913688334488,-38.348258478549,-28.3638491728412,2,48.7754777,"Lake Agassiz Plain","Aspen / birch group",0.939667563623707,0.285781302823239,0.464353062594676,-0.660014053546574,-0.255851313885946,-0.361761576528865,-1.5652310559842,-2.21446382081908,-0.510444612017142,"Low"
"27137",12.32910524,0.578889695857702,43,3.249478082,718.7402597,656.116809959088,-0.107084693274681,-41.1884835839036,-33.6852305917095,7,47.60131695,"Northern Lakes and Forests","Aspen / birch group",1.84360330115094,0.0974417615124817,-0.0985223159069101,-0.479540447709532,-0.117370940918377,-0.313769370752949,-1.0087464581845,-2.12095409103296,0.671123889328082,"Low"
"27139",159.5254969,0.425774877650897,24,6.800754109,766.3770492,804.196093444993,0.00638992389395376,-36.5929329045993,-29.6408744345684,1,44.64917538,"North Central Hardwood Forests","Oak / hickory group",1.03102503423267,0.402179546337622,0.329274213519495,0.00333500567915494,0.717193371088282,0.488545887858022,-0.860905456257229,-1.28689184442188,-0.576087306536321,"Low"
"27141",85.63360646,0.417730496453901,34,6.262908681,729.2739726,695.535821658692,-0.049456581435086,-42.4276085391174,-33.1762908820608,0,45.44458777,"North Central Hardwood Forests","Oak / hickory group",0.988333612147993,0.0152735470101514,-0.0446886195123519,-0.350998002753738,0.3064627472639,0.085787433530147,-0.976055030288202,-1.41321166935144,0.08033963865547,"Low"
"27143",9.751002515,0.504065040650406,17,6.939135743,730.5876289,808.498320598446,-0.11022597704444,-36.274291677324,-26.4862476244593,1,44.58006481,"Western Corn Belt Plains","Elm / ash / cottonwood group",1.44650986915547,0.423309118945999,0.662958574778651,0.0173642462211139,-0.140473934288521,-0.327821693172046,-0.971978091736748,-1.25439116138112,-1.03558616817057,"Low"
"27145",45.94368404,0.572493224932249,28,6.152543044,692.8125,734.496728131618,-0.0695725763305441,-44.5697088125201,-31.0859539193738,2,45.55219079,"North Central Hardwood Forests","Oak / hickory group",1.80965731656323,-0.126772300755124,0.17641923133562,-0.2239494046334,0.158516961156434,-0.130548238910831,-1.08921338326511,-1.43913243992658,-0.313516528459604,"Low"
"27147",32.98957724,0.0521739130434783,13,6.830199583,789.2098765,664.329724502567,0.160581007015808,-40.9016235923895,-35.4907384860971,1,44.02238294,"Western Corn Belt Plains","Aspen / birch group",-0.951670226063167,0.116463873217754,-0.289502037044275,-0.452758748470674,1.85121240031239,-0.201156474820057,-0.790043668544516,-1.27997620114035,-1.29815694624729,"Low"
"27149",6.693318488,0.710843373493976,10,6.032534689,591.3333333,844.107837123713,-0.0531853640416362,-33.3355806669264,-24.771693387512,0,45.58616841,"Northern Glaciated Plains","Oak / hickory group",2.5438796816013,0.618179406762167,0.84431756582208,0.133484212716812,0.279038914795416,-0.344488042959612,-1.40415445795009,-1.46731792520635,-1.49508502980483,"Low"
"27151",4.854470805,0.385416666666667,13,6.368149184,489.9274194,614.399650066863,-0.18970854418965,-35.363615130885,-21.5574211879737,0,45.2833775,"Western Corn Belt Plains","Elm / ash / cottonwood group",0.816844555023961,0.483697432081965,1.18431098830203,-0.615576981806915,-0.725039149146108,-0.354510948668742,-1.71886819222318,-1.38849460154277,-1.29815694624729,"Low"
"27153",10.05109993,0.341244387427838,33,5.290967878,685.8614458,804.457079420398,-0.0384618864104831,-40.2696256078226,-27.3642869658026,1,46.06966704,"North Central Hardwood Forests","Aspen / birch group",0.582422867233835,0.15837259738833,0.570082930712715,0.00418606139900363,0.387324708448529,-0.326185968733363,-1.11078601291049,-1.6414843025007,0.0146969441362909,"Low"
"27155",2.208136774,0.666666666666667,5,6.223231483,558.462963,469.595151615651,-0.360847236416936,-14.0412214619939,-16.7966839214567,0,45.77296654,"Lake Agassiz Plain","Oak / hickory group",2.30943449665906,1.89761699630079,1.68788357216828,-1.08777360645499,-1.98370164565958,-0.368935175706569,-1.50616780792348,-1.42253036287216,-1.82329850240072,"Low"
"27157",15.92187954,0.471388101983003,38,7.019099592,817.5977011,618.188116977331,-0.066573965596159,-37.2558155795867,-28.1237662778232,2,44.28423974,"Driftless Area","Oak / hickory group",1.27309379812119,0.358222812515854,0.489748113196734,-0.603223074940433,0.18057064652643,-0.294186433908318,-0.701941920390402,-1.23561063656764,0.342910416732186,"Low"
"27159",9.8485906,0.498003194888179,32,4.50180398,669.7362637,736.629254427714,-0.148563928154209,-24.6901536800242,-25.4259283251094,0,46.58577366,"North Central Hardwood Forests","Aspen / birch group",1.4143397357779,1.19147049910519,0.775115095797405,-0.216995396092505,-0.422435544646905,-0.327289775176155,-1.16083059196265,-1.82682945976416,-0.0509457503828881,"Low"
"27161",17.01588039,0.669117647058823,12,6.921608852,756.625,837.981588842059,-0.138705026019585,-56.7692127466641,-28.3344679803629,0,44.02202036,"Western Corn Belt Plains","Maple / beech / birch group",2.32244181641187,-0.935739509320306,0.46746089278674,0.113506975881675,-0.349926924812603,-0.288223423776142,-0.891170987156871,-1.25850757417822,-1.36379964076647,"Low"
"27163",260.0070879,0.320945945945946,36,6.866161998,765.4507042,845.106178569511,-0.0958268525819264,-25.4500415703493,-24.0566935354826,2,45.03744129,"North Central Hardwood Forests","Oak / hickory group",0.474699313147646,1.14108120550954,0.919947516141487,0.136739729403063,-0.0345736395759387,1.03623535741392,-0.863780372353964,-1.27152997155402,0.211625027693828,"Low"
"27165",9.678576052,0.608,9,7.19454561,711.1190476,387.200016176072,-0.162132014191277,-10.7679558403131,-21.5362381988801,1,43.97853304,"Western Corn Belt Plains","Elm / ash / cottonwood group",1.99809129105577,2.11467209683257,1.18655164388849,-1.35645797232847,-0.522223855648167,-0.328216464101801,-1.03239892604789,-1.19440491253507,-1.56072772432401,"Low"
"27167",3.220267771,0.672985781990521,9,5.612738076,550.6666667,268.268403872625,-0.299470521149652,-31.364413860514,-22.7071139100009,0,46.35683122,"Lake Agassiz Plain","Oak / hickory group",2.34296995611654,0.748890402685271,1.06270088838004,-1.74428505293925,-1.53229835011775,-0.363418409069504,-1.53036365043116,-1.565912487695,-1.56072772432401,"Low"
"27169",31.28886251,0.488490182802979,39,7.125527068,827.2478632,737.668774050444,-0.00163144889631872,-39.5148307595207,-30.986567638249,2,43.98783729,"Driftless Area","Oak / hickory group",1.36385430945604,0.208424163809913,0.186931932118095,-0.213605600455225,0.658199107603664,-0.210426466856107,-0.671992596588375,-1.21061479308523,0.408553111251365,"Low"
"27171",79.64692265,0.475026567481403,29,6.499349208,722.0238095,876.285623147646,-0.0305354854319673,-44.6690447731032,-27.5004000486806,2,45.17400838,"North Central Hardwood Forests","Elm / ash / cottonwood group",1.29240308525327,-0.133359415704785,0.555685409277339,0.238413563059257,0.445620488988535,0.0531561460707581,-0.998555945821985,-1.35768061075723,-0.247873833940425,"Low"
"27173",4.971865184,0.226190476190476,9,6.885628751,642.4796748,699.047480663705,0.0251981544361564,-46.594491711963,-37.15551050665,0,44.71755044,"Western Corn Belt Plains","Oak / pine group",-0.0281666817747485,-0.261038659367333,-0.465595255595568,-0.339546745736051,0.855521028622382,-0.353871073597861,-1.24542154476176,-1.26695795754611,-1.56072772432401,"Low"
"28001",25.9740527,0.0985467756584923,49,18.47629491,1567.553846,1155.82751080754,-0.0555491632185512,-47.3393361822129,-34.5699733551247,1,31.47658981,"Mississippi Valley Loess Plains","White / red / jack pine group",-0.705570072093403,-0.310430401455045,-0.192107022326955,1.14997872306862,0.261654036282257,-0.23939560773714,1.62555052877068,1.4552570949575,1.06498005644316,"High"
"28003",35.76645855,0.0510009532888465,47,15.45773609,1461.8,778.985856095774,-0.0508529181232864,-50.2443286857516,-43.5846921050996,0,34.88248545,"Southeastern Plains","White / red / jack pine group",-0.957895107598123,-0.503064765046927,-1.14564950106861,-0.078873690253651,0.296193201557605,-0.186020680924302,1.29734296662375,0.746310245488364,0.933694667404798,"High"
"28005",6.526346194,0.0117878192534381,50,18.2474004,1593.670103,952.807233398027,0.0746863645711522,-83.6611917264027,-61.1411672530569,0,31.17476144,"Mississippi Valley Loess Plains","White / red / jack pine group",-1.16599867894475,-2.71898654013977,-3.00270630947942,0.487944803174977,1.21948871650078,-0.345398149639068,1.70660245611499,1.4014983142274,1.13062275096233,"High"
"28007",9.617923952,0.0433725930080389,56,16.74721661,1469.018182,939.408630953115,0.0855346038627189,-55.32192275875,-40.8678337014978,1,33.08698225,"Southeastern Plains","White / red / jack pine group",-0.998378712313864,-0.839767562606117,-0.858270607903721,0.444252964059767,1.29927354932727,-0.328547057160149,1.31974462866215,1.04916111128856,1.52447891807741,"High"
"28009",7.85751888,0.029486099410278,49,15.51416122,1435.622951,988.2275031336,0.139506003703137,-61.0600833113346,-41.2222576082596,0,34.81668795,"Southeastern Plains","White / red / jack pine group",-1.07207414580221,-1.22027350363305,-0.895760213508987,0.603447650062687,1.69621345800233,-0.338142400053229,1.21610237101939,0.759562403398736,1.06498005644316,"High"
"28011",13.76698214,0.162525879917184,32,17.12948604,1379.671756,894.207698242426,-0.166156727941747,-60.271553089564,-35.1074230642912,2,33.79682118,"Mississippi Alluvial Plain","Elm / ash / cottonwood group",-0.366033832124171,-1.16798489453725,-0.248956397453498,0.29685610771056,-0.551824153459201,-0.305932014389357,1.04245757222732,1.13894193856655,-0.0509457503828881,"High"
"28013",9.489748824,0.116529628579529,46,16.31118916,1429.58427,837.030270570663,0.148859939419406,-67.2234292138644,-47.6875761645019,0,33.93674781,"Southeastern Plains","White / red / jack pine group",-0.610135315144629,-1.6289741161421,-1.57963688819624,0.110404798245456,1.76500823449407,-0.329245694265374,1.19736129592324,0.946754530733818,0.868051972885619,"High"
"28017",13.12703111,0.103585657370518,49,16.39430955,1424.298701,904.66638599449,0.15694853586405,-54.7469191116784,-38.2101839611119,0,33.91983317,"Southeastern Plains","White / red / jack pine group",-0.678828795078439,-0.801638217528042,-0.577154580730745,0.330961105190571,1.82449690337314,-0.309420160194716,1.1809575074875,0.966276409262971,1.06498005644316,"High"
"28019",7.576229744,0.0235014523369422,44,16.4824584,1460.233333,898.499922084926,-0.0622985915147343,-46.2590661097648,-36.2292103190164,0,33.34593771,"Southeastern Plains","White / red / jack pine group",-1.10383458678318,-0.238796089951693,-0.367614763749667,0.310852728204677,0.212014459406035,-0.339675607242272,1.29248080816602,0.986979285442746,0.736766583847261,"High"
"28023",8.716075836,0.013701099693528,58,17.60272404,1488.791667,919.967991674782,-0.0781853849199581,-47.2419040672046,-38.4895670988404,0,32.04226234,"Southeastern Plains","White / red / jack pine group",-1.15584492555664,-0.303969533330542,-0.606706660729802,0.380858495335285,0.0951729036551218,-0.333462710976499,1.38111173305095,1.2500878890533,1.65576430711577,"High"
"28025",18.37428409,0.114245416078984,46,16.65069142,1409.574074,916.722275780222,0.147985095303717,-68.654592342937,-49.2949978958282,1,33.65734274,"Southeastern Plains","White / red / jack pine group",-0.622257599954835,-1.72387666691606,-1.74966381245013,0.370274458883585,1.7585740759506,-0.280819247603257,1.13525955782435,1.02649094534993,0.868051972885619,"High"
"28027",15.83584189,0.325383304940375,33,16.68962597,1371.878049,1061.09649580316,-0.108209470556849,-40.9277751679309,-30.3651019931023,1,34.22755057,"Mississippi Alluvial Plain","Elm / ash / cottonwood group",0.498248317245454,0.114729723437606,0.252668191691098,0.841067977801779,-0.125643266501624,-0.29465539458481,1.01826976562445,1.0356352185624,0.0146969441362909,"High"
"28029",14.07688275,0.0718725718725719,58,17.90223613,1509.916667,953.08376093795,0.0931799642553337,-59.7639953698988,-43.919188431032,1,31.86987001,"Mississippi Valley Loess Plains","White / red / jack pine group",-0.847129710393811,-1.13432798898767,-1.18103124337315,0.488846538772769,1.35550237913353,-0.304242856216036,1.44667327064603,1.32043210470235,1.65576430711577,"High"
"28031",17.55016243,0.00697269029633934,37,18.04970107,1525,934.686796027891,-0.142586282323028,-63.1526029116527,-43.1267220639905,0,31.63221679,"Southeastern Plains","White / red / jack pine group",-1.19155250311912,-1.35903158339394,-1.09720718131351,0.428855413999626,-0.378472145562638,-0.28531124211014,1.49348446607982,1.35506611743964,0.277267722213007,"High"
"28033",147.7275988,0.249275362318841,44,16.03512844,1368.364865,1008.4498354281,0.0899687171709698,-54.8831346027374,-38.0824038017377,1,34.87637624,"Mississippi Valley Loess Plains","Elm / ash / cottonwood group",0.0943444963194354,-0.810670868868636,-0.563638484080029,0.669391161169782,1.3318848311698,0.424239734980094,1.00736658243418,0.881918166966628,0.736766583847261,"High"
"28035",62.26953579,0.00499412455934195,47,18.5943606,1587.327869,911.679980634979,-0.341187461789165,-65.9761023743849,-45.266604685118,0,31.18940874,"Southeastern Plains","White / red / jack pine group",-1.2020527246939,-1.54626202252343,-1.32355578245781,0.353831912046095,-1.8391111927828,-0.0415618186519635,1.68691930284503,1.48298632070633,0.933694667404798,"High"
"28039",19.43674093,0.004720406681191,53,18.81144783,1641.203125,869.893925006281,-0.247817056457523,-76.9824890757609,-37.8520129489907,0,30.8626994,"Southeastern Plains","White / red / jack pine group",-1.20350534176687,-2.27611185693195,-0.539268620648805,0.217570714111862,-1.15240600679762,-0.275028172667693,1.85412141511433,1.53397201187417,1.32755083451987,"High"
"28043",19.14128812,0.0576719576719577,47,16.59633571,1423.7,1022.65006717048,0.0111298980673205,-66.1571411573785,-38.6495369765312,1,33.76804216,"Mississippi Valley Loess Plains","White / red / jack pine group",-0.922492177668041,-1.55826697286494,-0.623627662696469,0.715697053387844,0.7520541477415,-0.276638581013912,1.17909943609722,1.01372481699098,0.933694667404798,"High"
"28045",38.56345357,0.00331262939958592,34,19.38759181,1617.552632,744.992179058209,-0.424749404524936,-9.74237728324471,-36.1187087130268,2,30.41820323,"Southern Coastal Plain","White / red / jack pine group",-1.21097639673785,2.18267973279504,-0.355926326405956,-0.189724525194551,-2.45367872329565,-0.17077525433811,1.78072199802738,1.66928673781401,0.08033963865547,"High"
"28049",104.5786184,0.128185907046477,58,17.83966266,1436.456,1086.99423560708,0.0736008703152113,-55.2799273089492,-42.3151715131465,1,32.26552725,"Mississippi Valley Loess Plains","White / red / jack pine group",-0.548275603156489,-0.8369827820133,-1.01136446726565,0.925518567750443,1.21150530320976,0.189049965869515,1.21868774253807,1.30573593111019,1.65576430711577,"High"
"28051",8.885705624,0.124396665204037,61,17.13737649,1425.194444,945.396190855428,0.00135886807185881,-52.8660714756206,-37.9031459765693,0,33.12492709,"Mississippi Valley Loess Plains","White / red / jack pine group",-0.568385058304751,-0.676916419814645,-0.544677276782753,0.463777948476622,0.680191795356205,-0.332538119240978,1.18373745013224,1.14079511089214,1.8526923906733,"High"
"28057",16.95444638,0.0263013698630137,51,15.97302779,1473.025641,887.200042423283,0.104987380789934,-93.8492149534729,-61.9802763985849,0,34.27989194,"Southeastern Plains","White / red / jack pine group",-1.08897546238559,-3.3945694782077,-3.09146406629394,0.274004666906671,1.44234160981479,-0.288558278748229,1.3321817966569,0.867333041152354,1.19626544548151,"High"
"28059",76.31606117,0.0318982824001785,42,19.45126328,1638.05042,878.330552035695,-0.186021319055014,-51.6275972916785,-29.5841964357078,2,30.54020324,"Southern Coastal Plain","White / red / jack pine group",-1.05927272333783,-0.594791358921012,0.335269395512699,0.245081923012918,-0.697920956686132,0.0350008029975641,1.84433698020859,1.68424079064164,0.605481194808903,"High"
"28061",9.393503116,0.0258249641319943,54,17.56788248,1477.042105,916.253961155337,0.0318780585941774,-72.1993780506513,-48.7440478439629,0,32.01920791,"Southeastern Plains","White / red / jack pine group",-1.09150374114917,-1.958936667258,-1.69138642269574,0.368747319965186,0.904649280887155,-0.329770295440942,1.34464691171183,1.24190490648926,1.39319352903905,"High"
"28065",10.57028416,0.00693909020817271,41,18.07711873,1562.118644,781.18281056269,-0.0406676088576807,-19.9286028278764,-19.7694960030282,0,31.56879346,"Southeastern Plains","White / red / jack pine group",-1.19173081833205,1.50721600171717,1.37343087766766,-0.0717095862729121,0.371102426474337,-0.323356079868143,1.60868235361045,1.3615055028669,0.539838500289723,"High"
"28067",37.95594519,0.00958333333333333,52,18.10379297,1503.019417,963.101758991614,-0.136438919208649,-44.1852042004963,-29.7335339204794,0,31.6225763,"Southeastern Plains","White / red / jack pine group",-1.17769785587213,-0.101275229370216,0.319473047412704,0.521514480150743,-0.333260537925465,-0.174086566779341,1.42526762259028,1.3677702866719,1.26190814000069,"High"
"28069",4.953126586,0.0291188895594448,51,17.05395553,1428.685714,813.535922224985,0.0792892533103047,-57.5807783970372,-42.8345371955041,0,32.75476347,"Southeastern Plains","White / red / jack pine group",-1.07402292350825,-0.989555631868717,-1.06630098318635,0.0337914878456196,1.25334127991701,-0.353973211041115,1.19457262311968,1.12120263968374,1.19626544548151,"High"
"28071",33.04161095,0.0779746835443038,51,15.91918293,1459.804348,1032.38017637284,0.0259753038530297,-40.9811955524139,-39.5463136223855,1,34.35684633,"Southeastern Plains","White / red / jack pine group",-0.814745886379727,0.111187338472694,-0.718485267185563,0.747426210782492,0.861236678382675,-0.200872857545039,1.29114945118589,0.854686892399451,1.19626544548151,"High"
"28075",41.45769989,0.0367724311830216,58,17.33037285,1479.063636,909.699681239668,0.0579024244492963,-66.7657819721746,-52.1104766799265,0,32.40433437,"Southeastern Plains","White / red / jack pine group",-1.03340568174741,-1.5986268484486,-2.0474743923577,0.347374304027975,1.09604897473243,-0.154999745451463,1.35092074274881,1.18612275548679,1.65576430711577,"High"
"28077",11.29339141,0.0158730158730159,48,18.18859206,1564.044776,916.414012105855,0.046444011006743,-60.1363352331448,-48.658059711173,1,31.55056641,"Southeastern Plains","White / red / jack pine group",-1.1443185958017,-1.15901839783,-1.68229092681207,0.369269234128176,1.01177653416398,-0.31941467903797,1.61466011339891,1.38768642920158,0.999337361923977,"High"
"28079",15.09640484,0.0354185832566697,51,17.00462711,1441.775,939.947258961188,0.14520788848365,-67.0749487088371,-48.823239751134,0,32.75373187,"Southeastern Plains","White / red / jack pine group",-1.0405905343603,-1.61912815352536,-1.69976303982098,0.446009389654782,1.73814873540378,-0.29868580335575,1.23519528424071,1.10961723418607,1.19626544548151,"High"
"28081",73.19691714,0.0683760683760684,46,16.24879108,1442.925373,907.476564411233,-0.0170003801314778,-46.2513503381694,-35.8299090716644,1,34.29022205,"Southeastern Plains","White / red / jack pine group",-0.865685607104115,-0.238284445687865,-0.325378204659488,0.340124886545692,0.545166238733201,0.0179994565592984,1.23876547229694,0.932099549709157,0.868051972885619,"High"
"28085",22.52366543,0.0174156095463341,51,17.98402509,1559.988372,939.315827287192,0.118752026305502,-65.9999765841416,-47.578522517667,0,31.53288014,"Mississippi Valley Loess Plains","White / red / jack pine group",-1.13613207206543,-1.54784515679904,-1.56810161043519,0.44395033825551,1.54357554389931,-0.25820244344567,1.60207104436474,1.33964127999791,1.19626544548151,"High"
"28087",44.98994433,0.0646464646464646,47,16.82422757,1420.594595,816.883797132355,-0.0148525831003585,-53.9190799879217,-38.3258064468549,0,33.47505334,"Southeastern Plains","White / red / jack pine group",-0.885478563595107,-0.74674297681156,-0.589384685153465,0.0447086571871281,0.560962500455259,-0.135746735378351,1.1694617969656,1.06724811264326,0.933694667404798,"High"
"28089",57.01178259,0.0850448365634944,52,17.42139931,1422.762376,1033.77834125798,0.105764131768801,-60.0059440221324,-46.5745469312876,1,32.63391712,"Mississippi Valley Loess Plains","White / red / jack pine group",-0.777224680042785,-1.15037196314187,-1.46190491192643,0.751985521760576,1.44805432920925,-0.0702199642138087,1.17618951557055,1.20750147489678,1.26190814000069,"High"
"28091",17.6434627,0.00476341695776437,50,18.6148215,1609.183099,988.082798459379,-0.0377726561552236,-49.7476605602552,-35.9039789576302,0,31.23125032,"Southeastern Plains","White / red / jack pine group",-1.20327708681149,-0.470129964645609,-0.333213033967295,0.602975778957378,0.392393744926881,-0.284802695471127,1.75474711270512,1.48779182275459,1.13062275096233,"High"
"28093",19.41048804,0.144423129624555,56,15.65132073,1427.698113,926.628576560256,0.0494288276330987,-51.1957606807466,-41.2716386123027,2,34.76202979,"Mississippi Valley Loess Plains","White / red / jack pine group",-0.462104882800473,-0.566155632453144,-0.900983547292766,0.402578163817563,1.03372876891387,-0.275171267848167,1.1915075987367,0.791776055107279,1.52447891807741,"High"
"28095",17.94478931,0.043531726512543,53,16.43069722,1440.651376,781.900741143141,-0.0203688690323867,-71.6223180359026,-51.443696891871,0,33.89227524,"Southeastern Plains","White / red / jack pine group",-0.997534192960264,-1.92067096138784,-1.97694497602077,-0.0693684684178281,0.520392234711567,-0.283160271127011,1.23170811183272,0.974822515383249,1.32755083451987,"High"
"28097",9.445249745,0.0485386221294363,45,16.50757185,1443.689655,1013.72769132268,0.130479516758639,-50.6849723269002,-42.2363408779177,0,33.4941315,"Southeastern Plains","White / red / jack pine group",-0.970962665719048,-0.532284498757107,-1.00302606410504,0.686601853969076,1.62982694748009,-0.329488242942507,1.24113742510528,0.992877497907197,0.80240927836644,"High"
"28099",19.80846909,0.0352455031599417,51,16.95439372,1456.1,999.190411538195,0.0420329776837838,-59.9637809973464,-41.7674992266172,0,32.75341049,"Southeastern Plains","White / red / jack pine group",-1.04150906808999,-1.14757607040313,-0.953433786994933,0.639196873328151,0.979334997172992,-0.273002014475499,1.27965298961584,1.0978192849983,1.19626544548151,"High"
"28103",5.868526605,0.0815861440291705,55,17.01462879,1389.809091,907.912605861344,0.116067462121778,-58.2877975632795,-42.0521630416986,0,33.11015603,"Southeastern Plains","White / red / jack pine group",-0.795579914488794,-1.03643912191919,-0.983544436852038,0.341546785058179,1.5238315560637,-0.348983690614059,1.07391883943284,1.11196625567222,1.45883622355823,"High"
"28105",41.78595045,0.102518443144238,59,16.6883905,1412.910448,950.588473208406,0.0940499861874431,-51.8632873144812,-38.7087031404185,0,33.42390817,"Southeastern Plains","White / red / jack pine group",-0.684492486526316,-0.610420314070552,-0.629886033271912,0.480709592365586,1.36190107228023,-0.15321056821712,1.14561401034186,1.03534505275271,1.72140700163495,"High"
"28107",19.20381581,0.144642857142857,52,16.18090202,1414.784314,807.35091801248,0.03503345155552,-55.3562670711699,-43.129077146201,1,34.36399889,"Mississippi Valley Loess Plains","Oak / hickory group",-0.460938791836142,-0.842044984925779,-1.09745629290433,0.013622652320368,0.927856042201715,-0.276297764780532,1.15142956235166,0.916154942341718,1.26190814000069,"High"
"28109",26.41784062,0.00727032385988103,53,18.98484196,1602.206897,857.167047457163,0.0813495205957355,-48.0925850217653,-38.618093838996,1,30.77109325,"Southeastern Plains","White / red / jack pine group",-1.18997296582762,-0.360379449742346,-0.620301727840786,0.176069319574539,1.26849379236885,-0.236976677383021,1.73309643674327,1.57469582396802,1.32755083451987,"High"
"28111",7.146639407,0.00166527893422148,52,18.46206751,1578.932584,997.814200090009,0.17193372237464,-54.0492629555995,-55.114331974441,0,31.17143507,"Southeastern Plains","White / red / jack pine group",-1.219718863351,-0.755375602575161,-2.36521071921987,0.634709150863821,1.93470747012849,-0.342017151613299,1.66086449606875,1.45191560949784,1.26190814000069,"High"
"28115",24.81597207,0.0804733727810651,50,16.05629759,1456.628571,816.241531684869,0.240796558714052,-64.3331234936366,-46.4427110663701,1,34.22606742,"Southeastern Plains","White / red / jack pine group",-0.801485376434618,-1.43731365494509,-1.44795981825162,0.0426142776638762,2.44116844850766,-0.245707893994109,1.28129341221883,0.886890010516272,1.13062275096233,"High"
"28117",23.40421036,0.0366186209583171,45,15.71355735,1468.590164,829.733011928122,0.0160052782048052,-55.0781828361506,-43.0463292717786,1,34.61813215,"Southeastern Plains","White / red / jack pine group",-1.03422195052719,-0.823604806655913,-1.08870353916062,0.0866089843236057,0.78791078574332,-0.253402905731027,1.3184162727711,0.806393115201741,0.80240927836644,"High"
"28121",76.73257603,0.0710227272727273,58,17.57740792,1451.096491,997.440782306401,0.0798944629741354,-64.4971423190956,-45.38634744099,2,32.26400821,"Southeastern Plains","White / red / jack pine group",-0.851639824177565,-1.44818998664677,-1.33622171329962,0.633491463437745,1.25779237567144,0.0372710775868225,1.26412457572657,1.24414207696713,1.65576430711577,"High"
"28123",17.92760166,0.0686292548298068,59,17.26093303,1476.945652,1262.65583896488,0.132091841674459,-58.1827559178963,-45.0057771681433,0,32.40673626,"Southeastern Plains","White / red / jack pine group",-0.864341950022486,-1.02947365454384,-1.2959664450688,1.49833790052669,1.64168500761439,-0.283253954903489,1.34434756936931,1.1698139324516,1.72140700163495,"High"
"28127",17.57484593,0.0290222597914906,56,17.73725324,1505.468354,858.895523938366,0.0878522201873828,-71.5926760271807,-51.1413985705728,0,31.91292339,"Southeastern Plains","White / red / jack pine group",-1.07453573637833,-1.91870535580408,-1.94496901552717,0.181705751929454,1.31631876985103,-0.285176701117236,1.43286791017341,1.28168377907528,1.52447891807741,"High"
"28131",15.84503215,0.00050568900126422,33,18.91453532,1652.69697,1006.02945560258,-0.372268062006331,-39.786205535611,-12.7281864416626,0,30.79194734,"Southeastern Plains","White / red / jack pine group",-1.22587279142337,0.190428899717711,2.11823367839293,0.661498483827566,-2.06769764131381,-0.294605301741191,1.8897926175323,1.55818341725443,0.0146969441362909,"High"
"28133",14.25364384,0.177777777777778,13,17.36035246,1418.288462,553.856586257469,0.165232723949733,-47.0095127763269,-38.1929761417397,1,33.6015073,"Mississippi Alluvial Plain","Elm / ash / cottonwood group",-0.285092216701705,-0.288559321989897,-0.575334403397097,-0.813003378655223,1.88542407724487,-0.303279394285779,1.16230470227312,1.193163847387,-1.29815694624729,"High"
"28137",27.10876491,0.264331210191083,48,16.0182047,1393.666667,916.731304674092,0.0187749602601766,-44.906284204701,-37.6277890957021,1,34.6514753,"Mississippi Valley Loess Plains","Oak / hickory group",0.174245677108401,-0.149091114450676,-0.515551078838817,0.370303901430296,0.808280784397584,-0.233210694439007,1.08589084482691,0.877943411836881,0.999337361923977,"High"
"28139",18.53334458,0.0361552028218695,45,15.50111278,1451.126761,838.207602104635,0.0229511535857994,-63.5477988068333,-43.8288685121523,0,34.76903134,"Southeastern Plains","White / red / jack pine group",-1.03668130430225,-1.38523760962964,-1.17147754772086,0.114243988204189,0.838995159088319,-0.279952265357769,1.264218518815,0.75649781165807,0.80240927836644,"High"
"28141",17.64997383,0.0114242193450114,47,15.43144534,1471.358209,877.472407276697,-0.0954193255655396,-25.1637278940449,-26.4893708406271,1,34.7400019,"Southeastern Plains","White / red / jack pine group",-1.16792829873532,1.16006709024259,0.662628212915026,0.242283577222613,-0.0315764274016112,-0.284767205613727,1.32700691354423,0.740135529176995,0.933694667404798,"High"
"28143",8.337926987,0.22,34,16.40764556,1347.619718,1019.61086767994,-0.11711595838348,-48.7490436332482,-35.8440663830603,0,34.64950747,"Mississippi Alluvial Plain","Elm / ash / cottonwood group",-0.0610194550932766,-0.403910194380542,-0.326875710923985,0.705786451463079,-0.191147227395202,-0.33552386606432,0.942983920424426,0.969408540467884,0.08033963865547,"High"
"28145",26.54917033,0.119060622610595,46,15.8612017,1455.754386,848.805928041249,0.118560306982335,-68.8909233740674,-45.5104141336797,0,34.49098384,"Southeastern Plains","White / red / jack pine group",-0.59670336409358,-1.73954812827899,-1.34934501364406,0.148804335346136,1.5421655183885,-0.236260845771568,1.27858037492924,0.841069264654551,0.868051972885619,"High"
"28149",30.19773371,0.128072445019405,54,17.86839317,1429.706522,981.050509890785,-0.14581920610633,-48.4324872989455,-33.0420777268516,1,32.36032419,"Mississippi Valley Loess Plains","Elm / ash / cottonwood group",-0.548877744597787,-0.382918874118925,-0.0304920651608064,0.580044012602342,-0.40224911771996,-0.216373822463655,1.1977407055845,1.31248365602222,1.39319352903905,"High"
"28151",24.03740531,0.326133909287257,22,17.59777351,1388.905983,882.843489903337,-0.106788077013694,-82.8032648102715,-39.0371142448301,1,33.28382367,"Mississippi Alluvial Plain","Oak / gum / cypress group",0.502231764350534,-2.66209613326404,-0.664624104112757,0.259798275413151,-0.115189436790342,-0.249951584918532,1.0711160394757,1.24892519425224,-0.707372695574679,"High"
"28153",9.688792766,0.0108537392455328,55,17.95073785,1501.282258,993.847120366733,-0.007642088394757,-40.4689829369336,-28.4219945546399,0,31.64186336,"Southeastern Plains","White / red / jack pine group",-1.17095582889847,0.14515291707112,0.458202666445282,0.62177280099157,0.613993052162388,-0.328160776421942,1.41987634140273,1.33182334921281,1.45883622355823,"High"
"28155",8.917359541,0.0628373168851195,43,16.4097705,1435.147541,829.578979747544,0.175912436007896,-56.5879831284737,-45.6125187123212,0,33.61262972,"Southeastern Plains","White / red / jack pine group",-0.895079686267161,-0.923721904413725,-1.36014524554358,0.0861066969186285,1.9639694538995,-0.332365584980338,1.21462693383179,0.96990760959595,0.671123889328082,"High"
"28159",11.51850761,0.022680412371134,47,16.67401262,1455.75,1042.89160298205,0.0972042538902589,-79.4826331205814,-53.2794286794654,0,33.0874696,"Southeastern Plains","White / red / jack pine group",-1.10819183476414,-2.44190011847664,-2.17112166501093,0.7817031857259,1.38509955772983,-0.318187650574951,1.27856676295746,1.03196822515521,0.933694667404798,"High"
"29001",17.332692,0.238601823708207,28,10.95528934,1015.769231,693.947353115183,-0.0161667917411512,-25.4696112053668,-24.5475033513206,2,40.19068175,"Central Irregular Plains","Oak / hickory group",0.0377001714416179,1.13978351397239,0.868031530588837,-0.356177879709407,0.551296976503709,-0.286496596196052,-0.0869156383636673,-0.311146517376714,-0.313516528459604,"Moderate"
"29003",15.6660745,0.258706467661692,26,11.40687242,903.765625,561.555967539961,-0.0179136747083963,-30.1411110742803,-25.6862507710588,2,39.98507538,"Western Corn Belt Plains","Oak / hickory group",0.144395244668735,0.830009425684211,0.747579182890153,-0.787896272920547,0.538449291108582,-0.295580736339968,-0.434519360283399,-0.205086499689344,-0.444801917497963,"Moderate"
"29005",3.654417333,0.292079207920792,22,11.00472822,857.9347826,732.795524599688,-0.155219088437425,-36.9880123201826,-31.4122710854134,1,40.43241005,"Western Corn Belt Plains","Oak / hickory group",0.321503925328409,0.375981244036864,0.141902649288929,-0.229496901943282,-0.471381814761235,-0.361052013982073,-0.576755596828824,-0.299535168946113,-0.707372695574679,"Moderate"
"29007",14.13115254,0.269430051813472,21,11.87361359,1003.831858,1062.87507542636,0.0747363187997225,-49.3316901855053,-31.3758271739073,1,39.21618714,"Central Irregular Plains","Oak / hickory group",0.201305160555755,-0.44254635184268,0.145757546893212,0.846867792750386,1.21985611158382,-0.303947050863014,-0.123963332031174,-0.0954664121837986,-0.773015390093858,"Moderate"
"29009",17.67207292,0.138538078836586,42,13.38637999,1118.745763,676.031945802761,0.0088694470284687,-40.6262921270519,-26.7091744441766,0,36.7097438,"Ozark Highlands","Oak / hickory group",-0.493336767643617,0.134721511245226,0.639378228220216,-0.414598681221809,0.735429356989745,-0.284646751321958,0.23267251662472,0.25982597640804,0.605481194808903,"Moderate"
"29011",7.651216053,0.245551601423488,31,13.440442,1154.858696,639.253812207307,-0.183637182324898,-43.1665898078933,-24.2265091140536,0,37.50229045,"Central Irregular Plains","Elm / ash / cottonwood group",0.0745825476706958,-0.0337293974874885,0.901985073583866,-0.534529420462488,-0.680386502906551,-0.339266883501023,0.344749175301566,0.272523125594441,-0.116588444902067,"Moderate"
"29013",7.513497353,0.302992518703242,32,12.9556978,1052.014925,599.647445007559,-0.147441825694751,-39.6944124316365,-25.6923507342783,0,38.25265618,"Central Irregular Plains","Oak / hickory group",0.379420717875334,0.196515836652906,0.746933952105934,-0.663682817672689,-0.414182891406517,-0.34001753922811,0.0255730447057302,0.158674798004643,-0.0509457503828881,"Moderate"
"29015",10.58714507,0.103431609473175,39,12.69748285,1047.654206,673.51510452953,-0.0548418130011858,-33.4677681018907,-29.1627368873368,1,38.29495153,"Ozark Highlands","Oak / hickory group",-0.679646325183698,0.609413861798394,0.37984977495539,-0.422805912120752,0.266856338455491,-0.323264177035373,0.012039532627145,0.0980297398148116,0.408553111251365,"Moderate"
"29017",7.611390669,0.200260926288324,47,13.24021768,1185.729412,953.20060628588,0.113746896098553,-56.6241578555958,-32.2699168472587,3,37.32429211,"Ozark Highlands","Oak / hickory group",-0.165774451997246,-0.926120704248419,0.0511841600809854,0.489227562701504,1.50676464158572,-0.339483957526432,0.440556588680087,0.225497902858812,0.933694667404798,"Moderate"
"29019",101.2088535,0.183988764044944,46,12.22741203,1015.138889,766.5828047335,-0.0545258057858402,-36.1149137125194,-25.1953153347748,6,38.99057159,"Central Irregular Plains","Oak / hickory group",-0.252130596683907,0.433877708291171,0.799508456093231,-0.119319111847897,0.26918045596163,0.170682574069269,-0.0888719077473721,-0.0123723582520969,0.868051972885619,"Moderate"
"29021",83.13525558,0.202469135802469,30,11.85617411,927.8358209,735.779558430583,-0.109858269817626,-46.7730579078756,-26.2500231224753,4,39.65789987,"Western Corn Belt Plains","Oak / hickory group",-0.154055514006719,-0.272879648790454,0.687945499319359,-0.219766191103113,-0.137769582104545,0.0721698100966995,-0.359817393257649,-0.0995622953981532,-0.182231139421246,"Moderate"
"29023",23.65777638,0.123333333333333,51,14.15319072,1193.711538,892.439488039097,0.116158908524357,-50.1943520230333,-36.5472208552222,1,36.71458362,"Mississippi Alluvial Plain","Oak / hickory group",-0.574028146144157,-0.499750738382328,-0.401252702255567,0.291090106663559,1.52450411091304,-0.252020807402278,0.465329154542228,0.439921208467365,1.19626544548151,"Moderate"
"29025",8.196672963,0.222222222222222,11,11.49621968,929.7575758,548.337938679063,0.0682905843506938,-42.1550215560663,-29.8540600002795,2,39.65634169,"Central Irregular Plains","Oak / hickory group",-0.049226151850729,0.0333491943447022,0.306724259561067,-0.830999275101932,1.17245009189365,-0.336293791587068,-0.353853217819784,-0.184102161711229,-1.42944233528565,"Moderate"
"29027",20.7927942,0.242331288343558,50,12.25020356,1011.396947,780.209136182634,-0.0256364392146944,-35.9306123275852,-24.8220231423808,2,38.83793889,"Interior River Valleys and Hills","Oak / hickory group",0.0574923897612933,0.44609900660869,0.838993876803808,-0.0748846655051615,0.481651182352595,-0.267636807854055,-0.10048504247455,-0.00701947816871965,1.13062275096233,"Moderate"
"29029",26.96860088,0.0538213132400431,37,13.08857083,1064.707965,609.341464108238,0.0261605090405772,-43.4389989365169,-26.2279637227991,2,38.02353718,"Ozark Highlands","Oak / hickory group",-0.942927495527202,-0.0517932510310359,0.69027885826601,-0.632071347396737,0.862598794808201,-0.233974678791539,0.0649659544882604,0.18988171548254,0.277267722213007,"Moderate"
"29031",52.61383253,0.25625,43,13.53123805,1181.406593,1102.17163407813,0.00243254518584779,-56.19125250864,-34.9762223728987,1,37.38477893,"Interior River Valleys and Hills","Oak / hickory group",0.131358804050803,-0.897414108308922,-0.235078490005373,0.975010927488033,0.688088297889647,-0.0941916281924843,0.427140699431081,0.29384773029164,0.671123889328082,"Moderate"
"29033",4.848638087,0.354716981132075,24,11.90215453,975.3090909,623.93417229909,-0.0812981999422253,-56.7613109167243,-31.9486644264054,2,39.42765331,"Central Irregular Plains","Oak / hickory group",0.65392173959181,-0.93521552725157,0.0851650127485258,-0.584485618873832,0.0722792875118591,-0.354542740743247,-0.212483874873425,-0.0887632101922309,-0.576087306536321,"Moderate"
"29035",4.630713216,0.0401521555367709,43,13.48521129,1168.647887,888.664643449819,0.042458349396896,-52.7099702779459,-39.5282288954689,1,36.94170742,"Ozark Highlands","Oak / hickory group",-1.01546953036641,-0.66656511776021,-0.716572333925003,0.278780621166264,0.982463450565992,-0.35573057182567,0.387543994906411,0.283037761548585,0.671123889328082,"Moderate"
"29037",58.02330523,0.205583756345178,39,12.49421171,1018.297297,709.778657737099,-0.0171837218030557,-36.786311154263,-27.796273434302,2,38.64719643,"Central Irregular Plains","Oak / hickory group",-0.137526264961181,0.389356347650843,0.524389053911853,-0.304553180986647,0.543817827786151,-0.0647065135147113,-0.0790697735541118,0.0502889327329079,0.408553111251365,"Moderate"
"29039",11.50975254,0.20392749244713,36,13.2204221,1087.909091,589.541470160486,-0.0869644799961102,-35.1435342660158,-26.74006639207,1,37.7239792,"Ozark Highlands","Oak / hickory group",-0.146316035040896,0.498291320806699,0.636110596097193,-0.696637644785149,0.030605869854235,-0.318235371352424,0.136970758961508,0.220848659656583,0.211625027693828,"Moderate"
"29041",3.828753127,0.294990723562152,29,11.86670084,991.7622951,727.848967890706,-0.0720240090726856,-40.7012703029341,-27.3091795719846,2,39.51492622,"Central Irregular Plains","Elm / ash / cottonwood group",0.336955299412701,0.129749597143295,0.575911980110219,-0.245627252910234,0.14048756981832,-0.360101771479041,-0.161421277679677,-0.0970899592557312,-0.247873833940425,"Moderate"
"29043",59.93001596,0.0962441314553991,38,13.15125755,1107.25974,619.699341905411,0.0685187399078582,-43.5629987956526,-30.6605525030021,1,36.97137403,"Ozark Highlands","Oak / hickory group",-0.717790173699452,-0.0600158656921718,0.221416566502444,-0.598295083629695,1.17412809258091,-0.0543137104358844,0.197025589820813,0.204604487274528,0.342910416732186,"Moderate"
"29045",5.19004642,0.281501340482574,29,10.99909217,951.0235294,673.144615863706,-0.136215030103916,-33.57965000833,-31.3727671171859,2,40.41042418,"Central Irregular Plains","Oak / hickory group",0.265367326067134,0.601994806562235,0.146081227992106,-0.424014047913104,-0.331613915435612,-0.352681845160864,-0.287854230059227,-0.300858866819574,-0.247873833940425,"Moderate"
"29047",239.3146246,0.192513368983957,25,12.10380875,972.9180328,733.09658385721,-0.0317439191985076,-28.0048495159168,-29.8452294981177,3,39.3110008,"Western Corn Belt Plains","Elm / ash / cottonwood group",-0.206890633702987,0.97166809959124,0.307658316313522,-0.228515170251646,0.436732900555612,0.923448088265462,-0.219904535016156,-0.0414021572937635,-0.510444612017142,"Moderate"
"29049",18.89590759,0.233333333333333,12,11.56781745,933.6984127,604.882338286345,-0.300756622305873,-30.8452686362063,-20.3726752528875,2,39.6013744,"Central Irregular Plains","Oak / hickory group",0.00974036436201517,0.783315692862253,1.30962888306434,-0.646612222745913,-1.54175715379908,-0.277976063143499,-0.341622811828047,-0.167286516730518,-1.36379964076647,"Moderate"
"29051",75.56423523,0.186972255729795,35,12.77731481,1011.269841,579.571069964934,-0.0292529489177578,-49.7120722658653,-32.9418534794402,4,38.50453742,"Interior River Valleys and Hills","Oak / hickory group",-0.236297246711425,-0.467770052035588,-0.0198907275087633,-0.729150373112553,0.455053076031451,0.0309028667867714,-0.100879516547807,0.116779288822754,0.145982333174649,"Moderate"
"29053",11.97925535,0.186635944700461,37,12.43668186,1008.056818,650.581965404371,-0.104318095711121,-29.9625887521799,-22.2641407896221,2,38.84449724,"Interior River Valleys and Hills","Oak / hickory group",-0.238082044790162,0.841847505769741,1.10955689120577,-0.497589161282955,-0.0970236275733983,-0.315676278264777,-0.110851148652346,0.0367773173097797,0.277267722213007,"Moderate"
"29055",12.47214069,0.0919540229885057,44,12.67211863,1048.847458,753.510954035296,0.00035940138059253,-43.3213943036518,-29.2869372419302,1,37.97647323,"Ozark Highlands","Oak / hickory group",-0.740557721241527,-0.0439947133136995,0.366712336365871,-0.161945437988415,0.672841083343397,-0.312989735309695,0.0157427958630463,0.0920726308331678,0.736766583847261,"Moderate"
"29057",5.965546336,0.155131264916468,29,13.25769268,1133.792208,660.144171871459,0.01113233520426,-26.0522455380618,-26.403571293461,0,37.43192757,"Ozark Highlands","Oak / hickory group",-0.405276953803576,1.10114816680755,0.671703760932529,-0.466407522133338,0.752072071992438,-0.348454870513989,0.279369229975722,0.229602128395975,-0.247873833940425,"Moderate"
"29059",12.02020562,0.106716417910448,35,12.9440729,1077.175,672.859009826327,-0.0371515785641547,-48.8092423474253,-30.9868572276594,1,37.68097479,"Ozark Highlands","Oak / hickory group",-0.662213891286199,-0.407902060445749,0.1869013004576,-0.424945387811186,0.3969615434833,-0.315453072885251,0.103657456682427,0.155944542700096,0.145982333174649,"Moderate"
"29061",5.685129965,0.390022675736961,34,11.25926135,916.4431818,718.23945289704,-0.179324348513021,-33.4453869880153,-19.4288242588865,2,39.96152189,"Central Irregular Plains","Oak / hickory group",0.841288582790719,0.610897986670528,1.40946583209672,-0.276963161621958,-0.648667187408361,-0.349983320570953,-0.395174502685431,-0.239754832911775,0.08033963865547,"Moderate"
"29063",10.87864435,0.287735849056604,24,11.33463935,908.4179104,527.267763037572,-0.106061238304797,-19.8870918045165,-21.4261252704385,2,39.89207243,"Central Irregular Plains","Elm / ash / cottonwood group",0.298453778648947,1.50996865927386,1.1981989684074,-0.899707539866278,-0.109843803888766,-0.321675317977209,-0.420080970500905,-0.222051352938082,-0.576087306536321,"Moderate"
"29065",7.95941336,0.0269205515430072,37,12.66976959,1080.782609,788.167305877471,0.0894860529181671,-50.709419289713,-29.2332087046757,2,37.60667485,"Ozark Highlands","Oak / hickory group",-1.08568947359411,-0.533905613137767,0.372395535588582,-0.0489336701391939,1.32833501209906,-0.337587009427479,0.114853688307605,0.0915209289758963,0.277267722213007,"Moderate"
"29067",6.328080421,0.0785585585585586,45,13.2218232,1088.901515,647.147004268626,0.0231822369194978,-65.2490057593331,-33.245392369153,1,36.9329251,"Ozark Highlands","Oak / hickory group",-0.811647269585242,-1.49804716704973,-0.0519979105855558,-0.508790312293071,0.840694692501308,-0.346478825959623,0.14005075154784,0.2211777257739,0.80240927836644,"Moderate"
"29069",21.13016022,0.304761904761905,25,14.98526751,1236.530864,767.970788387837,-0.256258218685271,-24.421087509026,-36.5563558909085,0,36.2712065,"Mississippi Alluvial Plain","Elm / ash / cottonwood group",0.388810825729662,1.20931267616802,-0.402218971399763,-0.114793001100961,-1.21448766807935,-0.26579794548433,0.598219135670999,0.635345003053846,-0.510444612017142,"High"
"29071",43.36575112,0.162995594713656,49,12.648526,1005.921986,753.406492220182,-0.0057342896878454,-45.0750933859486,-28.628821418855,1,38.41078542,"Ozark Highlands","Oak / hickory group",-0.363541062059633,-0.160285101753048,0.436325311616594,-0.162286080144073,0.628024213976441,-0.144599635783174,-0.117476609879669,0.0865316022474831,1.06498005644316,"Moderate"
"29073",10.9156538,0.128739800543971,38,12.55580825,1017.506849,671.596236411216,-0.0564859283890042,-26.5898936512059,-24.4337339447104,1,38.43919315,"Ozark Highlands","Oak / hickory group",-0.545336097865479,1.06549592261562,0.880065623386725,-0.42906319734534,0.254764471025305,-0.321473592608041,-0.0815229326674353,0.0647556619156771,0.342910416732186,"Moderate"
"29075",5.166656269,0.176605504587156,26,11.04791888,898.5131579,824.473024090118,-0.101847684648971,-45.1564564862588,-33.2900105702153,1,40.21099024,"Central Irregular Plains","Oak / hickory group",-0.291313454650757,-0.165680409668309,-0.0567174532821104,0.0694565579186189,-0.0788546576319273,-0.352809336567664,-0.45082041681564,-0.289391294282942,-0.444801917497963,"Moderate"
"29077",166.7000192,0.155680224403927,30,13.09186508,1113.371429,682.388199717331,-0.02915650357905,-48.7369079426018,-28.6186425833325,4,37.25773142,"Ozark Highlands","Oak / hickory group",-0.402363633237011,-0.40310545872578,0.437401989916164,-0.393871413243478,0.455762396227925,0.52765166110164,0.215993245590896,0.190655411904617,-0.182231139421246,"Moderate"
"29079",8.767936344,0.229166666666667,22,11.12039946,988.1428571,809.402330594606,-0.0388230203959967,-34.886007317143,-20.5297657845285,1,40.11412479,"Central Irregular Plains","Oak / hickory group",-0.0123720792177606,0.51536831492749,1.29301244731273,0.0203121551148334,0.384668700050505,-0.333180037764075,-0.172654220662402,-0.272368310169385,-0.707372695574679,"Moderate"
"29081",4.50326269,0.29277566539924,27,10.74502892,912.6363636,724.003754335216,-0.0249233646687677,-35.8236081664851,-22.3369044422659,2,40.35561623,"Central Irregular Plains","Oak / hickory group",0.325200015735904,0.453194611313381,1.10186023026396,-0.258166206336223,0.486895584869031,-0.356425259382712,-0.406988981006708,-0.360528845572345,-0.379159222978783,"Moderate"
"29083",12.10711201,0.248737373737374,40,12.6801353,1043.564103,693.306884740576,-0.0307970132986368,-36.4069950536161,-23.5920556326693,1,38.38497683,"Central Irregular Plains","Oak / hickory group",0.0914893982024143,0.414509361147181,0.969095136810979,-0.358266399112588,0.443697047169002,-0.314979377015526,-0.000654121413199549,0.0939554475277034,0.474195805770544,"Moderate"
"29085",9.150859428,0.0619765494137353,30,12.90703136,1045.536232,580.038351120728,-0.124352492443074,-45.8500891038433,-24.5129582651759,1,37.94174556,"Ozark Highlands","Oak / hickory group",-0.899647767582271,-0.211676217813148,0.871685577707152,-0.727626604259461,-0.244369289028446,-0.331092860016694,0.00546639028269921,0.147244866911606,-0.182231139421246,"Moderate"
"29087",3.649959099,0.353260869565217,17,11.43684306,882.5942029,872.568401418073,-0.154077242392341,-30.5344492064146,-16.6882535514016,2,40.09795265,"Western Corn Belt Plains","Oak / hickory group",0.646194175223487,0.803926590472825,1.69935292209487,0.226291981391929,-0.462983954668727,-0.3610763142324,-0.500224969085794,-0.198047514507477,-1.03558616817057,"Moderate"
"29089",8.343048985,0.208092485549133,36,12.17381539,999.5675676,994.778709585118,-0.0319932037155142,-33.7711033653534,-20.5302271388935,2,39.14347998,"Interior River Valleys and Hills","Oak / hickory group",-0.124212473046125,0.58929925036276,1.29296364701214,0.624810643663482,0.4348995040955,-0.335495947872144,-0.137197577492758,-0.0249602093876701,0.211625027693828,"Moderate"
"29091",16.71124945,0.0103950103950104,31,13.35622141,1122.80292,766.615940948593,0.0339125269971163,-37.1115215621707,-20.3230771766983,2,36.77366538,"Ozark Highlands","Oak / hickory group",-1.17339029669661,0.367791162926806,1.31487517790969,-0.119211057132139,0.919612051992827,-0.289883858849656,0.24526392259796,0.252742851131898,-0.116588444902067,"Moderate"
"29093",7.121936002,0.0688811188811189,40,12.59494263,1099.433333,719.761120705705,0.0670270923962204,-60.8905894686725,-39.9119490846054,1,37.55484803,"Ozark Highlands","Oak / hickory group",-0.863005310912627,-1.20903411541632,-0.757160788256255,-0.272001116859728,1.16315757062306,-0.34215180110129,0.172736298613005,0.0739468677398286,0.474195805770544,"Moderate"
"29095",447.552888,0.325688073394495,32,12.49355103,1011.969388,660.413908150945,-0.0659666232500951,-41.8929538595809,-27.8815153289691,6,39.00938797,"Central Irregular Plains","Oak / hickory group",0.499865719304645,0.0507272921776433,0.515372492243335,-0.465527932327215,0.185037427378769,2.05848091256446,-0.0987084691186935,0.0501337636497668,-0.0509457503828881,"Moderate"
"29097",72.88280825,0.321554770318021,30,13.67398887,1135.8,701.783565040932,-0.0537455152395081,-40.2106747527993,-20.7783610812299,2,37.20373387,"Ozark Highlands","Oak / hickory group",0.477930335846246,0.162281716061366,1.26671698741046,-0.330624579494688,0.274919207580393,0.0162873605461402,0.2856004219611,0.327374572116818,-0.182231139421246,"Moderate"
"29099",132.2073312,0.217716781035558,45,12.79447224,999.7843137,633.56999921345,-0.00027242172677555,-41.9924845897916,-28.0474579077601,2,38.26047955,"Ozark Highlands","Oak / hickory group",-0.073136467220838,0.0441272617649595,0.497819720792801,-0.553063908959296,0.668194255444194,0.339644267844134,-0.136524904944416,0.120808929014919,0.80240927836644,"Moderate"
"29101",25.11807463,0.176549865229111,32,12.35000004,1025.101563,786.283085208346,-0.0360277503548332,-42.0231212930077,-26.6381008855043,2,38.74730523,"Central Irregular Plains","Oak / hickory group",-0.291608731970498,0.0420956965132774,0.646896117484322,-0.055077972626818,0.405226888982834,-0.244061240222097,-0.0579527017829415,0.0164189917445847,-0.0509457503828881,"Moderate"
"29103",3.024414506,0.264925373134328,28,11.10871761,961.9027778,750.877590874877,0.00212100050997255,-27.4194265044092,-24.1206752934584,2,40.12761177,"Central Irregular Plains","Oak / hickory group",0.177398891802729,1.01048836818623,0.913179770437312,-0.170532638034838,0.685797000729377,-0.364485935665681,-0.254090431101457,-0.275111940904224,-0.313516528459604,"Moderate"
"29105",18.01671633,0.0488997555012225,37,12.94170003,1082.26087,638.229832536592,0.00904919796096793,-41.0305683510729,-23.4049266980808,1,37.65897324,"Ozark Highlands","Oak / hickory group",-0.969046135805033,0.107913354929934,0.988888919965035,-0.537868541480077,0.736751359363992,-0.282768222483687,0.119441478325444,0.155387244064881,0.277267722213007,"Moderate"
"29107",20.09355985,0.238578680203046,23,12.17300993,1004.247525,658.677340262924,-0.17755757268701,-52.6395724398725,-27.5069596546735,2,39.06994651,"Western Corn Belt Plains","Elm / ash / cottonwood group",0.0375773491731113,-0.661896932655087,0.554991559238139,-0.471190750153776,-0.63567319731176,-0.271448085984063,-0.122673307527148,-0.0251493818913133,-0.6417300010555,"Moderate"
"29109",24.13605165,0.123076923076923,24,13.13959518,1113.296703,643.47583601317,-0.121221538020104,-67.9212639633655,-34.7425113529817,0,37.10632791,"Ozark Highlands","Oak / hickory group",-0.575388911902911,-1.67524857388981,-0.210357431986618,-0.520761717030373,-0.221342264226529,-0.249413898750443,0.215761333095826,0.201865431664923,-0.576087306536321,"Moderate"
"29111",7.567344126,0.213776722090261,28,11.27859614,961.7435897,850.289054860551,-0.0570692375526214,-46.3414323838457,-33.4500969552321,1,40.09681651,"Central Irregular Plains","Oak / hickory group",-0.0940463066917703,-0.244257919808287,-0.0736507789482198,0.153640700828493,0.250474445441012,-0.339724039590533,-0.254584472124076,-0.235213812089246,-0.313516528459604,"Moderate"
"29113",35.48777445,0.239190432382705,40,12.11437503,938.53125,889.235866825461,0.0162154115955597,-33.315253883634,-25.7356238304641,1,39.05505058,"Interior River Valleys and Hills","Oak / hickory group",0.0408239097069152,0.619527305924947,0.742356689459782,0.280643337813766,0.789456239987277,-0.187539688987208,-0.326624078368407,-0.0389205323318859,0.474195805770544,"Moderate"
"29115",7.529008916,0.306849315068493,25,11.36926236,1040.554455,656.343739538776,-0.0897794886666985,-37.9800949912954,-24.587422209224,2,39.8700814,"Central Irregular Plains","Oak / hickory group",0.399888683961409,0.310194769976243,0.863809066442205,-0.47880044734554,0.00990251052083444,-0.339932991206657,-0.00999457824160082,-0.213919699615309,-0.510444612017142,"Moderate"
"29117",10.85766368,0.168831168831169,28,11.56047808,957.8947368,760.966685935914,0.0652256350499916,-34.8411828570098,-22.7980528174877,2,39.78116199,"Central Irregular Plains","Oak / hickory group",-0.332571749236643,0.518340691393381,1.05308171847979,-0.137632854640467,1.14990851062817,-0.321789676158731,-0.266529405335973,-0.169010260923977,-0.313516528459604,"Moderate"
"29119",16.37756197,0.143939393939394,35,13.94288888,1141.358974,734.024625023345,0.134492111388766,-51.7939441237827,-36.0867724811343,0,36.62885887,"Ozark Highlands","Oak / hickory group",-0.464672061531428,-0.605822064197836,-0.352548233914659,-0.225488897512397,1.65933811359292,-0.291702670804162,0.302852724109792,0.390529152259045,0.145982333174649,"Moderate"
"29121",7.302717148,0.203898050974513,31,11.38921066,1025.104,794.204868676874,-0.0693998192182905,-31.4394845259758,-19.4785220512106,1,39.83052927,"Central Irregular Plains","Oak / hickory group",-0.146472280537412,0.743912355462072,1.40420898965992,-0.0292456300197813,0.15978752654039,-0.341166427273377,-0.0579451385418941,-0.209234588182806,-0.116588444902067,"Moderate"
"29123",9.509126734,0.105920444033303,39,12.83138574,1128.785714,710.777372145696,0.0665388494855672,-51.7202836915791,-31.6740695138121,1,37.47867268,"Ozark Highlands","Oak / hickory group",-0.666438113874042,-0.600937531634617,0.114210612602076,-0.301296448096641,1.15956672256393,-0.32914007215944,0.263831552124808,0.129478532984365,0.408553111251365,"Moderate"
"29125",6.440889438,0.11377245508982,39,12.77642246,1052.732558,556.437989948796,-0.133146154646912,-47.5490798262139,-32.8642673014192,1,38.16293237,"Ozark Highlands","Oak / hickory group",-0.624767597520034,-0.324338813724735,-0.0116839582730129,-0.804585614546124,-0.309043458726316,-0.345863944068652,0.0278002221215396,0.11656970909983,0.408553111251365,"Moderate"
"29127",25.24868468,0.216981132075472,31,11.56926119,988.2837838,874.214972164763,0.00665215196519875,-59.2446112773012,-32.0282676691306,2,39.80611277,"Interior River Valleys and Hills","Oak / hickory group",-0.0770405462907,-1.09988685909993,0.0767448861212508,0.231661325280739,0.719121962656405,-0.24334933122174,-0.172216853981209,-0.166947436068027,-0.116588444902067,"Moderate"
"29129",3.08228226,0.281524926686217,29,10.6199511,965.96,775.545696825862,-0.0151674705885816,-46.7455572780278,-25.9269449353118,1,40.42212338,"Central Irregular Plains","Oak / hickory group",0.26549249773049,-0.271056041217404,0.722119474565798,-0.0900917919899831,0.558646618132625,-0.364170519088602,-0.241498822779709,-0.389904959047406,-0.247873833940425,"Moderate"
"29131",16.52969243,0.122968197879859,44,12.96977178,1038.043478,675.966684115467,0.009179718142591,-55.8237955291914,-29.2364070573614,1,38.2151457,"Ozark Highlands","Oak / hickory group",-0.575965915051498,-0.873047490736846,0.372057226071403,-0.41481149469645,0.737711287569058,-0.290873461691215,-0.0177874072586845,0.161980250830138,0.736766583847261,"Moderate"
"29133",12.50246936,0.178571428571429,13,14.36606873,1238.095238,1081.49116984777,0.116694765256449,-40.8252486887663,-29.1417164121245,0,36.82429377,"Mississippi Alluvial Plain","Elm / ash / cottonwood group",-0.280880322686508,0.121528406408777,0.382073240444906,0.907573482448842,1.52844514121666,-0.312824424499831,0.603074177792362,0.489918310896119,-1.29815694624729,"High"
"29135",14.79826111,0.175,32,12.58006615,1005.063492,784.50748856603,-0.112666363574629,-26.6953331220705,-21.2966012652447,2,38.63567237,"Interior River Valleys and Hills","Oak / hickory group",-0.299833845754892,1.05850407484227,1.21189952240077,-0.060868060298166,-0.158422084777285,-0.30031087895129,-0.12014095007641,0.070452937604258,-0.0509457503828881,"Moderate"
"29137",5.145012177,0.238709677419355,35,11.73582255,1002.296296,766.863797660914,-0.0356258838565504,-40.8924221870134,-23.9637011176077,1,39.49602195,"Central Irregular Plains","Oak / hickory group",0.0382725496262491,0.117074032062094,0.929783898518348,-0.118402814955921,0.408182470116538,-0.352927310826914,-0.128728955974018,-0.12782838672802,0.145982333174649,"Moderate"
"29139",8.236603878,0.188707280832095,39,12.13754068,983.2317073,697.851354846436,-0.0597977455194665,-46.4404003753873,-32.7321514205124,1,38.94019777,"Central Irregular Plains","Oak / hickory group",-0.227089491987239,-0.250820634184781,0.00229075442241683,-0.343447222445061,0.230407267150639,-0.336076142349654,-0.187895997336855,-0.0334797854182957,0.408553111251365,"Moderate"
"29141",13.20397965,0.0632140137090632,39,12.64102483,1036.840426,775.239093069248,0.0154761831746573,-55.2662256378324,-35.1066675264354,1,38.41889728,"Ozark Highlands","Oak / hickory group",-0.893080561323288,-0.836074203869806,-0.24887647954815,-0.091091603877915,0.784019485284775,-0.309000741029113,-0.0215210848410206,0.0847698572705099,0.408553111251365,"Moderate"
"29143",9.883057265,0.157657657657658,17,14.57210371,1240.462264,879.423256663132,0.132390758607867,-61.6384846127849,-30.9087687040069,0,36.59658072,"Mississippi Alluvial Plain","Elm / ash / cottonwood group",-0.391869421735593,-1.25862815221471,0.195161205893373,0.248645150967379,1.64388343234674,-0.32710190962503,0.610420254198872,0.538308240879805,-1.03558616817057,"High"
"29145",36.02235068,0.108478802992519,29,13.67687274,1134.83871,765.068102707594,0.0798325574076717,-31.1124818930915,-23.3736838443518,0,36.90542084,"Ozark Highlands","Oak / hickory group",-0.652860937519845,0.765596385283768,0.992193669565547,-0.124258441714236,1.25733708286874,-0.18462590379599,0.282617053891288,0.328051885587482,-0.247873833940425,"Moderate"
"29147",9.773583364,0.323262839879154,22,10.80455825,888.8181818,632.099601247558,-0.0743501916330824,-51.5413344796536,-25.1052566917147,2,40.36039841,"Western Corn Belt Plains","Oak / hickory group",0.48699503787846,-0.589071143851328,0.809034514988399,-0.557858766603982,0.123379347763388,-0.32769861298305,-0.480908821079007,-0.34654762689445,-0.707372695574679,"Moderate"
"29149",5.162567349,0.0639573617588274,45,13.69304059,1155.756522,828.217947425785,0.0547606605956195,-58.4336478674059,-32.4919604007767,1,36.68712262,"Ozark Highlands","Oak / hickory group",-0.889135623288756,-1.04611067201126,0.0276972420436648,0.0816684724487714,1.07294245052064,-0.352831623818528,0.347535582546671,0.331849110357211,0.80240927836644,"Moderate"
"29151",8.664991892,0.146627565982405,40,12.67552231,1016.226804,739.255872755152,-0.0152467816567401,-38.7013723527684,-25.4200861371538,1,38.46136669,"Ozark Highlands","Oak / hickory group",-0.450405968899311,0.262365797842466,0.775733060099893,-0.208430190441295,0.558063314230098,-0.333741151414332,-0.0854955583900815,0.0928720282795959,0.474195805770544,"Moderate"
"29153",4.735808649,0.0805477245267821,43,13.79574842,1085.415094,630.97108307592,0.0539823916656998,-45.7158712423328,-27.947133249236,1,36.64937188,"Ozark Highlands","Oak / hickory group",-0.801090792726884,-0.202776032252172,0.508431679548391,-0.561538779843909,1.06721856715129,-0.355157733941838,0.129230627454879,0.355971347767947,0.671123889328082,"Moderate"
"29155",12.79940016,0.2,4,15.08788818,1250.421053,511.820624932439,-0.0579775094167119,-14.8828655621156,2.71343776819687,0,36.21295125,"Mississippi Alluvial Plain","Elm / ash / cottonwood group",-0.167159184276217,1.84180632711651,3.75158964137376,-0.950079500349081,0.243794438032454,-0.311205960154985,0.641327403047395,0.659446769832375,-1.8889411969199,"High"
"29157",15.64984933,0.169811320754717,39,13.16245509,1111.538462,841.417636695891,0.082237796599951,-56.076526333083,-39.7467605218044,1,37.7066532,"Interior River Valleys and Hills","Oak / hickory group",-0.327370096250466,-0.889806445366993,-0.739687773733924,0.124711670598085,1.27502673754044,-0.295669173979761,0.210304623821378,0.207234371659158,0.408553111251365,"Moderate"
"29159",24.007819,0.163265306122449,33,12.3521148,1019.716981,645.989331790131,-0.116796164208316,-27.1896967093107,-22.7581903928477,2,38.72794615,"Central Irregular Plains","Oak / hickory group",-0.362109707265291,1.0257220917924,1.05729821333161,-0.512565395544214,-0.188795258184477,-0.250112849387662,-0.0746637775333237,0.0169156699704488,0.0146969441362909,"Moderate"
"29161",25.62590547,0.06,47,12.86198744,1079.679245,701.785651115512,0.0545760026452846,-47.9643159648125,-28.3935318255969,2,37.87726174,"Ozark Highlands","Oak / hickory group",-0.910137288556799,-0.351873738238948,0.461213345087196,-0.330617776961714,1.07158435882469,-0.241293234653956,0.111429392905613,0.136665730616446,0.933694667404798,"Moderate"
"29163",10.45709612,0.174585635359116,42,11.8222434,944.7699115,854.112379515763,0.0637678582843078,-39.8036800714162,-29.5652522195358,2,39.34316196,"Interior River Valleys and Hills","Oak / hickory group",-0.302032873293213,0.189270137318222,0.337273242260166,0.166108276189994,1.13918709562041,-0.323973027678889,-0.30726236284295,-0.107531353279474,0.605481194808903,"Moderate"
"29165",94.59174346,0.335347432024169,25,12.20689414,970.1621622,775.886220663841,-0.164534916942132,-36.7394496867347,-31.4170641254013,2,39.38097545,"Western Corn Belt Plains","Oak / hickory group",0.551127804756369,0.392463801099793,0.141395659846714,-0.0889813692570869,-0.539896326647615,0.134615057106878,-0.228457392481202,-0.0171912451251559,-0.510444612017142,"Moderate"
"29167",19.45982987,0.170833333333333,37,13.01355166,1082.63,576.180563243336,0.00779905376862189,-50.859500745088,-29.848186437441,1,37.61623781,"Ozark Highlands","Oak / hickory group",-0.321946289334673,-0.543857737147688,0.307345542578697,-0.740206561607447,0.727557006002624,-0.274902323055089,0.120587075029466,0.172262511288503,0.277267722213007,"Moderate"
"29169",36.95021964,0.105424321959755,45,13.01913856,1079.766234,691.799551390946,-0.0559439388836442,-39.7058032249014,-26.9844129514581,2,37.82453502,"Ozark Highlands","Oak / hickory group",-0.669071027000445,0.195760496248853,0.610264551381536,-0.363181700277452,0.258750605633571,-0.179568419599509,0.111699363679287,0.173574665660668,0.80240927836644,"Moderate"
"29171",3.542201512,0.225961538461538,31,10.56232197,995.5795455,755.794437698879,-0.0318140035595949,-49.0563280361237,-30.3487107352973,2,40.47961742,"Central Irregular Plains","Oak / hickory group",-0.0293816512022104,-0.424286679110719,0.254401996264548,-0.154499168777751,0.436217455709419,-0.361663662572303,-0.14957442297627,-0.403439891638565,-0.116588444902067,"Moderate"
"29173",8.430703777,0.23972602739726,39,11.70832613,987.7246377,687.501193340223,-0.0610683629255713,-37.2879171800011,-27.6965972622033,2,39.52835179,"Central Irregular Plains","Oak / hickory group",0.0436663051967453,0.356094107757209,0.534932418253058,-0.377198323965176,0.221062340789058,-0.335018172728889,-0.173952166551922,-0.134286269940871,0.408553111251365,"Moderate"
"29175",19.81174675,0.263005780346821,29,11.79886149,1016.385542,1006.20808451315,-0.0200727997753858,-31.789893306977,-26.6466028167189,3,39.44006763,"Central Irregular Plains","Oak / hickory group",0.167211638872353,0.720676229226653,0.645996815710267,0.662080979326931,0.522569715825322,-0.2729841491148,-0.0850029142549446,-0.113022891598767,-0.247873833940425,"Moderate"
"29177",15.53996425,0.326164874551971,35,11.88461982,974.3125,594.022866344994,-0.0826078624021147,-51.2800777753273,-36.9386320216395,2,39.35375112,"Central Irregular Plains","Oak / hickory group",0.502396096591075,-0.571746824111878,-0.442654678754696,-0.682024147451374,0.0626471990583307,-0.296268118528493,-0.215576799453651,-0.0928814593807148,0.145982333174649,"Moderate"
"29179",2.99625627,0.0546462513199578,46,12.87850832,1112.758333,746.574490715789,-0.0422223497291179,-46.3659306853573,-28.4561969042462,2,37.36065215,"Ozark Highlands","Oak / hickory group",-0.93854956030746,-0.245882438534246,0.454584872687438,-0.184564725382791,0.359667875928188,-0.364639416210575,0.214090499249906,0.14054586896222,0.868051972885619,"Moderate"
"29181",8.270169393,0.0825780463242699,49,13.9789474,1208.305263,859.03861944679,0.0407947648567752,-49.8836737146252,-30.7056906114696,1,36.65467163,"Ozark Highlands","Oak / hickory group",-0.790315902439905,-0.479149198740111,0.216642029988598,0.182172375665614,0.970228394640423,-0.335893188647162,0.510620849228138,0.398997953324356,1.06498005644316,"Moderate"
"29183",274.4879577,0.285234899328859,46,12.58096818,961.5842697,755.307766402123,-0.0389041198395335,-38.9739794824865,-30.7424859908698,3,38.77942141,"Interior River Valleys and Hills","Oak / hickory group",0.285181272308797,0.244288814552531,0.212749955454426,-0.15608616742834,0.384072243301074,1.11516543625263,-0.255078922498971,0.0706647907980367,0.868051972885619,"Moderate"
"29185",5.408440913,0.112980769230769,38,13.02246986,1052.752381,622.110485895444,-0.0754716003146423,-36.6996096404825,-25.2290231389494,1,38.03705133,"Ozark Highlands","Oak / hickory group",-0.628969063653915,0.395105653684926,0.795942973460101,-0.590432523655305,0.115131797005728,-0.351491454335692,0.0278617428959658,0.174357063745472,0.342910416732186,"Moderate"
"29186",13.83585638,0.10824417872876,42,12.8924134,1063.584416,752.19873488295,0.04908382491506,-47.4393725720197,-30.8383467402749,1,37.89085946,"Ozark Highlands","Oak / hickory group",-0.654106085310602,-0.317063962905889,0.202610171936274,-0.166224486368567,1.03119140008898,-0.305556605365712,0.0614790148431276,0.14381165347909,0.605481194808903,"Moderate"
"29187",56.9498787,0.131746031746032,41,12.61181253,1079.027778,601.086576953559,-0.0410282519266596,-53.5413589458122,-33.355410511814,1,37.81350291,"Ozark Highlands","Oak / hickory group",-0.529382069583076,-0.721695734013724,-0.0636352090270421,-0.658989916177275,0.368450028587899,-0.0705573803349124,0.109407561984313,0.0779089778622542,0.539838500289723,"Moderate"
"29189",757.3253113,0.188911704312115,39,12.95324994,975.9878049,881.772831524021,-0.0221915620024045,-52.6819332504749,-39.8032925197577,6,38.63784677,"Interior River Valleys and Hills","Oak / hickory group",-0.226004619346841,-0.664705940864812,-0.745667512309435,0.25630693862271,0.506986994469499,3.74694038570537,-0.210377482758523,0.158099887016179,0.408553111251365,"Moderate"
"29195",11.71936107,0.282874617737003,42,12.1871653,981.4710744,821.784561336424,-0.124621621364338,-31.8403703982243,-30.360175021639,2,39.13732895,"Western Corn Belt Plains","Oak / hickory group",0.272655289861043,0.717329018403716,0.253189347892651,0.0606896822250843,-0.246348633824842,-0.317092869691497,-0.193360129884287,-0.0218248135913421,0.605481194808903,"Moderate"
"29197",5.716680768,0.130841121495327,22,10.69241011,957.6,815.396245828207,-0.0188737763350646,-38.1304568238365,-21.1374337062164,2,40.46922932,"Central Irregular Plains","Oak / hickory group",-0.53418441603031,0.30022405374039,1.22873565816724,0.0398578637910503,0.531388094750227,-0.349811348348109,-0.267444122391303,-0.372887040922109,-0.707372695574679,"Moderate"
"29199",4.35452401,0.313559322033898,28,10.84267183,941.296875,835.950455542859,-0.0722429517381229,-40.8885178966386,-21.0482117029178,2,40.45216673,"Central Irregular Plains","Oak / hickory group",0.435498600067595,0.117332931350375,1.23817322050759,0.106883602310061,0.138877326580592,-0.357235981107368,-0.318040948076742,-0.337596168905969,-0.313516528459604,"Moderate"
"29201",35.42718205,0.236734693877551,38,14.06584088,1207.181818,942.218583180721,-0.0205127534753144,-67.2391672858075,-37.484827737705,1,37.05526434,"Mississippi Alluvial Plain","Oak / hickory group",0.027791338712857,-1.63001773104617,-0.500429173047889,0.453416007829053,0.519334017251869,-0.187869956642058,0.507134232347499,0.419405989926872,0.342910416732186,"Moderate"
"29203",3.156682426,0.0425999121651296,45,13.11817603,1114.621118,833.292862027728,-0.00748884690291951,-48.829896589073,-35.2347043874792,2,37.15764572,"Ozark Highlands","Oak / hickory group",-1.00247931908443,-0.40927167385798,-0.262419729119895,0.0982173888915994,0.615120087294978,-0.363764990204695,0.219871661323708,0.196834872442358,0.80240927836644,"Moderate"
"29205",4.605967313,0.225653206650831,27,11.43849172,982.654321,863.481166909173,0.0124456396944075,-45.5767804917581,-30.4758186309284,0,39.79799357,"Central Irregular Plains","Oak / hickory group",-0.0310179639465567,-0.19355271818653,0.240957009101964,0.196659190226026,0.761730946246637,-0.355865452955167,-0.189687918454693,-0.197660305782207,-0.379159222978783,"Moderate"
"29207",13.72231347,0.175365344467641,39,14.07398088,1220.352459,1051.88131418622,0.0400650910206415,-59.6690731328041,-25.6120555134863,2,36.85640521,"Mississippi Valley Loess Plains","Oak / gum / cypress group",-0.297894967612197,-1.12803355459199,0.755427273527118,0.811017960698863,0.964861910414817,-0.306175487446806,0.548009379096511,0.421317772237173,0.408553111251365,"Moderate"
"29209",26.5336868,0.0979178390545864,36,13.54771811,1104.679012,564.892177211016,0.0612130953042256,-49.1189410909844,-32.0502705061487,0,36.74980141,"Ozark Highlands","Oak / hickory group",-0.708907830133993,-0.428438643689265,0.0744175101562883,-0.77701714304102,1.12039774816974,-0.236345240995093,0.189016288244734,0.29771828154234,0.211625027693828,"Moderate"
"29211",3.67224285,0.213389121338912,30,10.86763713,1126.947917,911.845440101741,0.109178431136031,-34.2372196841341,-28.571685771307,2,40.21003898,"Central Irregular Plains","Oak / hickory group",-0.0961032986307346,0.558390385600206,0.442368901937987,0.354371462975499,1.47316525245795,-0.360954853419097,0.258127940427404,-0.331732751349291,-0.182231139421246,"Moderate"
"29213",33.92681302,0.129994209612044,43,13.83674408,1091.232323,501.014776104369,-0.0332562494108666,-46.6457163923535,-28.9747645627469,1,36.65470735,"Ozark Highlands","Oak / pine group",-0.538678965926984,-0.264435443935693,0.399732768678825,-0.985316564098113,0.425610264897555,-0.196047935414098,0.147284425219742,0.365599698822875,0.671123889328082,"Moderate"
"29215",8.369008196,0.0367956265769554,45,12.83517139,1093.949153,768.421614299743,-0.0129588658681064,-38.7906545498504,-29.3178829672542,1,37.31714675,"Ozark Highlands","Oak / hickory group",-1.03328258410589,0.256445362869217,0.363439015871874,-0.11332289156581,0.574890098172737,-0.335354453431608,0.155716119997705,0.130367640933135,0.80240927836644,"Moderate"
"29217",9.605933128,0.26875,34,13.34593227,1103.666667,661.812053525296,-0.0977662979741463,-46.3729654182392,-26.519757648376,0,37.84584935,"Central Irregular Plains","Elm / ash / cottonwood group",0.19769613479014,-0.246348922110397,0.659414012584926,-0.460968684972353,-0.048837551187353,-0.328612414883596,0.185874470740511,0.250326316016393,0.08033963865547,"Moderate"
"29219",31.60981435,0.322381930184805,38,12.3195308,965.6153846,920.803730910264,0.0411920707769471,-45.2901592158309,-27.9873727739593,4,38.76540199,"Interior River Valleys and Hills","Oak / hickory group",0.482320062058819,-0.174546436066052,0.504175296491721,0.383583778391416,0.973150434389909,-0.208677072352565,-0.242568338306476,0.00926290402464489,0.342910416732186,"Moderate"
"29221",12.61099876,0.0816326530612245,45,12.62225801,1049.252174,749.581864638093,-0.0112441490480784,-51.6657224100168,-30.4941786633671,1,37.96073295,"Ozark Highlands","Oak / hickory group",-0.795333091685456,-0.597319492091414,0.239014955075994,-0.174757904252541,0.587501213318129,-0.312232869281351,0.0169988338866834,0.0803622314109766,0.80240927836644,"Moderate"
"29223",6.640962048,0.102222222222222,52,13.39782037,1166.75969,892.702034898002,0.104259291347802,-56.405438929204,-32.7904785815749,1,37.11347644,"Ozark Highlands","Oak / hickory group",-0.686064526948371,-0.911617127685085,-0.00387886964241108,0.291946252307602,1.43698677822766,-0.344773419321253,0.381683966570201,0.262512894848718,1.26190814000069,"Moderate"
"29225",25.49436052,0.104665825977301,31,12.77901776,1094.734043,816.388505278488,0.0741282211978322,-52.0735641659227,-29.3394742174131,1,37.28079196,"Ozark Highlands","Oak / hickory group",-0.673096354908646,-0.624364084116841,0.361155175991046,0.0430935475454171,1.21538377610108,-0.242010239462212,0.158152029831693,0.117179248243555,-0.116588444902067,"Moderate"
"29227",2.897627377,0.568627450980392,15,10.63826953,885.0851064,363.015337624893,-0.376927497510272,-20.3191765032711,-18.0687793660107,1,40.47889417,"Central Irregular Plains","Oak / hickory group",1.7891417065466,1.48131648173433,1.55332618030296,-1.43532239782774,-2.1019660855061,-0.365177007281262,-0.492494438271073,-0.385602643270197,-1.16687155720893,"Moderate"
"29229",10.33872582,0.0736100234925607,41,12.83870795,1101.306931,690.725736195595,-0.0629799391976966,-52.0833715309328,-40.5772471864706,1,37.27082184,"Ozark Highlands","Oak / hickory group",-0.837909078173107,-0.625014425043688,-0.827533477493667,-0.366683331208562,0.2070033963643,-0.324618222148572,0.178551018883542,0.131198246934034,0.539838500289723,"Moderate"
"30001",0.658563282,0.191479969098334,10,2.506245576,337.3354565,716.532869005951,-0.130470913184905,-41.2901001150326,-36.0474825294098,1,45.13280989,"Middle Rockies","Douglas-fir group",-0.212374872902873,0.0907034185458113,-0.348392293058809,-0.282528203880107,-0.289368036099653,-0.377381350527501,-2.19243807209899,-2.29551167793854,-1.49508502980483,"Low"
"30003",1.027635352,0.525581395348837,12,7.229340107,421.3825581,97.1977318878635,-0.143032024661846,-33.7755955790295,-30.4498738459809,0,45.42336874,"Northwestern Great Plains","Unknown",1.56069687219025,0.589001365007957,0.243701349245613,-2.30213370233531,-0.381750417458238,-0.375369669738667,-1.93159749404897,-1.18623298331389,-1.36379964076647,"Low"
"30007",1.968787048,0.0680218921032056,10,5.999793415,339.0516432,630.735542724312,0.103465748739904,-54.9520740842145,-45.8977799377443,1,46.33223198,"Middle Rockies","Douglas-fir group",-0.867565215788349,-0.815242348183822,-1.39031908718225,-0.562306859290247,1.43115056254231,-0.37023978606521,-2.18711187854385,-1.47500762894713,-1.49508502980483,"Low"
"30009",2.015374673,0.27536231884058,11,5.620229351,427.7150997,294.106280542995,-0.0432306023645002,-31.3912927128681,-27.7581459051497,0,45.22889493,"Northwestern Great Plains","Douglas-fir group",0.232787621340661,0.747108026100476,0.528422038152907,-1.66002967218578,0.352252546509396,-0.369985853465515,-1.91194442118834,-1.56415306668436,-1.42944233528565,"Low"
"30013",11.67318417,0.216657287563309,10,6.503890935,420.3333333,520.687397917964,-0.0917085938386126,-54.6229496967556,-47.3111403472408,0,47.3078204,"Northwestern Great Plains","Douglas-fir group",-0.0787591847316182,-0.793417621667838,-1.53981894686787,-0.921165617699942,-0.00428535255161292,-0.317344563575073,-1.93485376818724,-1.35661392852912,-1.49508502980483,"Low"
"30015",0.557014609,0.11340206185567,6,6.827525205,388.1084165,678.2828288343,-0.173147508191225,-18.3836794964122,-26.7090453909605,0,47.88107741,"Northwestern Glaciated Plains","Douglas-fir group",-0.626733269398227,1.60966216031907,0.639391878975939,-0.407258720230691,-0.603238785690346,-0.377934856282097,-2.03486395016508,-1.28060431275601,-1.75765580788154,"Low"
"30017",1.180051639,0.62,3,7.516323791,341.6069277,99.4787308631601,-0.0530688904336856,-49.1125111905563,-43.8682124633431,1,46.25064756,"Northwestern Great Plains","Douglas-fir group",2.06177512856553,-0.428012267450628,-1.17563920043377,-2.29469553550706,0.279895535587904,-0.374538902684245,-2.17918154099058,-1.1188312228205,-1.95458389143908,"Low"
"30023",4.797172678,0.223574986164914,8,2.686018822,364.8225806,583.347919855429,-0.0660356028272804,-50.9482215993361,-40.6886684532641,0,46.05957518,"Middle Rockies","Douglas-fir group",-0.0420470519244401,-0.549740948644651,-0.839319193040601,-0.716834348478173,0.18453010781416,-0.35482326041133,-2.10713165221435,-2.25328964949036,-1.62637041884319,"Low"
"30027",0.993610442,0.428362037376328,8,6.427402217,399.4445893,360.146771382745,-0.188348870842832,-37.983131886245,-35.435175646731,0,47.26237123,"Northwestern Great Plains","Douglas-fir group",1.04475505586318,0.309993388965724,-0.283624812358233,-1.44467657750869,-0.715039248908025,-0.375555127440163,-1.99968208416689,-1.374578274722,-1.62637041884319,"Low"
"30029",7.741515166,0.535026776668114,18,3.673995445,647.2273684,707.970995557893,-0.155177433529188,-47.2815710339031,-44.4023053849003,3,48.29436646,"Canadian Rockies","Douglas-fir group",1.61082338295314,-0.306599908753638,-1.23213350740274,-0.310447831972318,-0.471075458144205,-0.338774695103047,-1.2306870551785,-2.02125080049255,-0.969943473651395,"Low"
"30031",16.50915676,0.335970613167561,8,4.050608102,522.2754881,721.049207211178,-0.0799486712050885,-44.3440592185498,-40.4147841822891,3,45.54133713,"Middle Rockies","Douglas-fir group",0.554435018645946,-0.111809141340329,-0.810348762140071,-0.26780076323367,0.0822045778555845,-0.290985394335765,-1.61847580774017,-1.93279853814758,-1.62637041884319,"Low"
"30033",0.086771777,0.559164733178654,4,6.986391321,315.7405281,81.3602470886469,-0.157538990872519,-23.3838372884147,-29.8697597694758,0,47.27545646,"Northwestern Great Plains","Douglas-fir group",1.73892319130605,1.27809427745945,0.30506359800852,-2.3537785541534,-0.488443848791185,-0.38049798296687,-2.2594580347101,-1.243292589135,-1.8889411969199,"Low"
"30035",1.766859041,0.44539179861957,9,4.72929174,468.059246,308.316745829655,-0.1882910144543,-48.6131893702912,-46.6522775706144,2,48.70582336,"Northwestern Glaciated Plains","Aspen / birch group",1.13513176818357,-0.394901496611413,-1.47012696172671,-1.61369040914624,-0.71461373632825,-0.371340423922768,-1.78673617198649,-1.77340107212558,-1.56072772432401,"Low"
"30037",0.267609936,0.790123456790123,3,6.928789048,353.1884058,342.420233460624,-0.0889125546629179,-27.0247770836813,-28.7255162458039,0,46.38128339,"Northwestern Great Plains","Douglas-fir group",2.964618010134,1.03665815689006,0.426097302565218,-1.50248149008426,0.0162784930839227,-0.379512298381341,-2.14323836883153,-1.25682121401885,-1.95458389143908,"Low"
"30039",0.743294316,0.178064516129032,8,3.556809363,392.2675585,765.89293506382,-0.149424748648092,-43.302691981168,-38.4143415038606,2,46.4054465,"Middle Rockies","Douglas-fir group",-0.283570500154282,-0.0427545345576553,-0.598749584941712,-0.121568725174514,-0.428766564580385,-0.37691951175082,-2.02195603326111,-2.04877343913887,-1.62637041884319,"Low"
"30043",2.812235878,0.110734463276836,10,4.747696967,343.465035,677.613493599047,-0.148735502130468,-45.3201611249089,-42.3936956895006,1,46.14837349,"Middle Rockies","Douglas-fir group",-0.640890178934539,-0.176535907176474,-1.01967045437835,-0.409441372304521,-0.42369740849829,-0.365642446018114,-2.17341489618089,-1.76907837097132,-1.49508502980483,"Low"
"30045",0.406404459,0.124352331606218,7,5.324727135,483.5853659,491.634841255019,-0.0785487213893714,-45.252308702065,-44.7797893451964,1,47.04425715,"Northwestern Great Plains","Douglas-fir group",-0.568620336108062,-0.172036512332329,-1.27206231729345,-1.0159038291531,0.0925006967934568,-0.378755778725127,-1.73855078531053,-1.63355551253246,-1.69201311336236,"Low"
"30047",7.870646859,0.443736730360934,15,5.947983343,540.06,823.893055899103,-0.0945405396704624,-46.3979061623861,-42.4253863022485,3,47.64443743,"Northern Rockies","Douglas-fir group",1.12634834334603,-0.248002779864038,-1.02302256621573,0.0675653250831088,-0.0251132785122314,-0.338070844101703,-1.56328149079143,-1.48717588191334,-1.16687155720893,"Low"
"30049",7.671400727,0.269766800055195,11,4.88004758,416.7177814,596.313776134928,-0.108686011577549,-43.74314878852,-38.0886851548783,3,47.1246842,"Middle Rockies","Douglas-fir group",0.20309227891472,-0.0719618790415424,-0.564302901596499,-0.674553662198842,-0.129148051439497,-0.339156864011023,-1.9460746506402,-1.73799414975623,-1.42944233528565,"Low"
"30053",2.120988987,0.470614346590909,18,4.618753091,690.4992571,805.186598509363,-0.156397248062064,-46.0493249821656,-43.5192907279104,5,48.54177177,"Northern Rockies","Douglas-fir group",1.26898748873265,-0.224887844548341,-1.1387315934724,0.00656496851245664,-0.480046747951621,-0.369410187345617,-1.09639254356593,-1.79936247676474,-0.969943473651395,"Low"
"30057",0.917867353,0.241317004617547,10,3.675099355,430.549273,598.36005668572,-0.0817536583444924,-37.7916282332632,-36.5469188037029,2,45.3002976,"Middle Rockies","Douglas-fir group",0.0521095997616197,0.322692280364835,-0.401220752400845,-0.667880894574206,0.0689295575227214,-0.375967976120445,-1.90314855092283,-2.02099153321857,-1.49508502980483,"Low"
"30059",0.289754011,0.176812396236857,9,4.314741765,433.9012048,669.542260852306,-0.0234635141049571,-58.6981878660689,-47.445019156215,0,46.59814047,"Northwestern Great Plains","Douglas-fir group",-0.290215483467283,-1.06365271187022,-1.55398013535316,-0.43576105781515,0.497632251903638,-0.379391598892311,-1.89274581469931,-1.87076339509127,-1.56072772432401,"Low"
"30061",1.370773793,0.373217115689382,13,4.786315588,534.162037,809.716528917698,-0.196414878017963,-42.8756889932265,-41.5270036932903,3,47.15044012,"Northern Rockies","Douglas-fir group",0.752101703179836,-0.0144393328028333,-0.927995089090412,0.0213367323152725,-0.774361781970641,-0.373499343951971,-1.58158584690783,-1.76000829769417,-1.29815694624729,"Low"
"30063",17.72847828,0.399923091713132,17,4.517358391,463.8845316,709.781925582705,-0.153023622747913,-48.1446850838457,-43.5461963738333,4,47.03646478,"Middle Rockies","Douglas-fir group",0.893829956316182,-0.363834282169531,-1.14157756981587,-0.304542524786864,-0.45523496748896,-0.284339305735248,-1.79969241790764,-1.82317630892915,-1.03558616817057,"Low"
"30065",0.967239913,0.849025974025974,3,7.556815756,358.2771084,81.6741985819823,-0.180105600948194,-34.271433319305,-30.8312992321756,0,46.49675433,"Northwestern Great Plains","Douglas-fir group",3.27721287151433,0.556121628682836,0.20335563039464,-2.35275478184631,-0.654413013367789,-0.37569886382905,-2.12744555620099,-1.10932117092906,-1.95458389143908,"Low"
"30067",2.275022964,0.341897233201581,10,3.227785865,550.5245902,594.944438083684,-0.100932468363328,-44.8404334829916,-38.701622248589,0,45.48783948,"Middle Rockies","Douglas-fir group",0.585887510915,-0.144724455379059,-0.629137043610218,-0.679018971030511,-0.0721235765424018,-0.368570602837478,-1.53080458552211,-2.12604878350616,-1.49508502980483,"Low"
"30071",0.302847529,0.554913294797688,4,6.049415694,316.9914621,35.4466551201189,-0.186402756794229,-32.1995903282269,-29.1488254551496,0,48.25711208,"Northwestern Glaciated Plains","Douglas-fir group",1.71636086538637,0.69350861180326,0.381321273057388,-2.50349933896944,-0.700726291767617,-0.379320230775458,-2.25557575511389,-1.46335320693373,-1.8889411969199,"Low"
"30073",1.404836067,0.545968882602546,8,6.357911699,344.5438596,385.678484593091,-0.115151848667907,-31.0303387269418,-31.5738200991288,1,48.22838113,"Northwestern Glaciated Plains","Douglas-fir group",1.66889299098172,0.771043420522377,0.124814612351905,-1.36141957286895,-0.176701918705182,-0.373313682592579,-2.17006675892307,-1.39089900482593,-1.62637041884319,"Low"
"30077",1.135876773,0.314032121724429,11,3.931296068,431.2451923,729.491475555109,-0.110768535490571,-43.3703296348854,-38.6994449946591,2,46.85332193,"Middle Rockies","Douglas-fir group",0.438007741623132,-0.0472396877423287,-0.628906742014933,-0.240271158428466,-0.144464253248098,-0.374779684191449,-1.90098876207785,-1.96082048360301,-1.42944233528565,"Low"
"30079",0.258349663,0.0851063829787234,2,7.167352089,318.6484642,110.327047231368,0.512126660788252,-0.697363567016172,-25.1074820594234,0,46.86062302,"Northwestern Great Plains","White / red / jack pine group",-0.776898054050555,2.78246801410146,0.808799124101571,-2.25931998829015,4.43670212479877,-0.379562772840959,-2.25043324124528,-1.20079165607347,-2.02022658595826,"Low"
"30081",7.01217636,0.334881992194759,12,3.643578628,396.3066038,826.114779990556,-0.150053595363359,-49.0520656196394,-43.7294656402991,3,46.08383717,"Middle Rockies","Douglas-fir group",0.548657721884143,-0.424004031948698,-1.16096309203457,0.0748102009543987,-0.433391502204141,-0.342750061932029,-2.00942083703464,-2.0283945760056,-1.36379964076647,"Low"
"30089",1.651046409,0.33016219588272,17,5.625597844,642.4291498,781.567150846464,-0.15419958322088,-44.8244607216601,-43.7593568875626,3,47.67592191,"Northern Rockies","Douglas-fir group",0.52360982676622,-0.143665277873386,-1.16412487387146,-0.0704562813918105,-0.463883726723021,-0.371971677452462,-1.24557834933866,-1.5628922079681,-1.03558616817057,"Low"
"30093",18.7651083,0.048053024026512,9,3.504514653,343.472,716.712260039476,-0.0671412590957803,-43.5962647282944,-33.4087929764354,0,45.90015538,"Middle Rockies","Douglas-fir group",-0.973539728275855,-0.0622217790485533,-0.0692818020099425,-0.281943223154863,0.176398410293954,-0.278689003623894,-2.17339328027039,-2.06105551549026,-1.56072772432401,"Low"
"30095",2.054774948,0.407630522088353,11,6.400358226,438.8344156,321.850862038698,-0.170809785394998,-44.8534243905278,-35.2860013451727,1,45.67002317,"Northwestern Great Plains","Douglas-fir group",0.934733184952298,-0.14558590173483,-0.267845725154558,-1.56955666979519,-0.586045689421106,-0.369771096558301,-1.87743557160683,-1.38092989924211,-1.42944233528565,"Low"
"30097",0.764906459,0.290934645115952,10,5.783763984,461.7677419,380.241176234863,-0.101936307230897,-33.6760593268989,-29.3091581354217,1,45.81285512,"Northwestern Great Plains","Douglas-fir group",0.31542974602148,0.595601761587343,0.36436189522096,-1.37915022821037,-0.0795064443130263,-0.376801711634223,-1.80626188477143,-1.52574488259457,-1.49508502980483,"Low"
"30099",1.04139444,0.364591754244139,10,6.322512188,362.5097561,459.459895094464,-0.184162641249399,-34.4333228256823,-36.9822255178421,1,47.83713428,"Northwestern Glaciated Plains","Douglas-fir group",0.706327026784682,0.545386495289133,-0.447265832089475,-1.12082391891376,-0.684251061137774,-0.375294673836101,-2.11430951400879,-1.39921302926366,-1.49508502980483,"Low"
"30107",0.580314621,0.253561253561254,5,6.085559161,383.6793893,338.213608006727,-0.194024573073458,-30.8049711166886,-37.9450574413263,0,46.46657469,"Northwestern Great Plains","Douglas-fir group",0.117089663108298,0.78598788117846,-0.549110511262996,-1.51619898064384,-0.756781963229923,-0.377807856190977,-2.04860945706602,-1.45486445498735,-1.82329850240072,"Low"
"30111",23.51535141,0.536340852130326,3,7.919565995,379.9314159,131.006301122951,-0.166220164806973,-29.8486762504626,-29.0096703729477,0,45.93913621,"Northwestern Great Plains","Douglas-fir group",1.61779716363739,0.849401212791959,0.396040565549199,-2.19188649007507,-0.5522907084043,-0.252797115335845,-2.06024131027168,-1.02412467338881,-1.95458389143908,"Low"
"31003",2.844561776,0.121212121212121,8,9.065988868,625.4477612,476.735973187359,-0.134897134225763,2.43148960154974,-8.54616466894767,0,42.17683076,"Northwestern Glaciated Plains","Oak / pine group",-0.585285390148407,2.98994691057535,2.56059195022668,-1.06448792210513,-0.321921273201687,-0.365466249027677,-1.29828016932047,-0.754872711628892,-1.62637041884319,"Low"
"31007",0.333810921,0.684210526315789,2,8.733915351,403.3984375,190.410466372378,-0.309688157993818,-20.0596335382143,-26.7171967918851,0,41.54669066,"High Plains","Douglas-fir group",2.40253952225813,1.49852716087982,0.638529654955596,-1.99817395613561,-1.60744533255271,-0.379151460321375,-1.98741129754396,-0.832864391668204,-2.02022658595826,"Low"
"31011",2.940153117,0.210526315789474,6,9.151169689,664.4862385,500.633735810291,-0.0605200559911754,-39.3208045198261,-9.9973105100817,0,41.70753475,"Central Great Plains","Oak / hickory group",-0.111296168916773,0.221290331677185,2.40709529206699,-0.986559107959961,0.225094937777621,-0.364945214574247,-1.17712407004667,-0.734866914729051,-1.75765580788154,"Low"
"31019",19.77685265,0.467289719626168,10,9.858878274,628.0921053,405.606859269559,-0.180916518452054,-39.2108255164598,-28.6916701784239,2,40.85493257,"Central Great Plains","Elm / ash / cottonwood group",1.25134373844906,0.228583202586879,0.429677410151522,-1.29643463553897,-0.660377015058998,-0.273174344462321,-1.29007343487661,-0.568652571528673,-1.49508502980483,"Low"
"31021",5.107597523,0.120689655172414,11,9.625480762,744.4358974,463.625755549372,-0.0490362812309937,-33.0578279959833,-34.1981964117101,1,41.85053916,"Western Corn Belt Plains","White / red / jack pine group",-0.588058110346497,0.636597598526136,-0.152781878859385,-1.10723935996288,0.309553901562692,-0.35313124481919,-0.928999924830731,-0.623468939429144,-1.42944233528565,"Low"
"31025",18.02675836,0.381578947368421,17,10.43002381,809.0952381,591.984328532138,-0.0993866200421487,-56.788006547561,-36.1216815366517,3,40.90920217,"Western Corn Belt Plains","Oak / hickory group",0.796477830674162,-0.936985754145666,-0.356240780321466,-0.688671666587476,-0.0607544274514256,-0.282713486944279,-0.728329354597519,-0.434511793600894,-1.03558616817057,"Moderate"
"31031",0.375787799,0.448529411764706,8,8.595226944,498.248497,487.816324765494,-0.0972646679579192,-30.1568830687491,-24.8595910790868,1,42.54667167,"Nebraska Sand Hills","Douglas-fir group",1.15178303865885,0.828963561327118,0.835020084111945,-1.02835572544639,-0.0451482458623365,-0.37892265926621,-1.6930436884644,-0.865437124241473,-1.62637041884319,"Low"
"31037",10.01818965,0.321428571428571,8,9.75046767,731.7164179,670.378242329455,-0.0212207134524269,-31.21393688577,-23.708630462377,1,41.57480459,"Western Corn Belt Plains","Oak / hickory group",0.477260600048776,0.758868754171456,0.956764297085261,-0.433034984827085,0.514127230518682,-0.326365350982557,-0.968474889726787,-0.594114177791109,-1.62637041884319,"Low"
"31039",6.010914615,0.254237288135593,9,9.330539725,718.4431818,487.449886601684,-0.413004970705237,-22.8121261548339,-8.10453317287093,0,41.91635196,"Western Corn Belt Plains","Oak / hickory group",0.12067736944023,1.31600529108223,2.60730604116385,-1.02955065285503,-2.36730270744993,-0.348207584136326,-1.00966844085477,-0.692739585266786,-1.56072772432401,"Low"
"31041",1.617207718,0.221311475409836,11,9.303887838,579.1082353,298.928935525202,-0.190069651381548,-27.0870434577394,-30.8331483055617,0,41.39379457,"Central Great Plains","White / red / jack pine group",-0.0540594728517727,1.03252918122997,0.203160042482375,-1.6443033554705,-0.727694960486887,-0.372156120140319,-1.4420951075184,-0.698999119186041,-1.42944233528565,"Low"
"31043",29.40075992,0.333333333333333,8,9.07831254,683.375,568.532521118584,-0.27407419357404,-27.5715579497853,-18.6162066301373,0,42.39040801,"Western Corn Belt Plains","Oak / hickory group",0.540439010276717,1.00040030629738,1.49542141756508,-0.765146254193662,-1.34551764814685,-0.22071784357191,-1.11850270923214,-0.751978340851551,-1.62637041884319,"Low"
"31047",9.009037188,0.299065420560748,9,9.642208842,565.5316456,156.47575312227,-0.557842028004285,-16.9998339203757,-23.5369521643869,0,40.87060587,"Central Great Plains","Elm / ash / cottonwood group",0.358579661209377,1.70142701393728,0.974923770980338,-2.10883251458157,-3.43252629748166,-0.331865882683073,-1.48423011798134,-0.619540137533653,-1.56072772432401,"Low"
"31051",4.607824041,0.261904761904762,7,8.738950234,682.3896104,393.34983807185,-0.279324839114385,-18.1585633159433,-7.96706868262173,1,42.4916686,"Western Corn Belt Plains","Oak / hickory group",0.161368548909075,1.62458994829306,2.62184650930342,-1.33640386370317,-1.38413422595347,-0.355855332590199,-1.12156087052475,-0.831681885494514,-1.69201311336236,"Low"
"31053",26.68438164,0.280701754385965,7,9.836124567,759.3956044,901.579341637061,0.0765832055688493,-11.8623610592162,-17.6391585638549,2,41.58077265,"Western Corn Belt Plains","Elm / ash / cottonwood group",0.261123933479508,2.04210046279282,1.59876982596387,0.320894484738113,1.23343928837075,-0.235523856936948,-0.882572403273713,-0.573996568400462,-1.69201311336236,"Low"
"31055",669.2038512,0.358208955223881,10,10.27371017,775.5869565,499.26747227439,-0.0429437599540576,-7.13317908477781,-19.5073895972489,3,41.29540049,"Western Corn Belt Plains","Unknown",0.672453598812716,2.35569953709212,1.40115549102419,-0.991014391027355,0.35436216754094,3.2666216003603,-0.83232246531303,-0.471224035838086,-1.49508502980483,"Moderate"
"31061",1.991476401,0.438202247191011,9,10.57678218,639.125,432.009708001386,-0.245093401912709,-19.418491327456,-21.3202285543152,0,40.17639326,"Central Great Plains","Elm / ash / cottonwood group",1.09697691610487,1.54104225225815,1.20940031810931,-1.21033692320538,-1.13237452365141,-0.370116114459442,-1.25583279389878,-0.400043727795661,-1.56072772432401,"Moderate"
"31063",1.044256773,0.225352112676056,5,9.980509093,532.2727273,320.464522714377,-0.11387353398989,-26.5857638870572,-25.8856650273147,0,40.5301683,"Central Great Plains","White / red / jack pine group",-0.0326158655936183,1.06576977340443,0.726485905386936,-1.57407741850509,-0.167300381723552,-0.375279072275389,-1.58744932851376,-0.540086029986706,-1.82329850240072,"Low"
"31065",2.529875421,0.630434782608696,8,10.67980358,581.1696429,332.25001043854,-0.0531689869896528,-21.7555292667204,-13.7509258667339,0,40.17647994,"Central Great Plains","Elm / ash / cottonwood group",2.11715237857402,1.38606979860401,2.01005221277682,-1.53564582568371,0.279159362023724,-0.367181492597481,-1.43569751926438,-0.375847844490694,-1.62637041884319,"Moderate"
"31083",2.357912702,0.344444444444444,10,10.56686741,599.8636364,733.932221105156,0.0871970463044223,-47.9336690871946,-25.8548867661684,0,40.1766095,"Central Great Plains","Elm / ash / cottonwood group",0.599405526489461,-0.349841498307585,0.729741512160567,-0.225790219769232,1.31150020553664,-0.368118800311413,-1.37768062186071,-0.40237233736528,-1.49508502980483,"Moderate"
"31087",1.516253496,0.208333333333333,5,10.42886903,532.8035714,360.038483636668,0.0359152478007256,-50.0352129158814,-29.7572874062602,0,40.17626182,"Central Great Plains","Elm / ash / cottonwood group",-0.12293429711666,-0.489197988042545,0.316960494515783,-1.44502969573868,0.934341331115414,-0.372706385753616,-1.58580185133415,-0.434783008339996,-1.82329850240072,"Moderate"
"31089",1.620177987,0.254491017964072,12,9.164199673,595.0792079,394.858725176039,-0.0848365542113758,-26.970272480159,-25.8864854988199,0,42.45491288,"Nebraska Sand Hills","Oak / pine group",0.12202391020425,1.04027243802833,0.726399119048448,-1.33148349586105,0.0462559858259765,-0.372139930258801,-1.39252911838017,-0.731806657614222,-1.36379964076647,"Low"
"31093",4.359211947,0.25,8,9.728907238,644.2613636,346.703072120608,-0.266887508665206,-18.6752047360711,-17.5714770650878,0,41.22011253,"Central Great Plains","Oak / hickory group",0.0981901386811339,1.59033068908661,1.60592891610182,-1.48851547396745,-1.29266220878779,-0.357210428827559,-1.23989206512891,-0.599177918884481,-1.62637041884319,"Low"
"31095",4.80919538,0.396946564885496,9,11.18678221,766.6590909,493.867395770473,0.127205268353723,-18.0691122419873,-15.5730077516776,0,40.17588068,"Central Great Plains","Oak / hickory group",0.87803356874663,1.63052158174242,1.81731935829433,-1.00862363608026,1.60574604784307,-0.354757728932225,-0.860030138504901,-0.256777478823055,-1.56072772432401,"Moderate"
"31097",5.254458848,0.220779220779221,10,10.97473014,807.6984127,660.5038078551,-0.0669687720611529,0.0646351401514949,-17.7296943231381,0,40.39266119,"Western Corn Belt Plains","Elm / ash / cottonwood group",-0.0568841409692649,2.83299727909415,1.58919329953903,-0.465234776124798,0.177666989355737,-0.352330755889954,-0.732664408844898,-0.30658059876024,-1.49508502980483,"Moderate"
"31099",4.927215274,0.3,3,10.07046064,650.1910112,584.901385428061,0.0795430259442729,-28.4310136468651,-2.67761251414622,0,40.50668177,"Central Great Plains","Elm / ash / cottonwood group",0.363539461638485,0.943408523688407,3.18134495689476,-0.711768613589067,1.25520768483608,-0.354114444401212,-1.22148937570628,-0.518959767537222,-1.95458389143908,"Low"
"31101",2.92664843,0.649122807017544,5,9.682808932,444.2280702,215.071008096415,0.0420861401860706,-6.64518272841412,-6.81529559493859,1,41.19951987,"High Plains","Elm / ash / cottonwood group",2.21632947105999,2.38805929961432,2.74367666234956,-1.91775777646833,0.979725987935972,-0.365018823827305,-1.86069633899936,-0.610004691113675,-1.82329850240072,"Low"
"31107",2.925958206,0.193482688391039,14,9.232443513,501.0282486,311.651853823135,-0.219680647736197,-12.0486243369932,-17.5985851213942,2,42.6376855,"Western Corn Belt Plains","Oak / hickory group",-0.201746468735015,2.02974906844967,1.60306152956197,-1.60281487175478,-0.945473010038042,-0.365022585993216,-1.68441671620271,-0.715778725661027,-1.23251425172811,"Low"
"31109",145.6598613,0.592592592592593,11,10.63955935,764.3333333,417.297669786564,-0.181716990227575,-17.3391014043632,-26.1461290434388,5,40.78403357,"Western Corn Belt Plains","Elm / ash / cottonwood group",1.9163243885741,1.67892968363927,0.698935017727942,-1.2583117779995,-0.666264192238241,0.412969232161764,-0.867248138236473,-0.38529971267321,-1.42944233528565,"Moderate"
"31111",5.276541199,0.123577235772358,10,9.442266576,501.4387755,252.718552720464,-0.209185636763343,-21.6735955903744,-23.4268490862446,2,41.04654583,"Nebraska Sand Hills","White / red / jack pine group",-0.572733759202898,1.39150294226288,0.986570053572258,-1.79499195297595,-0.868286042321325,-0.352210392836529,-1.68314264402338,-0.666499116307643,-1.49508502980483,"Low"
"31119",23.61497099,0.285714285714286,9,9.210515141,675.7159091,598.137924990343,0.212351318432934,-81.8763848790353,-52.1179901288188,0,41.91683636,"Western Corn Belt Plains","Elm / ash / cottonwood group",0.287725369364957,-2.60063334963817,-2.04826913625147,-0.668605249396785,2.23196410856443,-0.252254124382133,-1.14227273413082,-0.720928882133177,-1.56072772432401,"Low"
"31121",6.201286379,0.25,7,10.07693069,673.6233766,306.020551117252,-0.497872806764114,-12.0875739584258,-16.3059496617545,0,41.1658659,"Central Great Plains","Aspen / birch group",0.0981901386811339,2.02716626125561,1.7397915656818,-1.62117812813514,-2.99147460579363,-0.347169935255512,-1.14876691865947,-0.517440194178898,-1.69201311336236,"Low"
"31125",3.082012394,0.104,15,9.706472554,676.6329114,463.740801708311,-0.0335966511765133,-6.70910220829558,-13.9914491220639,1,41.39759731,"Central Great Plains","Oak / pine group",-0.676629884354331,2.38382070405406,1.98461058254482,-1.1068642030547,0.423106734394952,-0.364171990032333,-1.1394268131478,-0.604446989155782,-1.16687155720893,"Low"
"31127",6.613587286,0.287037037037037,19,11.11065066,830.5205479,682.320634599287,-0.197301639182157,-42.8000020176134,-25.5379355799525,0,40.38525097,"Western Corn Belt Plains","Elm / ash / cottonwood group",0.294745192723616,-0.00942041713896756,0.763267396675296,-0.394091738033285,-0.780883586047847,-0.3449226294276,-0.661835804115195,-0.274657939578066,-0.904300779132216,"Moderate"
"31129",2.822148545,0.529411764705882,7,10.87443371,703.7613636,646.347687347395,-0.0192446529146355,-30.6691054224336,-8.34812575834288,1,40.17638505,"Central Great Plains","Oak / hickory group",1.58102459050162,0.794997336973922,2.58153974892599,-0.511396824910195,0.528660433135745,-0.365588415590479,-1.05523353320429,-0.330136488276251,-1.69201311336236,"Moderate"
"31131",10.01215575,0.242857142857143,15,10.70504433,815.2553191,521.849978711773,-0.077339401580365,-35.0819957275189,-29.2438313705187,0,40.64870938,"Western Corn Belt Plains","Oak / hickory group",0.0602830925443702,0.5023720326107,0.371271910614835,-0.917374528800157,0.101394801744695,-0.326398239628701,-0.709211514026145,-0.369919734005592,-1.16687155720893,"Moderate"
"31133",2.364578246,0.327272727272727,11,11.21993679,807.5,485.235912540513,-0.220366904988748,-9.46366069934792,-26.3991004180566,0,40.13146156,"Western Corn Belt Plains","Unknown",0.508275455978856,2.20116184305731,0.672176673036998,-1.03677025645799,-0.95052018116869,-0.368082468798135,-0.733280183599472,-0.248990704922631,-1.42944233528565,"Moderate"
"31139",4.803640518,0.367088607594937,9,9.054180126,601.1111111,321.361493457701,-0.308880594462291,-33.0927480862028,-24.4798452265017,0,42.26438024,"Western Corn Belt Plains","Oak / hickory group",0.719577793707843,0.634281995526194,0.875188148319924,-1.57115246408768,-1.60150599810147,-0.354788006512347,-1.37380907821844,-0.757646144560403,-1.56072772432401,"Low"
"31145",5.775331358,0.305555555555556,5,10.52591341,545.0865385,353.234609041587,-0.124198947814622,-19.9932676833455,-7.10939889605879,1,40.17567145,"Central Great Plains","Elm / ash / cottonwood group",0.39302271974486,1.50292797919564,2.71256753975413,-1.46721662123263,-0.243240024436913,-0.349491664809995,-1.54768160473979,-0.411990904040473,-1.82329850240072,"Moderate"
"31147",5.536426404,0.403361344537815,15,11.43639354,848.253012,413.470971133867,-0.161530884364561,-38.109666120931,-38.7218974801272,0,40.12490693,"Western Corn Belt Plains","Oak / hickory group",0.912076717499899,0.301602716101119,-0.631281680073563,-1.27079035571411,-0.517802765603735,-0.350793850874411,-0.60680301776037,-0.198153089984643,-1.16687155720893,"Moderate"
"31151",9.564758004,0.35,11,10.76128286,732.6666667,539.577741326492,-0.186085496371219,-51.1637441649505,-32.4525497812944,0,40.52425994,"Central Great Plains","Elm / ash / cottonwood group",0.628888784595836,-0.564032569781796,0.0318659466735234,-0.859565622593745,-0.6983929573774,-0.328836845862426,-0.965525788073491,-0.356711401473489,-1.42944233528565,"Moderate"
"31153",298.3006005,0.342105263157895,12,10.3917102,780.1956522,557.558900258059,-0.208393359388828,-58.9478524698996,-25.2110894487396,1,41.11333693,"Western Corn Belt Plains","Unknown",0.586991523076255,-1.08020834222443,0.797839930635353,-0.800930409975628,-0.862459131964818,1.24495969581861,-0.818019356371024,-0.443510231173592,-1.36379964076647,"Moderate"
"31155",11.00986032,0.414893617021277,11,10.1650591,787.4596774,652.411952675841,-0.154551434042621,-21.4227607610755,-22.1483540918537,1,41.22785742,"Western Corn Belt Plains","Elm / ash / cottonwood group",0.973278331412825,1.40813617200437,1.12180436534862,-0.491621709843398,-0.466471460846317,-0.320960106322105,-0.79547541974421,-0.49674211859254,-1.42944233528565,"Low"
"31157",18.73274591,0.418604651162791,7,8.90670836,383.8482143,359.181944571786,-0.32375810968891,-20.4713700869632,-20.5996519717925,1,41.85104141,"High Plains","Douglas-fir group",0.992972739351272,1.47122429936154,1.2856201536559,-1.44782280548073,-1.71092468193823,-0.278865399519265,-2.04808550787859,-0.792281760470432,-1.69201311336236,"Low"
"31159",11.63314197,0.135135135135135,9,10.40518746,723.9318182,231.337243871337,-0.624539016966093,-11.6416499660523,-7.90154929927507,2,40.87249024,"Central Great Plains","Oak / pine group",-0.511396143788457,2.05673614289096,2.62877689913973,-1.86471479982879,-3.92305826044133,-0.317562819387502,-0.992634431780953,-0.440344925613479,-1.56072772432401,"Moderate"
"31167",5.368845312,0.41304347826087,10,9.320898175,690.6944444,312.298678583936,-0.135714950750261,-63.9970990621681,-33.9261673166594,0,41.91692828,"Western Corn Belt Plains","Elm / ash / cottonwood group",0.963459670063802,-1.41503137627195,-0.124007681374276,-1.60070562465226,-0.327936014666741,-0.351707275895568,-1.09578677885554,-0.695004025651784,-1.49508502980483,"Low"
"31169",3.364390574,0.573770491803279,8,11.03973104,746.5909091,733.64233101482,-0.101889864289762,-34.8360235883523,-31.2209816235336,0,40.1762988,"Central Great Plains","Oak / hickory group",1.81643575455251,0.518682810153834,0.162136517110765,-0.226735529643163,-0.0791648734649987,-0.362632846851187,-0.922311835808842,-0.291314312424413,-1.62637041884319,"Moderate"
"31173",7.080793517,0.36094674556213,13,9.14739911,709,695.053238895902,-0.310154690852928,-39.175175188445,-28.8353592188302,0,42.15732076,"Western Corn Belt Plains","Oak / hickory group",0.686983015065787,0.230947228738618,0.414478532897874,-0.352571669001266,-1.61087651112204,-0.342376054176521,-1.03897540031503,-0.735752483062194,-1.29815694624729,"Low"
"31177",20.34287467,0.342105263157895,14,9.90284599,767.4545455,752.144966558286,-0.220382629769958,-16.2430029863651,-27.1076558460088,1,41.52820253,"Western Corn Belt Plains","Elm / ash / cottonwood group",0.586991523076255,1.75161359622353,0.597228389254182,-0.16639982084844,-0.950635831183992,-0.270089159436829,-0.857561441384755,-0.558326195401752,-1.23251425172811,"Low"
"31181",2.348527779,0.524752475247525,7,10.68650833,676.85,675.903120756666,-0.0224918829300014,-24.9414899837103,-17.6749428716555,0,40.17643316,"Central Great Plains","Elm / ash / cottonwood group",1.55629780443687,1.17480401585295,1.59498469871735,-0.415018770049068,0.504778243873332,-0.368169954193916,-1.13875307764909,-0.374273148858631,-1.69201311336236,"Moderate"
"32003",109.0481569,0.0866551126516465,9,17.1113414,177.6336717,66.698966454003,-0.176816390498822,-51.7616500031356,-39.9616174083684,2,36.2128815,"Mojave Basin and Range","White / red / jack pine group",-0.768678966647473,-0.603680593136883,-0.762414513621346,-2.40158789227993,-0.630222073365358,0.213411833012171,-2.68807331792941,1.13468043957652,-1.56072772432401,"High"
"32005",26.34897242,0.196948682385576,10,8.493533354,350.4869565,97.9569037701622,-0.267814545993235,-46.6392734733302,-37.6492805361309,2,38.91561461,"Central Basin and Range","White / red / jack pine group",-0.183352485538522,-0.264008204414691,-0.51782436122805,-2.29965809968358,-1.29948022932115,-0.237352053484771,-2.15162232953417,-0.889321154515796,-1.49508502980483,"Low"
"32007",1.181163632,0.0271549576482312,9,6.924927491,317.8463779,79.2187249707458,-0.177824454830283,-33.5892362955526,-45.3811902582295,2,41.14407955,"Central Basin and Range","White / red / jack pine group",-1.08444548356775,0.601359125631532,-1.33567620622733,-2.36076189739548,-0.637636017877671,-0.374532841605292,-2.2529225198778,-1.25772814968996,-1.56072772432401,"Low"
"32017",0.187978782,0.00152931180968564,7,11.61215932,254.0128755,69.6689042453253,-0.339677562515763,-0.745063203685874,-5.34693524801465,0,37.64042409,"Central Basin and Range","White / red / jack pine group",-1.22044043903981,2.779304980413,2.89899420510659,-2.39190314756912,-1.82800643579179,-0.379946339523209,-2.45103009703395,-0.156872265788053,-1.69201311336236,"Moderate"
"32023",0.966512895,0.00787263820853744,10,10.0783115,200.0975089,79.807125720417,-0.126049386727106,-37.0086784560322,-26.1789878550757,1,38.03654731,"Central Basin and Range","White / red / jack pine group",-1.18677649173515,0.374610841902455,0.695459338279058,-2.35884316661773,-0.256849325939226,-0.37570282654599,-2.61835669274041,-0.517115893425594,-1.49508502980483,"Low"
"32031",28.37637342,0.0959860383944154,14,8.890624601,300.1871401,141.509096782974,-0.131654163115241,-61.2892683870613,-47.7854397381046,3,40.65750875,"Northern Basin and Range","White / red / jack pine group",-0.719159870079292,-1.23547110608937,-1.58998852279959,-2.15763766001056,-0.298070406626934,-0.226301410603658,-2.30772804806361,-0.796059235401555,-1.23251425172811,"Low"
"32033",0.415791266,0.0639813495661184,12,7.235400171,309.1680912,79.0407541574241,-0.145401424914405,-38.5328199590654,-37.0350306941235,2,39.4409272,"Central Basin and Range","White / red / jack pine group",-0.889008320320278,0.273542757181712,-0.452851361719215,-2.36134224688901,-0.399176489834465,-0.378704614573609,-2.27985562377096,-1.18480970037107,-1.36379964076647,"Low"
"32510",147.5765281,0.163636363636364,5,9.014395793,331.5,119.321522441183,-0.263563390971039,-80.4349560008115,-31.7028739346955,2,39.15526474,"Central Basin and Range","White / red / jack pine group",-0.360140510063379,-2.50505006180477,0.111163791103851,-2.22998967825157,-1.26821453876535,0.423416302242565,-2.21054843899647,-0.766990000095602,-1.82329850240072,"Low"
"33001",58.77709279,0.547813551177319,27,6.862604195,1084.55,878.692103130574,-0.176816927391714,-44.8003327658258,-36.4493467744754,7,43.51682432,"Northeastern Highlands","Maple / beech / birch group",1.67868262212965,-0.14206531731884,-0.3908999562467,0.246260914055777,-0.630226022016239,-0.0605978852099084,0.126545804126865,-1.27236556674308,-0.379159222978783,"Low"
"33003",20.07900978,0.556136573362042,35,6.224502003,1233.96988,708.422896760726,-0.155789421763736,-41.5668796881933,-37.7417409564152,7,43.87243906,"Northeastern Highlands","Maple / beech / birch group",1.72285278816316,0.0723497543397604,-0.527604470934038,-0.308974215993986,-0.47557640780736,-0.271527393248618,0.590271109692471,-1.42223196512512,0.145982333174649,"Low"
"33005",41.54357548,0.519904458598726,35,6.952213714,1134.040323,967.629418452423,-0.147191846187405,-39.1660772666567,-31.3298790532632,5,42.92378143,"Northeastern Highlands","Maple / beech / birch group",1.53056944572798,0.231550525432693,0.150617763397761,0.536278838563754,-0.412344383546614,-0.154531668106481,0.280139256053848,-1.25131963391031,0.145982333174649,"Low"
"33007",6.774208475,0.816912186722786,38,4.122170476,1129.76873,548.248932830292,-0.166501611252606,-41.6958187781895,-37.7317445759392,4,44.68845771,"Northeastern Highlands","Maple / beech / birch group",3.10678543714438,0.0637996119510015,-0.526547092031613,-0.831289516508885,-0.554360644087955,-0.344047140366097,0.266882346938562,-1.9159912063667,0.342910416732186,"Low"
"33009",20.41263254,0.77247789059941,44,5.507867462,1111.037543,726.138672632528,-0.104244707780036,-39.5238173692746,-37.6281509126787,9,43.93499865,"Northeastern Highlands","Maple / beech / birch group",2.8709732292959,0.207828248382013,-0.51558935045508,-0.251204397658505,-0.0964838861779766,-0.269708934059848,0.208750019331409,-1.59054268237751,0.736766583847261,"Low"
"33011",182.9383441,0.49940004799616,40,7.638610712,1115.164384,1028.99783327909,-0.156442935532153,-50.1285299632306,-36.9145537635042,9,42.91519,"Northeastern Highlands","Maple / beech / birch group",1.42175281630737,-0.495385979924276,-0.440107772679986,0.736396643266614,-0.480382762586379,0.61616100358366,0.221557689928827,-1.09011058739679,0.474195805770544,"Low"
"33013",62.45432571,0.549233327175319,31,7.119991577,1054.018987,969.385470215711,-0.206790711422922,-46.406899951663,-34.1298321475515,7,43.29606213,"Northeastern Highlands","Maple / beech / birch group",1.68621735412606,-0.248599171376761,-0.145550568409092,0.54200519184836,-0.850672242258308,-0.040554594420571,0.0317926606184347,-1.21191487340128,-0.116588444902067,"Low"
"33015",171.1280219,0.530824659727782,36,8.328226132,1079.155738,1059.86635520231,-0.171289812309162,-42.7447369944005,-32.4068330760969,8,42.98568355,"Northeastern Coastal Zone","Oak / pine group",1.58852280525104,-0.0057557114426396,0.0367016849370212,0.837056581430971,-0.589576111830627,0.551787131348673,0.109804686450617,-0.928145653629381,0.211625027693828,"Low"
"33017",136.7605973,0.530961791831357,30,7.695352185,1120.064516,813.311999243404,-0.171908656158374,-43.9666880736633,-37.1669083784865,8,43.29167573,"Northeastern Coastal Zone","Maple / beech / birch group",1.58925056346783,-0.0867851007465581,-0.466800878895061,0.0330612917728828,-0.594127482032561,0.364462504401075,0.236765272808774,-1.07678413231794,-0.182231139421246,"Low"
"33019",30.99078967,0.617723156532988,29,6.491451857,1095.888889,812.862731975651,-0.180016980095947,-46.5482745880441,-33.2354528625367,5,43.36029383,"Northeastern Highlands","Maple / beech / birch group",2.0496919511165,-0.257973933299256,-0.0509465475825328,0.0315962648595834,-0.653761239407846,-0.212051156055431,0.161736099864618,-1.35953540387026,-0.247873833940425,"Low"
"34001",183.9412808,0.326958955223881,30,12.31105472,1075.326733,731.301995140832,-0.258635011870682,-23.2854205515847,-20.2311384455916,2,39.47479533,"Atlantic Coastal Pine Barrens","White / red / jack pine group",0.506610271964372,1.28462043731802,1.32460010532932,-0.234367189654142,-1.23196811277314,0.621627655372853,0.0979213512904148,0.00727218906092284,-0.182231139421246,"Moderate"
"34003",1544.6111,0.230769230769231,18,11.30593418,1235.447368,1012.97087495532,-0.0325197017049443,-40.6478069945993,-25.0498004260989,8,40.95854102,"Northern Piedmont","Oak / hickory group",-0.00386729322553829,0.133294828452513,0.814900466710653,0.684133932475144,0.431027303921706,8.03815563927351,0.594856500701147,-0.228793126429505,-0.969943473651395,"Moderate"
"34005",215.587968,0.452802835051546,49,11.9086769,1154.046154,712.855097763428,-0.149968405367509,-27.2377911013584,-26.144972988913,5,39.87632437,"Atlantic Coastal Pine Barrens","White / red / jack pine group",1.17446203817631,1.02253288128904,0.699057300755141,-0.294521140463719,-0.432764960938346,0.794122508940302,0.342227447354556,-0.0872313488178776,1.06498005644316,"Moderate"
"34007",883.8434283,0.208393632416787,33,12.34626391,1148.111111,926.072809103595,-0.148992119927207,-25.6903071565332,-25.5901803597392,7,39.8033806,"Atlantic Coastal Pine Barrens","Oak / hickory group",-0.122614290697271,1.12514883796257,0.757741143643912,0.400765847764322,-0.425584738549079,4.43654571240586,0.323808013282463,0.0155415141963065,0.0146969441362909,"Moderate"
"34009",142.3021212,0.0798045602605863,32,12.70798857,1048.963636,657.419385469724,-0.22296317206023,-35.4611936327097,-22.1139212030162,2,39.14998397,"Atlantic Coastal Pine Barrens","Oak / hickory group",-0.805034755424507,0.477226856830445,1.1254465446648,-0.475292846522758,-0.969614776033697,0.394667383276075,0.0161033548365242,0.100497141492081,-0.0509457503828881,"Moderate"
"34011",119.8859413,0.161278471711976,36,12.53858641,1093.162791,752.550264115098,-0.198443257766646,-39.586388509034,-29.9922825249614,3,39.37198569,"Atlantic Coastal Pine Barrens","White / red / jack pine group",-0.372653810578238,0.203679063256032,0.292103609437792,-0.165078175869509,-0.78927977325086,0.272484747066618,0.153275641804741,0.0607108942175405,0.211625027693828,"Moderate"
"34013",2445.81173,0.569444444444444,15,11.34119965,1266.47619,1042.29648359645,-0.00579966993305625,-41.2367610857036,-21.0710518091163,8,40.78668115,"Northern Piedmont","Elm / ash / cottonwood group",1.79347747979754,0.0942404087297394,1.23575728141029,0.779762545979562,0.627543366182241,12.950280239372,0.691154596799811,-0.220510583221833,-1.16687155720893,"Moderate"
"34015",349.8238435,0.211198428290766,38,12.31113209,1124.943396,981.887331572706,-0.105241359987482,-23.952969374039,-25.1694079048241,4,39.71554986,"Atlantic Coastal Pine Barrens","White / red / jack pine group",-0.107729276973393,1.24035428433368,0.802248844968157,0.582772825435243,-0.103813898691533,1.52579459649678,0.251906900006024,0.00729036038737828,0.342910416732186,"Moderate"
"34019",112.8639546,0.287390029325513,42,10.45374881,1231.464789,1093.45597127563,-0.184052484949086,-31.9843088252467,-28.2791098842314,6,40.56142626,"Northern Piedmont","Oak / hickory group",0.296618518018741,0.70778424771942,0.473316460516327,0.946589803828688,-0.683440901832743,0.234210391210215,0.582496547904276,-0.428939676240711,0.605481194808903,"Moderate"
"34021",633.2124789,0.217836257309942,40,11.58940192,1202.323529,724.513710039994,-0.217181185210986,-42.7953191398453,-34.757662467621,8,40.27984763,"Northern Piedmont","Unknown",-0.0725024082504928,-0.00910988856530051,-0.21196005895808,-0.256503278974907,-0.927090377209775,3.0704454111957,0.492056509416313,-0.162217130007763,0.474195805770544,"Moderate"
"34023",1030.13392,0.108359133126935,35,11.63295424,1225.352941,1212.56044213908,-0.223786730078773,-33.1370150378747,-24.9144347058078,8,40.43909715,"Atlantic Coastal Pine Barrens","Oak / gum / cypress group",-0.653496023876067,0.631346588273652,0.829218934989365,1.33498056325779,-0.975671744087809,5.23392323203773,0.563528398676941,-0.151988314903517,0.145982333174649,"Moderate"
"34025",511.9812888,0.153692614770459,43,11.62753645,1189.744186,943.758670244426,-0.235925021732502,-24.019123789239,-25.9491046563549,6,40.26384341,"Atlantic Coastal Pine Barrens","White / red / jack pine group",-0.412911850647896,1.23596748689606,0.719775504008566,0.458438116402501,-1.06494444027039,2.4096572455356,0.453016458812005,-0.153260751645892,0.671123889328082,"Moderate"
"34027",412.6895819,0.400528750826173,45,9.899273376,1291.76,1323.26061068294,-0.0754420182201769,-39.0021291701962,-26.1072768430148,9,40.8637338,"Northeastern Highlands","Oak / hickory group",0.897044181027949,0.24242216698953,0.703044654925106,1.69596552224369,0.115349362492453,1.86845341165761,0.769623020935292,-0.559165269142137,0.80240927836644,"Low"
"34029",369.9597724,0.571138726857723,37,11.87225596,1135.878049,633.020453117887,-0.167556770898114,-21.8965966057747,-24.0213030767779,3,39.88623451,"Atlantic Coastal Pine Barrens","White / red / jack pine group",1.80246901362278,1.37671541402325,0.923690983536649,-0.554855937619931,-0.562120957412492,1.63554839426712,0.285842647402414,-0.0957852688199082,0.277267722213007,"Moderate"
"34031",1043.569753,0.356417359187442,36,10.1361212,1287.151515,1061.92690799087,-0.0973761484101734,-42.5326680208462,-26.4493167830995,6,41.035081,"Northeastern Highlands","Oak / hickory group",0.662945622907073,0.00830689688025688,0.666864977960928,0.843775889754082,-0.0459681438206566,5.30715718639273,0.755320565901734,-0.503538551678199,0.211625027693828,"Low"
"34033",73.01058766,0.0251091703056769,31,12.39412094,1133.333333,961.32091400752,-0.299235545198948,-36.2997904230803,-26.7066640434722,2,39.58521829,"Atlantic Coastal Pine Barrens","Oak / hickory group",-1.09530244929298,0.421618259277627,0.639643768807416,0.515707278029919,-1.5305701879302,0.0169838407330738,0.277945109238968,0.0267813450780683,-0.116588444902067,"Moderate"
"34035",422.280217,0.270018621973929,37,10.93116667,1248.255319,733.146913049396,-0.181532997543423,-24.5702219406011,-26.6664930715546,10,40.56403153,"Northern Piedmont","Oak / hickory group",0.204428694427558,1.19942335071155,0.643892900610432,-0.228351050525217,-0.66491099333178,1.92072855776495,0.634606037316652,-0.316812032583499,0.277267722213007,"Moderate"
"34037",104.9604323,0.382629107981221,53,9.138452945,1204.105882,1082.63058137917,-0.0900382264602628,-39.5014424646354,-28.6170292787823,8,41.13881545,"Ridge and Valley","Oak / hickory group",0.802051018826221,0.209311961510481,0.437572639102503,0.91128901811912,0.00799958866867075,0.191131097848805,0.49758805039701,-0.737853603454336,1.32755083451987,"Low"
"34039",2085.965432,0.0769230769230769,10,11.61013757,1253.444444,1035.49793438462,0.00651090266581122,-14.8897881880178,-18.0944079245703,8,40.65968148,"Northern Piedmont","Oak / hickory group",-0.820326748478927,1.84134727752054,1.55061528937744,0.75759298616156,0.718083125713782,10.9888858574571,0.650710511341414,-0.157347099434964,-1.49508502980483,"Moderate"
"34041",114.4963041,0.293968253968254,47,9.699956269,1205.508197,1049.19044343754,-0.136646719691802,-31.0576627684361,-26.3512849495818,6,40.85611025,"Northeastern Highlands","Oak / hickory group",0.331529067122995,0.769231522785085,0.677234410454684,0.80224323271402,-0.334788834487149,0.24310774865537,0.501940141644,-0.605977421390657,0.933694667404798,"Low"
"35001",225.7728514,0.0587449933244326,10,12.08545447,310.1180124,95.9346887210884,-0.352997927105157,-26.3308284820417,-25.5463611280427,5,35.05105869,"Arizona/New Mexico Plateau","White / red / jack pine group",-0.916797591990175,1.08267491840648,0.762376174416064,-2.30625239150944,-1.92597284613627,0.849636691501709,-2.27690753882582,-0.04571289289847,-1.49508502980483,"Moderate"
"35003",0.197785586,0.218867924528302,21,8.693869996,392.9309665,129.505389737387,-0.230725790074696,-34.3413380709017,-32.9751315777394,1,33.91460859,"Arizona/New Mexico Mountains","White / red / jack pine group",-0.0670273642923104,0.551486140873667,-0.0234107574975098,-2.19678084969607,-1.02670599276797,-0.379892886117194,-2.01989714338973,-0.842269551532911,-0.773015390093858,"Low"
"35006",2.276054619,0.209502003434459,12,9.348369173,324.9569892,101.260492636295,-0.170304995860443,-30.1528462240227,-26.8699237707174,0,34.91324098,"Arizona/New Mexico Plateau","White / red / jack pine group",-0.116732180714775,0.829231250491149,0.622374779134664,-2.28888534380584,-0.582333146994213,-0.368564979652434,-2.23085470401655,-0.688552113118281,-1.36379964076647,"Low"
"35007",1.243795244,0.40485343584815,15,7.931837351,432.9862543,262.622513633269,-0.22946554835245,-26.3314535568139,-27.5513744810966,0,36.60577699,"Southwestern Tablelands","Douglas-fir group",0.919995225879657,1.0826334687708,0.550293528733252,-1.76269587817377,-1.01743737576682,-0.374191458929995,-1.8955853679113,-1.02124258968805,-1.16687155720893,"Low"
"35015",5.349604238,0.0839506172839506,11,16.36786492,349.6598985,48.963234623994,-0.208285866998652,-21.193329512097,-29.5862575695488,2,32.47112132,"Chihuahuan Deserts","White / red / jack pine group",-0.783031686942661,1.42335009857431,0.335051376656396,-2.45942278550057,-0.861668564744663,-0.351812152157059,-2.15418910795596,0.960065552280606,-1.42944233528565,"High"
"35017",2.669823742,0.151907356948229,24,12.643298,393.5656743,94.996451494511,-0.259784909929047,-35.1197414620671,-35.331977558331,2,32.73582606,"Arizona/New Mexico Mountains","White / red / jack pine group",-0.422386189736557,0.499869056942383,-0.272708913177839,-2.30931191283818,-1.24042519247873,-0.366418683998105,-2.01792732472504,0.0853037400953634,-0.576087306536321,"Moderate"
"35027",1.5696266,0.171175858480749,17,12.94009914,365.853352,89.6531186447459,-0.275685731840974,-33.416328392283,-37.6758608553746,2,33.74541441,"Southwestern Tablelands","White / red / jack pine group",-0.320128513015419,0.612824905273226,-0.520635925759384,-2.32673612108459,-1.35736992276627,-0.372415467917549,-2.10393264829042,0.155011254730393,-1.03558616817057,"Moderate"
"35028",67.14155732,0.182539682539683,9,7.949980427,505.7647059,415.711440772539,-0.150196400882076,-56.9686559897082,-40.4488424981066,1,35.86615473,"Southern Rockies","Aspen / birch group",-0.259820852610528,-0.948964886717907,-0.813951320554495,-1.26348435201725,-0.434441784570828,-0.0150061594424015,-1.66971709852974,-1.01698145802327,-1.56072772432401,"Low"
"35031",5.096687541,0.0871824480369515,7,9.003272963,304.8712029,72.9060487440233,-0.202885395651407,-32.2997340155867,-28.3467807634446,1,35.58112242,"Arizona/New Mexico Plateau","White / red / jack pine group",-0.76588040489823,0.68686793529246,0.466158493674182,-2.38134706179739,-0.821950072919066,-0.353190711256723,-2.29319103696965,-0.769602337888536,-1.69201311336236,"Low"
"35033",0.901991121,0.524398178269356,13,8.472012152,471.2919708,248.104877557796,-0.218955583412263,-34.0433623633817,-31.6228982781571,0,36.01178669,"Southwestern Tablelands","Douglas-fir group",1.55441755517122,0.571245352201763,0.119623310240244,-1.81003680215077,-0.940140427088982,-0.376054511823115,-1.7767033952523,-0.894375681945773,-1.29815694624729,"Low"
"35035",3.900631875,0.210542732376794,17,14.32945147,357.6036132,196.928034183273,-0.241769342372496,-40.0696880935702,-36.2549574268888,2,32.61233841,"Arizona/New Mexico Mountains","White / red / jack pine group",-0.11120904631016,0.171630750643197,-0.370338194368192,-1.9769206556226,-1.10792728133003,-0.359709985949247,-2.12953575174537,0.481318282650457,-1.03558616817057,"High"
"35037",1.110363471,0.0159362549800797,4,13.91637949,417.4192771,28.7573768070999,-0.247396776605578,-42.9832264080774,-3.00571145843008,0,35.10355232,"Southwestern Tablelands","White / red / jack pine group",-1.14398298671682,-0.0215702983550285,3.14663990515858,-2.52531257457001,-1.14931500218143,-0.374918748140377,-1.94389755541141,0.384303085568767,-1.8889411969199,"Moderate"
"35039",2.566735445,0.262196559038416,15,6.91839082,463.8264278,170.432090068855,-0.238033604982262,-35.0125612646195,-32.3360697966311,2,36.51087883,"Southern Rockies","White / red / jack pine group",0.162917112346195,0.506976334878495,0.0441867540531149,-2.06332194502666,-1.08045229897089,-0.366980581696375,-1.79987274332625,-1.25926336983566,-1.16687155720893,"Low"
"35043",15.08467008,0.335565738456116,14,9.915091717,356.1371115,158.440254135063,-0.174974813270029,-33.7803280393214,-32.7090353113273,1,35.6876225,"Southern Rockies","White / red / jack pine group",0.552286354034657,0.588687548543563,0.00473588806025636,-2.10242642390566,-0.616677946305905,-0.298749765365267,-2.13408704671994,-0.555450130996915,-1.23251425172811,"Low"
"35045",8.790191699,0.0783254557731263,9,10.56480726,262.5655836,102.677628368779,-0.287011226448713,-36.5564354634615,-27.7584954233934,0,36.50829832,"Arizona/New Mexico Plateau","White / red / jack pine group",-0.812884342911121,0.404599745817568,0.528385067449582,-2.28426417031535,-1.44066479391262,-0.333058731727284,-2.42448672692091,-0.402856189739552,-1.56072772432401,"Moderate"
"35047",2.25257599,0.216359505175461,17,10.9742835,412.4598025,157.503321438234,-0.207753989811414,-35.0117209440117,-32.0823498051243,0,35.48146523,"Southwestern Tablelands","White / red / jack pine group",-0.0803395118317,0.507032057784939,0.0710242845760032,-2.10548169126059,-0.857756802538145,-0.368692953321391,-1.95928930833163,-0.306685497832853,-1.03558616817057,"Moderate"
"35049",30.38060109,0.233281493001555,12,9.645226106,401.5384615,123.482082919988,-0.204660817438992,-35.5476258155742,-29.5125811902093,3,35.50684225,"Arizona/New Mexico Plateau","White / red / jack pine group",0.00946524842323168,0.471495410529059,0.34284458233797,-2.21642240212584,-0.835007650901246,-0.21537707731507,-1.99318374187295,-0.618831494789094,-1.36379964076647,"Low"
"35053",0.971473225,0.122308354866494,14,12.02785182,298.2823409,78.6877609147754,-0.0747181073476242,-32.322199900452,-29.978769891822,1,34.00697589,"Chihuahuan Deserts","White / red / jack pine group",-0.579467692988589,0.685378189130195,0.293532924101448,-2.36249333141666,0.120673462228417,-0.37567578954867,-2.31363960140619,-0.0592416063255527,-1.23251425172811,"Moderate"
"35055",5.743042258,0.46206373292868,13,5.459969646,449.8955224,324.312114573936,-0.171657156743736,-34.6232436104159,-32.3954231903533,1,36.57937566,"Southern Rockies","Douglas-fir group",1.22360949780981,0.532792566232358,0.0379085790216697,-1.56153070960765,-0.592277795810351,-0.349667661227602,-1.84310737424297,-1.60179209236901,-1.29815694624729,"Low"
"35057",1.786344685,0.0644152595372108,11,10.75358231,351.304878,71.3596171458345,-0.15239017383078,-27.5735827862505,-20.7858618899735,0,34.64005597,"Southwestern Tablelands","White / red / jack pine group",-0.886705565979202,1.00026603638675,1.26592358054328,-2.38638985942263,-0.450576182353489,-0.371234214597059,-2.14908390628342,-0.358519973373929,-1.42944233528565,"Moderate"
"35059",0.414461355,0.00744416873449132,5,11.14638491,401.8636364,69.6879447043307,-0.512699516845904,-0.963094684827194,-3.43149687140101,1,36.48042736,"Southwestern Tablelands","White / red / jack pine group",-1.18905037343207,2.76484698936431,3.10160195229982,-2.3918410580583,-3.10051963636943,-0.378711863446193,-1.99217456003004,-0.266265297437787,-1.82329850240072,"Moderate"
"36001",226.0732547,0.588388780169602,42,7.896977267,1001.136364,748.27152558505,-0.186377845476302,-35.3808584994641,-28.2612303695277,9,42.60118493,"Northeastern Coastal Zone","Maple / beech / birch group",1.89401481296849,0.482553998724265,0.4752076872137,-0.179030821769671,-0.700543078134246,0.851274083210901,-0.132328810432042,-1.02942992284859,0.605481194808903,"Low"
"36003",17.36687583,0.529813664596273,41,6.750762922,978.931677,811.844195574464,-0.209130469444374,-35.6240946804703,-26.0699089992375,3,42.25739665,"Northern Allegheny Plateau","Maple / beech / birch group",1.58315746777786,0.466424646626602,0.70699728255209,0.0282748939362643,-0.867880306864803,-0.286310272278071,-0.201241161747433,-1.29863290916113,0.539838500289723,"Low"
"36007",105.0790897,0.461322081575246,41,7.65038979,1028.785124,973.835184866686,-0.181849014289165,-35.0609554267648,-30.8205206127871,4,42.15908557,"Northern Allegheny Plateau","Maple / beech / birch group",1.21967356411973,0.503767246175145,0.204495751538092,0.556515378074,-0.6672351809305,0.191777857198634,-0.0465207527658859,-1.08734412143217,0.539838500289723,"Low"
"36009",22.65264126,0.417251051893408,52,6.883136931,1088.483568,1016.82067970867,-0.200863789147804,-35.6448001209114,-29.6119890031055,5,42.24772386,"North Central Appalachians","Maple / beech / birch group",0.985789206357545,0.465051638146407,0.332329604007049,0.696687857453507,-0.807081896379458,-0.257499441998189,0.138753651053012,-1.2675431930985,1.26190814000069,"Low"
"36011",42.9647151,0.51271186440678,45,8.256057544,992.5971223,910.823595262033,-0.144558741143519,-36.1352444511998,-25.6505528732307,5,42.91400144,"Eastern Great Lakes Lowlands","Maple / beech / birch group",1.49239844574518,0.432529546840743,0.751355170020197,0.35103930348194,-0.392978858866092,-0.146785540712433,-0.158830387508874,-0.945095362462034,0.80240927836644,"Low"
"36013",46.45407971,0.44453125,46,8.229866522,1110.731707,962.882913389328,-0.138524689120043,-31.8677725217631,-28.9119600201663,2,42.22758307,"Erie Drift Plain","Maple / beech / birch group",1.13056484831208,0.715511942930188,0.406375993039952,0.520800841031629,-0.348600612865042,-0.127766253365181,0.207800855856288,-0.951246656386887,0.868051972885619,"Low"
"36015",79.73073282,0.512242899118511,40,7.909544738,902.2985075,977.143082623981,-0.202204124528756,-26.6072845434926,-26.9444116428447,5,42.13892742,"Northern Allegheny Plateau","Maple / beech / birch group",1.48990965331053,1.06434270674196,0.614495736848996,0.567302184923111,-0.816939572950423,0.0536129655447918,-0.439072566396187,-1.02647829278188,0.474195805770544,"Low"
"36017",20.53539805,0.5,36,7.016472813,1059.122449,1010.35837138385,-0.223914211231809,-33.9905003216753,-29.6216735907019,6,42.49410963,"Northern Allegheny Plateau","Maple / beech / birch group",1.42493675346789,0.574750712628641,0.331305205363188,0.675614753986053,-0.976609321348978,-0.26903978286128,0.0476312791168064,-1.23622756895403,0.211625027693828,"Low"
"36019",29.88358692,0.532969103240392,46,5.802556154,924.3368984,552.040506481062,-0.157301339682456,-45.2226423953308,-33.3799989384227,3,44.74506245,"Northeastern Highlands","Maple / beech / birch group",1.59990333793487,-0.170069295511321,-0.0662360787720782,-0.81892547879495,-0.486696011196477,-0.218086125056254,-0.370676315815095,-1.5213313029658,0.868051972885619,"Low"
"36021",36.51117481,0.472556894243641,51,8.362209529,1052.380952,950.875712881146,-0.108423174619319,-43.2002295464458,-28.316763356782,4,42.2480176,"Northeastern Highlands","Oak / hickory group",1.27929656282195,-0.0359600984684939,0.469333620169895,0.481646259426234,-0.127214981730267,-0.181961497054403,0.02670901123455,-0.920164221537424,1.19626544548151,"Low"
"36023",36.86123102,0.513085818624467,29,7.05123694,1040.73494,744.212097837847,-0.203951039714962,-38.3556780950479,-27.5192914563995,6,42.59501813,"Northern Allegheny Plateau","Maple / beech / birch group",1.49438301571479,0.28528929704332,0.553687148406111,-0.192268311631755,-0.829787495304224,-0.180053464965523,-0.00943444218892128,-1.2280627725128,-0.247873833940425,"Low"
"36025",11.95726264,0.433037515127067,34,6.615872001,1091.177215,892.952337467393,-0.202607356206407,-40.5555929756805,-27.6247888418186,6,42.19772144,"Northern Allegheny Plateau","Maple / beech / birch group",1.0695677529764,0.139409676882254,0.542528038379126,0.292762470240548,-0.819905194479139,-0.315796152716944,0.147113397280627,-1.33031375395081,0.08033963865547,"Low"
"36027",142.4374938,0.383018867924528,45,9.16164199,1150.207407,958.890637870107,-0.0906414752844422,-36.9276871900869,-27.2104671796783,9,41.76424667,"Northeastern Highlands","Oak / hickory group",0.804119469567669,0.37998149292922,0.586353399510301,0.507782329555782,0.00356291417280587,0.395405251245208,0.330313877851194,-0.732407361928074,0.80240927836644,"Low"
"36029",340.2400995,0.546212121212121,37,8.123316012,993.9108911,1113.18153004966,-0.0855761902189542,-37.2079034800633,-29.7454757485006,6,42.76338052,"Eastern Great Lakes Lowlands","Maple / beech / birch group",1.67018385498908,0.361399934931419,0.318209886507981,1.01091337369025,0.0408162334725256,1.47355701132837,-0.154753099813137,-0.9762713959657,0.277267722213007,"Low"
"36031",8.023021344,0.676694592536177,51,5.363130033,1033.294118,614.671947911405,-0.214924991403289,-45.3561326094382,-38.0500252566438,6,44.11602703,"Northeastern Highlands","Maple / beech / birch group",2.36265256346188,-0.17892122969325,-0.560213605389612,-0.614689038928987,-0.910496896836309,-0.337240304895138,-0.0325270685222398,-1.62453610453975,1.19626544548151,"Low"
"36033",11.94092552,0.596748946417821,42,4.877881039,1071.110345,603.038759600812,-0.15698669919487,-50.3388323661252,-38.3007479239968,9,44.58955498,"Northeastern Highlands","Maple / beech / birch group",1.938382102044,-0.509331444325336,-0.58673409042473,-0.652623994768832,-0.484381945473202,-0.315885200556432,0.0848357711542028,-1.73850298940713,0.605481194808903,"Low"
"36035",41.65411093,0.575486381322957,34,6.378472209,1164.130952,957.488441029241,-0.139458581464698,-45.2081956575201,-34.1748849752521,4,43.11372784,"Northeastern Highlands","Maple / beech / birch group",1.82554195699883,-0.169111310889759,-0.150316084249514,0.50320987067204,-0.355469049538832,-0.153929178621839,0.373525665731638,-1.38607010810495,0.08033963865547,"Low"
"36037",45.08008875,0.571167883211679,32,8.082978067,900.1710526,828.295525863231,-0.11781605276561,-37.1121479920883,-25.7890350748737,2,43.00110152,"Eastern Great Lakes Lowlands","Maple / beech / birch group",1.80262374599842,0.367749623429418,0.736707052260934,0.0819214499232232,-0.196296165553714,-0.135255390156984,-0.445675132758706,-0.985745274305367,-0.0509457503828881,"Low"
"36039",28.2404727,0.620825147347741,42,7.207366057,1100.579439,725.402171660492,-0.200575817619721,-38.8632518319556,-32.7438846679093,7,42.27592303,"Northeastern Highlands","Maple / beech / birch group",2.06615417436679,0.251631329366618,0.00104965637855855,-0.253606072169761,-0.804963971100583,-0.227042157167365,0.176293244014518,-1.19139386784407,0.605481194808903,"Low"
"36041",1.001351327,0.549137931034483,29,4.599347265,1229.190635,670.487929521786,-0.239519066463758,-48.4243902755743,-35.379887208049,4,43.66063855,"Northeastern Highlands","Maple / beech / birch group",1.68571108809839,-0.382381948484108,-0.277776612727298,-0.432677303107665,-1.09137732493925,-0.375512934624969,0.575438700189813,-1.80392018129344,-0.247873833940425,"Low"
"36043",16.88735466,0.477276654570589,38,5.617149295,1221.05,766.183980633396,-0.183659560093105,-48.5501135016982,-35.9879900984183,2,43.41926021,"Northeastern Highlands","Maple / beech / birch group",1.30434426696748,-0.390718842167515,-0.34209941119667,-0.120619647369318,-0.680551083208242,-0.288923971888362,0.55017420089512,-1.56487645692706,0.342910416732186,"Low"
"36045",33.91856567,0.510137344669719,44,7.159120981,1046.03871,591.082623060411,-0.203962040770765,-40.5175451001187,-33.3600242196528,3,44.04156559,"Eastern Great Lakes Lowlands","Maple / beech / birch group",1.47873550436179,0.141932687969526,-0.064123229400258,-0.691612060599611,-0.829868404046608,-0.196092888790152,0.00702583313655537,-1.20272483625388,0.736766583847261,"Low"
"36049",8.013795289,0.540432345876701,44,5.651028034,1203.182243,763.760483968659,-0.166331769164074,-41.5663624549311,-34.505069970691,2,43.78452541,"Eastern Great Lakes Lowlands","Maple / beech / birch group",1.63951066554709,0.072384052844893,-0.185241790500193,-0.128522488490792,-0.553111517637456,-0.33729059284459,0.494721532384097,-1.55691960509469,0.736766583847261,"Low"
"36051",38.63579262,0.456106870229008,39,7.961501475,873.4196429,913.033406711828,-0.129282391154326,-34.450829672139,-25.9110458925666,2,42.72573506,"Northern Allegheny Plateau","Maple / beech / birch group",1.19199650812365,0.544225590322397,0.723801214512362,0.358245333120953,-0.280626891203074,-0.170380959865577,-0.52869825951696,-1.01427559367898,0.408553111251365,"Low"
"36053",41.85597775,0.520645161290323,42,7.145811734,1090.185185,650.561533887944,-0.195368752710955,-44.6046148828696,-31.5058477319917,5,42.91606157,"Northern Allegheny Plateau","Maple / beech / birch group",1.53450034488254,-0.129086974076682,0.132004469433805,-0.497655786927852,-0.766667912901945,-0.152828874272888,0.144034627475162,-1.20585068182858,0.605481194808903,"Low"
"36055",436.7292619,0.527004909983633,33,8.900079607,844.8873874,1130.35036451696,-0.0194331300217201,-48.1692241700074,-31.4311504566236,8,43.14473964,"Eastern Great Lakes Lowlands","Elm / ash / cottonwood group",1.56825144508151,-0.365461505386158,0.139905661593565,1.06689965706757,0.527274252938553,1.99948517037542,-0.61724824965357,-0.793838607242515,0.0146969441362909,"Low"
"36057",47.21415021,0.516129032258065,26,7.55328167,1047.901408,914.818483684819,-0.119526012477305,-48.0383352915565,-27.6592635003775,2,42.90287993,"Eastern Great Lakes Lowlands","Maple / beech / birch group",1.51053330926058,-0.356782069631701,0.538881440821535,0.364066335440625,-0.208872293906974,-0.123623378985633,0.0128067252054447,-1.11015119587966,-0.444801917497963,"Low"
"36059",1839.562201,0.149253731343284,8,11.6290708,1086.338983,625.107865597514,-0.286800268965131,-94.142742789984,-45.7979120791227,10,40.73842218,"Northeastern Coastal Zone","Aspen / birch group",-0.436468944889645,-3.41403374460905,-1.37975544697362,-0.580658292928744,-1.43911327876729,9.64582934789957,0.132097921343977,-0.152900390074907,-1.62637041884319,"Moderate"
"36063",155.3307209,0.390082644628099,37,8.718294316,891.7021277,765.942361415925,-0.0352825568561468,-34.2191093374745,-26.4256158074213,2,43.20029352,"Eastern Great Lakes Lowlands","Elm / ash / cottonwood group",0.841606836883959,0.559591309560922,0.669371976539985,-0.121407549541973,0.410707514651029,0.46568165352931,-0.471958481313561,-0.836533189995181,0.277267722213007,"Low"
"36065",72.95531759,0.489980242732148,45,7.104317237,1183.512077,846.146459422576,-0.203999770343839,-35.1473993987192,-29.0154177797958,5,43.24332198,"Eastern Great Lakes Lowlands","Maple / beech / birch group",1.37176203732346,0.498035018121714,0.395432626829836,0.140132007355455,-0.830145891258995,0.0166825832089905,0.433675079001346,-1.21559619108404,0.80240927836644,"Low"
"36067",228.9606326,0.55,38,8.043904603,1036.473282,824.060076960083,-0.0922869949934761,-47.3764343989514,-31.1815251818635,9,43.00660612,"Eastern Great Lakes Lowlands","Maple / beech / birch group",1.69028607642524,-0.312890439256558,0.166310068636434,0.0681099682543047,-0.00853928152636466,0.867012154779238,-0.0226605179846331,-0.994922173233792,0.342910416732186,"Low"
"36069",65.80594642,0.462049335863378,43,8.175636905,884.9821429,940.716347274247,-0.0609046856957951,-37.5076382578274,-25.8077045120194,4,42.85251131,"Northern Allegheny Plateau","Oak / hickory group",1.2235330927792,0.341524077045174,0.734732270588164,0.44851732904456,0.222266126957874,-0.0222861001566571,-0.492813985981188,-0.963983170204454,0.671123889328082,"Low"
"36071",181.6047591,0.3754565376187,45,9.523264881,1215.261194,966.196862653896,-0.0974832397816843,-44.5582482113463,-30.264541055735,6,41.40301774,"Ridge and Valley","Oak / hickory group",0.763986285035043,-0.126012331285046,0.263305143119235,0.531607381392743,-0.0467557616951811,0.608892105330868,0.532208614045432,-0.64747563637357,0.80240927836644,"Low"
"36073",40.08814822,0.594961240310077,30,8.740662871,846.5378788,1004.09559715056,-0.0670692300463585,-32.0891760555099,-25.7727183357612,2,43.25178143,"Eastern Great Lakes Lowlands","Elm / ash / cottonwood group",1.92889476993727,0.700830346069489,0.738432974532037,0.655192316247429,0.176928157611682,-0.162464685249955,-0.612125941773264,-0.831279650958818,-0.182231139421246,"Low"
"36075",47.72489467,0.42602495543672,46,7.79335597,1131.936652,1095.90533786971,-0.120323585549873,-40.679008650733,-34.1778373933645,5,43.4289053,"Eastern Great Lakes Lowlands","Unknown",1.03235219365576,0.131225800334538,-0.150628379747938,0.954577004852281,-0.214738152186043,-0.120839492309555,0.273610503137673,-1.05376669957771,0.868051972885619,"Low"
"36077",22.96908657,0.514001473839351,39,6.654709579,1066.532934,936.461919089446,-0.209236514634915,-31.6736395713631,-23.6343176689684,6,42.63319544,"Northern Allegheny Plateau","Maple / beech / birch group",1.49924238554143,0.728385186942682,0.964624820213534,0.43464395735958,-0.868660230460878,-0.255774610989319,0.0706297544268815,-1.32119225584328,0.408553111251365,"Low"
"36079",165.5652193,0.434065934065934,22,9.548883319,1251.925,828.71292416509,-0.166421829951032,-31.867190868886,-26.5852686503023,5,41.42678946,"Northeastern Highlands","Oak / hickory group",1.07502555835929,0.715550513195577,0.652484509303215,0.0832825545254956,-0.553773881790619,0.521466269836457,0.64599490968794,-0.641458821068172,-0.707372695574679,"Low"
"36083",94.09834087,0.4995004995005,50,7.68160299,1026.427273,1030.64306672437,-0.124530277513427,-42.9829056660811,-31.136627927003,6,42.71402963,"Northeastern Highlands","Maple / beech / birch group",1.4222859110807,-0.0215490294773089,0.171059128576711,0.741761626315681,-0.245676833205517,0.131925694805732,-0.0538383545164238,-1.08001330526412,1.13062275096233,"Low"
"36085",3192.29054,0.272727272727273,3,11.81895777,1217.384615,385.512407303499,-0.0756815425557431,-7.10609995869026,0.835078617719655,5,40.58579641,"Northern Piedmont","Aspen / birch group",0.218803467298113,2.35749519412536,3.55290399293707,-1.36196113847233,0.113587748597571,17.0190711434055,0.538798661180187,-0.108303025185148,-1.95458389143908,"Moderate"
"36087",723.9540306,0.417910447761194,18,10.5224755,1251.088235,1124.80352277411,-0.0189668334233455,-29.2468084021938,-24.0390053906394,5,41.15342422,"Northern Piedmont","Oak / hickory group",0.989288611299103,0.889311962914874,0.92181850046678,1.04881182156215,0.530703693896571,3.56504538540642,0.643398005545656,-0.412798340836837,-0.969943473651395,"Moderate"
"36089",15.61287204,0.5,51,5.831899161,997.6310273,629.149233891284,-0.184019234875002,-43.4616754372232,-33.8185919804783,7,44.49714149,"Eastern Great Lakes Lowlands","Maple / beech / birch group",1.42493675346789,-0.0532969634422476,-0.11262877366139,-0.567479693591784,-0.683196359697291,-0.29587072405619,-0.143207639489579,-1.5144397253597,1.19626544548151,"Low"
"36091",109.3069918,0.51449555469656,50,7.362725063,1057.29927,932.459040920016,-0.173369884104828,-42.0885606254988,-34.0670452314212,6,43.10918294,"Northeastern Coastal Zone","Maple / beech / birch group",1.50186446596036,0.0377563172711812,-0.138909208506478,0.421590871435463,-0.604874279212806,0.214822650134717,0.0419730344516669,-1.15490583351769,1.13062275096233,"Low"
"36093",292.6909736,0.523926380368098,33,7.80534762,1027.771429,885.431937884635,-0.109147248273102,-41.6777596557899,-28.5944296003378,4,42.81709916,"Eastern Great Lakes Lowlands","Maple / beech / birch group",1.55191373009779,0.0649971391550259,0.439963146671338,0.26823901042428,-0.132540278662651,1.21438361167532,-0.0496667600015052,-1.05095030838098,0.0146969441362909,"Low"
"36095",19.36599268,0.521739130434783,40,6.839199043,1026.533981,785.928859047475,-0.195035184539305,-38.3432389231139,-29.4402770644906,6,42.58914795,"Northern Allegheny Plateau","Maple / beech / birch group",1.54030602431891,0.286114156992596,0.350492636278782,-0.0562330776084612,-0.764214640984167,-0.275413796254351,-0.0535071857328167,-1.27786256374106,0.474195805770544,"Low"
"36097",20.98410936,0.570996978851964,45,7.704966692,887.4,991.312044602643,-0.191616018432851,-31.3561227664447,-26.6859482080221,5,42.39197577,"Northern Allegheny Plateau","Maple / beech / birch group",1.80171675887561,0.749440197436057,0.641835010667773,0.613506108783567,-0.739067924648225,-0.266594016856663,-0.485310155014977,-1.07452604332472,0.80240927836644,"Low"
"36099",40.90662439,0.461333333333333,28,8.652723151,903.0806452,764.127404810142,-0.152474485268675,-42.3316505626496,-27.0316986462546,4,42.78081556,"Eastern Great Lakes Lowlands","Elm / ash / cottonwood group",1.21973327704754,0.0216366628205786,0.605262851397784,-0.127325987106412,-0.451196262146811,-0.158003462304237,-0.43664519833829,-0.851933410303881,-0.313516528459604,"Low"
"36101",26.61271783,0.482698961937716,48,7.260705279,886.1845494,1000.99451779622,-0.160794372104512,-34.6842162979492,-25.6485399065232,6,42.26773694,"Northern Allegheny Plateau","Maple / beech / birch group",1.33312037874216,0.528749376845413,0.751568093941301,0.645079928721163,-0.512385987271019,-0.235914470916033,-0.48908231171116,-1.17886647459286,0.999337361923977,"Low"
"36103",627.7151017,0.362875087229588,36,11.04299808,1116.570213,576.716336753823,-0.190089198994569,-30.3265335602948,-25.6777517911353,7,40.88373461,"Atlantic Coastal Pine Barrens","White / red / jack pine group",0.697216698183596,0.817713785490469,0.74847817248792,-0.738459444315279,-0.727838726032163,3.04048116030504,0.225920686891466,-0.290547006616176,0.211625027693828,"Moderate"
"36105",30.04166553,0.430730478589421,43,7.588240635,1178.69375,939.363077791556,-0.185539167764078,-37.6230523831877,-29.3694032079964,3,41.71558303,"Northern Allegheny Plateau","Maple / beech / birch group",1.05732434131035,0.333870795130948,0.357989401810114,0.444104418611523,-0.69437491026233,-0.217224494689961,0.418721378326509,-1.1019406392613,0.671123889328082,"Low"
"36107",36.04569775,0.533578656853726,35,7.810007924,970.4285714,947.942262582513,-0.211391825008739,-29.5503917625221,-28.5921207628493,2,42.16859526,"Northern Allegheny Plateau","Unknown",1.60313823070696,0.869180899807933,0.440207366672301,0.472080497696434,-0.884511750070926,-0.184498647208423,-0.227630590266694,-1.04985577683948,0.145982333174649,"Low"
"36109",83.16570304,0.52686308492201,44,7.754436981,955.7560976,966.470091428419,-0.127332458745911,-33.7679534966046,-30.0112028728359,18,42.44967107,"Northern Allegheny Plateau","Maple / beech / birch group",1.56749878139991,0.589508122833544,0.290102287387567,0.532498359963619,-0.26628585142261,0.0723357683886688,-0.273166682226535,-1.06290731809183,0.736766583847261,"Low"
"36111",61.25887332,0.426451777948324,60,8.135826253,1190.047872,904.140319836648,-0.167660268895621,-42.0858747484294,-36.0394662658885,7,41.88978743,"Northern Allegheny Plateau","Maple / beech / birch group",1.03461733494531,0.0379344217651929,-0.347544363356247,0.329245642848369,-0.562882147335302,-0.0470705808698543,0.45395894975194,-0.973333207090835,1.78704969615413,"Low"
"36113",28.57731369,0.636777800786912,37,6.152658171,1073.566879,722.768811197457,-0.221001677361313,-39.3757504523648,-30.4944119493676,5,43.56165735,"Northeastern Highlands","Maple / beech / birch group",2.15081469015594,0.217646785356958,0.238990278974905,-0.262193263420217,-0.95518869983488,-0.225206156549722,0.0924596360628232,-1.43910540088948,0.277267722213007,"Low"
"36115",28.47754507,0.601941747572815,48,7.482165484,978.3453237,827.263754429212,-0.193234349878886,-37.41305505003,-28.0596661803758,4,43.31386766,"Northeastern Coastal Zone","Maple / beech / birch group",1.9659402274586,0.347796029905065,0.496528376397707,0.0785569205490462,-0.750970160615691,-0.225749959867547,-0.203060911992259,-1.12685373474586,0.999337361923977,"Low"
"36117",57.61381981,0.472556894243641,36,8.865828174,943.1894273,1076.04810281005,-0.0624567679264327,-46.0445296435762,-31.0198609439701,1,43.15590495,"Eastern Great Lakes Lowlands","Maple / beech / birch group",1.27929656282195,-0.224569858530734,0.18341029354641,0.889824048484879,0.210851129742551,-0.0669384731228217,-0.312167403046346,-0.8018829909909,0.211625027693828,"Low"
"36119",868.3807503,0.45959595959596,34,10.50237656,1234.631579,1254.05058601632,-0.104009396407401,-42.3670199807244,-23.3547056308593,15,41.16119821,"Northeastern Coastal Zone","Oak / hickory group",1.21051305814882,0.0192912642237992,0.994201112419577,1.47027681513215,-0.0947532570847881,4.3522641457283,0.592324695674252,-0.417518831985215,0.08033963865547,"Moderate"
"36121",26.07249427,0.594047619047619,33,7.10207045,989.4329897,917.668231980874,-0.143446500390948,-33.9842189902872,-24.9023040724668,4,42.70147179,"Northern Allegheny Plateau","Maple / beech / birch group",1.92404619426862,0.575167237033775,0.830502066998859,0.373359151208687,-0.384798734873466,-0.238859037697604,-0.168650288025359,-1.2161238775265,0.0146969441362909,"Low"
"36123",28.52437734,0.438834951456311,38,8.108745761,862.0338983,830.756272892102,-0.0961841226761884,-49.8198692416428,-29.1961985491982,3,42.63342914,"Northern Allegheny Plateau","Maple / beech / birch group",1.10033466907346,-0.474918229457985,0.376310328314947,0.0899457616923576,-0.0372012304668179,-0.225494693794835,-0.564033971831325,-0.979693404334059,0.342910416732186,"Low"
"37001",151.4895418,0.0817647058823529,43,14.64383334,1145.428571,763.169493563213,-0.0802686846549574,-50.9342453617248,-41.5892749942057,2,36.04336446,"Piedmont","White / red / jack pine group",-0.794632289151835,-0.548814163589481,-0.934581909187213,-0.130449663942078,0.0798509959595925,0.444744750333299,0.315482737681974,0.555154854855042,0.671123889328082,"High"
"37003",55.35092746,0.081377151799687,38,13.80177644,1243,726.554203994525,-0.268832261610745,-44.6704034914488,-36.8499128343153,2,35.92207673,"Piedmont","White / red / jack pine group",-0.79668903342073,-0.133449514334467,-0.433270302365438,-0.249849381007303,-1.30696515551291,-0.0792726957251846,0.618296129899247,0.357387104770667,0.342910416732186,"Moderate"
"37005",18.22530482,0.44750254841998,28,10.8639693,1240.210526,1149.04499043108,-0.100710536724876,-36.7969498705601,-26.5136726223581,2,36.49420474,"Blue Ridge","Oak / hickory group",1.146333488793,0.388650878586524,0.660057663369076,1.12786143208231,-0.0704913505012074,-0.281631280698564,0.60963898412308,-0.332594187775727,-0.313516528459604,"Moderate"
"37007",17.74819319,0.0573018991486575,49,15.94676676,1189.775,914.19969355869,-0.0890703931248737,-35.8257165355918,-29.4535206173201,0,34.97400187,"Piedmont","White / red / jack pine group",-0.924456073240287,0.453054802229333,0.349091783901394,0.362048507182188,0.0151176489172086,-0.28423184676199,0.45311209020701,0.861165304960181,1.06498005644316,"High"
"37009",24.46425616,0.305147058823529,42,10.32687375,1303.272727,1111.26147058515,-0.119027854426961,-46.0062753344233,-30.9119013876106,3,36.43224943,"Blue Ridge","Oak / hickory group",0.390854833119386,-0.222033158525712,0.19482984260058,1.00465220357494,-0.205208523621342,-0.247624972518296,0.805352823729728,-0.458737894339773,0.605481194808903,"Moderate"
"37011",27.33365843,0.278677900194426,40,10.25714529,1319.153846,952.142446845686,-0.146771821657001,-48.5680854060278,-41.4833659473795,5,36.07568746,"Blue Ridge","Oak / hickory group",0.250383366689722,-0.391910585811896,-0.923379255190702,0.485776984015459,-0.409255256726987,-0.23198487972559,0.854639951794606,-0.475114508142294,0.474195805770544,"Moderate"
"37013",21.86596602,0.00985334555453712,43,16.26350082,1295.950355,778.814364509257,-0.0647290609762547,-35.4132933514729,-24.4081831212763,0,35.48476173,"Middle Atlantic Coastal Plain","White / red / jack pine group",-1.1762649046704,0.480403195557888,0.882768291787923,-0.0794329114738134,0.194139245330692,-0.261787329367611,0.782627807532653,0.935554318839516,0.671123889328082,"High"
"37015",10.53699064,0.0367481010059536,50,15.56400635,1205.901786,816.014104926251,-0.135915706794659,-44.7622844974265,-34.8700209795009,0,36.06978326,"Middle Atlantic Coastal Plain","White / red / jack pine group",-1.03353480166766,-0.13954228018193,-0.223844912706399,0.0418726560366293,-0.329412501957509,-0.323537551022481,0.503161646970414,0.771269164797833,1.13062275096233,"High"
"37017",14.65326054,0.0158111327701971,50,16.54663305,1240.093023,709.729470778449,-0.0809981144227607,-58.277245038504,-37.8104900727086,0,34.61371877,"Southeastern Plains","White / red / jack pine group",-1.14464700859041,-1.03573936834256,-0.534876489571546,-0.30471357597506,0.0744863067673015,-0.301101225565812,0.609274313005824,1.00205151647957,1.13062275096233,"High"
"37019",62.36215565,0.0104235972499446,43,17.17265718,1400.142857,692.550712713846,-0.105294782801579,-25.6167328258128,-21.4810163976518,0,34.07051073,"Middle Atlantic Coastal Plain","White / red / jack pine group",-1.17323858664456,1.13002766100868,1.19239279486438,-0.360732219459983,-0.104206803952681,-0.0410569806862337,1.10598973117759,1.14908122870998,0.671123889328082,"High"
"37021",152.6631199,0.175795053003534,52,11.98881975,1319.734694,1023.98397167929,-0.109009620752013,-53.6442484625952,-36.5989679135102,4,35.61110777,"Blue Ridge","Oak / hickory group",-0.295614510230833,-0.728518490548079,-0.406726308210014,0.720046816091349,-0.131528078574942,0.451141507795782,0.856442616314797,-0.0684087833477183,1.26190814000069,"Moderate"
"37023",68.75507347,0.184929013469239,50,13.70043808,1277.653846,870.966896232001,-0.222994950815127,-40.5033392849568,-34.503509824651,2,35.74986426,"Piedmont","Oak / pine group",-0.247140705720953,0.142874696652744,-0.185076764217794,0.221069592921212,-0.969848497154586,-0.00621145590000476,0.725844505158104,0.33358650477031,1.13062275096233,"Moderate"
"37025",226.1734162,0.119955156950673,42,15.24601888,1163.754717,994.211193479218,-0.0730458271166448,-47.4174842952814,-31.7878657848216,3,35.38616628,"Piedmont","Oak / hickory group",-0.591956082463544,-0.31561251879563,0.102173678190754,0.622960016144961,0.132972471780267,0.851820027978086,0.372358018626451,0.696585771672116,0.605481194808903,"High"
"37027",67.1388131,0.269131832797428,51,13.32739352,1260.375,951.207995450126,-0.200044179223874,-49.6774575273222,-42.8445856064677,2,35.95207068,"Piedmont","Oak / pine group",0.199722516275749,-0.465474697358415,-1.0673638656748,0.482729807998135,-0.801053965117422,-0.0150211172110952,0.672219524725975,0.245972255290952,1.19626544548151,"Moderate"
"37029",17.11617624,0.06645056726094,30,15.52059056,1234.078947,663.987338404177,-0.0451353413340734,-21.4073914621904,-24.7874185666285,0,36.33796071,"Middle Atlantic Coastal Plain","Oak / gum / cypress group",-0.875904215449174,1.40915533301975,0.842654216505337,-0.453875243895302,0.338243887944531,-0.287676746714816,0.590609599643755,0.761072415496883,-0.182231139421246,"High"
"37031",52.71282891,0.00771604938271605,29,17.19774571,1440.776119,650.837543872019,-0.319263886525169,-28.974265091063,-10.1460334814477,0,34.89324616,"Middle Atlantic Coastal Plain","White / red / jack pine group",-1.18760750651344,0.907384714299586,2.39136394484526,-0.496755739040919,-1.67787131409053,-0.0936520340806618,1.23209525232428,1.15497358839615,-0.247873833940425,"High"
"37033",20.53109477,0.0557880055788006,45,14.32878039,1138.571429,894.628244346242,-0.137536300345676,-59.4981166935339,-39.1070027066714,2,36.39310638,"Piedmont","White / red / jack pine group",-0.932490285916107,-1.11669717942385,-0.672016638365673,0.298227477059267,-0.341331374879873,-0.269063238512381,0.294201564994266,0.481160670995323,0.80240927836644,"High"
"37035",152.4760764,0.0495790458372311,39,14.53818646,1207.610169,846.103914501156,-0.186934428354878,-61.7091679584814,-43.0209314929914,3,35.66202657,"Piedmont","Unknown",-0.965441151190006,-1.26331526975398,-1.08601705923696,0.139993271553009,-0.70463654166577,0.4501220001001,0.508463621705624,0.530342344250314,0.408553111251365,"High"
"37037",41.26385425,0.0538207666920538,51,15.07761481,1171.726415,823.366277078216,-0.0504454415906803,-61.2979313527582,-41.3896561997608,1,35.70401428,"Piedmont","White / red / jack pine group",-0.94293039604998,-1.2360455601996,-0.91346699641648,0.0658475388000895,0.299190042442187,-0.156056329196712,0.397098221141181,0.657033938501518,1.19626544548151,"High"
"37039",24.08196436,0.209256844850065,50,12.83456563,1563.045455,1040.54523007196,-0.157544255923819,-43.5337327417315,-35.4583326731884,2,35.13489502,"Blue Ridge","Oak / hickory group",-0.118033234002497,-0.0580751902291305,-0.286074274068676,0.774051839392323,-0.488482571318086,-0.249708709360775,1.6115587159404,0.130225370509021,1.13062275096233,"Moderate"
"37041",31.29612664,0.102477477477477,21,15.73241755,1227.75,1003.02049787268,0.00500145843837818,-51.1482826422464,-29.3904434590463,1,36.12899306,"Middle Atlantic Coastal Plain","White / red / jack pine group",-0.684709890765107,-0.563007293268126,0.355763844508115,0.651686498019361,0.706981715419461,-0.210386872663112,0.570967682641255,0.810822672539423,-0.773015390093858,"High"
"37043",20.02498173,0.107236268526591,41,12.17705756,1707.310345,1037.24744419203,-0.0788385799337015,-33.8513671638691,-31.9200729722387,2,35.05717332,"Blue Ridge","Oak / hickory group",-0.659455051105549,0.583976838780732,0.088189307441804,0.763298006617993,0.0903688932001598,-0.271821880962747,2.05928548561548,-0.0241987446145757,0.539838500289723,"Moderate"
"37045",81.30817612,0.0150501672240803,44,14.81487379,1253.542857,818.358756225539,-0.0311577800713365,-61.2317063876663,-31.9946524326941,1,35.33544911,"Piedmont","White / red / jack pine group",-1.14868544243953,-1.23165408449395,0.0803005772930065,0.0495183883263174,0.441043739486937,0.0622110487920156,0.651015936553217,0.59532587532874,0.736766583847261,"High"
"37047",22.90755564,0.016859253646524,47,16.85224995,1278.42029,803.305452669246,0.195834246730319,-63.0153793682126,-45.9839792031515,0,34.26795109,"Middle Atlantic Coastal Plain","White / red / jack pine group",-1.13908464529219,-1.34993208660412,-1.39943691586684,0.000430692811945435,2.11048708642676,-0.256109994237908,0.728223167743691,1.07382952423743,0.933694667404798,"High"
"37049",55.8957306,0.03755127800568,46,16.51776351,1351.440678,767.803361267016,-0.0204744681047651,-35.7234101365964,-25.0008379948333,0,35.1216855,"Middle Atlantic Coastal Plain","White / red / jack pine group",-1.02927235220581,0.45983889135791,0.820079525466573,-0.115338968402887,0.519615592151434,-0.0763031672793325,0.954842287889009,0.995271138607516,0.868051972885619,"High"
"37051",197.9524663,0.00328707085463842,48,16.30481818,1194.343434,728.145523151495,-0.0309035278475904,8.1879299258424,-0.829736529756723,0,35.04654249,"Southeastern Plains","White / red / jack pine group",-1.2111120355898,3.37166501038937,3.37680621258472,-0.244660208414628,0.442913671613445,0.697997651886386,0.467290246772295,0.945258225222358,0.999337361923977,"High"
"37053",40.11251388,0.012987012987013,20,15.58162328,1222.209677,759.201599745853,0.308918979945453,-101.735513373671,-69.8781038191357,1,36.36105251,"Middle Atlantic Coastal Plain","White / red / jack pine group",-1.15963457403878,-3.91752162883113,-3.92686605099666,-0.143388668514168,2.94218394453461,-0.162331876690019,0.553773263959436,0.775406724396827,-0.838658084613037,"High"
"37057",116.4473369,0.0453869047619048,51,14.72854314,1140.458824,849.665107534208,-0.164177950136398,-39.4318428472061,-30.4641162913759,2,35.79520293,"Piedmont","White / red / jack pine group",-0.987688787111596,0.213927215420225,0.242194837832229,0.151606055326394,-0.537270966332947,0.25374213559813,0.300059104319675,0.575050026494983,1.19626544548151,"High"
"37059",62.29048176,0.106460418562329,41,14.42429168,1147.9,1175.74320939112,-0.146233376502676,-35.5845535441151,-33.4038825554983,2,35.92515779,"Piedmont","Oak / hickory group",-0.663572476360217,0.469046678052915,-0.0687623964597648,1.21492232460903,-0.405295189524427,-0.0414476496078186,0.323152829293671,0.503592709650853,0.539838500289723,"High"
"37061",27.94396409,0.00901162790697674,41,16.418196,1306.912,721.322144044356,-0.0185654915921045,-53.9529603849486,-28.8525714027724,0,34.93354081,"Southeastern Plains","White / red / jack pine group",-1.18073188882842,-0.748989636213113,0.412657893896701,-0.266910736661655,0.533655416296052,-0.228658320304448,0.816647324728937,0.971886445204726,0.539838500289723,"High"
"37063",428.0649599,0.0390625,42,15.00234052,1137.304348,1045.46033919746,-0.0187188817773611,-56.5000118679758,-35.3526645143923,3,36.03754252,"Piedmont","White / red / jack pine group",-1.02125231754519,-0.91788839959065,-0.274897100286879,0.790079642144735,0.532527287577741,1.95225913703711,0.290269173107045,0.639354816137579,0.605481194808903,"High"
"37065",39.77543982,0.0624726955002184,49,15.5326624,1162.311688,852.898508333063,-0.0112759741485635,-51.6808909012253,-32.3428439362295,1,35.91201285,"Southeastern Plains","White / red / jack pine group",-0.897014727019547,-0.598325337251785,0.0434702114694634,0.162149933173312,0.587267151342388,-0.164169147689465,0.367879571287549,0.763907640332851,1.06498005644316,"High"
"37067",358.3156255,0.0245346869712352,34,14.37180506,1134.101695,1251.96768334247,-0.00442993036353734,-40.6206213024141,-37.1397064004729,3,36.13091811,"Piedmont","White / red / jack pine group",-1.09835122456986,0.135097552041824,-0.463923557676157,1.46348462550695,0.637617299807107,1.57208028458032,0.280329724346643,0.491265560800302,0.08033963865547,"High"
"37069",53.40638005,0.0293317205926822,50,14.86108904,1147.178082,981.752044763925,-0.134939013950003,-37.2512838536109,-33.8564498179511,1,36.08153444,"Piedmont","White / red / jack pine group",-1.07289343209677,0.358523317989881,-0.116633230947837,0.582331665283804,-0.322229283258204,-0.0898717331101439,0.320912353360058,0.60618011334055,1.13062275096233,"High"
"37071",241.0687715,0.036036036036036,40,15.15568478,1187.218182,1049.04600992991,-0.292538093682029,-53.6509329598063,-36.358752393803,2,35.29384661,"Piedmont","White / red / jack pine group",-1.03731372082104,-0.728961749477189,-0.381317229075465,0.801772245862656,-1.48131288125774,0.93300932008537,0.445176993429221,0.675369661795341,0.474195805770544,"High"
"37073",13.05740063,0.0125944584382872,34,15.26084729,1225.55102,943.43988820408,-0.00578329696252555,-83.068232613241,-49.1251281667798,0,36.44670987,"Middle Atlantic Coastal Plain","White / red / jack pine group",-1.16171785571334,-2.67966654146137,-1.73169564206207,0.457398592043384,0.627663783392957,-0.309799691214046,0.564143137791984,0.700068411958098,0.08033963865547,"High"
"37075",11.24189809,0.228132387706856,42,11.78215937,1639.543478,1186.61506873285,-0.147093590202813,-47.9613466184229,-44.9939903413025,2,35.35074555,"Blue Ridge","Oak / hickory group",-0.0178609836524581,-0.351676836473678,-1.29471967959624,1.2503746436994,-0.411621746711808,-0.319695350839001,1.84897069278604,-0.116945596458782,0.605481194808903,"Moderate"
"37077",43.41763681,0.0373056994818653,45,14.52194371,1117.7125,815.218468224146,-0.117505113473667,-33.729160542989,-31.7630236961055,1,36.30408811,"Piedmont","White / red / jack pine group",-1.03057563410635,0.592080541152175,0.104801379343554,0.0392781443384539,-0.194009320770879,-0.144316825312611,0.229465780008384,0.526527528264978,0.80240927836644,"High"
"37079",30.37900393,0.0151057401812689,26,15.9444833,1237.85,617.26181118648,-0.367030963160684,-24.5357972745357,-7.0743523780557,0,35.48545547,"Southeastern Plains","White / red / jack pine group",-1.14839051750823,1.20170610140068,2.71627462641704,-0.606243688750847,-2.02918069449271,-0.215385782867048,0.602313080497367,0.860629005398231,-0.444801917497963,"High"
"37081",318.5762625,0.0781527531083481,47,14.5196406,1132.729167,1070.99262172738,-0.138341845863014,-55.0967272899042,-40.6858422016282,3,36.07966896,"Piedmont","Oak / hickory group",-0.813800873614557,-0.824834516902198,-0.839020242949623,0.873338503292971,-0.34725586757473,1.35547512909508,0.27607007719529,0.525986613651135,0.933694667404798,"High"
"37083",27.03586656,0.0483947119924457,54,15.08058924,1137.0625,856.459160589665,-0.0903059831761204,-60.9274444323164,-37.7547452809436,1,36.25668164,"Southeastern Plains","White / red / jack pine group",-0.971726394867391,-1.21147802274417,-0.528980018656502,0.173760953515194,0.00603033594122793,-0.233608037457222,0.289518596693115,0.657732521137541,1.39319352903905,"High"
"37085",87.176703,0.0128495842781557,48,15.73888632,1186.534091,895.4952446739,0.0758472146087656,-64.0515119528031,-40.3314074343793,0,35.36935158,"Southeastern Plains","White / red / jack pine group",-1.16036390633578,-1.41863957579256,-0.801529488563561,0.301054700195755,1.22802634400864,0.0941983047858195,0.44305391376934,0.812341945273503,0.999337361923977,"High"
"37087",43.14808025,0.328352899324084,57,10.77004472,1549.109756,1082.47830057353,-0.129032107229728,-39.6057948363796,-35.7498175643526,3,35.5525965,"Blue Ridge","Oak / hickory group",0.514007914428957,0.202392200892937,-0.316906431271276,0.91079244181665,-0.278786144465607,-0.145786082396346,1.56830920806336,-0.354653567449738,1.59012161259659,"Moderate"
"37089",120.3994924,0.177586206896552,45,12.67017903,1477.37037,975.234487580828,-0.105368436832691,-48.0352756696149,-38.3133118464947,3,35.33541146,"Blue Ridge","Oak / hickory group",-0.286108880774338,-0.356579181560618,-0.588063054104423,0.561078399427245,-0.104748502416489,0.275283931740643,1.34566568369473,0.0916170911563791,0.80240927836644,"Moderate"
"37091",25.96728676,0.0247831474597274,43,15.29137177,1195.596154,862.208355642574,-0.0537224991485243,-30.8496748438315,-29.3894936555498,0,36.36085201,"Middle Atlantic Coastal Plain","White / red / jack pine group",-1.0970326481218,0.783023510696309,0.355864311090101,0.192508648009932,0.275088482512675,-0.239432486473362,0.47117806922797,0.707237473493126,0.671123889328082,"High"
"37095",3.208768036,0.00430663221360896,21,16.5131347,1336.806202,599.90696406438,-0.402264514448859,-21.3904242251621,-21.6423499513279,0,35.4200959,"Middle Atlantic Coastal Plain","White / red / jack pine group",-1.20570123726347,1.41028045568457,1.17532754846643,-0.662836545464481,-2.28831057943137,-0.363481090041208,0.909424122281511,0.994184003831626,-0.773015390093858,"High"
"37097",120.2202087,0.0448674371176071,44,14.42731272,1174.910112,1029.76238126031,-0.258834955789794,-34.4161800007022,-29.2155536564353,3,35.80966556,"Piedmont","Oak / hickory group",-0.990445594865849,0.546523261451588,0.374263019081786,0.738889776974302,-1.23343862717942,0.274306719959104,0.406978839865766,0.504302239236936,0.736766583847261,"High"
"37099",34.1480574,0.239680426098535,53,11.23854342,1762.712329,1110.82690245361,-0.137824673717946,-48.5653440288837,-35.5832227565662,3,35.28806245,"Blue Ridge","Oak / hickory group",0.0434242997218921,-0.391728801025575,-0.299284669531613,1.00323510944397,-0.343452255575791,-0.19484201086694,2.23122580546676,-0.244620701717678,1.32755083451987,"Moderate"
"37101",99.11111195,0.0710121886592475,52,15.65762884,1199.655462,895.436006647072,0.0329612951534377,-38.7384212615516,-29.797711201035,1,35.51581968,"Southeastern Plains","White / red / jack pine group",-0.851695752456601,0.259909029724637,0.31268462007768,0.300861529426765,0.912616089644712,0.159248529829416,0.483776150839901,0.793257594801312,1.26190814000069,"High"
"37103",7.743048683,0.090524832687566,46,16.43562137,1344.285714,690.524688919178,-0.117742041722366,-41.0224949164459,-31.3414534590795,0,35.02287901,"Middle Atlantic Coastal Plain","White / red / jack pine group",-0.748142414816158,0.10844871636012,0.149393467008918,-0.367338931319982,-0.195751841396233,-0.338766336446462,0.932636823213152,0.975979014506501,0.868051972885619,"High"
"37105",92.46489713,0.00313725490196078,32,15.45625207,1177.268293,818.536213709324,-0.0335834845638374,-64.650003793411,-55.2834764246189,0,35.47624437,"Piedmont","White / red / jack pine group",-1.21190710682202,-1.45832645783787,-2.38310217238234,0.0500970638906684,0.4232035700162,0.123022373046923,0.414297465772868,0.745961704556653,-0.0509457503828881,"High"
"37107",54.51660584,0.0424528301886792,39,16.27861385,1284.183333,665.475426602271,-0.132063476647903,-43.7653459398103,-32.7235874997859,1,35.2382137,"Southeastern Plains","White / red / jack pine group",-1.00325988114183,-0.0734338050816787,0.00319661321000444,-0.449022699728275,-0.301080757975143,-0.0838202865918223,0.746108799000808,0.939103805744804,0.408553111251365,"High"
"37109",110.3831846,0.0188034188034188,36,14.71695632,1203.238095,954.402590097963,-0.260370900445054,-51.8884609673094,-34.5852315503833,2,35.48536896,"Piedmont","White / red / jack pine group",-1.12876698713021,-0.61208961634446,-0.19372097587687,0.493147141892881,-1.24473493842929,0.220688594910332,0.494894869330736,0.572328714761735,0.211625027693828,"High"
"37111",39.84460625,0.0761904761904762,51,13.17665658,1311.30303,827.163072531483,-0.191496279024109,-43.722791986673,-37.7138886981903,2,35.67731285,"Blue Ridge","Oak / hickory group",-0.8242146506468,-0.0706119893038628,-0.524658365560935,0.078228604420892,-0.738187285085208,-0.163792146041892,0.830274907139643,0.210569771826469,1.19626544548151,"Moderate"
"37113",26.33927046,0.160670625218302,49,11.64858228,1809.16,1135.28480375915,-0.133098488519981,-45.019270671192,-40.0983562265997,4,35.14868992,"Blue Ridge","Oak / hickory group",-0.375879643689406,-0.156583414702906,-0.776878222949698,1.08299049388282,-0.308692891794073,-0.237404935423375,2.37537637249496,-0.148317871363385,1.06498005644316,"Moderate"
"37115",18.55562995,0.216540684748777,53,11.80887012,1213.647059,1130.742505128,-0.0960027821349931,-53.6867380368112,-39.7567671672277,4,35.8540614,"Blue Ridge","Oak / hickory group",-0.0793779942894379,-0.731336037264092,-0.740746238423225,1.0681783982317,-0.035867537101925,-0.279830795719871,0.527199138424791,-0.110672237816906,1.32755083451987,"Moderate"
"37117",19.15569864,0.0467625899280576,46,15.77340004,1216.953846,952.236310530269,-0.202421979675125,-61.2039054651999,-39.894285235873,1,35.84348931,"Middle Atlantic Coastal Plain","White / red / jack pine group",-0.980388044562774,-1.22981056407176,-0.755292373880658,0.486083066461179,-0.818541817883106,-0.27656003438685,0.537461767547605,0.820447930452702,0.868051972885619,"High"
"37119",807.5700237,0.113821138211382,46,15.6429521,1161.1625,979.609657446675,-0.00782778390698446,-59.553333859384,-39.860185744862,3,35.24560393,"Piedmont","Oak / hickory group",-0.624509236853115,-1.12035871162744,-0.751685460111713,0.575345500691444,0.612627329578151,4.02080647011424,0.364313060884433,0.789810576139779,0.868051972885619,"High"
"37121",26.1048069,0.304087736789631,36,10.81169263,1296.5625,992.828077682167,-0.14213792398077,-47.7922114212251,-33.0501082355914,3,36.01055409,"Blue Ridge","Oak / hickory group",0.385233025429614,-0.340461230569877,-0.0313415016681103,0.618449779116068,-0.375174633918401,-0.238682913026323,0.784527602440636,-0.34487202720416,0.211625027693828,"Moderate"
"37123",21.38364716,0.0109636468551645,42,15.37561936,1184.459459,867.219113672241,-0.135423564894013,-29.5252901809452,-33.0882815587101,1,35.33151917,"Piedmont","White / red / jack pine group",-1.17037255070239,0.870845422930222,-0.0353793298198217,0.208848354675427,-0.325792978252821,-0.264416278192577,0.436615283527259,0.727024089248345,0.605481194808903,"High"
"37125",54.9330014,0.010752688172043,57,15.58327832,1184.85,771.647518111345,-0.0502889567725475,-78.4498574973408,-49.8806042861812,0,35.30883055,"Southeastern Plains","White / red / jack pine group",-1.17149210557716,-2.37341523437666,-1.81160701717027,-0.102803460832855,0.300340931053606,-0.0815506622644981,0.437827329371231,0.77579543154607,1.59012161259659,"High"
"37127",67.36023069,0.0503120124804992,43,15.23732921,1139.395062,934.484210214422,-0.15305149720531,-48.4570819470334,-36.0727534886156,1,35.96110025,"Southeastern Plains","White / red / jack pine group",-0.961551307139176,-0.384549781729326,-0.351065358492086,0.428194796834104,-0.455439973929524,-0.0138142485577372,0.296757713912328,0.694544892386078,0.671123889328082,"High"
"37131",14.1521865,0.0358357311012294,50,15.10190943,1149.740741,764.323113520897,-0.129753631161796,-34.9870995241122,-27.002855455575,1,36.41743558,"Southeastern Plains","White / red / jack pine group",-1.03837673639776,0.508664740673894,0.608313773816803,-0.126687795657796,-0.284092689127201,-0.303832402216626,0.328865577709024,0.662739838348137,1.13062275096233,"High"
"37135",142.1362603,0.0645320197044335,40,14.60620688,1153.689655,847.895589476135,-0.0529570192488542,-54.8189395892513,-44.3641018812421,3,36.06082588,"Piedmont","White / red / jack pine group",-0.886085921352784,-0.806414002266191,-1.22809248686897,0.145835789463021,0.28071830724144,0.393763334410636,0.341121051018882,0.546317803180933,0.474195805770544,"High"
"37137",14.54041418,0.0193775689958896,38,16.63592676,1375.261538,702.023928494438,-0.0211589487397088,-53.4850992456836,-43.3301353894247,0,35.15260351,"Middle Atlantic Coastal Plain","White / red / jack pine group",-1.12571997983325,-0.717965069815128,-1.1187234650627,-0.329840772274275,0.514581487393585,-0.301716311000215,1.0287704397677,1.02302327756055,0.342910416732186,"High"
"37139",67.68801733,0.0591397849462366,18,15.6826784,1233.815789,737.2999274825,0.0811288887275576,-41.1403862543919,-32.6503311453164,1,36.26718263,"Middle Atlantic Coastal Plain","White / red / jack pine group",-0.914702438199076,0.100631166803431,0.010945390266928,-0.214808381489371,1.2668711256627,-0.0120275999865665,0.589792887543852,0.799140801888391,-0.969943473651395,"High"
"37141",27.4261083,0.0524461839530333,54,16.78331098,1360.585938,731.370682788052,-0.0589145133837015,-44.4238407058993,-32.5367633999955,0,34.52267891,"Middle Atlantic Coastal Plain","White / red / jack pine group",-0.950225288032939,-0.11709957015323,0.0229581521047494,-0.234143204380762,0.236903116514303,-0.231480968314983,0.983224645631345,1.05763833218137,1.39319352903905,"High"
"37143",21.10832433,0.0564292321924144,23,15.71750584,1235.666667,841.687042760879,0.00650971728665439,-25.8881705541243,-23.241242786196,0,36.17845134,"Middle Atlantic Coastal Plain","White / red / jack pine group",-0.929087304960414,1.11202822246127,1.00620277826696,0.125590183599461,0.718074407683573,-0.265916965166367,0.595537096186736,0.807320468191225,-0.6417300010555,"High"
"37145",38.93205702,0.0516085790884718,43,14.38461105,1121.4,748.358715477097,-0.156097228196358,-34.0808837676189,-31.9115241487573,1,36.38985642,"Piedmont","White / red / jack pine group",-0.954670445707283,0.56875725220925,0.0890935693005337,-0.178746502061593,-0.477840211555564,-0.16876612783048,0.240909953730603,0.49427321008137,0.671123889328082,"High"
"37147",106.5096841,0.0250855188141391,44,16.01549245,1236.9375,758.908968879169,-0.308763541279403,-63.6317708562124,-44.2709863715808,0,35.59530668,"Middle Atlantic Coastal Plain","White / red / jack pine group",-1.09542796743831,-1.39080592082904,-1.21824308431362,-0.144342915854506,-1.60064511474727,0.199575519240884,0.599481132423733,0.877306405501364,0.736766583847261,"High"
"37149",33.59614621,0.062280701754386,47,14.38561604,1353.666667,860.944857575609,-0.170002012256778,-38.1350076206768,-37.3949546914197,3,35.27835514,"Piedmont","White / red / jack pine group",-0.89803363522892,0.299922283649039,-0.490922745869871,0.188388475440353,-0.580104813389296,-0.197850282769134,0.961750655297755,0.494509244737884,0.933694667404798,"High"
"37151",70.80099239,0.0467263570229435,49,14.91263004,1158.01626,886.240064776298,-0.0499738431852921,-45.6079330922463,-33.7011942395882,1,35.71020244,"Piedmont","White / red / jack pine group",-0.98058033209959,-0.195618493351858,-0.100210889537458,0.27087425169518,0.302658476251938,0.00494012158695172,0.354548690136828,0.618285171332591,1.06498005644316,"High"
"37153",36.4828768,0.00673724735322425,47,15.9692823,1194.625,861.137603871458,-0.0365200616712409,-87.0078793019194,-46.9992819453177,0,35.00412619,"Southeastern Plains","White / red / jack pine group",-1.19280199563014,-2.94091035938034,-1.50683175760176,0.189017006675824,0.401606119287173,-0.182115739457734,0.46816408818742,0.866453365289281,0.933694667404798,"High"
"37155",53.66088036,0.0161635369622058,46,16.57170367,1206.621429,757.999994067276,-0.00822593561059737,-56.1793161188534,-41.1356929258002,0,34.64237356,"Southeastern Plains","White / red / jack pine group",-1.14277680431527,-0.896622588589912,-0.886603732405896,-0.147307014640502,0.609699069400757,-0.088484542298389,0.505395062430748,1.00793966977494,0.868051972885619,"High"
"37157",62.15064011,0.0214765100671141,51,14.15854601,1151.862069,963.494278896873,-0.177339546246124,-27.1077788014752,-28.0438392519214,3,36.39594665,"Piedmont","White / red / jack pine group",-1.11458092798971,1.03115418981793,0.498202488370342,0.522794458164913,-0.634069692570546,-0.042209876781454,0.335449129208361,0.441178966291509,1.19626544548151,"High"
"37159",106.3937721,0.0609013398294763,45,14.83970891,1143.987342,913.163901079507,-0.0977898536700172,-39.6078711087237,-37.5225001917867,2,35.63740624,"Piedmont","White / red / jack pine group",-0.905353890286679,0.202254520192846,-0.504414021188098,0.358670865480878,-0.0490107947162483,0.19894372409151,0.311009876651601,0.601158718460214,0.80240927836644,"High"
"37161",45.57329441,0.0261415127222029,47,14.47515076,1307.761905,849.536644958441,-0.313316867568214,-26.0816833209745,-26.0942887349564,2,35.40124932,"Piedmont","White / red / jack pine group",-1.08982382206727,1.09919610374025,0.704418487331381,0.151187148487729,-1.63413316446605,-0.132567101251334,0.819285008923482,0.515537610076182,0.933694667404798,"High"
"37163",25.83076776,0.016924842226047,46,16.25197938,1244.576642,783.775940821453,-0.0366625527607687,-45.3835957327872,-40.303870092624,0,34.99289885,"Southeastern Plains","White / red / jack pine group",-1.13873656758879,-0.180742350154709,-0.798616693850428,-0.0632535827056386,0.400558149432187,-0.240176603061786,0.623189245816738,0.93284836242905,0.868051972885619,"High"
"37167",60.6401149,0.0698215671062839,42,15.48661575,1187,825.088465162293,-0.0117305827981418,-36.1572956035082,-27.7233529363486,0,35.31644571,"Piedmont","White / red / jack pine group",-0.858014364916147,0.431067302209743,0.532102305350758,0.0714634651629318,0.583923670973525,-0.050443213284015,0.444499864558424,0.753093000170859,0.605481194808903,"High"
"37169",39.25768664,0.0110334681868334,44,13.7667452,1190.6,959.611432271582,-0.094311357764278,-42.8475791334663,-27.6816975711971,3,36.40186231,"Blue Ridge","Oak / pine group",-1.17000200984067,-0.0125753262902633,0.536508450594009,0.510132786116746,-0.0234277294032627,-0.166991236409329,0.455672481616048,0.349159573451269,0.736766583847261,"Moderate"
"37171",52.12158353,0.0645025295109612,47,13.35129559,1187.88,968.930081235691,-0.186330905534967,-51.0664462407738,-43.2097437014141,3,36.41692849,"Piedmont","Oak / hickory group",-0.886242425410218,-0.55758060005046,-1.10598889266067,0.54052020248983,-0.700197852031498,-0.096874702684203,0.447230948728066,0.251585959787951,0.933694667404798,"Moderate"
"37173",10.41914753,0.365522745411014,48,11.02816468,1632.926829,1105.82988419443,-0.184814402914934,-49.6384277739075,-39.2069987716684,2,35.48666928,"Blue Ridge","Aspen / birch group",0.711267784300873,-0.462886576493721,-0.682593839754448,0.986940207141022,-0.689044529840833,-0.32417987196669,1.82843589126335,-0.294030818866989,0.999337361923977,"Moderate"
"37175",34.73567265,0.201851035698546,34,12.08530358,1787.964286,1134.02495739513,-0.184409561534836,-42.8123377567822,-36.9278860406667,3,35.2038087,"Blue Ridge","Oak / hickory group",-0.157335762888636,-0.0102384183081004,-0.441518009978053,1.07888222924306,-0.686067069539282,-0.191639128812898,2.30959537366582,-0.0457483313300181,0.08033963865547,"Moderate"
"37179",143.8674778,0.124870466321244,48,15.70536663,1204.833333,1045.41006523395,-0.0832140426661865,-49.4234003709664,-36.3013496185546,3,34.98965927,"Piedmont","Oak / hickory group",-0.565870602191405,-0.448627790328208,-0.375245383007371,0.789915702514883,0.0581889648940746,0.403199586213823,0.499845698022339,0.804469420655718,0.999337361923977,"High"
"37181",68.24827738,0.0432432432432432,38,14.59020615,1112.157895,887.291118436645,-0.0235028308283756,-43.0846984816967,-33.8498212748487,1,36.36591116,"Piedmont","White / red / jack pine group",-0.999065169764128,-0.0282990621298716,-0.115932089004798,0.274301658965315,0.497343091780882,-0.00897382141335633,0.212227037071894,0.542559828664237,0.342910416732186,"High"
"37183",505.0318757,0.0451212633953751,43,15.33821222,1155.828125,936.667769469197,-0.0621401869908427,-26.5078459814189,-25.5167395795981,2,35.79027379,"Piedmont","White / red / jack pine group",-0.989098542246759,1.07093662534871,0.765509428543168,0.435315220031255,0.21317946675128,2.37177846260049,0.347757802796443,0.718238547659777,0.671123889328082,"High"
"37185",17.75531874,0.050332658374313,48,14.5942282,1117.446154,836.278702059787,-0.0378328887060395,-71.0170194212906,-40.4464706232261,1,36.39724796,"Piedmont","White / red / jack pine group",-0.961441739660269,-1.88053271205783,-0.81370043269925,0.107953989618492,0.391950756542462,-0.284193007919363,0.228639173935375,0.543504458153322,0.999337361923977,"High"
"37187",13.13490284,0.063994828700711,27,16.04956798,1256.241379,772.730125579094,0.0536279761267724,-44.1731944211256,-30.9646518089207,0,35.83809636,"Middle Atlantic Coastal Plain","White / red / jack pine group",-0.888936786735514,-0.100478843078983,0.189250104742332,-0.0992731589599326,1.064611970471,-0.309377254189892,0.659390812366432,0.885309476197694,-0.379159222978783,"High"
"37189",68.79417502,0.2263701350278,37,10.4537803,1313.25,1200.05361800167,-0.0927782968028033,-30.9158608406574,-31.1813743558332,4,36.23108847,"Blue Ridge","Oak / hickory group",-0.0272132347578039,0.778634619034207,0.166326022437188,1.29419674641565,-0.0121526266666214,-0.00599832723668261,0.836317337759832,-0.42893228041455,0.277267722213007,"Moderate"
"37191",86.28230002,0.0115473441108545,42,16.05128244,1240.792683,779.208457159939,-0.12026704109747,-41.538979252348,-40.0934948791354,1,35.36454024,"Southeastern Plains","White / red / jack pine group",-1.1672748772702,0.0741998736417721,-0.776364008203826,-0.0781478048546058,-0.214322288416726,0.089323231761892,0.611445711130973,0.885712138888077,0.605481194808903,"High"
"37193",35.01039344,0.150903041825095,52,13.08996315,1250.911504,998.470416432304,-0.136516207610377,-39.7071114722147,-35.1253930431567,2,36.20792407,"Piedmont","Oak / hickory group",-0.427716076495745,0.195673744428217,-0.250857193103988,0.636849023210225,-0.333828965856077,-0.190141723345352,0.642849520049764,0.190208719505424,1.26190814000069,"Moderate"
"37195",85.69105431,0.0379858657243816,26,15.63996679,1186.254545,698.168541915,-0.144560665860921,-49.3073079214378,-32.8812388404722,1,35.70187219,"Southeastern Plains","White / red / jack pine group",-1.02696600106735,-0.440929527731826,-0.0134791427779878,-0.342412899169473,-0.392993014458721,0.086100561359638,0.442186341433788,0.78910943819767,-0.444801917497963,"High"
"37197",43.33045357,0.0210930009587728,39,13.9300256,1184.461538,1016.64392135601,-0.381612433700253,-53.5025676659276,-44.9079046873659,1,36.16226484,"Piedmont","Oak / hickory group",-1.11661620563464,-0.719123426682679,-1.28561386829858,0.696111461703394,-2.13642207791872,-0.144792030193372,0.43662173571361,0.387508047694371,0.408553111251365,"Moderate"
"37199",22.07235517,0.328029375764994,45,10.75314893,1334.595745,1063.58773498494,-0.140161238593687,-38.5789837590275,-36.1185498416165,3,35.90247493,"Blue Ridge","Oak / hickory group",0.512290979281652,0.270481567104337,-0.35590952159567,0.84919172219791,-0.360636835763303,-0.260662375403799,0.90256395850836,-0.358621758167251,0.80240927836644,"Moderate"
"38007",0.29785805,0.0448833034111311,2,6.293326696,386.39801,120.957793637595,0.0239705093152536,-40.596210681837,-34.669709285772,0,47.02322018,"Northwestern Great Plains","White / red / jack pine group",-0.990361392660961,0.136716256514908,-0.202656707698925,-2.22465392042485,0.846492147703648,-0.379347426653626,-2.04017220484212,-1.40606761247288,-2.02022658595826,"Low"
"38015",22.58611925,0.609756097560976,4,5.113492803,424.6212625,548.324946308289,0.0983633633518766,-5.38884543516282,-24.2313749437792,1,46.97829897,"Northwestern Glaciated Plains","Elm / ash / cottonwood group",2.00741087703281,2.47136888979309,0.901470384721532,-0.831041642249992,1.39362438393777,-0.257862029851427,-1.92154615959785,-1.68316657632187,-1.8889411969199,"Low"
"38017",39.36353603,0.803571428571429,5,5.147972463,499.5111111,316.804635118115,-0.282407465327702,-32.7267967078598,-18.5456808030049,0,46.93188928,"Lake Agassiz Plain","Aspen / birch group",3.03598621428038,0.658548774454815,1.50288136988132,-1.5860120378576,-1.40680581444685,-0.166414288973635,-1.6891251596225,-1.67506859056595,-1.82329850240072,"Low"
"38035",18.88350848,0.688405797101449,10,4.252174835,486.1390977,630.947571274556,0.00106520012715361,-42.3509914144608,-13.4419827193213,0,47.92107662,"Lake Agassiz Plain","Oak / hickory group",2.42480376751008,0.0203541422373285,2.04273103756821,-0.561615450067294,0.678031975016233,-0.278043646288942,-1.73062526656906,-1.88545803268142,-1.49508502980483,"Low"
"38045",1.423450576,0.938144329896907,8,5.218558162,487.0520833,350.361415073646,-0.0911621741460844,-20.4093928126637,-45.3931660315391,0,46.45738713,"Northern Glaciated Plains","Aspen / birch group",3.75016277938282,1.47533410438765,-1.33694295773486,-1.47658589158081,-0.000266635536828912,-0.373212221514397,-1.72779181143353,-1.65849064330448,-1.62637041884319,"Low"
"38059",6.238539867,0.270916334661355,5,5.73623172,427.7920228,388.504626103364,-0.020915624636906,-25.7666625291081,-23.9673204970029,1,46.71717139,"Northwestern Great Plains","Oak / hickory group",0.209192843503932,1.12008559990435,0.929401054405767,-1.35220373706134,0.516371047186931,-0.346966879721869,-1.91170568998301,-1.5369084380594,-1.82329850240072,"Low"
"38061",2.189056568,0.551020408163265,5,4.194345052,425.258427,45.4727226490372,-0.97072265272152,-25.5578940565055,-23.7995235404636,0,48.20156459,"Northwestern Glaciated Plains","Aspen / birch group",1.69570136873049,1.13392934711156,0.947149974843716,-2.470805083637,-6.46911230328369,-0.36903917513372,-1.91956871655307,-1.89904009117625,-1.82329850240072,"Low"
"38077",4.368839218,0.575,10,5.796080736,518.7148438,692.915826658467,-0.202899892525792,-24.3222445431683,-25.2017774673247,0,46.26399761,"Lake Agassiz Plain","Elm / ash / cottonwood group",1.82296073790391,1.21586709990589,0.798824916422112,-0.359541610230946,-0.822056692128711,-0.357157953992171,-1.62952628419637,-1.52285213706705,-1.49508502980483,"Low"
"38085",1.531278177,0.137931034482759,2,6.426824239,406.1420765,435.072237538225,-0.244939092090213,-22.8698566791677,-31.4424319352356,0,46.11358647,"Northwestern Great Plains","Oak / hickory group",-0.496558343809478,1.31217709434805,0.138712349924293,-1.20035024374688,-1.13123963133751,-0.372624491553044,-1.97889640090747,-1.37471402019081,-2.02022658595826,"Low"
"38087",0.250355818,0.72972972972973,2,6.601832535,390.127451,88.4474826798219,-0.196999718927751,-67.096365325218,-26.0163306960085,0,46.44787147,"Northwestern Great Plains","White / red / jack pine group",2.64410931840707,-1.62054832113743,0.712664590594051,-2.33066760967286,-0.778663072987866,-0.379606344451283,-2.02859786702768,-1.33361110072537,-2.02022658595826,"Low"
"38099",3.206052857,0.607843137254902,7,3.64593926,467.0666667,700.731938354412,0.0136475794363091,-51.6035708228159,-27.5423060630248,0,48.36938476,"Lake Agassiz Plain","Elm / ash / cottonwood group",1.99725882259159,-0.593198128118155,0.55125275132092,-0.334053855360257,0.770570773503184,-0.363495889517723,-1.78981664654711,-2.02784015162001,-1.69201311336236,"Low"
"38101",13.22702622,0.935483870967742,5,4.233308476,437.4842932,101.182618464001,-0.792250798277566,-21.1504159658101,-21.91063006468,1,48.22110318,"Northern Glaciated Plains","Oak / hickory group",3.73604375987062,1.42619575950747,1.14694990392998,-2.28913928564948,-5.15651708037827,-0.308875122360332,-1.88162568287242,-1.88988903653842,-1.82329850240072,"Low"
"39001",18.30750607,0.21537558685446,49,11.57659221,1091.638298,991.931178549518,-0.0982543492678498,-39.5152140317832,-27.8405408791609,3,38.84531585,"Interior Plateau","Oak / hickory group",-0.0855611530381588,0.208398748457454,0.519706612865267,0.615525058215707,-0.0524269899738996,-0.281183230876091,0.148544370555845,-0.165225652978044,1.06498005644316,"Moderate"
"39003",98.60852058,0.441926345609065,25,10.03922217,895.28,968.934068001911,0.0222765600564632,-45.5007250680459,-33.4774580714235,3,40.77290689,"Eastern Corn Belt Plains","Oak / hickory group",1.11674065598201,-0.188509370182477,-0.0765449331950574,0.540533203035894,0.834033770376534,0.156509082751606,-0.460854537677733,-0.526296518685485,-0.510444612017142,"Low"
"39005",48.86489562,0.515723270440252,38,9.379266183,982.2777778,1442.35035580767,-0.107946517574621,-40.8509704547926,-28.5306580315483,6,40.84760861,"Erie Drift Plain","Oak / hickory group",1.50837993678781,0.119822757935365,0.446708659367112,2.08430826214168,-0.123709343478319,-0.114625751967818,-0.190856522060041,-0.681295558184719,0.342910416732186,"Low"
"39007",53.57399073,0.206962025316456,44,9.114903513,1018.434211,1005.90858444567,-0.159206541906618,-46.2750950122147,-32.4726084342406,3,41.70836478,"Erie Drift Plain","Unknown",-0.130211810193546,-0.239858990258235,0.0297442190654836,0.661104332037251,-0.500708076829431,-0.0889581468153061,-0.0786448603063818,-0.743384486441465,0.736766583847261,"Low"
"39009",50.55457165,0.244387755102041,52,11.27397889,1032.772152,1080.06521803552,-0.15784841254725,-38.955296374062,-27.9170955095381,2,39.33473387,"Western Allegheny Plateau","Oak / hickory group",0.0684060310022485,0.245527719195792,0.511608956794829,0.90292356038249,-0.490719532054413,-0.105415927965409,-0.0341469924764343,-0.23629823185242,1.26190814000069,"Moderate"
"39011",43.96828606,0.440140845070423,28,10.0719613,896.375,1142.68792197532,0.0101923940216158,-63.0046645384322,-43.3965814615774,2,40.55999805,"Eastern Corn Belt Plains","Oak / hickory group",1.10726502880064,-1.34922157034178,-1.12575187649742,1.10713150794617,0.745159148327276,-0.141315431797217,-0.457456199989372,-0.518607318490321,-0.313516528459604,"Low"
"39013",48.9217263,0.364771151178918,45,10.43175494,976.0941176,783.517663869419,-0.122952593344758,-36.1071294926404,-27.8019165637526,2,40.01629621,"Western Allegheny Plateau","Unknown",0.707279083888367,0.434393891462255,0.523792145256861,-0.0640958045031604,-0.234073543098512,-0.114315988112827,-0.210047540790339,-0.43410521574944,0.80240927836644,"Moderate"
"39015",34.31469025,0.352941176470588,44,11.48360737,1107.630137,873.092681072732,-0.114557129529127,-31.9568580454504,-31.8570448254183,2,38.93304546,"Eastern Corn Belt Plains","Unknown",0.644497568299208,0.709604549661584,0.0948561838043955,0.228001618081048,-0.172327976926154,-0.193933754376185,0.19817511866534,-0.187064322786172,0.736766583847261,"Moderate"
"39017",316.2558428,0.415913200723327,34,11.32001607,1045,859.76385089884,-0.066710137455563,-48.4802301377511,-32.2894809416565,1,39.44032469,"Eastern Corn Belt Plains","Oak / hickory group",0.978689248313571,-0.386084772605129,0.0491147449850939,0.1845373011162,0.179569152298084,1.34282734533696,0.00380219172990943,-0.225485815840119,0.08033963865547,"Moderate"
"39019",26.60852392,0.17780580075662,38,9.863437215,985.6721311,898.338175336434,-0.0762265802173911,-33.5844516033238,-20.0686600420319,4,40.57895311,"Western Allegheny Plateau","Oak / hickory group",-0.284943499132446,0.601676405673169,1.34178644957025,0.310325284171497,0.109579195914507,-0.235937330430103,-0.180322130510268,-0.567581846374188,0.342910416732186,"Low"
"39021",34.97595683,0.409574468085106,28,10.15622216,970.173913,900.970220835604,-0.146565881029308,-48.9614005225452,-34.0722089051024,3,40.13954528,"Eastern Corn Belt Plains","Oak / hickory group",0.945049680034379,-0.417991894823572,-0.139455402163535,0.318908187423269,-0.407740638722069,-0.190329425077346,-0.228420923817724,-0.498817586107183,-0.313516528459604,"Low"
"39023",130.7598203,0.411140583554377,26,10.53063757,991.9047619,993.682508953856,-0.152771637035815,-35.4829790951408,-28.7450623571325,3,39.91644801,"Eastern Corn Belt Plains","Oak / hickory group",0.953361033623261,0.475782230489462,0.424029789649622,0.621236015502373,-0.453381704726769,0.331754399967764,-0.160979131290836,-0.410881375106931,-0.444801917497963,"Moderate"
"39025",175.421501,0.322376738305942,39,11.56928872,1101.816901,962.280009104921,-0.118722948150434,-46.1460222950284,-32.6574892923905,2,39.0490647,"Eastern Corn Belt Plains","Unknown",0.482292508827995,-0.231299986852212,0.0101882288408708,0.518834815313313,-0.20296604946064,0.575189361224077,0.180133713194896,-0.166940970298125,0.408553111251365,"Moderate"
"39027",39.67468661,0.340909090909091,31,10.93279684,1043.890625,1262.57389689563,-0.0699789307087082,-52.1288119150844,-39.957772572821,2,39.41495505,"Eastern Corn Belt Plains","Maple / beech / birch group",0.580643453149045,-0.628027644345201,-0.762007821619089,1.49807069357573,0.155528373307404,-0.164718317657733,0.000359241160936664,-0.316429166469398,-0.116588444902067,"Moderate"
"39029",74.41176617,0.300591715976331,40,9.678993066,983.4166667,1049.47065286879,-0.12130737979601,-34.5768002349794,-28.968834007287,5,40.76934203,"Erie Drift Plain","Maple / beech / birch group",0.366679690312534,0.535872295374299,0.400360080158017,0.803156974683683,-0.221973599096282,0.0246211672050941,-0.187321974962575,-0.610900895673537,0.474195805770544,"Low"
"39031",25.02735048,0.195283714075166,45,10.19102055,1011.078652,1169.97946427352,-0.102262802645837,-42.6302390758808,-33.2171243940865,3,40.30109993,"Western Allegheny Plateau","Unknown",-0.192188449816777,0.00183681543643807,-0.0490078322745715,1.19612718344303,-0.0819076986916843,-0.244555745345821,-0.101472872515204,-0.490644742565543,0.80240927836644,"Low"
"39033",39.97906432,0.406862745098039,20,9.526392882,962.5428571,1028.93611534296,0.0811298923417336,-77.5248591329523,-33.793640721112,3,40.85063427,"Eastern Corn Belt Plains","Maple / beech / birch group",0.930658602861057,-2.31207722024049,-0.10998952485466,0.736195385699117,1.26687850687794,-0.163059262851021,-0.252103941961064,-0.646740985639122,-0.838658084613037,"Low"
"39035",1048.392557,0.323404255319149,35,10.04001958,936.6887755,1346.78890277887,-0.0221902489137937,-45.5315405431475,-33.5306925644694,5,41.42473052,"Eastern Great Lakes Lowlands","Oak / hickory group",0.487745527703628,-0.190552790063164,-0.0821758743105174,1.77268952067096,0.50699665175604,5.33344457832437,-0.332342206709223,-0.526109236826511,0.145982333174649,"Low"
"39037",33.17264555,0.366795366795367,26,10.15828078,953.3478261,833.602232805822,-0.0323758900967439,-61.4035838680615,-35.0821715047799,3,40.13398868,"Eastern Corn Belt Plains","Elm / ash / cottonwood group",0.718021568755256,-1.24305153526581,-0.246285384045724,0.0992262238293481,0.43208498570862,-0.200158634473397,-0.280640764237727,-0.49833409307283,-0.444801917497963,"Low"
"39039",35.68151269,0.335180055401662,25,9.476241009,871.5846154,1248.15626402984,0.0117614892649449,-37.4254176378179,-39.1599230372043,3,41.32413723,"Huron/Erie Lake Plains","Oak / hickory group",0.550239539287147,0.346976248364159,-0.677614348571808,1.45105587257599,0.756699270029346,-0.18648369064122,-0.534393276057991,-0.658519789524854,-0.510444612017142,"Low"
"39041",179.0067738,0.451428571428571,24,10.23284447,960.8,681.861597436763,-0.230895716782549,-38.509742043254,-38.7480823548514,6,40.27936179,"Eastern Corn Belt Plains","Maple / beech / birch group",1.16716883973789,0.275073088024198,-0.634051415995732,-0.395588623841739,-1.02795574156263,0.594731410056138,-0.25751290722897,-0.480821864137602,-0.576087306536321,"Moderate"
"39043",114.3442067,0.208955223880597,20,10.02073532,894.9705882,799.6003593666,-0.126688254592453,-19.3029779865982,-24.515110259868,3,41.36830746,"Huron/Erie Lake Plains","Oak / hickory group",-0.119633932403259,1.54870211329924,0.871457947937454,-0.0116513389635049,-0.261547965457121,0.242278719740742,-0.461814798665097,-0.530638390037228,-0.838658084613037,"Low"
"39045",119.577436,0.305825242718447,39,10.7569022,994.72,1261.04049910404,-0.156591458768254,-43.4742086933309,-25.9522944830279,5,39.75094319,"Eastern Corn Belt Plains","Unknown",0.394453945866528,-0.0541280622526921,0.719438096340409,1.49307039821767,-0.481475096673476,0.270803194232605,-0.152242026508243,-0.357740255072437,0.408553111251365,"Moderate"
"39047",27.18272552,0.180555555555556,16,10.8896086,1003.272727,552.180106395215,-0.262466959818247,-26.009039054225,-37.9286958611455,1,39.56023917,"Eastern Corn Belt Plains","Oak / hickory group",-0.270350587648518,1.10401325286433,-0.547379845875152,-0.818470253929913,-1.26015068859758,-0.232807561418761,-0.125698597738964,-0.326572472764855,-1.10122886268975,"Moderate"
"39049",946.1624491,0.341549295774648,31,11.08206513,966.045977,881.739332127841,-0.0680220987567426,-46.7143529449501,-42.7243939047508,9,39.97099798,"Eastern Corn Belt Plains","Elm / ash / cottonwood group",0.584041011701636,-0.2689868355873,-1.0546504470582,0.256197699600627,0.169920156707545,4.77622456407924,-0.24123199275283,-0.281371614097056,-0.116588444902067,"Moderate"
"39051",40.17319299,0.441860465116279,22,9.263521471,874.8387097,1148.03915860186,-0.0828902389100745,-38.2791068527155,-31.9054496399722,3,41.60161236,"Huron/Erie Lake Plains","Oak / hickory group",1.11639102909888,0.290366849745495,0.0897361076120145,1.1245814898167,0.0605704231063828,-0.162001136409752,-0.524294178979297,-0.708479672793131,-0.707372695574679,"Low"
"39053",24.82401248,0.263799743260591,54,11.82480595,1065.246575,771.205858081914,-0.162518059574784,-41.4018987907445,-35.1513878323334,1,38.826955,"Western Allegheny Plateau","Oak / hickory group",0.171425189304796,0.0832898824626917,-0.253606822503794,-0.104243681111713,-0.52506307826842,-0.245664068574506,0.0666375331753174,-0.106929505888901,1.39319352903905,"Moderate"
"39055",90.3350232,0.491242702251877,36,8.83588207,1069.615385,1184.85474909539,-0.0635207426020328,-38.8662962699013,-29.5455392848307,6,41.49983875,"Erie Drift Plain","Maple / beech / birch group",1.37846189289988,0.251429448168835,0.339358401114626,1.24463437319676,0.203025985095311,0.111413186614528,0.0801961557107401,-0.808916213581764,0.211625027693828,"Low"
"39057",156.7222322,0.380434782608696,21,10.8285521,1007.71875,932.798346462425,-0.140318909470019,-34.6220431794099,-33.0403414200741,3,39.69150993,"Eastern Corn Belt Plains","Oak / hickory group",0.790405763787268,0.532872168593671,-0.0303084052692008,0.422697321397747,-0.36179644739904,0.473266287472637,-0.11190034429219,-0.340912366699608,-0.773015390093858,"Moderate"
"39059",28.82973534,0.226964769647696,50,10.55868545,961.3125,889.529038100112,-0.0406692255848418,-50.7271597112503,-37.9456801102108,2,40.04850837,"Western Allegheny Plateau","Oak / hickory group",-0.0240575168818759,-0.535082006814697,-0.549176374796627,0.281599347384012,0.371090536037298,-0.223830295775454,-0.255922361050628,-0.404293974514124,1.13062275096233,"Moderate"
"39061",776.9430947,0.390965732087227,36,11.95548654,1073.225806,803.588389295428,-0.154930065080948,-53.5377092796295,-31.4919335739416,6,39.19690998,"Eastern Corn Belt Plains","Oak / hickory group",0.846293370071794,-0.721453719233455,0.133476255867157,0.00135332796003401,-0.469256153669172,3.85386995635884,0.091401114391241,-0.0762375107707579,0.211625027693828,"Moderate"
"39063",55.05677253,0.613718411552347,24,9.787656575,898.9634146,1520.46310629359,-0.0149543318062675,-30.2412035230567,-18.2609232321711,3,41.00254562,"Eastern Corn Belt Plains","Unknown",2.0284388237319,0.823372146879908,1.53300193686341,2.33902809140068,0.560214175932442,-0.0808760297884256,-0.449423043013771,-0.58537989146206,-0.576087306536321,"Low"
"39065",25.77351932,0.627737226277372,20,9.85209399,900.3333333,648.074341857346,-0.294837244539709,-30.7290411482296,-37.7633533213741,2,40.66016457,"Eastern Corn Belt Plains","Maple / beech / birch group",2.1028364836509,0.791022910058511,-0.529890544257672,-0.50576633386708,-1.49822229502459,-0.240488643978181,-0.445171493837332,-0.570245946730056,-0.838658084613037,"Low"
"39067",14.52161804,0.26344505066251,39,10.19709262,981.2380952,960.553496243371,-0.155193954002787,-35.6956530633821,-32.2148936932746,2,40.29396873,"Western Allegheny Plateau","Oak / hickory group",0.16954284048962,0.461679504071126,0.0570042989109773,0.513204786175026,-0.471196960186047,-0.301818762084476,-0.194083181935396,-0.489218639861255,0.408553111251365,"Low"
"39069",25.12201326,0.272251308900524,33,9.577204732,877.2428571,845.143060846026,-0.144048016240895,-63.2239734538027,-46.4978663468405,4,41.33401236,"Huron/Erie Lake Plains","Oak / hickory group",0.216277533714512,-1.36376426994976,-1.4537939329161,0.136859999744564,-0.389222663977594,-0.244039772148652,-0.516832896131996,-0.634807177778721,0.0146969441362909,"Low"
"39071",30.07371873,0.326760563380282,39,11.12002999,1070.58427,1060.31575541065,-0.0429012850390942,-36.9192717314274,-25.1866940367876,1,39.18402533,"Eastern Corn Belt Plains","Unknown",0.505557409136787,0.380539534480526,0.800420384028055,0.838522041853568,0.354674555007569,-0.217049784079481,0.0832030948990391,-0.272455084888081,0.408553111251365,"Moderate"
"39073",25.9381142,0.214925373134328,48,10.89082618,1018.2,1356.27615752866,-0.0662294279865112,-45.2435587653198,-37.4401538671674,3,39.49672299,"Western Allegheny Plateau","Oak / hickory group",-0.0879504311546216,-0.171456291042832,-0.495703741847108,1.8036267478838,0.183104594649197,-0.239591495738173,-0.079371735254627,-0.326286508648716,0.999337361923977,"Moderate"
"39075",40.15679393,0.354889589905363,38,9.736078016,993.2096774,1232.35292652901,-0.123790799918792,-30.3195462883596,-26.3915739650181,3,40.56347053,"Erie Drift Plain","Oak / hickory group",0.654837772014379,0.818177121860818,0.672972792459635,1.39952237254056,-0.240238245921334,-0.162090521862184,-0.156929319853598,-0.597493770661939,0.342910416732186,"Low"
"39077",45.70619923,0.448051948051948,31,9.569460404,941.425,1323.05673776278,0.126808116568241,-46.2694143957232,-37.7555172308194,3,41.14689628,"Eastern Corn Belt Plains","Oak / hickory group",1.14924914520051,-0.239482300149288,-0.529061672562569,1.69530070791964,1.60282514169786,-0.131842684274624,-0.317643311532157,-0.636626031498078,-0.116588444902067,"Low"
"39079",29.79977219,0.195087719298246,48,11.45859748,1047.892308,1068.80141226143,-0.0833359888658538,-39.5635887770201,-27.6677552766334,2,39.01907611,"Western Allegheny Plateau","Oak / hickory group",-0.193228591443955,0.205190947318112,0.537983213200181,0.866193133330123,0.0572920951908182,-0.218542969385228,0.0127784833123269,-0.192938212870271,0.999337361923977,"Moderate"
"39081",62.38475452,0.193376068376068,44,10.20602379,992.0634921,922.928659330101,-0.0756945052256461,-32.6923410260614,-27.378725290653,3,40.38595591,"Western Allegheny Plateau","Unknown",-0.20231229971074,0.660833581843225,0.568555699919545,0.390513010826856,0.113492412900838,-0.0409338022711659,-0.160486511363036,-0.487121041235175,0.736766583847261,"Low"
"39083",45.38893977,0.409005628517824,39,9.723227084,1016.9375,1172.82898166153,-0.0421969723616227,-37.3866419833,-28.4260147885253,2,40.39594503,"Erie Drift Plain","Maple / beech / birch group",0.942030856153387,0.349547519553952,0.457777421477521,1.20541924623725,0.359854517185701,-0.133571952926023,-0.0832899099866412,-0.600511975142096,0.408553111251365,"Low"
"39085",386.9183006,0.488607594936709,41,9.655289621,966.6646341,1085.20707451474,-0.0455536489189794,-51.9020839483153,-36.9688919475277,6,41.69717777,"Eastern Great Lakes Lowlands","Unknown",1.36447741405988,-0.612992976429933,-0.445855458006745,0.91969076927366,0.335167388631161,1.72798330917911,-0.239311987511641,-0.616467950568401,0.539838500289723,"Low"
"39087",51.01073756,0.200960472848171,52,11.9845333,1092.085714,1038.83524269426,-0.0165224792061793,-48.0450032529473,-33.2074920525095,2,38.59735497,"Western Allegheny Plateau","Oak / hickory group",-0.162061967876595,-0.35722423204603,-0.047988960014864,0.768475698619232,0.548681025272083,-0.102929529583467,0.149932928231804,-0.0694155105324832,1.26190814000069,"Moderate"
"39089",99.24248848,0.436111111111111,42,10.234156,1023.715596,1112.87065614334,-0.115971662079033,-38.2738404443258,-28.6941537094581,5,40.08899101,"Erie Drift Plain","Oak / hickory group",1.08587928524461,0.290716073100574,0.429414711735291,1.00989963716393,-0.182731346541131,0.159964616640062,-0.0622540569344703,-0.480513834671579,0.605481194808903,"Moderate"
"39091",38.15923325,0.470254957507082,33,9.945368078,924.3333333,819.339972324211,-0.240703605856041,-40.1274175204659,-30.9673824882963,2,40.38972267,"Eastern Corn Belt Plains","Maple / beech / birch group",1.26708021573122,0.167802626681765,0.188961263919598,0.052718060538154,-1.1000891789876,-0.172978515755861,-0.370687380119837,-0.548339343358084,0.0146969441362909,"Low"
"39093",243.3200303,0.381516587677725,37,9.945611493,912.7862069,1316.28280643188,0.0379754738618723,-49.7729644982395,-35.4961819629605,5,41.29507265,"Erie Drift Plain","Oak / hickory group",0.796146888640042,-0.471807906321547,-0.290077827212028,1.67321142516765,0.949493540377719,0.945280132337984,-0.406523941615166,-0.548282174255988,0.277267722213007,"Low"
"39095",489.152433,0.404761904761905,30,9.865596792,857.1612903,1259.51828324721,-0.155815210248675,-24.4318832788358,-23.1802378723647,4,41.62231563,"Huron/Erie Lake Plains","Oak / hickory group",0.919509471644364,1.20859679265222,1.01265564478043,1.48810656631142,-0.475766072683328,2.28522525954456,-0.579156133846858,-0.567074642307071,-0.182231139421246,"Low"
"39097",36.67615496,0.383928571428571,12,10.56071928,968.4868421,755.258214391397,-0.141251540978285,-48.9399011106652,-32.3900570829628,2,39.89235092,"Eastern Corn Belt Plains","Oak / hickory group",0.808947253745464,-0.416566236919099,0.0384761853424266,-0.156247752824233,-0.368655611082272,-0.181062248844442,-0.233656756349602,-0.403816303725898,-1.36379964076647,"Moderate"
"39099",214.3583285,0.29426433915212,24,9.589552134,985,1252.79707912423,0.0156140599403767,-51.2000474497515,-36.5081805723251,3,41.01639813,"Erie Drift Plain","Oak / hickory group",0.333100387184526,-0.566439894466943,-0.397123170413592,1.46618922303558,0.785033518475593,0.787420180694922,-0.182408092563829,-0.631907233709707,-0.576087306536321,"Low"
"39101",62.32137423,0.425925925925926,24,9.901867226,937.390625,1384.1286702172,0.203977046245715,-27.4037066117324,-25.4250267142035,2,40.58594325,"Eastern Corn Belt Plains","Oak / hickory group",1.03182664538292,1.01153077759618,0.775210464751436,1.89445170581097,2.17037439906934,-0.041279265724371,-0.330164013460449,-0.558556070549315,-0.576087306536321,"Low"
"39103",164.0900818,0.470225872689938,31,9.44290192,959.3382353,1440.79847329608,-0.0363189632717873,-43.1803143650982,-34.1945998041986,4,41.11789898,"Erie Drift Plain","Unknown",1.26692586300047,-0.0346394932414447,-0.152401443469586,2.07924768949607,0.403085124474177,0.513425819174236,-0.262049500901596,-0.666349897705658,-0.116588444902067,"Low"
"39105",20.62376016,0.218106995884774,53,11.61337681,1056.173913,1023.36048590779,-0.0243906114590373,-52.4893667988724,-35.1316582627267,2,39.09274599,"Western Allegheny Plateau","Oak / hickory group",-0.0710656022998906,-0.651936573712089,-0.251519904073053,0.718013675685027,0.490813789900622,-0.268558152378789,0.038480483669968,-0.156586322809556,1.32755083451987,"Moderate"
"39107",34.25974489,0.333333333333333,14,10.10505864,908.7887324,966.159579554727,0.333160690616041,-41.274895067638,-31.8213548458135,2,40.54043016,"Eastern Corn Belt Plains","Unknown",0.540439010276717,0.091711687801128,0.0986313333750568,0.531485803998585,3.1204728614084,-0.194233242021369,-0.418930122666866,-0.510833988130368,-1.23251425172811,"Low"
"39109",100.7461951,0.47265625,32,10.50033584,960.4153846,1077.89927234216,-0.0567299393081688,-45.1595993670814,-26.6223431854295,2,40.05437257,"Eastern Corn Belt Plains","Oak / hickory group",1.27982384247559,-0.165888818759338,0.64856290674368,0.895860573689986,0.252969859948785,0.168160787429948,-0.258706562945266,-0.417998120977387,-0.0509457503828881,"Moderate"
"39111",11.71464216,0.294392523364486,50,10.6955617,1006.643836,1020.09020428421,-0.119346611008867,-36.1864916966658,-29.4161475019273,3,39.72999711,"Western Allegheny Plateau","Unknown",0.333780659063829,0.429131265948744,0.353044969139707,0.707349532230786,-0.207552861713099,-0.317118590794129,-0.115236344984378,-0.372146850011628,1.13062275096233,"Moderate"
"39113",445.2175202,0.32824427480916,24,11.0079452,995.9868421,861.842681916156,-0.107547313625321,-46.7484336610989,-30.3528676963096,5,39.75459551,"Eastern Corn Belt Plains","Maple / beech / birch group",0.513431445599124,-0.271246778447078,0.253962288824123,0.191316213374379,-0.120773344418698,2.0457516520216,-0.148310376048306,-0.298779620364223,-0.576087306536321,"Moderate"
"39115",13.49697108,0.387070376432079,47,10.90169531,1029.15625,993.098571189487,-0.130795909753083,-38.8667851974399,-28.1440436028765,1,39.62083489,"Western Allegheny Plateau","Unknown",0.825620770356361,0.251397026658237,0.487603255289367,0.619331838185447,-0.2917582670085,-0.30740374879119,-0.0453689614664059,-0.323733755520662,0.933694667404798,"Moderate"
"39117",33.41442473,0.547094188376753,33,9.572055513,993.8181818,1330.78395034916,-0.0663944834613748,-45.1388408407845,-33.415632520249,2,40.52400969,"Erie Drift Plain","Maple / beech / birch group",1.67486497348784,-0.164512290077272,-0.0700052628013841,1.72049856945193,0.181890671991782,-0.198840782023749,-0.155040823564964,-0.636016537213127,0.0146969441362909,"Low"
"39119",49.98530572,0.213855421686747,45,10.61756782,1006.876106,1116.54968721397,-0.0650931022027728,-33.4099053807976,-27.9909103658258,4,39.96637102,"Western Allegheny Plateau","Oak / hickory group",-0.0936286489988787,0.613250824695849,0.503801103551185,1.02189668195264,0.191461855238248,-0.108518794392334,-0.11451549393883,-0.390464702603241,0.80240927836644,"Moderate"
"39121",13.97880381,0.307877813504823,49,10.80078963,983.704918,980.135638888209,-0.128420787281335,-42.4136154471256,-32.3024442895589,1,39.76629574,"Western Allegheny Plateau","Oak / hickory group",0.405346911236266,0.0162014497043028,0.0477435316134422,0.57706068678011,-0.274290109802733,-0.30477744968822,-0.186427385687224,-0.347432735131581,1.06498005644316,"Moderate"
"39123",61.47975974,0.354838709677419,24,9.904306716,874.2553191,1071.34174483654,-0.0283965307261385,-50.8049168258173,-29.409535777404,2,41.53823716,"Huron/Erie Lake Plains","Oak / hickory group",0.654567751333642,-0.540238196464449,0.35374433207776,0.874476967605166,0.461351718641688,-0.0458666074355373,-0.526104734470635,-0.55798312536158,-0.576087306536321,"Low"
"39125",17.37685294,0.227544910179641,17,9.700121698,862.7619048,989.70412573822,-0.00624397916038788,-43.9299940953648,-17.0514661782604,2,41.11684177,"Huron/Erie Lake Plains","Oak / hickory group",-0.0209787189344413,-0.0843518685958467,1.66093367928419,0.608262805788085,0.62427563429754,-0.286255890594529,-0.561774600209114,-0.605938568290434,-1.03558616817057,"Low"
"39127",34.14528621,0.181314878892734,48,10.66602278,1030.590909,1109.58142187754,-0.097972393889278,-46.2105376176701,-32.0346797165476,2,39.73729273,"Western Allegheny Plateau","Oak / hickory group",-0.26632086898,-0.235578093630068,0.0760666442639734,0.99917369056282,-0.0503533112745949,-0.194857115639526,-0.040916490462163,-0.379084440272241,0.999337361923977,"Moderate"
"39129",44.76437749,0.457831325301205,18,11.11508659,979.2727273,1154.3981006363,0.125146648611372,-64.682771266802,-54.2100369475297,2,39.64174814,"Eastern Corn Belt Plains","Oak / hickory group",1.20114816784121,-1.46049931762167,-2.26955784913148,1.14531752355261,1.59060565246808,-0.136976220119979,-0.200182710525408,-0.273616105118148,-0.969943473651395,"Moderate"
"39131",24.47898471,0.32221379833207,46,11.3779714,1039.185714,993.924831876792,-0.151460658729014,-44.2659219904761,-29.4616700555554,1,39.07618495,"Western Allegheny Plateau","Maple / beech / birch group",0.481427788593003,-0.106627745799901,0.348229767486821,0.622026212405847,-0.443739938700406,-0.247544692422643,-0.0142424724205091,-0.211874271038933,0.868051972885619,"Moderate"
"39133",128.7068378,0.252121212121212,38,9.324969941,1004.680556,1105.27004289895,-0.0651817706260946,-33.920592859433,-25.1115849970959,6,41.16788099,"Erie Drift Plain","Oak / hickory group",0.109447382685385,0.579386380184741,0.808365131043455,0.985114606604494,0.190809731410447,0.320564321414644,-0.121329393766848,-0.694047719729119,0.342910416732186,"Low"
"39135",37.31088117,0.349680170575693,33,10.43105468,1017.625,1082.1203925035,-0.15724005126992,-40.311426014051,-34.2700513993231,1,39.74199521,"Eastern Corn Belt Plains","Unknown",0.627191454171802,0.155600750424222,-0.160382424688798,0.909625330404987,-0.486245257335231,-0.177602581677467,-0.0811562504791088,-0.434269680697918,0.0146969441362909,"Moderate"
"39137",27.0734867,0.446428571428571,10,9.871386706,884.0266667,1005.07831315471,0.0892407998251927,-32.6812134981239,-36.5976834913437,3,41.02097796,"Huron/Erie Lake Plains","Oak / hickory group",1.14063390744215,0.66157146473276,-0.406590446944637,0.658396879538697,1.32653126528843,-0.233402983433732,-0.495779310895153,-0.565714807520417,-1.49508502980483,"Low"
"39139",94.37082353,0.492094861660079,38,9.350073826,993.8481013,1107.34464960419,-0.111977616150129,-43.5549506256143,-34.1300868942457,3,40.77161324,"Erie Drift Plain","Unknown",1.38298429134024,-0.0594821795943532,-0.1455775145403,0.991879743697363,-0.1533565993426,0.133410901021451,-0.154947968254949,-0.688151753726315,0.342910416732186,"Low"
"39141",43.03583497,0.345758354755784,50,11.24614923,1012.066667,1132.96864214161,-0.0652204093987685,-40.473003813195,-29.5417600920866,1,39.33721741,"Western Allegheny Plateau","Maple / beech / birch group",0.606378430720276,0.144886286799698,0.339758149672157,1.07543766431164,0.190525557367494,-0.146397891557124,-0.0984065632812631,-0.242834380708647,1.13062275096233,"Moderate"
"39143",55.61161693,0.481481481481481,17,9.789927496,886.4492754,628.817830962667,-0.25504314935998,-19.1227924112118,-14.3586735270589,3,41.35661048,"Huron/Erie Lake Plains","Oak / hickory group",1.32665922644664,1.56065048617825,1.9457669891832,-0.56856037372234,-1.20555127753842,-0.077851770000162,-0.488260733315828,-0.5848465368434,-1.03558616817057,"Low"
"39145",47.73939402,0.110205831903945,50,11.75441304,1061.380435,953.315030069194,-0.0530327008069456,-48.8132505473,-34.7626339181882,3,38.8024239,"Western Allegheny Plateau","Oak / hickory group",-0.643695618472352,-0.408167850127158,-0.212485919989164,0.489600690089383,0.280161697058157,-0.120760461501709,0.0546389493666613,-0.123462174206911,1.13062275096233,"Moderate"
"39147",38.71417377,0.533333333333333,25,9.679571436,919.452381,904.385794366387,0.0343505529592372,-50.6637220898991,-39.3517753207888,3,41.12369899,"Huron/Erie Lake Plains","Oak / hickory group",1.60183630210612,-0.530875364008602,-0.69790774952144,0.330046116905595,0.922833572759671,-0.169953732051611,-0.385835438709957,-0.610765058138548,-0.510444612017142,"Low"
"39149",46.03558691,0.559585492227979,19,10.09754103,924.2923077,710.116498132434,-0.050366252090746,-37.144748208986,-31.8551758712118,2,40.3316735,"Eastern Corn Belt Plains","Oak / hickory group",1.74115615388338,0.365587854671875,0.0950538746338211,-0.303451508759242,0.299772452254882,-0.130047309002974,-0.370814703263826,-0.512599594249992,-0.904300779132216,"Low"
"39151",249.3513098,0.16120218579235,28,9.739976421,966.8181818,1457.02787548131,-0.0614912638122924,-44.8871220578874,-30.1414373322538,10,40.81399419,"Erie Drift Plain","Oak / hickory group",-0.373058658920717,-0.147820444060995,0.276326584263022,2.13217055455819,0.217952059420592,0.978154495066759,-0.238835451497147,-0.596578180770368,-0.313516528459604,"Low"
"39153",505.8414237,0.272413793103448,37,9.681799005,968.7058824,1061.49166238437,-0.00598529870068831,-34.9371994317131,-34.7978671866348,10,41.12441603,"Erie Drift Plain","Oak / hickory group",0.217139835179255,0.511973689847005,-0.21621276039989,0.842356586428009,0.626178134480095,2.3761910212621,-0.232976963740689,-0.610241885287298,0.277267722213007,"Low"
"39155",124.3970517,0.177236693091733,47,9.309851841,1002.509259,1197.81780737914,0.0148999901725928,-43.0509220559591,-34.4546770242701,3,41.31718776,"Erie Drift Plain","Oak / hickory group",-0.287963745803798,-0.0260592972187935,-0.179911417321172,1.2869059354215,0.779781796466346,0.297073207873176,-0.128068024294451,-0.697598397388255,0.933694667404798,"Low"
"39157",62.71731889,0.212247738343772,46,10.14057981,978.606383,949.705067893329,-0.0459736393324888,-37.6275204195157,-30.9750530060362,4,40.44375501,"Western Allegheny Plateau","Oak / hickory group",-0.102160602730643,0.333574513011975,0.188149905883724,0.477828873793738,0.332078512728818,-0.0391211119904309,-0.20225071321775,-0.502491390532433,0.868051972885619,"Low"
"39159",51.75136765,0.511904761904762,15,10.16312935,926.9253731,546.620684233311,-0.283997983977698,-8.85834141930676,-25.7946893344184,2,40.30013179,"Eastern Corn Belt Plains","Oak / hickory group",1.48811516369583,2.24130146274258,0.736108966307147,-0.83659911323969,-1.41850349747049,-0.0988926179751579,-0.362642972318859,-0.497195344871816,-1.16687155720893,"Low"
"39161",26.62375222,0.392857142857143,19,9.97092902,886.5588235,1095.41469028262,-0.0356107402422234,-38.5908562841586,-29.8751852483308,2,40.85547905,"Eastern Corn Belt Plains","Oak / hickory group",0.856331061416423,0.269694282345401,0.304489711601274,0.952977039816708,0.408293845861947,-0.235854326374671,-0.487920750268414,-0.542336031718007,-0.904300779132216,"Low"
"39163",12.21432606,0.163147792706334,42,11.20278648,1031.390625,1111.26300197401,-0.201784661075377,-32.8587986614749,-26.2131752529704,5,39.25209473,"Western Allegheny Plateau","Oak / hickory group",-0.362733349373381,0.649795529034541,0.691843126056095,1.00465719731932,-0.813854572647131,-0.314394991302789,-0.0384345680669255,-0.253018672892431,0.605481194808903,"Moderate"
"39165",223.6625448,0.450110864745011,37,11.21309632,1048.015625,741.225752862448,-0.119220750578332,-41.1654416313439,-31.6802603811373,1,39.42657086,"Eastern Corn Belt Plains","Unknown",1.16017578821111,0.0989697075783818,0.113555766329157,-0.202006558941062,-0.206627204273231,0.838134159636401,0.0131611982061312,-0.250597276119209,0.277267722213007,"Moderate"
"39167",36.78934979,0.256353591160221,51,11.26447957,1029.887755,1048.53350222455,-0.0971237445079181,-41.6773746412113,-29.0850932444124,3,39.45699854,"Western Allegheny Plateau","Oak / hickory group",0.131908560935383,0.0650226700430511,0.388062622608887,0.800100996618568,-0.0441118054227887,-0.180445264023818,-0.0430987322328678,-0.23852926771678,1.19626544548151,"Moderate"
"39169",80.77335789,0.293577981651376,38,9.551092831,969.25,1570.48290755404,-0.00899215723455926,-49.3560350708406,-35.6606097951122,12,40.82939635,"Erie Drift Plain","Unknown",0.329457897221943,-0.444160697314336,-0.307470374555171,2.50213891719254,0.604063789561072,0.0592959445447359,-0.231288292190935,-0.640939889132545,0.342910416732186,"Low"
"39171",33.74012782,0.54916067146283,29,9.054792867,885.6,1100.9963181523,-0.103184003331206,-36.250686950792,-27.5833818095896,4,41.56071818,"Eastern Corn Belt Plains","Oak / hickory group",1.6858317712437,0.424874383389096,0.546907915915415,0.971178310276497,-0.0886827928527206,-0.197065490143719,-0.490896463543789,-0.757502234559839,-0.247873833940425,"Low"
"39173",81.74334779,0.5,21,9.731328319,863.6464646,1050.32050652846,-0.127285133551586,-45.9062733232258,-41.7964281644463,4,41.36304132,"Huron/Erie Lake Plains","Unknown",1.42493675346789,-0.215401876771466,-0.956493779419544,0.805928283820024,-0.265937791925006,0.0645830150271846,-0.559029364678567,-0.598609297284038,-0.773015390093858,"Low"
"39175",20.78833314,0.561538461538462,18,9.791309834,913.53125,992.763561169996,-0.142698100230326,-47.1504202281595,-30.9937991521262,2,40.84338115,"Eastern Corn Belt Plains","Maple / beech / birch group",1.75152053556925,-0.297903104211731,0.186167010232147,0.618239395601695,-0.3792945253794,-0.267661123507905,-0.404211696824131,-0.584521877219905,-0.969943473651395,"Low"
"40001",14.91652861,0.0620842572062084,45,14.80178876,1168.918605,573.02577757547,-0.0308961404092722,-73.2042004231782,-41.2610856874115,0,35.88475354,"Ozark Highlands","Oak / hickory group",-0.899076163786072,-2.02556792982367,-0.899867299250223,-0.75049408139991,0.442968003520715,-0.299666244807901,0.388384169502135,0.592252689962185,0.80240927836644,"High"
"40013",20.20705205,0.470869149952244,39,16.86542758,1059.797101,543.842197440042,0.0459246300592364,-47.3069138671482,-36.3628406986955,1,33.96475383,"East Central Texas Plains","Elm / ash / cottonwood group",1.270339726721,-0.308280429632035,-0.381749674334066,-0.845659550584134,1.00795667723085,-0.270829480305171,0.0497250647954625,1.07692445788924,0.408553111251365,"High"
"40017",62.27518463,0.0794701986754967,12,15.42078336,817.1615385,338.50205790634,-0.183668362760216,-47.6327578419854,-32.8280730692961,1,35.54145408,"Central Great Plains","Elm / ash / cottonwood group",-0.806809207829036,-0.32988762711931,-0.0078554707991356,-1.51525836712399,-0.680615823605739,-0.0415310288311375,-0.703295553086141,0.737631427855523,-1.36379964076647,"High"
"40019",22.71896568,0.146774193548387,28,16.7332801,928.4672131,311.219418862735,-0.01066016845847,-52.1794502725655,-37.4460603914423,1,34.25109697,"Cross Timbers","Oak / hickory group",-0.449627818392107,-0.631385548971401,-0.496328511399441,-1.60422500977441,0.59179617699505,-0.257137931137872,-0.357857864573268,1.04588794503729,-0.313516528459604,"High"
"40021",25.18826473,0.100292519849561,48,15.15258121,1150.231405,572.109946794465,0.0346106362071887,-52.0670250428102,-41.6499950492245,0,35.90683373,"Ozark Highlands","Oak / hickory group",-0.696305431310267,-0.623930465159928,-0.941004644424751,-0.753480536987718,0.924746389936825,-0.243678658912879,0.330388355757902,0.674640748991314,0.999337361923977,"High"
"40027",202.1778533,0.13125,26,15.79124419,934.8372093,362.67663600039,-0.043920598263117,-45.7188668730154,-35.5635482675855,3,35.20403207,"Cross Timbers","Oak / hickory group",-0.532014503342574,-0.202974676967915,-0.297203577318871,-1.43642687845897,0.347177879004144,0.721028735905531,-0.338088551184067,0.8246388555525,-0.444801917497963,"High"
"40031",43.82474854,0.12093023255814,20,16.22914539,788.9593023,258.846440333489,-0.196472404828189,-41.8697939429993,-20.6016144040532,1,34.6643235,"Central Great Plains","Oak / hickory group",-0.586781369418072,0.0522630606128811,1.28541257507535,-1.77500937040399,-0.774784870622501,-0.142097803845747,-0.790821326761494,0.927485510075784,-0.838658084613037,"High"
"40035",7.239648966,0.214765100671141,24,14.57869707,1070.130435,492.902512471444,-0.0621118916223959,-27.1444298377407,-23.5293296297439,0,36.76254147,"Central Irregular Plains","Oak / hickory group",-0.0888009949465292,1.02872380521715,0.9757300535477,-1.01177004825567,0.213387568838689,-0.34151018953671,0.0817946158261648,0.539856775156641,-0.576087306536321,"High"
"40039",11.29630923,0.255813953488372,14,15.11302642,693.9862069,367.720991663559,-0.119008972204716,-21.8502984795042,-24.7117551971849,1,35.63898065,"Central Great Plains","Unknown",0.129044711118035,1.37978551147746,0.850657598402237,-1.41997761242684,-0.205069651781892,-0.319398775037325,-1.08557077833967,0.665350804542952,-1.23251425172811,"High"
"40041",22.36698485,0.0938729623383924,38,14.59314762,1128.675439,643.867000780368,0.0763734861868035,-45.4286831474064,-31.3041804245059,1,36.40813987,"Ozark Highlands","Oak / hickory group",-0.730373936095754,-0.183732163522762,0.153336066080867,-0.51948615801993,1.23189687900945,-0.259056453646901,0.263489313139799,0.543250670225943,0.342910416732186,"High"
"40043",1.886811373,0.0552325581395349,17,14.63826502,662.5465839,275.701583583805,-0.107818608641028,-31.7045678231778,-31.1383213190465,1,35.98804855,"Central Great Plains","White / red / jack pine group",-0.935438037955058,0.726334288670801,0.170880008041571,-1.72004601059206,-0.12276862004759,-0.370686606358464,-1.1831437972883,0.553847064231688,-1.03558616817057,"High"
"40047",22.45286202,0.0666666666666667,10,14.98091457,838.7405063,324.3357675182,-0.439333371480987,-24.7346193737072,-9.71369881867269,2,36.37927052,"Central Great Plains","Elm / ash / cottonwood group",-0.874757378829153,1.18852191297498,2.43709465230516,-1.56145357912784,-2.56093846695195,-0.2585883676899,-0.63632512427275,0.63432265984871,-1.49508502980483,"High"
"40051",19.4061391,0.186635944700461,24,15.95179161,841.2560976,312.248179638203,-0.221583149756999,-52.2062790288283,-28.1403862589949,1,35.01473219,"Central Great Plains","Elm / ash / cottonwood group",-0.238082044790162,-0.633164603610045,0.48799011514015,-1.6008702979323,-0.959465216662739,-0.275194972375713,-0.628517974753753,0.862345454756486,-0.576087306536321,"High"
"40061",8.49427909,0.153551912568306,44,16.04127895,1155.282609,441.191986733525,-0.0457347757384694,-51.3754721445538,-32.2319505331435,1,35.22260705,"Arkansas Valley","Oak / hickory group",-0.413658555329494,-0.578072566289805,0.0552000916118715,-1.18039419994561,0.333835267111253,-0.334671646274567,0.346064791305663,0.883362692300451,0.736766583847261,"High"
"40063",6.366477312,0.215331610680448,38,15.9868793,1049.03937,436.835330274394,0.0412287845479022,-54.7466031069407,-34.3818827390198,0,35.04920221,"Cross Timbers","Oak / hickory group",-0.0857945339981656,-0.801617262784969,-0.172211516179388,-1.19460093037703,0.973420450749186,-0.346269538142272,0.0163383956643693,0.87058624407483,0.342910416732186,"High"
"40069",6.621480303,0.194630872483221,33,16.44783149,1012.369565,475.295156883725,0.0539131807098516,-48.6032167301733,-33.2169181337746,1,34.3144259,"Cross Timbers","Oak / hickory group",-0.195653071305197,-0.394240196046919,-0.0489860148474805,-1.06918631616465,1.06670954588123,-0.344879607394898,-0.0974665179030633,0.978846716155475,0.0146969441362909,"High"
"40071",18.50491516,0.293706293706294,22,14.65314714,889.2551724,514.044189626601,-0.0888628955497364,-52.2963135070333,-45.0695703415638,1,36.81811419,"Central Great Plains","Elm / ash / cottonwood group",0.330138847559938,-0.63913492346086,-1.30271424301983,-0.942828622410204,0.0166437177012095,-0.280107224030344,-0.479552618681346,0.55734231899284,-0.707372695574679,"High"
"40073",6.797475565,0.0566037735849057,9,15.42776573,811.1538462,377.333134758324,-0.376166951335465,-19.3828887287794,-12.9379671418238,1,35.94532312,"Central Great Plains","Oak / hickory group",-0.928161016153902,1.54340311340665,2.09604387809279,-1.38863313367426,-2.09637254651946,-0.343920319721108,-0.721940454605013,0.739271326068051,-1.56072772432401,"High"
"40077",5.474689377,0.0597269624573379,41,15.94755605,1207.271028,422.297460784119,0.0650418320132766,-45.1487449866766,-33.595265078374,1,34.87842748,"Ouachita Mountains","Oak / hickory group",-0.911586295098546,-0.165169048688015,-0.0890061079178991,-1.24200783400437,1.14855670650926,-0.351130357484558,0.507411096005196,0.8613506797341,0.539838500289723,"High"
"40079",12.14583565,0.0855572998430141,59,15.79525417,1247.920833,585.369639398497,0.0561122173148139,-51.4268439916616,-38.6187556645774,0,34.89821958,"Arkansas Valley","White / red / jack pine group",-0.774505044357563,-0.581479109701568,-0.620371733220086,-0.710241672460284,1.08288265593077,-0.314768308205411,0.63356795843078,0.825580650248895,1.72140700163495,"High"
"40081",14.16343643,0.0984578884934757,30,15.66814348,937.5416667,380.730663204911,-0.0512869775848814,-49.2735468501294,-32.8911057103406,1,35.70287536,"Cross Timbers","Oak / hickory group",-0.706041795074538,-0.438690780995732,-0.0145228225435665,-1.37755404786005,0.293000852951593,-0.303771082843267,-0.329695254828829,0.795727091453792,-0.182231139421246,"High"
"40083",24.60768598,0.0824053452115813,21,15.50545515,895.6134454,324.956623725681,-0.0301268293348631,-49.2727850023344,-27.424148278562,1,35.91899656,"Central Great Plains","Oak / hickory group",-0.791232424906423,-0.438640261737949,0.563751029947704,-1.55942901353285,0.448626005138638,-0.24684318750422,-0.459819688298892,0.757517672364554,-0.773015390093858,"High"
"40087",27.0073957,0.26219512195122,23,15.98378942,922.2763158,344.634400710482,-0.198622437180844,-32.1825867955575,-25.9780772143931,1,35.01150734,"Central Great Plains","Oak / hickory group",0.162909485743905,0.694636141285898,0.716710897605032,-1.49526125650746,-0.790597572317004,-0.233763222004521,-0.377071343677707,0.869860546541052,-0.6417300010555,"High"
"40089",6.866223869,0.0910269192422732,61,16.1546337,1289.176259,611.504117989783,0.0603999944022269,-53.0608218449465,-38.8320707583273,0,34.11637556,"Ouachita Mountains","White / red / jack pine group",-0.745477848269007,-0.689830605792295,-0.642935388159166,-0.625019095056029,1.11441768838369,-0.343545597129876,0.761604368499435,0.909985494000523,1.8526923906733,"High"
"40091",12.28772288,0.312540192926045,42,15.83769466,1079.859813,446.877278786331,-0.0523526448116525,-41.0834173567483,-30.9228668306679,0,35.37230692,"Cross Timbers","Oak / hickory group",0.430090095692097,0.104408858941617,0.193669959963822,-1.16185488834834,0.285163260209451,-0.313994931301621,0.111989786549186,0.835548337966647,0.605481194808903,"High"
"40095",17.34441712,0.309055118110236,25,16.93430328,994.6721311,489.341354943633,-0.0291997987329957,-38.2303626157402,-32.9335799820661,1,34.02314608,"Cross Timbers","Oak / hickory group",0.411594850835484,0.293599152430294,-0.0190155885928673,-1.02338271624913,0.45544397620354,-0.286432686730753,-0.152390587866207,1.0931007901828,-0.510444612017142,"High"
"40097",24.21139158,0.190513833992095,45,15.114614,1089.489796,558.193059766372,-0.0930702383899773,-36.1691430936577,-29.005377807413,1,36.30172287,"Central Irregular Plains","Oak / hickory group",-0.217502138829389,0.430281677557586,0.396494616717476,-0.798862463312944,-0.0142997502782739,-0.249003247546701,0.14187648441875,0.665723667855014,0.80240927836644,"High"
"40099",12.95616176,0.189285714285714,26,16.33871744,977.5084746,294.022517895649,0.183991256740379,-49.7473816260945,-28.5188211414328,1,34.48116554,"Cross Timbers","Oak / hickory group",-0.224019753481365,-0.470111468107506,0.447960720341434,-1.66030281590556,2.02338622599057,-0.310351508342506,-0.205658077139292,0.953219896672025,-0.444801917497963,"High"
"40101",32.60339485,0.245566166439291,41,15.74638847,1104.130769,513.986340751949,0.0242557198646316,-40.3038797078248,-33.2733975736059,0,35.61255142,"Central Irregular Plains","Oak / hickory group",0.0746598440123396,0.156101157187952,-0.054960194025819,-0.943017263257985,0.848589766993827,-0.203261417887001,0.187314813496533,0.814103920415914,0.539838500289723,"High"
"40105",6.989612237,0.423963133640553,19,14.70175547,1029.711111,651.320102110129,-0.0486687768260237,-28.2510734467883,-22.7445005009397,0,36.79839018,"Central Irregular Plains","Elm / ash / cottonwood group",1.02141013330233,0.955340625366523,1.05874627775,-0.495182152766536,0.312256762066177,-0.342873050953539,-0.0436469477238472,0.568758602214863,-0.904300779132216,"High"
"40109",431.7280487,0.0968421052631579,20,15.72257372,915.6442308,249.811373070101,-0.183606614565654,-31.2505320918748,-17.1997009096417,4,35.55146966,"Cross Timbers","Oak / hickory group",-0.714616734798751,0.756442071751476,1.6452539762211,-1.80447204808922,-0.680161688215833,1.97222533325118,-0.397654050899545,0.808510724129152,-0.838658084613037,"High"
"40111",21.3428045,0.230312035661218,29,15.63655846,1044.684211,422.863271412206,0.0418618047004544,-38.8280602464191,-31.7324958738376,1,35.64645727,"Central Irregular Plains","Oak / hickory group",-0.00629362147295159,0.253964935623899,0.10803049565026,-1.24016276792127,0.978076082477963,-0.264638897028207,0.00282213907212886,0.788308948639726,-0.247873833940425,"High"
"40113",8.090140301,0.0738820479585224,39,14.85881019,967.7947977,351.190159437974,-0.16664383999059,-40.8004185832111,-30.2751000147902,2,36.62862687,"Flint Hills","Oak / hickory group",-0.836465448015692,0.123174927553227,0.262188256805898,-1.47388341827565,-0.555406684443277,-0.33687446329579,-0.235804519424067,0.605644896495607,0.408553111251365,"High"
"40115",25.65419859,0.0806451612903226,30,14.35257991,1114.493151,712.138009546722,0.0420918508797892,-38.0244727313791,-38.2361108163972,0,36.83533229,"Central Irregular Plains","Oak / hickory group",-0.800573697142151,0.307252016179716,-0.579897024343285,-0.296859511433717,0.979767987999891,-0.241139018904278,0.219474515132871,0.48675029032329,-0.182231139421246,"High"
"40119",46.17659022,0.0919324577861163,30,15.40647112,913.1836735,378.10818195219,-0.237991501059198,-36.8208575866459,-30.486465794853,3,36.07706914,"Central Great Plains","Oak / pine group",-0.740672167478596,0.387065522456512,0.239830792814822,-1.38610576282044,-1.08014264001401,-0.129278750033207,-0.405290402138778,0.734270016645108,-0.182231139421246,"High"
"40121",12.99949166,0.16292735042735,42,16.09005933,1134.057692,370.071960829065,0.0127905178530114,-51.0405375019939,-38.0106673633309,0,34.92039229,"Arkansas Valley","Oak / hickory group",-0.363903233562973,-0.55586255313631,-0.556050477932338,-1.41231127804858,0.764267398982438,-0.310115332444904,0.280193160827647,0.894819383648578,0.605481194808903,"High"
"40123",20.57232352,0.225634178905207,32,16.1155802,1022.277778,424.606631270935,0.0277435238710548,-54.3996286951726,-32.3572262001647,0,34.72991606,"Cross Timbers","Oak / hickory group",-0.0311189439349313,-0.778608874669614,0.0419489105855363,-1.2344778019869,0.874241289983404,-0.268838515237269,-0.0667163319101812,0.900813283870875,-0.0509457503828881,"High"
"40125",35.53806398,0.187961985216473,32,15.86160212,972.7924528,418.708589146781,-0.0139804715895155,-41.7248459444824,-36.2928646359871,1,35.20601415,"Cross Timbers","Oak / hickory group",-0.231044765727406,0.0618747774810685,-0.374347873996397,-1.25371087563341,0.567376561689395,-0.187265578617978,-0.220294273141183,0.841163308373555,-0.0509457503828881,"High"
"40127",3.058578566,0.0631556180382827,53,16.0514397,1228.005025,495.886964461204,0.0273584413356611,-55.1835960610399,-38.8654608171796,1,34.41638495,"Ouachita Mountains","White / red / jack pine group",-0.893390466357393,-0.830594914019695,-0.646467260907103,-1.00203797383076,0.871409148758913,-0.364299719506949,0.571759153937121,0.885749073394971,1.32755083451987,"High"
"40131",52.5958381,0.113138686131387,30,15.13932509,1061.970297,557.857945709104,-0.184482599960577,-62.3407182906097,-39.2274079635449,1,36.36999638,"Central Irregular Plains","Unknown",-0.628131000800665,-1.30519430942709,-0.684752646030138,-0.799955245156095,-0.686604240450712,-0.094289709440239,0.0564695888785626,0.671527380966839,-0.182231139421246,"High"
"40133",15.02352974,0.283395755305868,38,15.91779469,993.7894737,407.503990134579,0.0191804979491383,-48.933768234175,-35.8091658418431,0,35.16456757,"Cross Timbers","Oak / hickory group",0.275420959882363,-0.416159556778535,-0.323184065127296,-1.29024823386941,0.81126336579619,-0.299083019646472,-0.15512991928934,0.854360846616349,0.342910416732186,"High"
"40135",23.89603113,0.152311876699909,55,15.61635356,1168.070707,593.230536920754,0.0655819926939225,-55.0997684967237,-36.9573125652272,0,35.49454799,"Arkansas Valley","Oak / hickory group",-0.420239408891933,-0.825036183839208,-0.444630635224431,-0.684607874364123,1.15252939078055,-0.250722165368966,0.3857527140416,0.783563571440537,1.45883622355823,"High"
"40137",19.25655269,0.120192307692308,25,16.49608117,853.6470588,291.260233308383,-0.0500542123456618,-34.1904742386643,-26.2471850769373,1,34.48569254,"Cross Timbers","Oak / hickory group",-0.59069752668891,0.561490145454293,0.688245696924204,-1.66931041906966,0.302067390468138,-0.276010314775553,-0.590062567958341,0.990178765873126,-0.510444612017142,"High"
"40143",440.321646,0.205821205821206,29,15.54787548,1019.195402,415.684739556236,0.040272976089152,-39.4835859161577,-26.18675160735,4,36.11933426,"Central Irregular Plains","Oak / hickory group",-0.136266123807169,0.210496055737148,0.694638118250647,-1.26357142268388,0.966390829070872,2.01906598037842,-0.0762825004311847,0.767480625250442,-0.247873833940425,"High"
"40145",55.15076178,0.255874673629243,28,15.4947442,1074.825581,546.734194107983,-0.0585723088286647,-39.1138269724481,-33.0078920563829,0,35.95922332,"Central Irregular Plains","Oak / hickory group",0.129366952083434,0.235015319975227,-0.0268760356583594,-0.836228966039447,0.239419905873596,-0.080363727764103,0.0963660236838417,0.755002069817071,-0.313516528459604,"High"
"40147",48.31344195,0.236051502145923,27,14.91235001,1018.585714,589.697226828379,-0.0745350290215283,-33.4144154661686,-27.7127975089753,1,36.71339156,"Central Irregular Plains","Elm / ash / cottonwood group",0.024165649444106,0.612951754242439,0.533218818096288,-0.696129733956189,0.122019936365752,-0.117631530090966,-0.0781746700280257,0.618219402733039,-0.379159222978783,"High"
"40153",6.322850898,0.0811965811965812,13,14.40116223,605.0962567,240.974959260786,-0.376105503828251,-34.5559462963153,-24.146488323743,1,36.42303801,"Central Great Plains","White / red / jack pine group",-0.797647319166333,0.537255150992016,0.910449366798099,-1.83328693173842,-2.09592062257504,-0.34650733023239,-1.3614411599663,0.498160464766702,-1.29815694624729,"High"
"41001",2.024919016,0.623570363003481,16,6.517192108,416.6927481,837.671962730805,-0.232344713678497,-55.2757432317642,-45.9049998184812,4,44.70765836,"Blue Mountains","Douglas-fir group",2.08072299667924,-0.836705329646463,-1.3910827785591,0.112497308321614,-1.03861258383926,-0.369933830641205,-1.94615234160537,-1.3534899792358,-1.10122886268975,"Low"
"41003",52.70620624,0.0629839958699019,17,10.595359,1784.769231,3007.88787386618,0.233980670011091,-53.7872478923639,-34.4659579480522,1,44.49195711,"Willamette Valley","Douglas-fir group",-0.894301262881079,-0.738000994931116,-0.18110467030266,7.18940886118299,2.39104007964393,-0.0936881319029917,2.29967950533442,-0.395680725847548,-1.03558616817057,"Moderate"
"41005",85.67230163,0.15526896317665,32,8.735550413,1920.166667,1805.80068733958,0.00327243531349564,-69.1990528330203,-54.9581744527758,3,45.18905327,"Cascades","Douglas-fir group",-0.404546191001342,-1.75998064993163,-2.34869297369584,3.26949257348692,0.694265382633629,0.0859983471604028,2.71988608950447,-0.832480376605815,-0.0509457503828881,"Low"
"41007",18.48896698,0.0603741496598639,13,9.67068246,2208.936709,1588.55543276552,-0.29755969622471,-58.004325081438,-38.7750224523313,1,45.99699583,"Coast Range","Douglas-fir group",-0.908151681378207,-1.01764164100699,-0.636901036493165,2.56107206840678,-1.51824493157676,-0.280194151896012,3.61608528311005,-0.612852746968215,-1.29815694624729,"Low"
"41009",30.54951839,0.00098765432098765,8,9.773442127,1723.876033,1493.44282226632,-0.0972191821836466,-110.11816460914,-86.6996339381448,0,45.94454189,"Coast Range","Douglas-fir group",-1.22331500799782,-4.47338767116695,-5.70618318454028,2.25091696881005,-0.0448137146265493,-0.214456369098619,2.1106971768155,-0.588718334980131,-1.62637041884319,"Low"
"41011",15.52450146,0.0277895930809585,26,11.21268014,1680.640569,1765.7343482892,-0.251340474479358,-64.5957805070142,-45.034395093857,1,43.17352387,"Coast Range","Douglas-fir group",-1.08107748191977,-1.45473083125564,-1.2989935398211,3.13883924252034,-1.17831945784663,-0.296352400705642,1.97651570943197,-0.250695021274233,-0.444801917497963,"Moderate"
"41013",3.076059326,0.598215944991637,11,6.73040749,356.5651303,551.863675229457,-0.268722080114234,-56.0430253450484,-48.2209928520865,4,44.14234247,"Blue Mountains","Douglas-fir group",1.94616744361083,-0.887584945138719,-1.63605966572139,-0.819502112263062,-1.30615481089906,-0.36420443809195,-2.13275868834609,-1.30341364071103,-1.42944233528565,"Low"
"41015",5.427161829,0.0442661913250149,33,11.16061675,1959.610714,1249.87524373222,-0.049244979326257,-56.0880575382364,-60.5272780296104,2,42.45984645,"Klamath Mountains/California High North Coast Range","Douglas-fir group",-0.993636398145755,-0.890571096691726,-2.93777145482302,1.4566613366464,0.30801900339219,-0.351389413270741,2.8423008762639,-0.262922769187783,0.0146969441362909,"Moderate"
"41017",24.53415834,0.419227362540029,22,6.037913942,551.1714286,564.071457052482,-0.344435664744805,-49.6094349373793,-45.1465856987772,4,43.91547836,"Eastern Cascades Slopes and Foothills","Douglas-fir group",0.996277460198231,-0.460964018481426,-1.31086063301326,-0.779693450012043,-1.86300053766513,-0.247243960558752,-1.52879711948284,-1.46605453936753,-0.707372695574679,"Low"
"41019",8.435161024,0.123499465778392,43,10.23394334,1430.402367,1859.14865548257,-0.12058359903538,-67.2357870206022,-59.393110045409,3,43.27819761,"Klamath Mountains/California High North Coast Range","Douglas-fir group",-0.573146483507804,-1.62979358064447,-2.81780350230449,3.4434563022273,-0.216650456285929,-0.334993877858348,1.19990026383907,-0.480563780571592,0.671123889328082,"Moderate"
"41023",0.611754526,0.601578106272473,18,5.845284727,436.1793548,721.930686974839,-0.326062327721059,-55.1388614038912,-49.0600589005924,4,44.48967044,"Blue Mountains","Douglas-fir group",1.9640103880017,-0.827628492522963,-1.72481286389771,-0.26492632374078,-1.72787136292025,-0.377636488433749,-1.88567556537991,-1.51129595529924,-0.969943473651395,"Low"
"41025",0.278496636,0.655238095238095,11,7.460292498,280.9515939,513.769430893629,-0.276822585531444,-49.3371619033366,-43.6987980603645,3,43.06031085,"Northern Basin and Range","Douglas-fir group",2.24878322284023,-0.442909189571487,-1.15771919269629,-0.943724590061,-1.36573106591628,-0.379452958845721,-2.36742565683774,-1.13199088311296,-1.42944233528565,"Low"
"41027",17.20899089,0.428812131423757,25,6.980627816,1636.588889,1362.7833133003,-0.143377865508787,-57.3330588153523,-50.7974391025709,3,45.51861624,"Cascades","Douglas-fir group",1.04714369887823,-0.973128978819186,-1.90858629823983,1.82484609551659,-0.384293950414707,-0.28717084701797,1.83980111182503,-1.24464622143283,-0.510444612017142,"Low"
"41029",30.35003974,0.295511462146022,35,9.838381772,903.2606838,1146.4065754342,-0.241025089227629,-57.8551430632208,-54.5911958937147,4,42.43133217,"Klamath Mountains/California High North Coast Range","Douglas-fir group",0.339718852026055,-1.00774916000967,-2.30987538497704,1.11925775837554,-1.10245357162029,-0.215543656380985,-0.436086447690126,-0.573466435158482,0.145982333174649,"Low"
"41031",5.211305064,0.5153125,25,8.087271586,600.8306709,755.759645274079,-0.143748777861041,-58.1414290086736,-52.5669734173904,4,44.63007903,"Blue Mountains","Douglas-fir group",1.50619998362358,-1.02673320586879,-2.09576087168685,-0.154612624269325,-0.387021875124192,-0.352565971841782,-1.37467942570793,-0.984736886876234,-0.510444612017142,"Low"
"41033",20.52199402,0.113669413475521,33,10.91385906,1393.891892,1063.02085191851,-0.225735514031192,-62.962972326231,-57.6638191102675,2,42.36463389,"Klamath Mountains/California High North Coast Range","Douglas-fir group",-0.625314437971847,-1.34645689788416,-2.63488571967651,0.847343158973691,-0.990004337394409,-0.269112843468776,1.08658983168158,-0.320876944454701,0.0146969441362909,"Moderate"
"41035",4.387046207,0.483639989123538,23,6.180399909,639.7568359,588.204114357798,-0.407736593772106,-55.3434926211669,-49.3795075862982,2,42.68506765,"Eastern Cascades Slopes and Foothills","Douglas-fir group",1.33811439727501,-0.841197892190232,-1.7586029243585,-0.700998661899515,-2.32855572173368,-0.357058714160791,-1.25387188818934,-1.43258990163083,-0.6417300010555,"Low"
"41037",0.374592582,0.6189111747851,17,7.005524105,340.3744493,444.116251414551,-0.415971892434819,-53.8520371245741,-47.7723507850176,1,42.79025009,"Northern Basin and Range","Douglas-fir group",2.05599674789368,-0.74229726505891,-1.5886040233918,-1.17085839182689,-2.38912333177816,-0.378929173969632,-2.18300654354474,-1.23879901198537,-1.03558616817057,"Low"
"41039",32.02608338,0.0841151015509018,37,9.419887282,1646.592021,2349.20260322579,-0.0574104222412701,-64.7997012594437,-59.2324015825316,3,43.93714778,"Willamette Valley","Douglas-fir group",-0.782158771165208,-1.4682531189447,-2.800804375621,5.0414855243497,0.247965156826042,-0.206408137695337,1.87084587938415,-0.671755177534452,0.277267722213007,"Low"
"41041",19.41803631,0.0420959147424512,14,10.07919341,2366.296089,2290.09309546178,-0.306760803528228,-67.5087667871074,-55.9890562435493,1,44.64178304,"Coast Range","Douglas-fir group",-1.00515402658202,-1.64789527403271,-2.45773570762102,4.84873384640249,-1.58591571098153,-0.275130124908936,4.10445086454482,-0.516908765669172,-1.23251425172811,"Low"
"41043",21.45584985,0.158533345142149,31,9.210355504,1708.961637,1862.25814292141,-0.0250514118554004,-64.5867634612102,-57.8006363236858,2,44.48936947,"Cascades","Douglas-fir group",-0.387222160112955,-1.45413289756809,-2.64935772134798,3.45359610788741,0.485953844637754,-0.26402272696998,2.06441027816168,-0.720966374908689,-0.116588444902067,"Low"
"41045",1.196139585,0.0523255813953488,5,8.393455923,288.9463625,304.619840640873,-0.465893552909203,-44.5427382217736,-47.7596425817361,3,43.18514298,"Northern Basin and Range","Hemlock / Sitka spruce group",-0.950865324173509,-0.124983840861399,-1.58725979824252,-1.62574574009561,-2.75627888839149,-0.374451213003744,-2.34261385460659,-0.912825609337192,-1.82329850240072,"Low"
"41047",112.3696802,0.188806620209059,28,9.623516021,1590.883838,1655.28494848497,0.071934352655459,-64.9679236479695,-60.1602130727472,4,44.90510361,"Cascades","Douglas-fir group",-0.226562299258831,-1.47940819515096,-2.89894472727508,2.77867202161363,1.19924867526194,0.231516276982356,1.69795526948553,-0.623930383788865,-0.313516528459604,"Low"
"41049",2.17244721,0.591291439881247,12,9.44679024,352.3304598,888.224450278818,-0.200387011173108,-60.8054783808516,-54.125607867856,4,45.41774788,"Columbia Plateau","Douglas-fir group",1.9094191887537,-1.20339027288763,-2.26062726392491,0.27734518420289,-0.803575368731599,-0.369129706845869,-2.14590100830768,-0.665436676404333,-1.36379964076647,"Low"
"41051",725.2355639,0.198625858838226,16,10.42063078,1588.810127,2231.23116526542,0.0297827001952267,-70.281661734017,-51.1665721102098,7,45.5463737,"Willamette Valley","Douglas-fir group",-0.174451732814708,-1.8317700526266,-1.94763177629097,4.65678950036163,0.889238686128074,3.57203056832709,1.69151949757131,-0.436717865909754,-1.10122886268975,"Moderate"
"41053",44.15358722,0.0216450216450216,17,10.33644913,1867.732824,1606.76168453643,-0.00216796024400412,-51.3894293061472,-46.2944533639786,1,44.90357718,"Willamette Valley","Douglas-fir group",-1.11368663932755,-0.578998086385922,-1.4322776854029,2.62044129191618,0.654253262841751,-0.140305420978136,2.55715740931042,-0.456488994819084,-1.03558616817057,"Moderate"
"41057",9.380329911,0.0563119629874422,13,9.364999394,2430.17619,1905.77776595885,-0.38403961213071,-59.5375272355075,-53.2268361693483,1,45.46201244,"Coast Range","Douglas-fir group",-0.929709651043277,-1.11931055094294,-2.16555863039485,3.59551033930999,-2.15427308766411,-0.329842097903333,4.30270306067687,-0.684646294650935,-1.29815694624729,"Low"
"41059",9.284252052,0.497477107082788,20,8.782698318,470.2676311,658.50985439903,-0.320694034136446,-53.5598862849464,-53.5361586027134,7,45.59217483,"Columbia Plateau","Douglas-fir group",1.41154779491837,-0.722924309364201,-2.19827757460397,-0.471736909012464,-1.68838952677152,-0.330365784193609,-1.7798824383648,-0.821407092730293,-0.838658084613037,"Low"
"41061",5.023455406,0.630444594899571,13,5.920379465,565.1271186,738.711199102017,-0.301174134516959,-59.2570616770093,-52.6188409458298,5,45.30763586,"Blue Mountains","Douglas-fir group",2.11720445226883,-1.10071246357957,-2.10124722051326,-0.210206330432082,-1.54482780342887,-0.35358987361844,-1.48548556944258,-1.49365900300132,-1.29815694624729,"Low"
"41063",0.867101471,0.568849557522124,23,5.930215082,517.0558659,1019.61041700091,-0.203789890206852,-59.3107466255987,-49.6576203956404,4,45.57845829,"Blue Mountains","Douglas-fir group",1.79032042295606,-1.10427239218296,-1.78802063387835,0.705784981832515,-0.828602299603884,-0.376244682915266,-1.63467492996963,-1.49134898351833,-0.6417300010555,"Low"
"41065",4.260339668,0.401061874617113,24,8.805486917,674.3137255,1207.22096365336,-0.130523212211406,-53.6387901104317,-48.9816490872471,5,45.16192511,"Columbia Plateau","Douglas-fir group",0.899873461767517,-0.728156539116536,-1.71651897366678,1.31756892380387,-0.289752676313998,-0.357749346508901,-1.14662441757729,-0.816054901029465,-0.576087306536321,"Low"
"41067",317.5942755,0.0139240506329114,18,10.16805637,1569.090226,1880.06543646779,-0.0614326526405453,-53.6439144716761,-52.643380135905,4,45.5619612,"Willamette Valley","Douglas-fir group",-1.15466172794028,-0.728496343114628,-2.10384288220605,3.51166435850568,0.218383123154892,1.35012266668094,1.6303186913804,-0.496038171692639,-0.969943473651395,"Low"
"41069",0.318822806,0.617195861576882,9,7.606537104,409.5719178,671.398741975764,-0.300471832652607,-54.337465845065,-50.7598302371579,3,44.72670318,"Blue Mountains","Douglas-fir group",2.04689360392447,-0.774486763836299,-1.90460817626585,-0.429707211908456,-1.53966263004589,-0.379233155213666,-1.96825187218154,-1.09764348130366,-1.56072772432401,"Low"
"41071",57.21196546,0.0340788072417465,12,10.42991094,1587.474138,2248.19337662429,-0.00987156458469318,-58.3820011471385,-43.7858879088947,0,45.23372743,"Willamette Valley","Douglas-fir group",-1.04770070752979,-1.0426859013524,-1.16693122385821,4.71210200125693,0.597596070097014,-0.0691288384783049,1.68737324937959,-0.434538302552904,-1.36379964076647,"Moderate"
"42001",76.39343607,0.198511166253102,40,11.08148812,1074.404762,905.946933271642,-0.0834967394681634,-35.5395566254223,-30.3506035849542,4,39.87147966,"Northern Piedmont","Oak / hickory group",-0.175060404810926,0.472030490501802,0.254201777865751,0.335136873957708,0.0561098332967614,0.0354225461001186,0.0950600099234044,-0.281507132218784,0.474195805770544,"Moderate"
"42003",644.4505209,0.162715517241379,47,10.54976907,979.0175439,879.592274387757,-0.0530956301787433,-39.4750097743164,-43.9045756717595,11,40.46794435,"Western Allegheny Plateau","Unknown",-0.365027429412519,0.211064752428675,-1.17948556157382,0.249196305109186,0.279698874541635,3.13169998728842,-0.200974673416426,-0.406388099520994,0.933694667404798,"Moderate"
"42005",38.6243398,0.202787456445993,53,9.367790205,1067.455357,1013.73526393475,-0.135359597564347,-39.1299804801556,-26.2865451299952,5,40.81248894,"Western Allegheny Plateau","Unknown",-0.15236619066187,0.233944156909154,0.684082341017361,0.686626547689903,-0.325322521935755,-0.170443385120275,0.0734924985780328,-0.683990837267496,1.32755083451987,"Low"
"42007",146.3607893,0.247133757961783,40,10.03686973,973.96875,932.804907247646,-0.186299841151496,-30.0553725694377,-25.8236282807214,3,40.6808242,"Western Allegheny Plateau","Maple / beech / birch group",0.0829790309956783,0.835694873166624,0.733047915224437,0.422718715626998,-0.699969384851205,0.416789741776474,-0.216643629207418,-0.526849019075909,0.474195805770544,"Low"
"42009",18.36751979,0.262630014858841,50,9.804797774,972.2134146,763.802015457549,-0.0979818621742776,-41.8390539692993,-31.8610511325176,6,40.00562506,"Ridge and Valley","Oak / hickory group",0.165217456515829,0.0543014738835926,0.094432411958815,-0.128387057415928,-0.0504229470482484,-0.280856117400421,-0.222091320938499,-0.581354063326243,1.13062275096233,"Low"
"42011",188.9307205,0.215079365079365,44,10.57206667,1142.525926,1054.44604102137,-0.0100442320598499,-44.8830128783434,-35.891347503266,7,40.41541622,"Ridge and Valley","Oak / hickory group",-0.0871331979874925,-0.147547958267872,-0.331876927025014,0.819381342828944,0.596326163961125,0.648823319329588,0.306474365171078,-0.40115122516692,0.736766583847261,"Moderate"
"42013",90.0395267,0.358664363845711,52,9.272117615,1001.541176,935.789297002181,-0.0858589777365195,-40.5003756337515,-30.4540707152292,4,40.4821101,"Ridge and Valley","Oak / hickory group",0.674870446202147,0.143071220761892,0.243257420464586,0.4324505871075,0.038736434695234,0.109802540129635,-0.13107247447195,-0.706460759275195,1.26190814000069,"Low"
"42015",20.43141206,0.475481611208406,50,7.951738976,938.973545,1024.15811388699,-0.146800941461378,-38.3207789978392,-28.7048595919581,3,41.78880851,"Northern Allegheny Plateau","Maple / beech / birch group",1.2948179961508,0.287603507965565,0.428282284421772,0.720614680788677,-0.40946942223917,-0.269606573565304,-0.325251413740212,-1.01656844047168,1.13062275096233,"Low"
"42017",400.9879646,0.355608591885442,49,11.13373503,1171.44,1125.46036300601,-0.0668543998611735,-38.4743957302154,-35.2431032632316,7,40.33726825,"Northern Piedmont","Oak / hickory group",0.658653505786758,0.277416954491742,-0.263308130081225,1.05095372836583,0.178508155061074,1.80467205122928,0.396209330831581,-0.269236282304056,1.06498005644316,"Moderate"
"42019",91.84354495,0.137807070101857,40,9.323320147,1030,1026.24840992314,-0.00620711664683249,-32.9639904878786,-33.0896611768943,4,40.91189331,"Western Allegheny Plateau","Oak / hickory group",-0.497216221100342,0.64282010293287,-0.0355252605559398,0.727430979614627,0.624546744604248,0.119635602968097,-0.0427503793435252,-0.694435194788682,0.474195805770544,"Low"
"42021",73.91204812,0.389709385421629,42,8.624461095,1088.543689,832.188768406936,-0.106853718815788,-41.9971914450185,-37.4459514804193,3,40.49382956,"Central Appalachians","Maple / beech / birch group",0.839625955329471,0.0438151432104198,-0.496316991207884,0.0946170222827601,-0.115672208239767,0.0218973815742315,0.138940236861379,-0.858571112848541,0.605481194808903,"Low"
"42023",4.396632662,0.312738853503185,37,7.86663539,1068.625,1056.42703377164,-0.0981821300890526,-39.3647279389112,-31.421471256999,5,41.43622455,"North Central Appalachians","Oak / hickory group",0.431144384684945,0.218377704580237,0.140929490318372,0.825841211825659,-0.0518958443241461,-0.357006461798925,0.077122491170569,-1.03655609775153,0.277267722213007,"Low"
"42025",64.7655587,0.115732368896926,34,8.597347252,1190.216667,809.913306977886,-0.190427639066375,-42.9649922103154,-37.5571240985685,4,40.91783163,"Ridge and Valley","Oak / hickory group",-0.614366361484627,-0.0203611616439312,-0.50807640565201,0.0219784108323032,-0.730327828993951,-0.0279568841562781,0.454482805834229,-0.864939142997395,0.08033963865547,"Low"
"42027",56.50766366,0.188629245964828,52,8.837421935,1040.612717,922.319900039332,-0.114260859186017,-39.7867257052486,-32.6530359251815,14,40.91994477,"Ridge and Valley","Oak / hickory group",-0.227503621971166,0.190394406497169,0.0106592889953799,0.388527892371291,-0.170149016897603,-0.0729677374787124,-0.00981376184854208,-0.808554556743035,1.26190814000069,"Low"
"42029",268.5212425,0.148148148148148,33,11.27119219,1169.677419,1107.85363980581,-0.171421417805511,-28.7661863367222,-25.9426783553589,7,39.97365203,"Northern Piedmont","Oak / hickory group",-0.442336259935693,0.921182725265399,0.720455253554927,0.99353952262519,-0.590544022128607,1.08264299059511,0.390739152346569,-0.236952723715334,0.0146969441362909,"Moderate"
"42031",24.82591306,0.232558139534884,43,8.637755235,1122.96875,913.489232433545,-0.209050115157969,-42.1829471348312,-38.4104455906474,6,41.19306083,"Western Allegheny Plateau","Unknown",0.00562642137043154,0.0314974077783828,-0.598337490139277,0.359731746661449,-0.867289330473574,-0.24565370918786,0.2457785767887,-0.855448815344528,0.671123889328082,"Low"
"42033",26.78888868,0.344913771557111,47,8.432023918,1075.111702,989.967129844004,-0.136956470988065,-40.5327349804476,-32.0118143508572,4,41.00118377,"Central Appalachians","Maple / beech / birch group",0.601896239121295,0.140925424464842,0.0784852552137403,0.609120442479956,-0.337066941996203,-0.234954226174409,0.0972540015630481,-0.903767426218669,0.933694667404798,"Low"
"42035",16.76139393,0.307545627894307,42,8.48466201,1038.326389,1022.88243417379,-0.0942742925470132,-38.9295908098454,-33.9996659534653,4,41.23213488,"North Central Appalachians","Oak / hickory group",0.403584006699334,0.247232293303161,-0.131782086130301,0.716454784783043,-0.0231551282848997,-0.289610539096465,-0.0169093916296874,-0.891404702246484,0.605481194808903,"Low"
"42037",52.24879968,0.315614617940199,39,9.21667496,1054.9125,1054.26814416993,-0.0375713995771054,-39.0305295756638,-29.8369078646693,6,41.04825715,"Ridge and Valley","Oak / hickory group",0.446406027611875,0.240538893959965,0.308538546879294,0.818801234519576,0.393873913460117,-0.0961812926275048,0.0345656824476039,-0.719482170462556,0.408553111251365,"Low"
"42039",32.44637222,0.269485481406011,45,8.358204694,1115.302013,1168.63155283955,-0.177581902142197,-33.4513346204712,-28.8609218766863,4,41.68508467,"Erie Drift Plain","Unknown",0.201599324652795,0.61050359033676,0.411774612696769,1.1917317452056,-0.635852131557464,-0.204117292481313,0.221984822182444,-0.921104807865271,0.80240927836644,"Low"
"42041",178.0079017,0.107792207792208,24,10.91095184,1054.084337,719.486179704819,-0.216302829845225,-43.214339150206,-40.6867301806006,9,40.16316559,"Ridge and Valley","Oak / hickory group",-0.656504688950811,-0.0368957272308984,-0.839114169969854,-0.27289767887254,-0.920630394706073,0.589286912958125,0.0319954746530783,-0.321559741969216,-0.576087306536321,"Moderate"
"42043",203.8174925,0.293320425943853,44,10.63064075,1078.944444,950.872327980148,-0.128858421724949,-31.8600038984028,-30.6284210931232,11,40.41525364,"Ridge and Valley","Oak / hickory group",0.328091052569643,0.716027091872974,0.224815304174818,0.481635221517584,-0.277508751094136,0.72996582691667,0.109148934520457,-0.387394359075256,0.736766583847261,"Moderate"
"42047",14.04374808,0.306425916091344,43,7.655366171,1111.507576,1107.4107791551,-0.138541573118928,-40.7683343945131,-31.1875129597912,3,41.42850101,"North Central Appalachians","Maple / beech / birch group",0.397641711322862,0.12530247771512,0.165676704383406,0.992095387210259,-0.348724788502422,-0.304423461535435,0.210208768974033,-1.08617535519566,0.671123889328082,"Low"
"42049",131.4756045,0.378806333739342,43,8.880436698,1091.205426,1165.43142333116,-0.142294694746456,-36.2014236875851,-30.5366705539432,6,41.99322846,"Erie Drift Plain","Unknown",0.781763607688194,0.428141103473489,0.234520325372049,1.18129636254511,-0.376327625569503,0.335655885452946,0.147200950252798,-0.798451993722742,0.671123889328082,"Low"
"42051",63.63551031,0.179743223965763,49,9.907138314,1090.96124,772.80699146419,-0.11149079015899,-47.116956081213,-35.891419114034,3,39.91990941,"Central Appalachians","Oak / hickory group",-0.274661620395887,-0.295684046970677,-0.331884501738227,-0.0990225050653289,-0.149776172208326,-0.0341163766278054,0.146443117844789,-0.557318088633536,1.06498005644316,"Low"
"42053",6.497405224,0.352219074598678,35,7.972171573,1136.602941,1249.49094292659,-0.0891323931710282,-40.7105883194138,-31.9902844357653,2,41.51106754,"North Central Appalachians","Maple / beech / birch group",0.640665383442857,0.129131705643637,0.080762607305716,1.45540816050057,0.0146616612509413,-0.345555896589031,0.288092353159119,-1.01176958574218,0.145982333174649,"Low"
"42055",77.46748982,0.275555555555556,51,10.85337661,1022.370079,834.357929752298,-0.0860987190253306,-47.7325367381282,-30.8227007533912,5,39.9293932,"Ridge and Valley","Oak / hickory group",0.233813125970449,-0.336504113783202,0.204265144601448,0.101690494975614,0.036973225188575,0.0412768316738015,-0.0664298753193379,-0.335082015461293,1.19626544548151,"Moderate"
"42057",12.78796758,0.294608959757024,47,10.46120471,971.0285714,740.48887351334,-0.113749018935897,-40.6878273330071,-27.8136536403825,4,39.9290125,"Ridge and Valley","Aspen / birch group",0.334929284068294,0.13064102042701,0.522550642171378,-0.204409467311612,-0.166384619036151,-0.311268275088632,-0.225768487423757,-0.42718856349779,0.933694667404798,"Moderate"
"42059",24.45868884,0.263288009888752,45,10.48945973,1041.142857,966.63778561498,-0.112587262803248,-44.0521592363228,-32.2525487639999,3,39.85715729,"Western Allegheny Plateau","Unknown",0.168709427229752,-0.0924528203721045,0.0530212895157374,0.533045198146923,-0.157840327530652,-0.247655318002552,-0.00816846984661714,-0.420552513447029,0.80240927836644,"Moderate"
"42061",19.92859918,0.28717332532292,56,9.865348714,986.0070922,922.29879539026,-0.103220023730093,-41.2513863985721,-29.2242809362021,5,40.42146792,"Central Appalachians","Oak / hickory group",0.295468472811337,0.0932705825311092,0.373339880799571,0.388459071691252,-0.0889477097140012,-0.272347228015462,-0.179282577149296,-0.567132906573898,1.52447891807741,"Low"
"42063",39.41406592,0.311334289813486,51,9.218074614,1130.619403,921.251899972974,-0.120133143984466,-39.2922770957565,-31.5401100589398,6,40.65230676,"Western Allegheny Plateau","Maple / beech / birch group",0.423690384202703,0.223182027498729,0.128380331502088,0.385045224140317,-0.213337524116285,-0.1661388684874,0.269522414624745,-0.719153443956691,1.19626544548151,"Low"
"42065",25.78411971,0.368607594936709,40,8.370758881,1117.825243,1208.61718399871,-0.117600117907764,-37.4507720610001,-34.896844810705,3,41.1290425,"Western Allegheny Plateau","Maple / beech / birch group",0.727639038962243,0.345294958939834,-0.226682235001759,1.32212189378333,-0.194708043640875,-0.240430865016698,0.229815678443086,-0.918156297714557,0.474195805770544,"Low"
"42067",24.32382473,0.286729857819905,43,10.17808892,1040.566667,823.105927913349,-0.143437726686459,-44.0639481669149,-29.2699489560815,3,40.53359789,"Ridge and Valley","Oak / hickory group",0.293114996777765,-0.0932345618531138,0.368509292282858,0.0649985596717128,-0.384734207485462,-0.248390414373269,-0.00995667824173728,-0.493681899995193,0.671123889328082,"Low"
"42069",176.7793544,0.218538565629229,39,7.812299095,1073.890411,972.746620147793,-0.122569736392335,-51.5738810264971,-33.3669781875775,4,41.44220977,"Ridge and Valley","Oak / hickory group",-0.0687752675098904,-0.591229353667936,-0.0648587935366354,0.552965650051252,-0.231257770222882,0.582590537907084,0.0934637191577922,-1.04931766625132,0.408553111251365,"Low"
"42071",222.1289038,0.11090573012939,35,11.26018864,1083.251572,1107.44724585992,-0.0892631967125386,-41.1886067491073,-33.7819434782908,7,40.03832999,"Northern Piedmont","Oak / hickory group",-0.639981268067134,0.0974335942450608,-0.108752235237144,0.992214302403587,0.0136996490375276,0.829774827171421,0.122516126676616,-0.239537047086404,0.145982333174649,"Moderate"
"42073",93.07549458,0.211631663974152,41,9.486741032,994.3035714,931.0295327745,-0.0565258696098803,-46.8836150181983,-28.4254626334346,2,40.99208443,"Erie Drift Plain","Oak / hickory group",-0.105430101068044,-0.280210854830273,0.457835826331676,0.416929352432675,0.254470717952126,0.126350522911734,-0.153534414641478,-0.656053725860339,0.539838500289723,"Low"
"42075",149.8267759,0.291666666666667,44,10.66837717,1089.122807,1057.59946727404,-0.084127022600077,-34.467632221717,-34.157802378465,7,40.36588206,"Ridge and Valley","Oak / hickory group",0.319314574478928,0.543111388326786,-0.148509152482091,0.829664429670263,0.0514743313538628,0.435681603893205,0.140737532318372,-0.37853148189957,0.736766583847261,"Moderate"
"42077",410.7061082,0.317460317460317,36,10.22555062,1154,1411.58297692416,-0.0543164356733659,-37.8649165094778,-28.8158748054463,3,40.61324109,"Ridge and Valley","Oak / hickory group",0.456201129972795,0.317832426017484,0.4165395196408,1.98397814385494,0.270720296572964,1.85764220088935,0.342084208196868,-0.482534917381335,0.211625027693828,"Moderate"
"42079",137.8112716,0.282447881640888,43,8.469330964,1086.319149,886.884988320532,-0.139040121980414,-41.7722815208878,-34.3979099647051,7,41.17834526,"Ridge and Valley","Oak / hickory group",0.270390607177332,0.0587292540205644,-0.173906814827208,0.272977299072855,-0.352391433061085,0.37018935689531,0.132036366430998,-0.895005392976362,0.671123889328082,"Low"
"42081",35.82094116,0.392476245879387,52,8.528976341,1001.690355,1017.62630949141,-0.120874950618747,-38.8073821558158,-31.4232629685132,10,41.34496872,"North Central Appalachians","Oak / hickory group",0.854309646313142,0.255336130495765,0.140739969925576,0.699314955839224,-0.218793240635343,-0.185723715565036,-0.130609496738606,-0.880996919187685,1.26190814000069,"Low"
"42083",16.16657488,0.33338722716249,38,6.965894791,1113.05,1132.86403531721,-0.174857971448881,-35.4509904002961,-30.2692582710525,3,41.80966545,"North Central Appalachians","Maple / beech / birch group",0.540725024098284,0.47790344831224,0.262806174120716,1.07509654929156,-0.615818617440005,-0.292852686506096,0.214995689166391,-1.24810645934096,0.342910416732186,"Low"
"42085",63.45030888,0.203389830508475,42,8.897347274,1044.009259,1013.67412875086,-0.18135756587178,-45.1357220980733,-30.0626485937465,2,41.30253924,"Erie Drift Plain","Unknown",-0.149169399668937,-0.164305481620228,0.284660555748643,0.686427190433817,-0.663620757541592,-0.0351258438540727,0.0007274223420515,-0.79448033032547,0.605481194808903,"Low"
"42087",43.37676332,0.260692464358452,26,9.787787203,1027.353846,796.255335901805,0.060120310643792,-50.8250446558123,-35.4368954727538,4,40.60862653,"Ridge and Valley","Oak / hickory group",0.154934902246351,-0.541572902738854,-0.283806728978625,-0.0225592099643287,1.11236071661976,-0.144539612191623,-0.0509627308206088,-0.585349211818371,-0.444801917497963,"Low"
"42089",107.1465102,0.198823034888609,45,8.389648337,1190.28,893.705404182776,-0.129537069564797,-48.1907886290147,-31.4067085831304,8,41.05808926,"North Central Appalachians","Oak / hickory group",-0.173405322185257,-0.366891476662164,0.142491029510436,0.295218164400205,-0.282499957777089,0.203046632162537,0.454679360099815,-0.913719869233967,0.80240927836644,"Low"
"42091",661.2743133,0.28780487804878,35,11.39138677,1136,705.823043154303,-0.220169641994344,-44.8668021158043,-30.3186360921134,12,40.21044448,"Northern Piedmont","Oak / hickory group",0.298820114575714,-0.146472998548955,0.257583177020623,-0.317452143894448,-0.949069383983232,3.22340050520194,0.286221122908746,-0.208723501130807,0.145982333174649,"Moderate"
"42093",53.8890733,0.347305389221557,23,9.689000029,1034.210526,1055.05607926142,-0.0414438811014586,-50.1310154417788,-34.5845179254205,4,41.03082122,"Ridge and Valley","Unknown",0.614588521681967,-0.495550795694978,-0.193645491357076,0.821370631842331,0.365393228001381,-0.0872407436182408,-0.0296829919520887,-0.608550633407783,-0.6417300010555,"Low"
"42095",317.6553184,0.308196721311475,27,10.05029171,1172.766667,1130.48614921178,-0.230387455328915,-25.1556092785467,-25.1415109062097,8,40.75130199,"Ridge and Valley","Oak / hickory group",0.407039350647884,1.16060544768339,0.805199682808584,1.06734244078809,-1.02421766444058,1.35045538985131,0.400326648152133,-0.523696696725391,-0.379159222978783,"Low"
"42097",76.968354,0.26603325415677,46,9.836899143,1066.776316,911.713172387136,-0.102299991312778,-36.5100406295136,-32.2310404140997,4,40.84897114,"Ridge and Valley","Oak / hickory group",0.183278401387175,0.40767625610137,0.0552963605241958,0.353940147864059,-0.0821812077372707,0.0385562195719078,0.0713850916170807,-0.573814649396189,0.868051972885619,"Low"
"42099",32.30042281,0.258426966292135,48,10.35899998,1056.384615,904.31261928531,-0.00093625899659266,-53.4356474677351,-34.3223636862614,7,40.40446435,"Ridge and Valley","Oak / hickory group",0.142911934685183,-0.714685849038485,-0.165915818368543,0.329807498446483,0.663311975087646,-0.204912810885723,0.0391343983253219,-0.451192641488341,0.999337361923977,"Moderate"
"42103",39.43957998,0.333681462140992,32,8.095736284,1131.736264,1035.27327846983,-0.127365125091901,-49.2061861792366,-29.9858278517129,5,41.33157882,"North Central Appalachians","Oak / hickory group",0.542286525145002,-0.434223994953169,0.292786360092532,0.75686040004852,-0.266526100451398,-0.165999800406884,0.272988598030188,-0.982748845119669,-0.0509457503828881,"Low"
"42105",5.958028977,0.455296932782249,39,7.01212963,1011.916667,972.042748391268,-0.215253352660107,-31.7371494575397,-29.1354879282568,4,41.74448543,"North Central Appalachians","Maple / beech / birch group",1.18769818106094,0.724173752148782,0.382732065651852,0.550670376968088,-0.912911873799648,-0.348495844968336,-0.0988720889919977,-1.23724762060389,0.408553111251365,"Low"
"42107",70.38646295,0.247145735392881,44,9.392345352,1160.544,849.492285037588,-0.00645026319799502,-59.6707881886912,-44.785627535759,6,40.70502762,"Ridge and Valley","Oak / hickory group",0.0830425950603308,-1.12814728249282,-1.27267985876699,0.151042494108062,0.622758490638287,0.00268066881705174,0.362393543203839,-0.678223749348401,0.736766583847261,"Low"
"42109",47.50411962,0.381798002219756,39,9.925691375,1073.722222,809.386320301868,-0.107587665710945,-35.2200230400784,-36.8775149371351,6,40.771208,"Ridge and Valley","Oak / hickory group",0.797640351804008,0.493219236697868,-0.43618994725634,0.0202599467492687,-0.121070119251847,-0.122042858705552,0.0929417437993743,-0.552960666788114,0.408553111251365,"Low"
"42111",26.52101716,0.246539792387543,48,8.652360295,1080.988827,717.751049904132,-0.0828424866185553,-49.0567248827427,-36.8753287214327,4,39.97087571,"Central Appalachians","Unknown",0.0798268637359872,-0.4243129945989,-0.435958697719027,-0.278555807204008,0.0609216237476615,-0.236414298703495,0.115493686847712,-0.852018631640735,0.999337361923977,"Low"
"42113",5.181331993,0.372809346787042,30,7.485522509,1027.297297,897.212608317206,-0.156147797506611,-44.1685079759203,-27.4056040915696,6,41.44650397,"North Central Appalachians","Maple / beech / birch group",0.749937679136656,-0.100168077943262,0.565712563138191,0.306654894418559,-0.478212130339456,-0.352729344407777,-0.0511382309100507,-1.12606529481831,-0.182231139421246,"Low"
"42115",19.03744228,0.480817347789825,39,7.5326831,1042.65493,1069.59757171783,-0.164072921551644,-39.5483392924144,-30.0814226161302,4,41.82146772,"Northern Allegheny Plateau","Maple / beech / birch group",1.32313467793796,0.206202163270837,0.282674711449312,0.868789349690904,-0.536498519500666,-0.277204607810056,-0.00347574412656943,-1.11498903147468,0.408553111251365,"Low"
"42117",13.87993608,0.456986899563319,45,7.43584054,912.8540541,865.929810326343,-0.205943952722436,-32.0364978516888,-28.1580824279429,4,41.77268501,"Northern Allegheny Plateau","Maple / beech / birch group",1.19666681188449,0.704323515933398,0.486118282055734,0.204644033023876,-0.844444641672914,-0.305316342574578,-0.406313377508491,-1.13773373578577,0.80240927836644,"Low"
"42119",54.78465769,0.464670658682635,34,9.528036652,1070.02,1085.4444327215,-0.0928895879414608,-25.4775846361672,-31.3171808326451,3,40.96161226,"Ridge and Valley","Oak / hickory group",1.23744441748605,1.13925478394434,0.151960932619078,0.920464776609505,-0.012971132292669,-0.0823592311479452,0.0814518802803984,-0.646354925392414,0.08033963865547,"Low"
"42121",29.40725497,0.198172198172198,47,8.574694709,1114,1150.11840901436,-0.0938777847039951,-39.1450641844451,-34.2672963411008,3,41.40310913,"North Central Appalachians","Oak / hickory group",-0.176859303826366,0.232943934095196,-0.16009100516488,1.13136176969116,-0.0202389581010262,-0.220682441360879,0.217944018667709,-0.870259380219844,0.933694667404798,"Low"
"42123",17.23195328,0.417559262510975,39,7.703663298,1160.486486,1360.10176563052,-0.0947285361615553,-38.5804041712464,-28.1182723632056,3,41.81314091,"North Central Appalachians","Maple / beech / birch group",0.987424875931539,0.270387377462369,0.490329238477262,1.81610176939381,-0.0264959239545637,-0.287045687184476,0.362215048232324,-1.07483216194788,0.408553111251365,"Low"
"42125",93.2946631,0.281699794379712,43,10.31753791,988.3712121,744.806451203481,-0.127136766432418,-45.7799456615878,-35.2203618180347,4,40.19174205,"Western Allegheny Plateau","Unknown",0.26642051821201,-0.207024902072205,-0.26090262696741,-0.190330169819157,-0.26484660602086,0.127545132683211,-0.171945519837904,-0.460930534851296,0.671123889328082,"Moderate"
"42127",27.27407132,0.481379310344828,37,7.39482095,1108.933884,978.2888128463,-0.181703906406947,-35.09567027784,-28.7797084826618,3,41.64897954,"Northern Allegheny Plateau","Maple / beech / birch group",1.32611700560791,0.501465252887413,0.420365054971561,0.571038325371252,-0.666167965522229,-0.232309667901647,0.202221303657291,-1.14736770710491,0.277267722213007,"Low"
"42129",131.7630584,0.212588028169014,47,9.887273452,1059.958084,852.198273611541,-0.0759693289975381,-43.7700874730694,-36.8500714610281,5,40.31075305,"Western Allegheny Plateau","Maple / beech / birch group",-0.100354689235898,-0.0737482231879919,-0.433287081292559,0.159866520188905,0.111471184560659,0.337222694581325,0.0502246762987368,-0.56198360359277,0.933694667404798,"Low"
"42131",26.30978948,0.42472266244057,44,8.150774256,1005.790323,758.089902925607,-0.265982923509646,-34.2812857283251,-28.9532977528761,2,41.51859087,"Northern Allegheny Plateau","Maple / beech / birch group",1.02544094235935,0.555468300820846,0.402003445741816,-0.147013828587003,-1.28600931577226,-0.23756562577608,-0.117885226624018,-0.969822478870967,0.736766583847261,"Low"
"42133",191.1065063,0.101083032490975,45,11.26409476,1083.890411,1249.85632181635,-0.179993359845331,-24.1900780758182,-23.9336106952908,6,39.92126631,"Northern Piedmont","Oak / hickory group",-0.692110191426498,1.22463125447605,0.932966748330776,1.45659963369586,-0.653587521102408,0.660682755061147,0.124498766540082,-0.238619645229166,0.80240927836644,"Moderate"
"44001",778.3103863,0.238095238095238,11,10.14076349,1196.444444,990.911321905264,0.109384035228274,-27.6934638627752,-19.3131524958067,2,41.71017907,"Northeastern Coastal Zone","Oak / hickory group",0.0350117284531927,0.992316544312356,1.4217011488877,0.612199382078622,1.4746773953677,3.86132257731836,0.473810741262362,-0.502448250953225,-1.42944233528565,"Low"
"44003",375.9225322,0.290470723306544,26,9.607129928,1237.16129,1003.61907611226,-0.0312601431241122,-52.9357810165361,-36.6525551088995,6,41.67116419,"Northeastern Coastal Zone","Oak / hickory group",0.312967719260848,-0.681538962913872,-0.41239455683069,0.653638416829485,0.44029089666758,1.66804928044388,0.600175665749102,-0.627778865697015,-0.444801917497963,"Low"
"44005",311.8467384,0.239864864864865,19,10.17834184,1206.514286,812.254851357856,-0.00400674262832568,-15.4491483499287,-47.5778524625781,7,41.5641326,"Northeastern Coastal Zone","Oak / gum / cypress group",0.0444031137573472,1.80425527515664,-1.56803073457005,0.0296140116907808,0.640729690841321,1.31879488301207,0.50506254362258,-0.493622498523213,-0.904300779132216,"Low"
"44007",599.8392557,0.367913148371532,39,9.353466573,1229.275362,1051.60035324578,-0.0523430766313902,-56.7241719510544,-38.7762851726819,8,41.87065419,"Northeastern Coastal Zone","Oak / hickory group",0.723953620444247,-0.93275278732795,-0.637034602223441,0.810101768114015,0.28523363067623,2.88853982301907,0.57570165083577,-0.687354924033695,0.408553111251365,"Low"
"44009",147.9068032,0.245910885504794,33,9.897023131,1211.647059,804.240509614863,-0.179205277711677,-49.1434537478064,-36.0747565889826,8,41.45952133,"Northeastern Coastal Zone","Oak / hickory group",0.0764892634251739,-0.430064114337158,-0.35127723878942,0.00347984348265341,-0.647791465208249,0.425216514525494,0.520992128948333,-0.559693767739784,0.0146969441362909,"Low"
"45001",19.32267504,0.051059949851835,53,16.09112219,1214.853333,905.017285894558,-0.0360226706336082,-55.8602251397735,-41.7028401874585,0,34.22396358,"Piedmont","White / red / jack pine group",-0.957582013637206,-0.87546319227199,-0.946594401077029,0.332105363484848,0.405264248474808,-0.275649905327047,0.530942815499394,0.895069009809061,1.32755083451987,"High"
"45003",61.28478353,0.0209394453876627,62,17.17335048,1193.187097,804.588088814022,-0.0896633683710364,-52.3154694160588,-40.8040961669574,0,33.54343902,"Southeastern Plains","White / red / jack pine group",-1.11743112297125,-0.640405180213556,-0.851528695220677,0.00461327321996267,0.0107565328306452,-0.0469293535163684,0.463701549413806,1.14924405901412,1.91833508519248,"High"
"45005",8.315351799,0.0292207792207792,46,17.99591524,1210.95082,887.601282530327,-0.237877980937472,-43.9908473054036,-30.0669223347046,0,32.98833693,"Southeastern Plains","White / red / jack pine group",-1.07348219645522,-0.0883871352528407,0.284208495772096,0.275313080845782,-1.07930774103263,-0.335646915397215,0.518831347912893,1.34243383263143,0.868051972885619,"High"
"45007",108.2730097,0.0248756218905473,43,15.83171729,1308.098214,907.16094351801,-0.268754286965734,-30.5929888403659,-29.8759908083721,2,34.51956682,"Piedmont","White / red / jack pine group",-1.09654188756962,0.80004474047928,0.304404502540419,0.339095670450596,-1.30639168051391,0.209186780894955,0.820328745498491,0.834144476759261,0.671123889328082,"High"
"45009",13.97309477,0.00802445548337791,37,17.79126481,1216.482143,795.183928691227,-0.163234793606151,-31.266480815831,-18.9316565252039,0,33.21920012,"Middle Atlantic Coastal Plain","White / red / jack pine group",-1.18597079951331,0.755384488199827,1.46205433388746,-0.0260529886374337,-0.530334394962009,-0.304808567637867,0.535997835052068,1.29436908178751,0.277267722213007,"High"
"45011",14.90535475,0.015938795027096,41,17.6013008,1193.756098,920.845770791459,0.138053918675111,-35.3585231126253,-30.7334340787556,0,33.26681433,"Southeastern Plains","White / red / jack pine group",-1.1439695067217,0.484035091368749,0.213707432105014,0.383720867295512,1.68553390364359,-0.299727149550704,0.465467446713364,1.24975362307599,0.539838500289723,"High"
"45013",127.1722855,0.0317555422408628,46,18.77035804,1269.943925,842.574814476111,-0.0470913273580533,-55.2921150029703,-41.2898723521403,0,32.3861713,"Southern Coastal Plain","White / red / jack pine group",-1.06003024343049,-0.837790966089007,-0.902912242570311,0.128485140675202,0.323858326035373,0.312200021776984,0.701916728803233,1.52432155319407,0.868051972885619,"High"
"45015",77.70287536,0.0219045423103528,68,17.87284084,1277.140449,965.372599540122,-0.0372404841598202,-48.408684894499,-33.6824412741859,0,33.20006658,"Middle Atlantic Coastal Plain","White / red / jack pine group",-1.11230936667077,-0.381340501359985,-0.0982272725651021,0.528919521110025,0.396307675339644,0.0425598346623164,0.724251175136011,1.31352824777014,2.31219125230756,"High"
"45017",14.79772123,0.0200685266764562,47,17.34399404,1183.581818,769.421814883826,0.17231945052407,-65.8921316249155,-54.3005743106582,0,33.66981863,"Southeastern Plains","White / red / jack pine group",-1.12205307677864,-1.54069379752297,-2.27913454520494,-0.110061312368848,1.93754435960812,-0.300313821645448,0.433891520525295,1.18932186483412,0.933694667404798,"High"
"45019",171.41268,0.0193227091633466,57,18.39032397,1292.306748,888.334620007138,0.0630781478978371,-45.6303162124584,-35.8299501974391,0,32.82992102,"Southern Coastal Plain","White / red / jack pine group",-1.1260111202217,-0.197102751267157,-0.325382554786679,0.277704439436032,1.13411452795258,0.553338701564095,0.771319855943909,1.43506572858256,1.59012161259659,"High"
"45021",56.11282946,0.0429845904298459,48,15.28931846,1258.75,742.893289286843,-0.172073347330551,-46.6947150661823,-32.5112042983572,1,35.05149603,"Piedmont","White / red / jack pine group",-1.00043783674245,-0.267684618705803,0.0256616961427332,-0.196568847547432,-0.59533872537694,-0.0751198384895386,0.667176329526353,0.706755227579667,0.999337361923977,"High"
"45023",21.45081176,0.0423452768729642,54,15.84293114,1201.967391,828.246632588141,-0.0566946557761181,-66.5217518553246,-47.2292824225891,0,34.6937002,"Piedmont","White / red / jack pine group",-1.00383066513197,-1.58244484928702,-1.5311603286079,0.0817620126149046,0.253229357423954,-0.264050187809445,0.490951233445849,0.836778191754392,1.39319352903905,"High"
"45025",22.14835076,0.0199912126537786,60,16.35519494,1190.864407,748.640711956017,0.0279784568410701,-60.4865709704172,-36.7793187187411,0,34.64136789,"Southeastern Plains","White / red / jack pine group",-1.12246338125009,-1.18224304927899,-0.425803126758946,-0.177826932663316,0.875969136063705,-0.260248150430235,0.456493069993369,0.957089846674234,1.78704969615413,"High"
"45027",21.53362124,0.0447957839262187,50,17.43431379,1196.421569,840.977128371365,0.0607000049207633,-61.6129120969142,-29.0313161257577,0,33.66552638,"Southeastern Plains","White / red / jack pine group",-0.990825857382302,-1.25693240074059,0.393750960586345,0.123275205942668,1.11662415603473,-0.263598822741237,0.473739748591476,1.21053460443127,1.13062275096233,"High"
"45029",13.74979534,0.0101949025487256,54,18.14487561,1273.651613,922.186648571777,-0.0276618182659745,-44.371364815225,-31.1574221230466,0,32.8691524,"Middle Atlantic Coastal Plain","White / red / jack pine group",-1.17445226632721,-0.113619815974296,0.16885959803241,0.388093369315158,0.46675526010443,-0.306025693532787,0.713423556079108,1.37741906608375,1.39319352903905,"High"
"45031",46.04808109,0.0295936395759717,50,16.89458521,1170.616279,892.867057665467,-0.142722206381085,-31.9957673049356,-36.2233287364551,0,34.333221,"Southeastern Plains","White / red / jack pine group",-1.07150343159906,0.707024418928154,-0.366992632436426,0.292484379193303,-0.379471817302697,-0.129979207664723,0.393652908805103,1.08377249735414,1.13062275096233,"High"
"45033",29.04631681,0.00694444444444444,33,16.82395837,1187.333333,802.602127600421,-0.159546191054685,-30.8809277916443,-27.7723118692641,0,34.39011421,"Southeastern Plains","White / red / jack pine group",-1.19170240347266,0.780951081350982,0.526923616636934,-0.00186279756357257,-0.503206072104965,-0.222649787094815,0.445534365103332,1.06718488760666,0.0146969441362909,"High"
"45035",109.5363464,0.0340343110127283,50,17.9129424,1274.103448,890.16501452747,-0.138298132026055,-55.5328439682921,-32.5733476226964,0,33.07970564,"Middle Atlantic Coastal Plain","White / red / jack pine group",-1.04793684841467,-0.853754060994212,0.0190884129188039,0.283673218883628,-0.346934368289893,0.216072780610997,0.714825828142506,1.32294660809243,1.13062275096233,"High"
"45037",20.83613564,0.0711920529801325,55,16.62505183,1190.972973,792.611518515933,-0.00300453384956789,-34.7523682077351,-33.7126252017998,0,33.77221809,"Piedmont","White / red / jack pine group",-0.85074121494118,0.524230122577739,-0.101420013010299,-0.0344414255642982,0.648100569904857,-0.267400569056011,0.45683000508878,1.02046916222888,1.45883622355823,"High"
"45039",12.60519382,0.0520659906160133,53,16.25522175,1176.386792,825.159110853968,0.00848175734983903,-52.2132282049978,-35.1724555447136,0,34.39298116,"Piedmont","White / red / jack pine group",-0.952242968924362,-0.63362541379364,-0.255835284560305,0.0716938354726365,0.732578041180176,-0.312264509947842,0.411561723242614,0.933609874174683,1.32755083451987,"High"
"45041",66.6748804,0.0316004077471967,61,17.22169822,1199.586207,814.333453032847,-0.0866359665510716,-49.1048367422718,-41.2347913709534,2,34.02420279,"Middle Atlantic Coastal Plain","White / red / jack pine group",-1.06085354008772,-0.427503363396865,-0.897085986999928,0.0363921760808141,0.0330219661062818,-0.0175498496071878,0.483561217619255,1.16059913936732,1.8526923906733,"High"
"45043",29.49346532,0.0256741780568895,51,17.70760144,1330.275362,889.613847371032,0.0947321478632699,-55.9886439949492,-41.2209115037629,0,33.43436805,"Middle Atlantic Coastal Plain","White / red / jack pine group",-1.09230396080798,-0.883978837117832,-0.895617827722582,0.281875904064886,1.36691812194181,-0.220212539358017,0.889155629396896,1.27471967751403,1.19626544548151,"High"
"45045",253.555051,0.0439074200136147,54,15.06039671,1395.132231,828.779210223944,-0.236694179256365,-40.0458918278177,-30.1411507130144,3,34.89448522,"Piedmont","Oak / hickory group",-0.995540392637287,0.173208716336228,0.276356901750186,0.0834987083990758,-1.0706013125802,1.00106759551695,1.09043922964509,0.652990049189848,1.39319352903905,"High"
"45047",59.89106452,0.0819124038783016,53,16.15133344,1192.313433,865.545505644178,-0.0593369837190958,-47.7998110821373,-39.1699541831472,0,34.15254257,"Piedmont","White / red / jack pine group",-0.793848457887292,-0.340965175362007,-0.678675404832385,0.203390844236954,0.233796001693395,-0.0545260209029035,0.460990129050186,0.909210386053668,1.32755083451987,"High"
"45049",13.25424604,0.0144309609708101,50,18.2386686,1245.817073,1096.26849678329,-0.0211878979502884,-30.2238390195441,-31.7986257124725,0,32.77420111,"Middle Atlantic Coastal Plain","White / red / jack pine group",-1.15197156164105,0.824523612874799,0.101035534187832,0.95576123887151,0.514368576536397,-0.308726756787805,0.627038929302683,1.39944754017616,1.13062275096233,"High"
"45051",117.2595927,0.0388064568726561,54,17.16610878,1299.712644,764.821148054808,0.186478974207707,-81.5102315584025,-42.7303738000312,0,33.92124852,"Middle Atlantic Coastal Plain","White / red / jack pine group",-1.02261113495496,-2.57635317961665,-1.05528297751494,-0.125063742341868,2.04168247821323,0.258169453515953,0.79430408927074,1.14754325385976,1.39319352903905,"High"
"45053",17.41925768,0.0119573693787367,49,18.56710467,1263.265306,1014.06224421424,-0.0535567471363003,-47.2441092398596,-30.9624248648467,0,32.43904562,"Middle Atlantic Coastal Plain","White / red / jack pine group",-1.16509887872565,-0.304115761601523,0.189485662371054,0.68769280589288,0.276307527947654,-0.286024757415544,0.681189603091907,1.4765849196222,1.06498005644316,"High"
"45055",35.03130919,0.0142735406902429,59,16.52000757,1181.036036,811.7592944165,-0.106692530800628,-36.6863929835063,-32.3834582391466,0,34.33929196,"Southeastern Plains","White / red / jack pine group",-1.15280698893842,0.39598206982105,0.039174185808536,0.0279980376186213,-0.114486729334156,-0.190027719019696,0.425990674025797,0.995798184579414,1.72140700163495,"High"
"45057",67.06934687,0.0429799426934097,50,15.89314806,1203.185185,790.231582715856,-0.0397480866520608,-55.0676250755344,-37.8164726338483,0,34.6826153,"Piedmont","White / red / jack pine group",-1.00046250221678,-0.822904705882923,-0.535509302012687,-0.0422022179685072,0.377865176030632,-0.0153997529620035,0.494730662895037,0.84857227275363,1.13062275096233,"High"
"45059",36.28289594,0.0457683961333596,50,15.80933484,1214.698113,827.530370375209,-0.0674280368769355,-51.6077538636493,-39.5382689881087,0,34.48322679,"Piedmont","White / red / jack pine group",-0.985664217569004,-0.59347551176298,-0.717634336532968,0.0794263351813518,0.174289264587185,-0.183205764108465,0.530461089493925,0.828887674305797,1.13062275096233,"High"
"45061",16.13746885,0.0271464646464646,43,16.88913555,1177.288136,832.764040176569,-0.198325309215445,-37.5817846988065,-30.3638157002244,0,34.16381456,"Southeastern Plains","White / red / jack pine group",-1.08449055581312,0.336607316518869,0.252804250833174,0.0964929404398714,-0.788412304790147,-0.293011333139503,0.414359048617388,1.08249257553778,0.671123889328082,"High"
"45063",162.9659099,0.00933997509339975,51,17.04328182,1189.627273,847.560735650116,0.0234376241258432,-30.9287036830761,-26.6021889421738,0,33.89655134,"Southeastern Plains","White / red / jack pine group",-1.17898935475618,0.777782991096089,0.650694745529139,0.144743856214484,0.842572972009775,0.507298357362842,0.452653618762545,1.1186957834229,1.19626544548151,"High"
"45065",10.21563644,0.0584573748308525,43,16.4910356,1195.464286,1022.23645501368,0.0731314702418167,-40.9665986690091,-32.1352596289006,0,33.90151776,"Piedmont","White / red / jack pine group",-0.918323979441005,0.1121552794714,0.065427685734406,0.714348295121054,1.2080530373279,-0.325289138647497,0.470768816265149,0.988993749721851,0.671123889328082,"High"
"45067",24.42194771,0.0553148950349883,54,17.16430522,1236.507042,861.468125904677,-0.157061954143662,-68.2436017842031,-43.2827286078701,0,34.07835314,"Southeastern Plains","White / red / jack pine group",-0.935001077165799,-1.69662327310264,-1.11370895698469,0.19009481427246,-0.484935418101097,-0.247855580854685,0.598145203981125,1.14711966490355,1.39319352903905,"High"
"45069",21.2218962,0.0464788732394366,47,16.61744611,1168.632353,798.02173238872,0.0538675544772582,-52.1504885168415,-40.0556962267821,0,34.59900948,"Southeastern Plains","White / red / jack pine group",-0.98189372518752,-0.629465051973354,-0.772365811293006,-0.0167991233107188,1.06637398162586,-0.265297925234597,0.387495785063807,1.01868286235749,0.933694667404798,"High"
"45071",23.47940367,0.0671872162702016,57,16.22397728,1196.494737,928.400999173428,-0.0134729015077542,-45.6318065019313,-33.4317197383218,0,34.28620825,"Piedmont","White / red / jack pine group",-0.871994829131878,-0.197201574573526,-0.0717069072145548,0.408357901217584,0.571109554024154,-0.252993053700837,0.473966825826162,0.926271713850269,1.59012161259659,"High"
"45073",48.2593544,0.116416309012876,53,15.02560416,1538.864583,1041.18940287759,-0.261534658940813,-51.4243742198122,-37.8211969406886,3,34.75246187,"Piedmont","White / red / jack pine group",-0.610736700550413,-0.58131533546537,-0.536009021125372,0.776152438667635,-1.25329395658321,-0.117926342118465,1.53651326511389,0.644818577246327,1.32755083451987,"High"
"45075",30.3448056,0.0188769035532995,55,17.58477753,1207.865854,809.762568616032,-0.0486835583152767,-61.3430440355983,-37.7166197687056,0,33.43996721,"Middle Atlantic Coastal Plain","White / red / jack pine group",-1.12837700455764,-1.23903704914087,-0.52494724775693,0.0214868643235018,0.31214804961826,-0.215572185819379,0.509257141314618,1.24587292340838,1.45883622355823,"High"
"45077",97.41590704,0.0695091365102114,50,14.98552849,1515.052632,925.777625139499,-0.266283615885966,-39.1018213009659,-34.0510715665468,4,34.88824284,"Piedmont","White / red / jack pine group",-0.859672429858927,0.235811433866278,-0.137219575316428,0.399803274964532,-1.28822079823794,0.150008569865541,1.46261276235891,0.635406297519121,1.13062275096233,"High"
"45079",211.4163179,0.0450743494423792,65,17.03271923,1172.243243,847.546760844676,-0.12893225629153,-48.691864082128,-32.3251213146689,3,34.01624903,"Southeastern Plains","White / red / jack pine group",-0.989347513960053,-0.400118533497737,0.0453448426100903,0.144698285420555,-0.278051777330298,0.771384325680029,0.39870219928803,1.11621502510435,2.11526316875002,"High"
"45081",17.30622734,0.0746150809317015,44,16.40694527,1198.223881,893.387117429597,0.0141218308148297,-45.4305563760086,-35.8625039536934,0,34.00775297,"Piedmont","White / red / jack pine group",-0.832575251952922,-0.183856380091035,-0.328825966643666,0.294180255135446,0.774058718960141,-0.286640845659592,0.479333232423242,0.969244068473526,0.736766583847261,"High"
"45083",149.8756033,0.0208333333333333,49,15.38493935,1288.132231,866.480867451436,0.0842736011499496,-61.0710888571195,-57.1480355643993,2,34.92921298,"Piedmont","Oak / hickory group",-1.11799425820672,-1.22100329770504,-2.58032810845623,0.206440989038642,1.28999933551911,0.435947744711037,0.758364222654591,0.729213007186205,1.06498005644316,"High"
"45085",61.9287209,0.0418548629930744,61,17.12924646,1187.306122,831.229422627177,-0.226851493647521,-38.6453818998254,-23.7037983407823,0,33.91858684,"Southeastern Plains","White / red / jack pine group",-1.00643328495192,0.266078607860653,0.957275420430402,0.0914886675429713,-0.998211959362685,-0.0434194795872969,0.4454499156359,1.13888567016287,1.8526923906733,"High"
"45087",20.54233205,0.0527387497454694,55,15.7380689,1210.813333,910.985585714175,-0.030122654300887,-53.7201790571745,-40.2300773946258,0,34.68759029,"Piedmont","White / red / jack pine group",-0.948672645334071,-0.733553560947097,-0.790811184425918,0.351567542214471,0.448656710986737,-0.269001988089679,0.518404656356949,0.812149963812067,1.45883622355823,"High"
"45089",12.73415427,0.0374893977947413,62,17.47740078,1250.639706,742.080777420622,-0.0866358870909081,-38.7390614152107,-31.0839962916306,0,33.62198203,"Middle Atlantic Coastal Plain","White / red / jack pine group",-1.02960074964735,0.259866580185587,0.176626301712686,-0.199218387891963,0.033022550506726,-0.311561592331279,0.642005993668923,1.22065413087919,1.91833508519248,"High"
"45091",155.2762953,0.0681003584229391,52,15.51560608,1208.79798,881.314055204444,-0.0428356111381607,-45.4623281147526,-33.62034996268,1,34.97323103,"Piedmont","White / red / jack pine group",-0.867148796092024,-0.185963211232837,-0.0916594910597927,0.254810903403571,0.35515756253222,0.465384998911309,0.512149998772245,0.759901747107442,1.26190814000069,"High"
"46007",1.117916275,0.906976744186046,6,8.380383756,457.6717949,551.613382198716,-0.00339086536934396,-42.7943964945967,-28.3662531028431,2,43.19547798,"Northwestern Great Plains","Douglas-fir group",3.58475682405097,-0.00904870658976401,0.464098784071262,-0.820318299091185,0.645259242856983,-0.374877580487922,-1.81897367569346,-0.915895773664943,-1.75765580788154,"Low"
"46009",4.736958789,0.0485436893203883,5,9.047928343,564.47,495.568967049094,0.0596768772624447,10.3962524109609,-25.8904271290689,2,42.98911742,"Northern Glaciated Plains","Unknown",-0.97093577420528,3.51810215127984,0.72598218847278,-1.00307493957597,1.10909942626198,-0.355151464937135,-1.48752494013126,-0.759114455143602,-1.82329850240072,"Low"
"46019",1.766624205,0.41304347826087,3,7.761987817,562.5284553,69.304712449202,-0.306555173168662,-21.1444651113995,-32.8727493691381,2,44.90648696,"Northwestern Great Plains","Oak / hickory group",0.963459670063802,1.42659036949384,-0.0125811589624475,-2.39309074974097,-1.58440337488522,-0.37134170393041,-1.49355053330719,-1.06113390842442,-1.95458389143908,"Low"
"46023",3.280232814,0.272727272727273,6,9.100735442,592.2222222,317.840343127811,-0.186260925911239,-15.2928077598804,-15.5139859140794,2,43.20770887,"Northwestern Glaciated Plains","Oak / hickory group",0.218803467298113,1.8146224516746,1.82356246258679,-1.58263467160496,-0.699683177490281,-0.363091560914875,-1.40139578703718,-0.746712037732484,-1.75765580788154,"Low"
"46025",1.498017513,0.08,3,6.430136913,544.4107143,379.664227425804,-0.117291793567499,11.7550742859707,3.12581079303867,2,44.85804563,"Northern Glaciated Plains","Elm / ash / cottonwood group",-0.803997559373859,3.60820764615061,3.79520888310273,-1.38103161506745,-0.192440430871353,-0.372805783620993,-1.5497790283467,-1.3739359966585,-1.95458389143908,"Low"
"46027",13.19021833,0.225806451612903,4,8.525999997,629.1081081,1178.07539509692,0.00939847233263968,0.598403022626304,-9.52940467840318,3,42.91286489,"Northern Glaciated Plains","Elm / ash / cottonwood group",-0.0302046950079081,2.86839221943257,2.45658858175589,1.22252740753194,0.739320144639228,-0.309075749097518,-1.28692026537275,-0.8816959513509,-1.8889411969199,"Low"
"46031",0.641915693,0.632911392405063,7,6.883370052,425.1209503,461.897763160298,0.167773745943005,-24.7538720746111,-22.7167474852736,2,45.70990173,"Northwestern Great Plains","Oak / hickory group",2.13029571322793,1.1872452378092,1.06168188562472,-1.11287421372962,1.90411236476258,-0.377472090623254,-1.91999537614292,-1.26748844167295,-1.69201311336236,"Low"
"46033",2.188736235,0.91891064871481,6,7.632062038,443.6843972,86.1589413189788,-0.22413549569957,-35.5794878398039,-34.0102740924366,3,43.67876297,"Middle Rockies","Douglas-fir group",3.64808989378988,0.469382592422726,-0.132904174507108,-2.3381303716555,-0.978236787686409,-0.369040921155146,-1.8623836307309,-1.09164862659939,-1.75765580788154,"Low"
"46039",2.671609011,0.880952380952381,6,6.119295011,605.48,178.881808165104,-0.094062188288212,-25.2889547422507,-12.6123189502567,2,44.75987351,"Northern Glaciated Plains","Oak / hickory group",3.44664588076199,1.1517631121155,2.13048969857782,-2.03576804713708,-0.0215951790271989,-0.36640895313077,-1.36025021081649,-1.44694116245013,-1.75765580788154,"Low"
"46041",0.979519561,0.733333333333333,6,7.448457613,440.7555556,82.3468392165609,-0.22071045340245,-101.610294182095,-35.5350547325004,2,45.15666623,"Northwestern Great Plains","Elm / ash / cottonwood group",2.66323359393552,-3.90921815842653,-0.29418964013162,-2.35056135111283,-0.95304685411702,-0.375631931828546,-1.87147330451403,-1.13477045605983,-1.75765580788154,"Low"
"46045",1.329092343,0.666666666666667,3,6.177186636,472.4635417,258.021661240488,-0.155558967625464,-20.5013683711928,-22.462129165287,2,45.41921755,"Northwestern Glaciated Plains","Aspen / birch group",2.30943449665906,1.4692350686202,1.08861443789916,-1.77769891325632,-0.473881501896638,-0.37372653473402,-1.77306741941298,-1.43334457957672,-1.95458389143908,"Low"
"46047",1.491470115,0.720853858784893,5,8.46545513,409.0145455,118.479453597556,-0.221911731225084,-24.0719619114025,-29.0768484578422,2,43.23975881,"Northwestern Great Plains","Douglas-fir group",2.59700519148968,1.23246371260956,0.388934724605731,-2.23273560168582,-0.961881813199416,-0.372841471162382,-1.96998167975555,-0.895915681782119,-1.82329850240072,"Low"
"46051",4.036970736,0.40625,5,6.337705123,567.5470085,490.170385693127,-0.354177983292395,-14.7821429075931,-38.4222156111877,2,45.17255366,"Northern Glaciated Plains","Elm / ash / cottonwood group",0.927406772922855,1.84848539579899,-0.599582477905632,-1.02067930906339,-1.93465172785101,-0.358966851234542,-1.47797542967194,-1.39564477565499,-1.82329850240072,"Low"
"46053",1.595080501,0.3718820861678,12,8.886209287,602.0625,243.20278236744,-0.307112810489644,-36.7056949169845,-27.0752354169,2,43.19420784,"Northwestern Glaciated Plains","Oak / hickory group",0.745016719586238,0.394702129970212,0.600657698275538,-1.82602216743533,-1.58850459345504,-0.372276727742377,-1.37085643825939,-0.797096227932222,-1.36379964076647,"Low"
"46059",0.823464992,0.75,4,7.071828413,510.9327731,549.630144485817,-0.0757529860946977,-11.9070650922746,-36.4222284079559,2,44.5466729,"Northern Glaciated Plains","Aspen / birch group",2.75168336825464,2.03913607202496,-0.388031479131926,-0.826785488742902,0.113062307495211,-0.376482529866125,-1.65367797748705,-1.2232266037383,-1.8889411969199,"Low"
"46071",0.682764451,0.41726618705036,8,8.870571656,440.0155763,226.586398777351,-0.174341267698815,-29.4730123992414,-23.6107172844103,2,43.69359369,"Northwestern Great Plains","Douglas-fir group",0.985869528430547,0.874312040209351,0.967121178648549,-1.88020694987661,-0.612018450315015,-0.377249438549592,-1.87376983377777,-0.80076892404043,-1.62637041884319,"Low"
"46073",1.474303602,0.142857142857143,3,7.779608235,530.4536082,248.547364719668,-0.398762760298602,-18.3404387280572,-0.0943993044292153,2,44.06653077,"Northwestern Glaciated Plains","White / red / jack pine group",-0.470415553370332,1.61252951983313,3.45458737248522,-1.80859388465497,-2.26255645823542,-0.372935039728579,-1.59309497326001,-1.05699552962435,-1.95458389143908,"Low"
"46075",0.347609517,0.772727272727273,4,8.673823152,464.5705521,325.789561540465,-0.159088775546023,-48.1192753809109,-31.5683010116604,2,43.96154387,"Northwestern Great Plains","Oak / hickory group",2.87229669687162,-0.362149327062782,0.125398400320334,-1.55671286569981,-0.499841948313999,-0.379076249074731,-1.79756335003537,-0.846977807274504,-1.8889411969199,"Low"
"46079",8.743518591,0.956521739130435,4,6.905126545,608.4351852,325.684432092893,-0.2861154326505,-24.5657195143657,-26.7117014057032,3,44.02188738,"Northern Glaciated Plains","White / red / jack pine group",3.84769144133935,1.19972191327631,0.639110935892569,-1.55705568495491,-1.43407655811541,-0.333313130264455,-1.35107877954595,-1.26237865316539,-1.8889411969199,"Low"
"46081",12.45386774,0.862920804068782,9,6.287965697,582.9632353,218.665550798369,-0.321488604911133,-38.6893708800415,-36.0961150951051,4,44.35915759,"Middle Rockies","Douglas-fir group",3.35095254640366,0.263161633307823,-0.353536459896048,-1.9060362419223,-1.6942333042476,-0.313089334671061,-1.43013109675253,-1.40732671112813,-1.56072772432401,"Low"
"46085",0.900670345,0.75,3,8.499334521,484.6111111,471.843500611651,0.372661164538085,-36.0999119761789,-27.4885079341685,2,43.89519645,"Northwestern Great Plains","Elm / ash / cottonwood group",2.75168336825464,0.434872495688799,0.556943311677164,-1.08044190876399,3.41098440192056,-0.376061710904058,-1.73536738022211,-0.887958676819273,-1.95458389143908,"Low"
"46091",2.248665303,0.4,4,6.000850762,502.9084967,754.866880643165,-0.187932328315348,-11.7061636391168,-13.1274981052827,2,45.75886063,"Northern Glaciated Plains","Oak / hickory group",0.894238107553187,2.05245814549902,2.07599601750974,-0.157523862869172,-0.711975730946519,-0.368714269087466,-1.67858135731531,-1.47475929758466,-1.8889411969199,"Low"
"46093",3.131258175,0.919774011299435,11,7.967835537,458.4170772,243.346952720113,-0.180515808149284,-26.3176326294745,-31.7438699830157,3,44.56708789,"Northwestern Great Plains","Douglas-fir group",3.65267174733582,1.08354995497137,0.106827385873908,-1.82555203871257,-0.657429937320474,-0.363903568768246,-1.81666068854409,-1.01278795882838,-1.42944233528565,"Low"
"46095",0.609871852,0.182608695652174,5,8.989028399,473.921659,319.462088699457,-0.0162507079682817,-23.0594982172671,-17.8848348030207,2,43.58115765,"Northwestern Great Plains","Oak / hickory group",-0.259454600957034,1.29960168254996,1.57278313280578,-1.57734628075275,0.550679803341034,-0.377646750221149,-1.76854214546353,-0.77294785453143,-1.82329850240072,"Low"
"46099",91.72697899,0.315789473684211,4,7.246834636,614.4453125,309.090470532818,-0.26561550178115,-71.5259022906159,-42.5674985085718,4,43.67449059,"Western Corn Belt Plains","Aspen / birch group",0.447333984677651,-1.91427749024775,-1.0380546519896,-1.61116735083556,-1.283307063324,0.119000243314998,-1.33242632099304,-1.18212417114322,-1.8889411969199,"Low"
"46103",15.64339669,0.860390355912744,10,7.824787365,443.3251121,225.000874671818,-0.281311394515993,-30.5475754746809,-33.0563211030832,3,44.00439165,"Northwestern Great Plains","Douglas-fir group",3.33752349230399,0.803056168146181,-0.0319986750345271,-1.88537722524056,-1.39874461445597,-0.295704345028942,-1.86349867374113,-1.04638463754465,-1.49508502980483,"Low"
"46109",3.615361451,0.330097087378641,6,6.253402381,536.0773481,310.038883277711,-0.38827117499301,-40.4804511949038,-31.0839420973736,2,45.6294145,"Northern Glaciated Plains","Oak / hickory group",0.523264296816697,0.14439243986751,0.176632034173962,-1.60807464790367,-2.18539468504866,-0.361264893725345,-1.5756416698338,-1.41544434455738,-1.75765580788154,"Low"
"46111",1.608867291,0.714285714285714,9,7.887580236,556.5185185,325.157047322364,-0.136848671937423,-20.8648311432136,-26.7519090621533,2,44.02355276,"Northern Glaciated Plains","Aspen / birch group",2.56214813757082,1.44513331286961,0.63485792373998,-1.55877544719433,-0.336274119400465,-0.372201580846047,-1.51220240064245,-1.03163693484308,-1.56072772432401,"Low"
"46117",0.817415219,0.807692307692308,3,8.387715394,424.8300395,385.282773526527,0.38935884937338,-6.64620432444359,-11.2556183599724,2,44.41385458,"Northwestern Great Plains","Elm / ash / cottonwood group",3.05785566397466,2.38799155606567,2.27399629924393,-1.36270995702114,3.5337897675995,-0.376515505030355,-1.92089821918912,-0.914173845429817,-1.95458389143908,"Low"
"46121",2.866163134,0.496644295302013,8,8.547362615,488.7962963,307.664795009118,-0.271068345204746,-33.6884574261933,-25.6172673092602,2,43.19411711,"Northwestern Great Plains","Oak / hickory group",1.40712807407478,0.594779625225746,0.754875989699106,-1.61581637194564,-1.32341073261888,-0.365348507696285,-1.72237863812355,-0.876678669386021,-1.62637041884319,"Low"
"46123",1.304520413,0.135135135135135,7,8.881382882,527.3791822,864.530621574704,-0.343047592385348,-27.3437778956966,-16.5003064064638,2,43.34413217,"Northwestern Great Plains","Elm / ash / cottonwood group",-0.511396143788457,1.01550473968399,1.71923325241098,0.200081383293818,-1.85279177307451,-0.373860467598475,-1.60263646891835,-0.798229770401674,-1.69201311336236,"Low"
"46127",13.12183404,0.51219512195122,7,8.518655567,659.08,193.962767073027,-0.409429231364965,-34.0910827274738,-27.8463549328157,3,42.83076278,"Western Corn Belt Plains","Maple / beech / birch group",1.48965610053066,0.568080944047162,0.519091624501537,-1.98659016959222,-2.34100445223754,-0.309448487577705,-1.19390235684742,-0.883420883949579,-1.69201311336236,"Low"
"47001",87.60837151,0.148751357220413,52,13.3223856,1254.254902,1175.72411654792,-0.0551836514317443,-54.1112025323322,-37.5285291944696,2,36.12993687,"Ridge and Valley","Oak / hickory group",-0.439135037557148,-0.759482907819673,-0.505051746038095,1.21486006427727,0.264342241807846,0.0965511765398693,0.653225771584549,0.244796081720018,1.26190814000069,"Moderate"
"47003",39.89256721,0.197849462365591,42,14.43497822,1420.028986,849.613641713433,-0.0912765090423466,-45.0064114091668,-32.2739444757197,1,35.51121034,"Interior Plateau","White / red / jack pine group",-0.178572058381912,-0.155730697956316,0.0507581329432928,0.151438229139262,-0.00110752688696778,-0.16353072788081,1.16770642675412,0.506102579200033,0.605481194808903,"High"
"47005",15.7973324,0.0794602698650675,49,14.41618902,1369.41791,906.965592659823,0.0905972187024215,-57.8507379473248,-40.7826660465248,0,36.07051986,"Southeastern Plains","Oak / hickory group",-0.806861899891539,-1.0074570502379,-0.849261899026166,0.338458645932404,1.33650723009283,-0.294865296139324,1.01063471258125,0.501689697113459,1.06498005644316,"High"
"47007",14.20833521,0.0238365493757094,47,13.34940435,1511.5,830.435416894504,0.0362759074146437,-62.0766818660138,-49.4404991243715,3,35.59899391,"Southwestern Appalachians","White / red / jack pine group",-1.10205623133594,-1.28768566231177,-1.76505437603544,0.0888994743139659,0.936993850683829,-0.303526355537925,1.45158715211373,0.251141778070932,0.933694667404798,"Moderate"
"47009",90.95398115,0.184379634206624,56,13.6584856,1356.074074,1006.52907585022,-0.0722314996008557,-65.207817705349,-51.2957431695324,3,35.68869053,"Ridge and Valley","Oak / hickory group",-0.250056254028587,-1.4953159260716,-1.96129499701968,0.663127708037205,0.138961552862186,0.114786906595862,0.969222054329101,0.323733432394727,1.52447891807741,"Moderate"
"47011",125.572938,0.0620300751879699,39,14.66947095,1428.630435,775.410587186867,-0.0362133222575862,-67.5061248820598,-39.3006097740324,2,35.15362263,"Ridge and Valley","White / red / jack pine group",-0.899363707023193,-1.64772008538872,-0.692495653633212,-0.0905323744040188,0.403862075501078,0.303482546514172,1.19440106448125,0.561176172947964,0.408553111251365,"High"
"47013",32.01613782,0.145255003227889,54,12.69982885,1311.136986,975.149285122234,-0.0763514384728614,-51.4894081190414,-39.2278375357194,2,36.40821107,"Central Appalachians","Oak / hickory group",-0.457690140851857,-0.585627829826252,-0.684798084532152,0.560800560590813,0.108660909105748,-0.206462347411034,0.829759588798888,0.0985807276895001,1.39319352903905,"Moderate"
"47015",20.89267329,0.15,45,14.02182056,1432,915.986402246629,-0.085944697403908,-45.4936456346862,-33.2195802643592,1,35.80985859,"Interior Plateau","Oak / hickory group",-0.432508507233568,-0.188039922451312,-0.0492676048412209,0.367874830402101,0.0381059978889726,-0.26709240240349,1.20485852542452,0.409067259082919,0.80240927836644,"Moderate"
"47017",17.98600214,0.118961788031723,58,14.53740249,1359.329787,1143.37115600884,0.0211400687893837,-58.1299867095636,-43.0455590314351,0,35.97370031,"Southeastern Plains","White / red / jack pine group",-0.597227877865349,-1.02597445003572,-1.08862206608235,1.10935948296023,0.825675292718026,-0.282935634626166,0.979326175050914,0.530158218945915,1.65576430711577,"High"
"47019",63.87020597,0.292983808789514,49,11.5219433,1199.38,1193.47173274356,-0.0427658038739267,-52.713115869238,-40.8339986517729,2,36.28964449,"Blue Ridge","Oak / hickory group",0.326304629889649,-0.666773706586493,-0.854691665722844,1.27273371152418,0.35567096943239,-0.0328371339301807,0.482921253217699,-0.178060643078195,1.06498005644316,"Moderate"
"47021",51.74221985,0.203703703703704,43,14.05711854,1301.422222,1151.2015828495,-0.0650352325576844,-36.3703539550727,-26.2377234547753,1,36.26250597,"Interior Plateau","Oak / hickory group",-0.147503678871967,0.416939086762864,0.689246511136993,1.13489391844573,0.191887465315147,-0.0989424793843946,0.799609772694112,0.417357437676697,0.671123889328082,"Moderate"
"47023",23.32263898,0.0610599078341014,40,15.00057543,1380.428571,997.218728858284,0.0882911167841918,-68.9766251956054,-45.5009191094984,0,35.42527769,"Southeastern Plains","Oak / hickory group",-0.904512372033279,-1.74523114323704,-1.34834066629339,0.63276736377362,1.31954669381762,-0.253847522355809,1.04480635116578,0.638940262349116,0.474195805770544,"High"
"47025",28.2750985,0.0979631425800194,48,12.69116414,1277.96875,915.316155735679,-0.0710986794575121,-46.2064834339345,-34.5494035950298,2,36.4849913,"Ridge and Valley","Oak / hickory group",-0.708667404937969,-0.235309254690608,-0.189931231759105,0.365689206726471,0.147293030748133,-0.226853424227866,0.726821811214191,0.0965457105762462,0.999337361923977,"Moderate"
"47027",12.47088621,0.252225519287834,49,13.94815819,1356.102564,959.948236971815,-0.075915132463837,-39.9237546864638,-32.2128727660633,1,36.55157933,"Interior Plateau","Oak / hickory group",0.110000939406239,0.181307811417189,0.0572180648637334,0.511231081019989,0.111869780246549,-0.312996573034684,0.969310473179093,0.391766716588958,1.06498005644316,"Moderate"
"47029",31.69041183,0.218166014776184,64,12.98124614,1200.061538,1077.94409393621,-0.112477561621883,-54.8994911731853,-42.410534837195,3,35.92943156,"Ridge and Valley","Oak / hickory group",-0.0707523898423439,-0.811755497326348,-1.02145163503165,0.896006733551373,-0.157033515459049,-0.208237764110832,0.485036409629982,0.164675149905079,2.04962047423084,"Moderate"
"47031",50.42617058,0.109375,47,14.11554731,1476.462687,1279.45280405927,0.0620071821724715,-64.3988125994141,-42.6403123510682,2,35.49082107,"Interior Plateau","Oak / gum / cypress group",-0.648104832136415,-1.44166959702445,-1.04575662182209,1.55311154572926,1.12623796669092,-0.106115796600239,1.34284868520341,0.431080175870633,0.933694667404798,"Moderate"
"47033",20.80804215,0.06,15,15.21271373,1325.384615,1153.52074638529,0.427103418664259,-81.5325868496964,-57.1396737191207,1,35.81832651,"Mississippi Valley Loess Plains","Oak / hickory group",-0.910137288556799,-2.57783559215509,-2.57944362443682,1.1424565370475,3.8113872716776,-0.267553696693451,0.873977172908917,0.688763634496205,-1.16687155720893,"High"
"47035",34.01160644,0.0678148546824543,49,12.78738627,1503.634615,958.350170875816,-0.184405932208753,-57.7309542133652,-46.8845277077418,2,35.95266823,"Southwestern Appalachians","Oak / hickory group",-0.868663960576813,-0.999514013093452,-1.49469349315013,0.506019907164437,-0.686040377173174,-0.195585756593486,1.42717689249823,0.119144699027533,1.06498005644316,"Moderate"
"47037",529.3260969,0.264781491002571,49,14.55005068,1277.151899,925.255950334741,-0.103952651762822,-43.2693963605247,-33.2508673469609,4,36.16811742,"Interior Plateau","Oak / hickory group",0.176635311277782,-0.0405466525458408,-0.0525770328027647,0.398102132495856,-0.0943359209752265,2.50419763500692,0.724286710265264,0.533128806894235,1.06498005644316,"High"
"47039",13.48729416,0.122385747482572,50,14.76276184,1395.326531,984.051416812378,-0.0488052736548668,-49.9567936633355,-38.218366199749,0,35.60029137,"Interior Plateau","Oak / hickory group",-0.579056971423025,-0.483997891040873,-0.578020066646397,0.589829745327605,0.311252877806446,-0.307456494245646,1.09104224061573,0.583086722482882,1.13062275096233,"High"
"47041",25.49874516,0.177631578947368,55,14.09381633,1406.387755,1026.4376787696,-0.080577544128088,-53.4249662319692,-34.3830425153665,1,35.97625428,"Interior Plateau","Oak / hickory group",-0.285868091915034,-0.713977560445095,-0.17233419288657,0.728048171148077,0.0775794474835407,-0.241986340346644,1.12537080171034,0.42597637941492,1.45883622355823,"Moderate"
"47043",41.99851363,0.184370257966616,45,13.98754228,1355.88,990.388926415628,-0.0731680187152048,-52.8796291796471,-37.8213768910675,1,36.14667278,"Interior Plateau","Oak / hickory group",-0.250106013607347,-0.67781545128675,-0.536028055588355,0.610495889510533,0.132073797257897,-0.152051961808297,0.968619744750534,0.40101656997585,0.80240927836644,"Moderate"
"47045",28.03428993,0.103960396039604,35,15.08000654,1288.526316,774.299377232656,-0.145983858927192,-81.2642321973154,-50.0409455765055,0,36.05794359,"Mississippi Valley Loess Plains","Elm / ash / cottonwood group",-0.676840062035881,-2.56004059694757,-1.82856730574509,-0.0941559468431761,-0.403460079004443,-0.228165986227087,0.759587267319356,0.657595666647097,0.145982333174649,"High"
"47047",22.24876628,0.228665207877462,51,15.52628757,1352.647059,895.927677483035,0.0653807054311271,-62.4709011002648,-47.3818743337356,2,35.19619906,"Mississippi Valley Loess Plains","White / red / jack pine group",-0.0150333142218917,-1.31382692471197,-1.5473009174855,0.30246483120028,1.15104899657273,-0.259700821090237,0.958586297038618,0.762410430600028,1.19626544548151,"High"
"47049",14.25213328,0.132638559924207,52,12.94887503,1394.526316,959.510164253876,-0.0946172287443925,-49.6109440470675,-40.7162059540615,2,36.38121994,"Southwestern Appalachians","Oak / hickory group",-0.524645434627094,-0.4610640897842,-0.842232004576599,0.509802558695243,-0.0256772986060626,-0.303287627811909,1.08855876957163,0.157072383877708,1.26190814000069,"Moderate"
"47051",29.2443293,0.205331412103746,51,14.31551418,1513.109756,993.651106201947,-0.0845133485655762,-45.5670278556241,-30.2643548804721,3,35.15706751,"Interior Plateau","Oak / hickory group",-0.138865452433504,-0.192906006412669,0.263324836026644,0.621133613480235,0.0486330451556639,-0.221570491329946,1.45658303748712,0.478044933206288,1.19626544548151,"High"
"47053",31.51170011,0.144817073170732,43,14.87419959,1340.626374,891.69420370861,-0.0589729127582708,-43.0364324649439,-37.229922070469,1,35.9943335,"Mississippi Valley Loess Plains","Unknown",-0.460014229735243,-0.0250984709376519,-0.473466226280173,0.288659790278204,0.236473610470792,-0.209211858232512,0.921280044184361,0.609259292402996,0.671123889328082,"High"
"47055",18.58238575,0.165060240963855,52,14.61529355,1424.125,983.729811044971,-0.0835659045461092,-52.9992515540225,-36.9851893064125,1,35.20214048,"Interior Plateau","Oak / hickory group",-0.352584012366898,-0.685747788437736,-0.447579330311468,0.588781013006018,0.0556011494418959,-0.279684959355581,1.18041842561097,0.54845192295557,1.26190814000069,"High"
"47057",32.0180204,0.130208333333333,46,13.25699997,1221.042553,890.671268175779,-0.0382801395063053,-33.312159146443,-29.6504817194695,2,36.27668701,"Ridge and Valley","Oak / hickory group",-0.537542614237521,0.619732522540324,0.328257991659151,0.285324074116056,0.388661390464553,-0.206452086135995,0.550151089095335,0.229439436660819,0.868051972885619,"Moderate"
"47059",42.86743393,0.191593886462882,57,13.0938807,1122.473684,872.634196396934,-0.0624224710588197,-53.9218359057234,-44.5598538288763,3,36.1746507,"Ridge and Valley","Oak / hickory group",-0.211770314991755,-0.746925725810463,-1.24879837937018,0.22650653389043,0.2111033706616,-0.14731578582365,0.244242137111964,0.191128805843227,1.59012161259659,"Moderate"
"47061",14.32281076,0.0953947368421053,46,13.34965437,1542.592593,816.104089495663,-0.143070105319183,-51.4870827276295,-35.2178620356063,2,35.38441523,"Southwestern Appalachians","Oak / hickory group",-0.722297899410675,-0.58547362967111,-0.260638209540844,0.0421660889782934,-0.382030486766989,-0.302902389967389,1.54808316181305,0.251200498441107,0.868051972885619,"Moderate"
"47063",154.4499208,0.0747663551401869,30,13.53297622,1167.428571,787.709253751489,-0.219545445047915,-49.6640886985623,-37.1137092539331,2,36.22134708,"Ridge and Valley","White / red / jack pine group",-0.831772441776872,-0.464588190485507,-0.461173678923496,-0.0504273438172562,-0.944478643708876,0.460880724973613,0.383759841923012,0.294255961576443,-0.182231139421246,"Moderate"
"47065",259.7341127,0.0540735400144196,48,14.59573661,1457.17284,973.53918083195,0.0048938036402888,-49.9908851159323,-39.8391539164458,4,35.17774127,"Ridge and Valley","Oak / hickory group",-0.941588931450951,-0.486258545850449,-0.749460793723701,0.555550131085271,0.706189953748495,1.03474746653757,1.2829825536392,0.543858727386083,0.999337361923977,"High"
"47067",11.4064213,0.109772423025435,43,12.62355358,1218.214286,907.236588832378,-0.133138030498402,-35.5357201676313,-28.671405185214,2,36.52700259,"Ridge and Valley","Oak / hickory group",-0.645995713521879,0.472284891710796,0.431820963643649,0.339342344155468,-0.308983708584997,-0.318798593246712,0.541373549059858,0.0806665124684406,0.671123889328082,"Moderate"
"47069",14.59777758,0.0862152946906965,57,15.29203992,1375,802.54493232795,0.0491760252385491,-52.2869025408323,-39.1732294683014,1,35.20761227,"Southeastern Plains","White / red / jack pine group",-0.771013074610724,-0.638510868327257,-0.679021851971907,-0.00204930706359138,1.03186949975091,-0.301403643477684,1.02795875534547,0.707394397000575,1.59012161259659,"High"
"47071",17.15945449,0.0811437403400309,63,15.13074224,1441.5,841.717667745377,-0.0750663710468089,-45.8347291661038,-35.3730148903104,1,35.19724145,"Southeastern Plains","White / red / jack pine group",-0.797927744876535,-0.210657677549221,-0.277049685235391,0.12569004938032,0.118112110079724,-0.287440852343022,1.2343418204377,0.669511589713526,1.98397777971166,"High"
"47073",44.97537461,0.130642954856361,51,13.01447491,1146.493151,957.751864072003,-0.0386284885720327,-44.0567634933385,-31.6637542920757,2,36.44361983,"Ridge and Valley","Oak / hickory group",-0.535236083699958,-0.0927581354870152,0.115301717313836,0.504068873486021,0.386099410476156,-0.135826149748078,0.318786666756198,0.1724793482686,1.19626544548151,"Moderate"
"47075",12.59540591,0.192886456908345,45,15.36898174,1319.643836,982.20561889693,-0.0242540885834914,-55.0806518391788,-41.785796884562,1,35.58340706,"Mississippi Valley Loess Plains","Oak / hickory group",-0.204910661140189,-0.823768529910435,-0.955369243285446,0.583810736562137,0.491817865724326,-0.312317860369374,0.856160638081291,0.725465159948776,0.80240927836644,"High"
"47077",20.75709256,0.0808743169398907,52,14.72973688,1359.253012,1004.15995745513,0.0346333794024525,-51.9536933855294,-37.9249377219571,0,35.65580261,"Southeastern Plains","White / red / jack pine group",-0.799357571212856,-0.616415274794202,-0.546982324282238,0.655402190380514,0.924913657820883,-0.267831404815342,0.979087903474636,0.575330391484553,1.26190814000069,"High"
"47079",22.16075638,0.153239929947461,52,14.33706126,1349.850575,1133.44990625822,-0.0213753932659657,-57.1998867919948,-43.5458018222946,0,36.33174419,"Southeastern Plains","Oak / hickory group",-0.415314242873807,-0.964298144338042,-1.1415358356628,1.07700703055274,0.512989617055968,-0.260180531801094,0.949907395694237,0.483105538413001,1.26190814000069,"High"
"47081",15.77041561,0.0928456591639871,51,14.23887861,1383.065217,977.527752783836,-0.039369226764018,-56.8978936974573,-36.5939610476148,1,35.80410126,"Interior Plateau","Oak / hickory group",-0.735825820131762,-0.944272534115465,-0.406196701080935,0.568556565505408,0.380651551959458,-0.295012010002934,1.05298919451982,0.460046096957416,1.19626544548151,"High"
"47083",15.80890694,0.204783258594918,41,14.10918891,1355.666667,1021.62622436768,-0.0632969194673891,-39.3360585516505,-34.7918985606672,0,36.28883528,"Interior Plateau","Oak / hickory group",-0.141774495682389,0.220278814191641,-0.215581421967968,0.712358378686275,0.204672122399282,-0.29480220743213,0.967957664774213,0.429586824931835,0.539838500289723,"Moderate"
"47085",13.47815633,0.110963455149502,44,14.24813092,1382.892857,971.240616209471,0.0171458213596465,-48.2570892929006,-35.0580616349518,0,36.03837081,"Interior Plateau","Oak / hickory group",-0.639674922167046,-0.371287972067169,-0.243735134207026,0.548054683997101,0.796299063554555,-0.307506301311953,1.05245427444314,0.462219119388303,0.736766583847261,"High"
"47087",14.71274679,0.278,53,13.97957643,1388.208333,1028.4894338999,-0.0700333683658645,-44.1375654505776,-31.4098430748193,1,36.36378527,"Interior Plateau","Oak / hickory group",0.24678575953725,-0.0981162331725587,0.142159474965306,0.734738790966483,0.15512800424668,-0.300776987141797,1.06895087939508,0.399145689003305,1.32755083451987,"Moderate"
"47089",76.02377291,0.215037593984962,42,13.72845753,1195.255319,856.707051118603,-0.0161055876550611,-67.6090618612272,-49.3509716833182,2,36.0524194,"Ridge and Valley","Oak / hickory group",-0.087354876619873,-1.65454598922421,-1.75558450565733,0.174569305964867,0.551747110174782,0.033407643489602,0.470120286190516,0.340167228216792,0.605481194808903,"Moderate"
"47091",22.9702538,0.236852356836774,40,10.83231922,1220.234043,1263.7424798251,-0.111591546450037,-45.4409739946654,-39.4641581133994,3,36.45519737,"Blue Ridge","Oak / hickory group",0.0284157744441966,-0.184547187842741,-0.709795171592608,1.50188135499039,-0.150517197882756,-0.255768248833095,0.547641874479429,-0.340027610756515,0.474195805770544,"Moderate"
"47093",354.0885622,0.074468085106383,44,14.02981896,1212.518519,1053.56306173522,0.0436409777735758,-49.8513389016708,-35.2731098587606,5,35.99443753,"Ridge and Valley","Oak / pine group",-0.833355356807438,-0.477005029311878,-0.266482113016565,0.81650201350552,0.991161249793432,1.54904006364516,0.52369670918751,0.410945784836077,0.736766583847261,"Moderate"
"47095",16.93832731,0.16,17,14.82001104,1271.466667,1002.98605218685,-0.0127733653539721,-66.0170713995117,-50.5658041635012,0,36.34172668,"Mississippi Alluvial Plain","Oak / gum / cypress group",-0.379438642642098,-1.54897873937302,-1.88408484011455,0.6515741732176,0.576254386617309,-0.288646138074601,0.706642565815333,0.596532423691589,-1.03558616817057,"High"
"47097",21.01859941,0.243951612903226,47,15.2989045,1275.413333,926.963068274297,-0.0553433754971082,-57.0399457828161,-35.735893234963,1,35.75614559,"Mississippi Valley Loess Plains","Elm / ash / cottonwood group",0.0660914302588747,-0.953692218684928,-0.315433568952526,0.40366891624606,0.263167529717624,-0.266406023842207,0.71889106244654,0.709006630736649,0.933694667404798,"High"
"47099",27.39059044,0.0812324929971989,46,14.50444788,1444.166667,1005.67354010905,0.0267117796291283,-53.3996047320059,-38.6191156749359,0,35.21662102,"Interior Plateau","Oak / hickory group",-0.797456735726731,-0.712295801748914,-0.620409813739194,0.66033787005864,0.866653188389278,-0.231674563556754,1.24261783410748,0.522418410537947,0.868051972885619,"High"
"47101",16.603826,0.0491923641703377,44,14.27357085,1427.325,880.944470489276,-0.0406759274548529,-52.5855030576106,-34.2185732595647,0,35.52834381,"Interior Plateau","White / red / jack pine group",-0.967493265560209,-0.658311511684417,-0.154937263908117,0.253605715326609,0.371041246234217,-0.29046938592743,1.1903496407733,0.468194009824334,0.736766583847261,"High"
"47103",23.12380223,0.205236486486486,47,14.65346095,1430.308642,914.643723971691,-0.138211571548086,-43.1936273268327,-28.1234058418674,1,35.13739327,"Interior Plateau","Oak / hickory group",-0.13936922139893,-0.0355222954889976,0.489786238733898,0.363496457104343,-0.346297747629294,-0.254931310869227,1.19960938785748,0.557416021254117,0.933694667404798,"High"
"47105",89.53853447,0.0782828282828283,41,14.25003082,1312.157895,922.398009137518,0.0512106083725388,-28.0907288627525,-29.241354082998,4,35.74085664,"Ridge and Valley","Oak / hickory group",-0.813110566424919,0.96597331266727,0.371533948616082,0.388782600290674,1.0468331146615,0.107071809396079,0.832927984717689,0.462665335016231,0.539838500289723,"High"
"47107",47.92830241,0.0581973030518098,52,14.37429496,1430.215385,850.893666798218,0.0383223134523454,-55.110129529551,-36.0060127699654,2,35.42835818,"Ridge and Valley","White / red / jack pine group",-0.919704176850791,-0.825723239300594,-0.344005780477533,0.155612295076198,0.95204441872763,-0.119730788952896,1.19931996431611,0.491850345416324,1.26190814000069,"High"
"47109",17.70807111,0.0610244988864143,55,15.18472688,1425.204819,850.549719888179,-0.0174099084701356,-70.5503812874032,-48.7655440682167,0,35.17460431,"Southeastern Plains","White / red / jack pine group",-0.904700286839188,-1.84958924496124,-1.69366021109969,0.154490709961677,0.542154307565447,-0.284450537971932,1.1837696489939,0.682190567573472,1.45883622355823,"High"
"47111",30.43123863,0.106811145510836,38,13.84139629,1377.311111,1149.31811047064,-0.125645161921235,-31.4403239641412,-25.8662464355969,1,36.53158986,"Interior Plateau","Oak / hickory group",-0.661711173193632,0.743856691071693,0.728539929765712,1.12875205607662,-0.253876400315636,-0.215101070066915,1.03513129928454,0.36669232938575,0.342910416732186,"Moderate"
"47113",67.79832807,0.115356355620867,53,15.11741364,1359,995.409583478455,0.0585249353871862,-64.44515280903,-45.6548230912659,1,35.61179413,"Mississippi Valley Loess Plains","Oak / hickory group",-0.616361858849131,-1.44474248508774,-1.36462004098417,0.626867876181799,1.10062731503055,-0.0114263353163353,0.978302679533808,0.666381198841158,1.32755083451987,"High"
"47115",22.19264137,0.061491935483871,56,13.98106532,1526.216216,1007.10484804979,-0.0888001255697795,-58.3576707990214,-39.5470271043511,2,35.12949824,"Southwestern Appalachians","Oak / hickory group",-0.902219607145975,-1.04107251986526,-0.71856073657966,0.665005258058863,0.0171053679490316,-0.260006738043589,1.49725899819853,0.399495373716326,1.52447891807741,"Moderate"
"47117",34.66323847,0.279727095516569,41,14.39086015,1401.964286,756.160677182046,-0.0684121609713808,-46.9805663627362,-34.9085383448051,1,35.45785478,"Interior Plateau","White / red / jack pine group",0.255951432057336,-0.286639842351474,-0.227919132324939,-0.153304889251811,0.167051391763262,-0.192033941805279,1.11164254470943,0.495740890527967,0.539838500289723,"High"
"47119",59.58040715,0.292682926829268,52,14.37837636,1381.612903,867.268632976165,-0.0498513154895706,-30.2811962962147,-28.342776776874,1,35.61840499,"Interior Plateau","Oak / hickory group",0.324707853400822,0.820720166747023,0.46658202006311,0.209009833416888,0.303559622646022,-0.0562193039062442,1.04848193113942,0.49280891400616,1.26190814000069,"High"
"47121",24.21261667,0.0345963756177924,40,14.45178643,1424.0625,964.56705831952,0.0456606685640455,-64.2947924490069,-46.486858464335,2,35.51128586,"Ridge and Valley","White / red / jack pine group",-1.04495397916643,-1.43477186649674,-1.45262956119679,0.526292711518807,1.00601533696351,-0.248996570016164,1.18022445656483,0.510050200643009,0.474195805770544,"High"
"47123",28.18636896,0.213478611783697,64,13.71679631,1450.808081,917.753583740106,-0.176930666192968,-53.8673079923175,-40.9860193450163,2,35.4454261,"Ridge and Valley","White / red / jack pine group",-0.0956283740520375,-0.743309898959225,-0.87077183335489,0.373637476903318,-0.631062529305582,-0.227337057440805,1.26322949392502,0.337428442699283,2.04962047423084,"Moderate"
"47125",146.7959509,0.164292497625831,47,14.05365114,1309.026667,1204.31366973522,-0.0131047707800185,-51.8652037603519,-38.879963369041,0,36.49610742,"Interior Plateau","Oak / hickory group",-0.356658415865892,-0.610547396440028,-0.648001285387904,1.30808845607194,0.573817020902537,0.419161653123649,0.823210203783214,0.416543074779554,0.933694667404798,"Moderate"
"47127",19.11051546,0.170347003154574,34,14.36082511,1467.65,643.177084942688,-0.137552481899091,-56.8797244008516,-41.2831055705028,2,35.27724026,"Interior Plateau","Oak / gum / cypress group",-0.324527237008022,-0.943067701096347,-0.902196478283627,-0.521735921896938,-0.341450384287704,-0.276806311855596,1.31549846934239,0.488686780188756,0.08033963865547,"High"
"47129",15.92529439,0.139624458353394,47,12.9798794,1395.763158,1011.80782404308,-0.099128752526235,-60.1169264667433,-44.9805364132463,2,36.1324365,"Southwestern Appalachians","Oak / hickory group",-0.487571366258422,-1.15773137372949,-1.29329657453181,0.680341310554364,-0.0588579061731246,-0.294167820773648,1.09239731457907,0.164354153669848,0.933694667404798,"Moderate"
"47131",21.50234559,0.300462249614792,50,14.5713416,1310.432099,1252.24837987015,-0.0203943342975712,-42.8427287719483,-36.1490426728052,0,36.35735871,"Mississippi Valley Loess Plains","Oak / gum / cypress group",0.365992614084932,-0.0122536916206139,-0.359134936679818,1.4643999558616,0.520204946998693,-0.26376929520279,0.827571968654472,0.538129249673846,1.13062275096233,"High"
"47133",19.74755051,0.155594405594406,45,13.5549077,1397.938462,1065.95568696919,-0.116285695106909,-48.2262883056449,-32.6022097701112,2,36.34060927,"Interior Plateau","Oak / hickory group",-0.402819072497079,-0.369245512897041,0.0160354853288233,0.856913436276208,-0.185040944620385,-0.273334060021695,1.09914838085016,0.299406848001838,0.80240927836644,"Moderate"
"47135",7.465823571,0.0403618649965205,45,14.49890857,1415.612903,850.726967764969,0.0515239609872933,-48.5358297586794,-34.430928859897,0,35.6370974,"Interior Plateau","Oak / hickory group",-1.01435660510317,-0.38977166597247,-0.17739942730241,0.155068702013315,1.04913770855107,-0.340277392083896,1.15400109223921,0.521117433281279,0.80240927836644,"High"
"47137",12.0062598,0.246350364963504,41,13.65500613,1345.074074,1265.21848147716,-0.0268819238037712,-54.1291230067322,-36.0082515784705,2,36.55600222,"Interior Plateau","Oak / hickory group",0.078821574961621,-0.760671241069106,-0.344242593080409,1.506694485836,0.472491098669272,-0.315529086597637,0.935083502208582,0.322916234704896,0.539838500289723,"Moderate"
"47139",14.93129138,0.199399399399399,54,13.90939894,1484.622951,977.043099510316,-0.147922912624217,-52.8525511186521,-41.1310977869491,2,35.12245787,"Blue Ridge","White / red / jack pine group",-0.170346563530962,-0.676019864881374,-0.886117676189194,0.566976147477456,-0.41772110984094,-0.29958577819118,1.36817410319261,0.382663614806338,1.39319352903905,"Moderate"
"47141",75.60398441,0.133684210526316,50,13.61630117,1433.807018,1051.20255068092,-0.194081220737048,-47.2596006224724,-34.3524578160816,3,36.13998003,"Interior Plateau","Oak / hickory group",-0.519096181040702,-0.305143018170048,-0.169099060346493,0.808804563742519,-0.757198586079776,0.0311195254512375,1.21046661434959,0.313825883617807,1.13062275096233,"Moderate"
"47143",40.3440937,0.0883164673413064,47,13.84455123,1469.288462,935.781513257153,-0.167793655373271,-66.127893687519,-40.630719832318,2,35.60547263,"Ridge and Valley","White / red / jack pine group",-0.759862179805608,-1.5563275297386,-0.833189609501818,0.43242520489791,-0.563863156099452,-0.161069617329739,1.32058344392279,0.367433307086249,0.933694667404798,"Moderate"
"47145",57.07691073,0.0332541567695962,43,14.06098306,1356.661017,1073.89818625811,-0.0581266223001962,-37.7432150731081,-33.1265688662157,2,35.85030842,"Ridge and Valley","Oak / hickory group",-1.05207711641902,0.325902628854406,-0.0394292148041241,0.882813331622079,0.242697767304485,-0.0698649738509495,0.971043634710671,0.41826506924596,0.671123889328082,"Moderate"
"47147",57.5356883,0.351020408163265,36,13.92182192,1282.136986,1307.7401346005,0.0176144623605037,-30.7163397836887,-27.2275466839999,0,36.52475992,"Interior Plateau","Oak / hickory group",0.634304076901086,0.791865156388615,0.584546794852053,1.64535441210937,0.799745746735493,-0.0673643402377991,0.739757951390248,0.385581309327863,0.211625027693828,"Moderate"
"47149",202.0951734,0.261176470588235,39,14.47757527,1375.666667,562.711195300052,-0.108177045418711,-49.698892357914,-34.3823410712841,2,35.84591522,"Interior Plateau","White / red / jack pine group",0.157503516753952,-0.466896072781835,-0.172259996813727,-0.784129161713028,-0.125404791468378,0.720578077131886,1.03002775953879,0.516107037020795,0.408553111251365,"High"
"47151",15.97212149,0.168407856247388,51,12.74312554,1361.896104,1039.8168484363,-0.0887406360050826,-47.6526310795777,-38.8879558993058,2,36.42261647,"Southwestern Appalachians","Oak / hickory group",-0.334818263386755,-0.331205450993706,-0.648846704677345,0.77167664142891,0.0175428919422525,-0.29391258288077,0.987290752020212,0.108749504843871,1.19626544548151,"Moderate"
"47153",21.69193465,0.0652173913043478,41,13.40030003,1528.525,885.299772324216,-0.179036362640471,-34.8369923557842,-26.0400276429831,2,35.36975511,"Southwestern Appalachians","White / red / jack pine group",-0.882448663552554,0.518618569747883,0.710158018155856,0.267808028429991,-0.646549156631177,-0.262735912563526,1.50442432028208,0.263095274470777,0.539838500289723,"Moderate"
"47155",63.86741434,0.265912305516266,63,12.87454408,1351.885057,988.78142155506,-0.152968409259191,-53.1544946464668,-39.6533606023227,4,35.78273206,"Blue Ridge","Oak / pine group",0.182636528589768,-0.696042188261011,-0.729808287395307,0.605253936550617,-0.454828892470789,-0.032852350113948,0.956221420221079,0.139614816885342,1.98397777971166,"Moderate"
"47157",475.478861,0.25273799494524,53,16.10972952,1331.552632,1069.68947982045,-0.0376525645185206,-54.5383303105879,-34.0980885709538,2,35.18642157,"Mississippi Valley Loess Plains","Elm / ash / cottonwood group",0.112720640780736,-0.787806384605404,-0.142192854258201,0.869089055130301,0.393276974997742,2.21069547432634,0.893119642893893,0.899439177417897,1.32755083451987,"High"
"47159",24.47849771,0.246079613992762,40,14.24137325,1381.96,794.513044801711,-0.200667900309535,-34.0911739078955,-25.7111327790879,1,36.25356102,"Interior Plateau","Oak / hickory group",0.0773847032260923,0.568074897738097,0.744947259225068,-0.028240690756833,-0.80564120560985,-0.2475473468867,1.04955914832355,0.460631994822596,0.474195805770544,"High"
"47161",11.3812854,0.153786104605777,53,14.14869946,1326.140845,1062.18108761974,-0.0190587942537339,-47.4280026751426,-36.3756868732324,0,36.50232829,"Interior Plateau","Oak / hickory group",-0.412415701357795,-0.31631000817232,-0.383108493555164,0.844604750487627,0.530027355618817,-0.318935600111361,0.876324136297107,0.438866379054716,1.32755083451987,"Moderate"
"47163",147.2782252,0.236363636363636,54,12.64999454,1110.655738,1076.33485441226,-0.146803532304067,-38.993318833755,-32.1359697171477,2,36.51255378,"Ridge and Valley","Oak / hickory group",0.0258221415109453,0.243006393472494,0.0653525753148746,0.890759123984081,-0.409488476939685,0.421790359067879,0.207565085704829,0.0868765075047273,1.39319352903905,"Moderate"
"47165",136.8635391,0.262948207171315,45,14.08638753,1307.457831,923.010968252039,-0.102108553020115,-42.7361379795419,-29.7122435411018,0,36.46678397,"Interior Plateau","Oak / hickory group",0.166906098809533,-0.00518549800739492,0.321725062332762,0.390781414056957,-0.080773249103045,0.365023603596221,0.818341313823709,0.424231631450944,0.80240927836644,"Moderate"
"47167",52.16999542,0.206549118387909,40,15.5235643,1300.971429,872.714967631156,-0.0118115963124474,-68.178634579559,-39.0798371030028,1,35.50102387,"Mississippi Valley Loess Plains","Oak / hickory group",-0.132403101672233,-1.69231520135866,-0.669143164685893,0.226769922836052,0.583327846202165,-0.0966108266638254,0.798210734482651,0.761770836077649,0.474195805770544,"High"
"47169",36.84023736,0.19280205655527,34,14.2552807,1351.105263,846.795775050707,-0.0869635000480398,-31.3540933116643,-27.0789420411549,1,36.39027839,"Interior Plateau","Oak / hickory group",-0.205358572671105,0.749574773594028,0.600265625735306,0.142249376989783,0.0306130770139293,-0.180167893950923,0.953801325847236,0.463898335964045,0.08033963865547,"High"
"47171",36.98047624,0.33968556455455,53,11.45726881,1228.677419,1091.77470442011,-0.140426943731112,-43.3837041495637,-38.0644311641818,2,36.10889915,"Blue Ridge","Oak / hickory group",0.574150215353087,-0.0481265716569225,-0.561737407203434,0.941107318527469,-0.362590999881629,-0.179403501617621,0.573845931902079,-0.19325026788283,1.32755083451987,"Moderate"
"47173",33.98161082,0.137603795966785,44,13.29211707,1243.405405,1046.26695366645,-0.0954296112109974,-41.0812745242819,-32.0224201724164,2,36.28784731,"Ridge and Valley","Oak / pine group",-0.498294994182664,0.104550953342186,0.0773634119639238,0.792709951518568,-0.0316520745625289,-0.195749252066072,0.619554306237648,0.237687133290926,0.736766583847261,"Moderate"
"47175",8.208801,0.138888888888889,47,13.32925601,1496.487805,845.909138718144,-0.0988494634912698,-52.0548099281425,-38.3301520281391,2,35.69756831,"Southwestern Appalachians","Oak / hickory group",-0.491475023446312,-0.623120462780456,-0.589844344125003,0.139358122311893,-0.0568038374559739,-0.336227685964284,1.40499673380001,0.246409684705585,0.933694667404798,"Moderate"
"47177",36.56103811,0.22991347342398,49,14.03937305,1432.777778,861.707202699344,-0.131309592240638,-31.4418661840588,-27.8819536368956,3,35.67247018,"Interior Plateau","Oak / hickory group",-0.00840878586910098,0.743754424180476,0.515326129706879,0.19087442579476,-0.295536213852587,-0.181689709913539,1.20727236313281,0.41318968413006,1.06498005644316,"Moderate"
"47179",152.4043125,0.119960668633235,46,12.9462681,1123.434783,763.716408025181,-0.123215851550308,-46.3339071934933,-45.3296027506771,3,36.2946815,"Ridge and Valley","Oak / hickory group",-0.59192683203882,-0.243758913269483,-1.3302194769396,-0.128666216841507,-0.236009710927732,0.44973084056597,0.247224912412371,0.156460113280878,0.868051972885619,"Moderate"
"47181",8.750698484,0.0535087719298246,53,14.59763359,1475.261261,803.58585221294,-0.128457033546753,-46.0968617999791,-33.3113383838261,0,35.23854902,"Interior Plateau","White / red / jack pine group",-0.944586148028455,-0.228040081476846,-0.0589734278522139,0.00134505472404979,-0.274556687829751,-0.333273995217433,1.33912005391978,0.544304257214952,1.32755083451987,"High"
"47183",22.2053269,0.147674418604651,46,14.48344899,1350.741176,1051.93340623163,-0.0206650901904875,-73.7908434360878,-56.3289836520412,0,36.2989027,"Mississippi Valley Loess Plains","White / red / jack pine group",-0.444850336208329,-2.06446909852198,-2.49369192907124,0.811187828957631,0.518213636420772,-0.25993759372444,0.952671380117609,0.517486554710188,0.868051972885619,"High"
"47185",27.76467722,0.117107942973523,49,13.68174175,1446.75,1026.50095453833,-0.127795445757963,-52.2952531892342,-35.6710993185517,2,35.92720222,"Interior Plateau","Oak / hickory group",-0.607066208486573,-0.63906461221421,-0.308579916234587,0.728254508691011,-0.269690951583529,-0.229635549364532,1.2506352203134,0.329195434381914,1.06498005644316,"Moderate"
"47187",153.9340831,0.273234200743494,51,14.17645686,1339.623529,1042.92233272574,-0.0765636040416335,-46.0630929978724,-29.7055848495046,2,35.89110682,"Interior Plateau","Oak / hickory group",0.22149372741596,-0.225800822100046,0.322429393268298,0.781803393118639,0.107100508935632,0.458069076855005,0.918167709975151,0.445385556732843,1.19626544548151,"High"
"47189",95.09597309,0.224324324324324,41,14.32366862,1350.47619,662.517352000856,-0.162810540449459,-48.4894432747985,-32.985837973047,2,36.15447898,"Interior Plateau","Oak / hickory group",-0.0380703244591291,-0.386695709394001,-0.0245432390538563,-0.458668759465266,-0.527214168142427,0.13736343375817,0.951848994811045,0.479960106933857,0.539838500289723,"High"
"48005",42.15855413,0.0467367718244033,50,18.78569701,1169.132231,900.912079611299,0.0127117964937047,-54.7439795393516,-35.8905782164182,0,31.25456726,"South Central Plains","White / red / jack pine group",-0.980525060889268,-0.801443290125057,-0.331795554803865,0.318718593245165,0.763688432172861,-0.15117963787632,0.389047158805343,1.52792410497592,1.13062275096233,"High"
"48009",3.741812117,0.0121951219512195,12,17.49315429,724.7555556,101.427132719983,-0.279596808151415,-25.4683997991541,-63.4237506071572,1,33.6158123,"Central Great Plains","Aspen / birch group",-1.16383712904285,1.13986384411595,-3.24414924849616,-2.28834194297306,-1.3861344587627,-0.360575656050092,-0.990077958856996,1.22435404264125,-1.36379964076647,"High"
"48015",17.85219572,0.264705882352941,18,20.01160429,1050.083333,491.723236817169,-0.121921494614253,-29.6151155325117,-28.8863151963522,0,29.88531162,"East Central Texas Plains","Oak / pine group",0.176234057198001,0.864888970577126,0.409088604441906,-1.01561557784511,-0.226490189004829,-0.2836649659043,0.0195783397814053,1.81584398851069,-0.969943473651395,"High"
"48019",11.11456113,0.0108474576271186,18,18.61461493,742.2831858,134.961427509164,-0.391593085590737,-31.3892251342601,-24.0349431938227,1,29.74639319,"Edwards Plateau","White / red / jack pine group",-1.17098916536233,0.747245130306026,0.922248184112956,-2.17898911913976,-2.20982612268391,-0.320389419388108,-0.935680875481371,1.48774330716836,-0.969943473651395,"High"
"48021",37.74788009,0.0975323149236193,19,19.62930403,907.944,391.577489558123,0.0733270465324494,-47.6190949501686,-25.8955467177963,1,30.10213209,"East Central Texas Plains","Oak / hickory group",-0.71095380147671,-0.328981620488743,0.725440657953563,-1.34218335947045,1.20949142942394,-0.17522065575144,-0.421551753672801,1.72605592041592,-0.904300779132216,"High"
"48027",130.3212153,0.0807453416149068,22,19.18304504,838.4210526,188.918026737376,-0.163464367024029,-35.721698842658,-36.1016142173981,3,31.03730172,"Cross Timbers","White / red / jack pine group",-0.80004204151611,0.459952369798333,-0.354118136024568,-2.0030406900125,-0.532022823496309,0.329363719870008,-0.637316550344345,1.62124633283672,-0.707372695574679,"High"
"48029",615.9936044,0.033288948069241,18,20.06500192,789.5872093,184.678528312782,0.1008618300272,-57.4793214083221,-37.8693856254265,2,29.45066642,"Texas Blackland Prairies","White / red / jack pine group",-1.05189247946291,-0.982827868396255,-0.541106235932257,-2.01686537686758,1.41199969265429,2.97659144105649,-0.788872614411826,1.828385099622,-0.969943473651395,"High"
"48031",6.387204952,0.0399543378995434,20,18.82914262,820.6907216,144.959352618768,-0.131576810738558,-25.4307718781846,-33.227120416808,0,30.26630604,"Edwards Plateau","Oak / hickory group",-1.01651934588856,1.14235900739104,-0.050065173335095,-2.14638663412905,-0.297501508183923,-0.346156559137424,-0.692342716613213,1.53812785788233,-0.838658084613037,"High"
"48035",7.238281614,0.102362204724409,23,18.41273695,837.2857143,159.399492762023,-0.0190767872765329,-39.8548247049133,-27.6943292585471,0,31.89974639,"Cross Timbers","White / red / jack pine group",-0.685321641704747,0.185878660778145,0.535172319007381,-2.09929841858312,0.529895023516116,-0.341517642486888,-0.640840078137888,1.44032970139401,-0.6417300010555,"High"
"48037",40.8478453,0.13844714686623,52,17.18569987,1211.720588,744.478140046786,0.0929988051248509,-46.3434961172788,-38.0894405363689,2,33.44778934,"South Central Plains","White / red / jack pine group",-0.493819342378999,-0.244394769034584,-0.564382802962135,-0.191400767913027,1.35417001997808,-0.158323846250219,0.52122032654823,1.15214446999017,1.26190814000069,"High"
"48039",104.2373482,0.268867924528302,25,20.62282073,1285.717703,593.23797483944,-0.0987706392498486,-47.4876997173422,-32.7212301500282,2,29.18734647,"Western Gulf Coastal Plain","Elm / ash / cottonwood group",0.19832195866504,-0.320268607624273,0.00344596465330114,-0.684583619868334,-0.056224113986069,0.187189823201061,0.750870723566005,1.95939592681009,-0.510444612017142,"High"
"48041",149.1149143,0.431372549019608,25,19.74572687,1014.036145,510.195256830258,0.00340715462161545,-34.8786144432628,-31.4109159943592,3,30.66347834,"East Central Texas Plains","Oak / hickory group",1.06073180038917,0.515858547364679,0.142045985639022,-0.955379704002071,0.695256193878473,0.431801499107631,-0.0922942789764254,1.75339930199172,-0.510444612017142,"High"
"48049",15.4550865,0.142663043478261,15,17.95683336,704.2173913,193.41249378886,-0.113050392725439,-24.4118463336379,-23.5699172074223,0,31.77414671,"Cross Timbers","Unknown",-0.471445636145787,1.20992547222087,0.97143685478033,-1.98838456956043,-0.161246478743382,-0.296730757001988,-1.05381824907657,1.33325495709859,-1.16687155720893,"High"
"48051",10.68355722,0.236421725239617,16,19.72699302,986.5789474,445.907608044086,-0.0220110904801445,-48.0486219883974,-37.4817490499511,1,30.49453559,"East Central Texas Plains","Oak / hickory group",0.0261304183892035,-0.357464195763522,-0.500103521229619,-1.16501691201753,0.50831429651792,-0.32273866864357,-0.177507821826515,1.74899941955513,-1.10122886268975,"High"
"48053",18.45430727,0.0625,17,18.62788738,772.9594595,154.609164893757,-0.128502066254585,-23.4686664496227,-18.2461622153049,1,30.78803929,"Edwards Plateau","White / red / jack pine group",-0.896869822408932,1.27246912990281,1.5345633007841,-2.1149193190009,-0.274887886927552,-0.280383069666879,-0.840476914702212,1.49086051050059,-1.03558616817057,"High"
"48055",30.35904394,0.144954128440367,17,19.85040765,899.9054054,245.524182859486,-0.0634345905319766,-28.5462153407065,-25.8667460471456,0,29.83625994,"Texas Blackland Prairies","Aspen / birch group",-0.459286879275135,0.935769328423424,0.728487082766514,-1.81845225428674,0.203659602065065,-0.215494577684353,-0.446499570102603,1.77798491175001,-1.03558616817057,"High"
"48057",16.35235448,0.146067415730337,8,21.56800509,1016.582609,170.996730982393,0.224205518930714,-97.6971766379554,-37.6287507576217,1,28.47036975,"Western Gulf Coastal Plain","Elm / ash / cottonwood group",-0.453378678702124,-3.6497335274482,-0.515652799759454,-2.0614806932951,2.31914741818614,-0.291840067880478,-0.0843913158866959,2.18138446973651,-1.62637041884319,"High"
"48067",12.36337581,0.0358116706053445,50,17.47058043,1198.090909,729.456287024511,0.159212352764923,-66.1449116465067,-44.4583011250662,1,33.07704825,"South Central Plains","White / red / jack pine group",-1.03850442512362,-1.55745601585181,-1.23805652268005,-0.240385905591382,1.84114644880918,-0.313582574046031,0.47892055319119,1.21905228511997,1.13062275096233,"High"
"48071",27.52864519,0.0650759219088937,18,20.33149047,1306.652632,485.660672947473,-0.193638081381777,-49.1112372115361,-33.8777631840183,1,29.70976337,"Western Gulf Coastal Plain","Oak / pine group",-0.883199439718613,-0.427927788011357,-0.118887677312023,-1.03538514458235,-0.753939458176262,-0.230922076140455,0.815842374911992,1.89097331777774,-0.969943473651395,"High"
"48073",19.19262189,0.092570281124498,53,18.48610421,1098.777778,758.841678439008,-0.0130587780433438,-53.9413344067921,-36.161650483827,0,31.83729847,"South Central Plains","White / red / jack pine group",-0.737287247658477,-0.748218700349911,-0.360468542719748,-0.144562344940308,0.574155280661397,-0.276358778863271,0.170701780564335,1.45756093355902,1.32755083451987,"High"
"48077",3.703714398,0.085667215815486,14,17.36682031,786.5628743,198.038584859064,-0.038301032395393,-54.4422947714197,-28.2172312912742,1,33.78659468,"Central Great Plains","Aspen / birch group",-0.773921721780011,-0.781438125497219,0.479861741466952,-1.97329923304099,0.388507730905769,-0.360783313187113,-0.798258652414318,1.1946829040474,-1.23251425172811,"High"
"48083",2.531693383,0.0519774011299435,21,18.00426134,674.6966292,129.541136039493,-0.0361815718506133,-36.4397670854524,-40.2079882528243,0,31.76715485,"Central Great Plains","Aspen / birch group",-0.952713112127357,0.412336199086106,-0.788474679470981,-2.19666428368204,0.404095588133352,-0.367171583532213,-1.14543607413005,1.34439402014249,-0.773015390093858,"High"
"48085",461.7311936,0.348314606741573,25,17.82404358,1016.380952,540.056903684964,-0.148060171939863,-40.2848931342087,-27.8643305105872,4,33.18811402,"Texas Blackland Prairies","Unknown",0.619944425395026,0.157360185058375,0.517190236620179,-0.858003110028535,-0.418730601912267,2.13576182139546,-0.0850171593416931,1.30206759193978,-0.510444612017142,"High"
"48089",8.586962014,0.184696569920844,20,20.06450598,1049.594203,409.662608025377,-0.00259564987595962,-44.2756088794385,-31.7553080392473,0,29.62208553,"Western Gulf Coastal Plain","Unknown",-0.248374280484801,-0.107270097781252,0.105617512022758,-1.28320914259227,0.651107762003314,-0.334166464569369,0.0180603225087955,1.82826862181868,-0.838658084613037,"High"
"48091",102.7628856,0.0359937402190923,13,19.30005825,871.5375,123.618175559128,-0.225392302574155,-5.81567595755355,-29.991981474286,0,29.80887754,"Edwards Plateau","White / red / jack pine group",-1.03753818414884,2.44306512448486,0.292135453427074,-2.21597861422195,-0.987480142639125,0.17915305117907,-0.534539498925134,1.6487283702998,-1.29815694624729,"High"
"48093",5.598309438,0.107023411371237,18,17.93316178,747.0291971,173.007732593131,-0.0627482436232718,-27.9801494205915,-21.83053978934,0,31.94860012,"Cross Timbers","Oak / hickory group",-0.660584681146745,0.973305999564425,1.15542154700493,-2.05492296765184,0.208707432583937,-0.350456548431957,-0.920951606924133,1.3276953861034,-0.969943473651395,"High"
"48097",17.84278422,0.269067796610169,30,17.33009076,933.7985075,385.912918426585,0.0327158161269652,-64.5992487979721,-35.3025912110155,1,33.63970171,"Cross Timbers","Oak / pine group",0.19938267709707,-1.45496081877561,-0.269600537726807,-1.36065510169531,0.910810681175824,-0.283716264648591,-0.341312167141974,1.18605650307009,-0.182231139421246,"High"
"48099",27.73117226,0.11500547645126,23,18.55269608,793.9084967,217.689493328025,-0.163136967356378,-30.4782124770702,-23.7363562519592,0,31.39083715,"Cross Timbers","Unknown",-0.618223969851032,0.807655731444635,0.953831569081588,-1.9092190922335,-0.529614918669644,-0.229818173003223,-0.775461478490677,1.47320087939144,-0.6417300010555,"High"
"48113",1159.840998,0.260651629072682,23,18.67824331,935.2374101,347.761531541868,-0.117296811701336,-35.6381016613645,-23.0798065624888,5,32.76667512,"Texas Blackland Prairies","Oak / hickory group",0.154718189937714,0.465495822938722,1.0232788847082,-1.48506391706561,-0.192477337410611,5.94091045268658,-0.336846526105024,1.5026872397626,-0.6417300010555,"High"
"48121",378.711858,0.551351351351351,24,17.94627898,948.1818182,305.451044261793,-0.0735614054136828,-47.2450207823982,-30.5573302942414,6,33.20548687,"Cross Timbers","Elm / ash / cottonwood group",1.69745767974841,-0.304176207339885,0.232335017042362,-1.62303524733888,0.129180581950724,1.68325290483535,-0.296673494233105,1.33077612700274,-0.576087306536321,"High"
"48123",8.587492131,0.017353579175705,21,20.82761246,880.5116279,254.483331810737,0.272342227556073,-65.2480446602906,-56.5927386946902,0,29.08103136,"Texas Blackland Prairies","Oak / hickory group",-1.13646126640242,-1.49798343514606,-2.52159092893176,-1.78923714053166,2.67317530670051,-0.334163575089857,-0.506688250466011,2.00749386375234,-0.773015390093858,"High"
"48129",1.3816941,0.018796992481203,10,14.94900129,546.9307692,73.9332830963587,0.0480010421239605,-11.0261198078649,-0.0107799003065319,1,34.96523094,"Central Great Plains","Unknown",-1.12880109153519,2.09755286105791,3.46343231330805,-2.37799732750679,1.0232279286303,-0.373439821236529,-1.54195802602395,0.626827421007472,-1.49508502980483,"High"
"48139",74.05751678,0.297872340425532,20,18.58074117,925.1136364,317.646531267559,0.0281432579722081,-81.9666780374682,-43.3499746403333,3,32.34912157,"Texas Blackland Prairies","Elm / ash / cottonwood group",0.352248001087109,-2.60662082295875,-1.12082198516216,-1.58326667756615,0.877181188116031,0.0226902795811153,-0.368265705751732,1.47978762471733,-0.838658084613037,"High"
"48143",15.05158033,0.0871794871794872,17,17.88073326,795.9533333,182.596669899354,0.0051110813247488,-41.6820255662637,-30.024413159114,0,32.23596528,"Cross Timbers","White / red / jack pine group",-0.765896118128701,0.0647142603013769,0.288704953818781,-2.02365416123775,0.707787951660012,-0.298930125841697,-0.769115318413673,1.31538188277523,-1.03558616817057,"High"
"48145",8.716230538,0.232323232323232,13,19.36586858,905.1743119,463.43210821437,0.0481745080438305,-35.3634359003186,-23.4984440665313,0,31.2535909,"Texas Blackland Prairies","Oak / hickory group",0.00437977197903835,0.483709317126781,0.978997010323601,-1.10787082941955,1.02450370703507,-0.333461867750835,-0.430147493814567,1.66418476154416,-1.29815694624729,"High"
"48147",15.1895044,0.372056514913658,33,17.1754522,1099.032787,524.549767580632,-0.0178764544735863,-50.0253791484754,-31.8967234181225,1,33.59558826,"Texas Blackland Prairies","Elm / ash / cottonwood group",0.745942410578593,-0.488545896333648,0.0906591339918042,-0.908570719493313,0.538723032324301,-0.298178350715671,0.171493202204127,1.14973767463048,0.0146969441362909,"High"
"48149",10.2616862,0.0512820512820513,21,20.06477326,988.2857143,329.013653347096,-0.00314772303951449,-86.7750431700597,-44.2245307744888,0,29.87787274,"East Central Texas Plains","Oak / hickory group",-0.956403324354491,-2.92547064997408,-1.21332918889091,-1.54619934377936,0.647047465776583,-0.325038137758911,-0.172210862665312,1.82833139591891,-0.773015390093858,"High"
"48157",354.3681993,0.306569343065693,16,20.36122125,1130.764706,473.974927853405,-0.314523009583642,-63.3527232493536,-39.9807015060489,2,29.52656302,"Western Gulf Coastal Plain","Unknown",0.398402876333609,-1.37230185994297,-0.764433156499902,-1.07349148415699,-1.64300389790763,1.55056426617264,0.269973363173724,1.89795596879438,-1.10122886268975,"High"
"48171",9.730249715,0.0430210325047801,17,18.27181478,755.9084967,205.036427890071,-0.152585008107247,-16.8374213696587,-21.7879322147886,0,30.31837209,"Edwards Plateau","Oak / hickory group",-1.00024443914423,1.71219683117729,1.15992841331743,-1.95047979100431,-0.452009117206694,-0.32793480931512,-0.893394658543378,1.40723234122997,-1.03558616817057,"High"
"48177",7.538988434,0.12781954887218,21,20.32781131,877.7218543,226.321659041312,-0.140331903514056,-48.9019632530879,-40.671020708879,0,29.45626716,"East Central Texas Plains","Aspen / birch group",-0.550219861026681,-0.414050521287634,-0.837452482121282,-1.88107024632876,-0.361892013841056,-0.339878596397962,-0.515346326052198,1.890109220357,-0.773015390093858,"High"
"48181",55.26703093,0.346354166666667,31,17.27649887,1019.572414,407.305496318636,0.00965043131677534,-47.5999713343992,-31.8447370433586,2,33.62722082,"Texas Blackland Prairies","Oak / hickory group",0.609540396463531,-0.327713505149779,0.0961580539279699,-1.29089550733746,0.741173210827031,-0.0797299859169102,-0.0751124419028154,1.1734697675323,-0.116588444902067,"High"
"48183",174.6100199,0.144690781796966,39,18.10727086,1155.675,675.668033375302,-0.0762934841366507,-64.8239317584265,-41.6455440310275,1,32.479819,"South Central Plains","White / red / jack pine group",-0.460684456345726,-1.46985987928759,-0.940533832739749,-0.415785372393365,0.109087142054881,0.570766265920843,0.347282578633401,1.36858711327868,0.408553111251365,"High"
"48185",13.94783265,0.228769497400347,34,19.6425621,1075.2,712.19527579199,0.0154495571591611,-44.2291869775748,-37.6311794063366,1,30.5455662,"East Central Texas Plains","White / red / jack pine group",-0.0144798511361102,-0.104191792583787,-0.515909692933808,-0.296672770496723,0.783823660677841,-0.304946262482913,0.0975280348244247,1.72916974642265,0.08033963865547,"High"
"48187",88.50052076,0.189285714285714,15,20.12923936,857.5445545,167.835653510079,-0.0954791068688672,-51.7275784721357,-32.6416752750903,0,29.58442554,"Texas Blackland Prairies","Unknown",-0.224019753481365,-0.601421259357959,0.0118609751209851,-2.07178873019065,-0.0320160970257732,0.10141396528191,-0.577966671586164,1.84347207768723,-1.16687155720893,"High"
"48193",3.895596279,0.121076233183857,16,18.17661116,767.6153846,181.161191573704,-0.0313575863703934,-32.1911920076442,-26.2336560554469,0,31.70475567,"Cross Timbers","White / red / jack pine group",-0.586006546074365,0.694065516903262,0.689676745084962,-2.02833514855083,0.439574237225835,-0.359737433194804,-0.857062276475813,1.38487256277879,-1.10122886268975,"High"
"48199",24.8659033,0.0114613180515759,44,19.4352929,1397.609375,784.184666669829,0.0766320231837101,-80.584921006252,-45.2518214934124,0,30.33369285,"South Central Plains","White / red / jack pine group",-1.16773141640193,-2.51499446384673,-1.3219920729674,-0.0619207583246709,1.23379832407562,-0.245435736590939,1.09812705778637,1.68048994420763,0.736766583847261,"High"
"48201",1058.717975,0.0718795531811559,44,20.44580123,1201.751004,635.125101958084,-0.108737396301099,-34.0446463660953,-26.6735520383625,3,29.86138009,"Western Gulf Coastal Plain","White / red / jack pine group",-0.847092660683688,0.571160208076509,0.643146230093686,-0.547992835374904,-0.129525967289994,5.38972476508378,0.490279675366058,1.91782065055968,0.736766583847261,"High"
"48203",28.5469645,0.0656263360410432,53,17.81145153,1227.746269,701.165246544495,0.0174422543368289,-57.7116250033268,-40.7526045091684,1,32.5494153,"South Central Plains","White / red / jack pine group",-0.880278399372372,-0.998232264493431,-0.846082104554409,-0.332640869804021,0.798479219697234,-0.225371579206819,0.570956103465076,1.29911018918297,1.32755083451987,"High"
"48209",127.1093869,0.0583783783783784,18,19.28830766,866.443299,177.670043941888,-0.188297761085948,-27.7035549479186,-22.8343276892322,1,30.05653037,"Edwards Plateau","White / red / jack pine group",-0.918743212544605,0.991647389482461,1.04924470125511,-2.03971951951668,-0.714663355336802,0.311857183844912,-0.550349375866125,1.64596859510354,-0.969943473651395,"High"
"48213",36.22006888,0.180058651026393,42,18.43478817,1035.923611,614.070693928746,0.0501161245937047,-59.9237599804406,-35.9940178282981,0,32.21162785,"East Central Texas Plains","Oak / hickory group",-0.272987653256275,-1.14492221738541,-0.342737001414422,-0.616649683136898,1.03878358671705,-0.183548212101403,-0.0243664245376001,1.4455087102781,0.605481194808903,"High"
"48217",14.54001398,0.181818181818182,25,18.65908557,877.1180556,255.034242499875,-0.0277539979917791,-45.2976306291739,-37.3523097023667,1,31.99058436,"Texas Blackland Prairies","Elm / ash / cottonwood group",-0.263649847169798,-0.175041876571564,-0.48641192199446,-1.78744066203357,0.466077311930939,-0.301718492348296,-0.517220218178584,1.49818780137964,-0.510444612017142,"High"
"48221",55.08992002,0.0845481049562682,11,18.211741,802.7678571,170.329141206794,-0.00927259634151323,-44.4166873788111,-27.7120008823849,1,32.42999116,"Cross Timbers","White / red / jack pine group",-0.779860827956164,-0.116625222419278,0.533303082210866,-2.06365765355572,0.602001262485021,-0.0806953545917599,-0.747966411511599,1.39312325155959,-1.42944233528565,"High"
"48223",18.46817013,0.385934819897084,40,17.40749016,1121.474576,586.99805222041,-0.015551351604955,-47.0653444716034,-31.7507466977859,1,33.14875387,"East Central Texas Plains","Oak / hickory group",0.819594387201547,-0.29226160455164,0.106099993280812,-0.704931540204275,0.555823313641137,-0.280307508139992,0.241141400699962,1.20423473448875,0.474195805770544,"High"
"48225",7.195731826,0.0710200190657769,49,18.9103996,1079.6875,1025.10359975592,0.0395719022461867,-51.8644762428409,-35.3029818369575,0,31.3196785,"South Central Plains","White / red / jack pine group",-0.851654196595179,-0.61049915367432,-0.269641856645269,0.723697839397259,0.961234687336103,-0.341749566271011,0.111455012337227,1.55721209092318,1.06498005644316,"High"
"48231",44.19693501,0.337972166998012,36,17.53716933,1086.782258,394.530628459772,0.00725893990255289,-47.230528937373,-34.2932206030072,1,33.12325983,"East Central Texas Plains","Elm / ash / cottonwood group",0.565057237721404,-0.303215231591995,-0.162833174459718,-1.33255339468074,0.723584666035429,-0.140069147568497,0.133473627406815,1.23469153341019,0.211625027693828,"High"
"48239",6.899580038,0.1,17,20.89209193,1069.913793,356.754726222733,-0.318864420108836,-22.6509885819015,-21.9115242360721,0,28.95470763,"Western Gulf Coastal Plain","Oak / hickory group",-0.697857830190919,1.32669056265342,1.14685532189927,-1.45573778273603,-1.67493338468186,-0.343363784498087,0.0811222663526651,2.02263768563484,-1.03558616817057,"High"
"48241",14.62791396,0.011183048852266,61,18.97429257,1357.022222,766.210637116962,0.0120177856909307,-77.0074885970754,-45.7243568041016,0,30.74557802,"South Central Plains","White / red / jack pine group",-1.16920818727467,-2.27776961228679,-1.37197505124377,-0.120532722572786,0.75858423651577,-0.301239380772324,0.972164636139643,1.57221816583701,1.8526923906733,"High"
"48245",111.4742683,0.0658064516129032,31,20.10986652,1402.682432,624.306663323733,-0.102227456957167,-31.4264479457924,-26.8705880454386,1,29.88360314,"Western Gulf Coastal Plain","Oak / gum / cypress group",-0.87932252847143,0.744776830438853,0.62230451469472,-0.583270953539334,-0.0816477440773107,0.226635704693795,1.11387131422317,1.83892212033928,-0.116588444902067,"High"
"48251",91.28553475,0.11522633744856,23,18.36970995,852.9711538,324.151339342708,-0.12762431484605,-65.3710823674539,-23.9041721492467,0,32.37889687,"Cross Timbers","Elm / ash / cottonwood group",-0.617051863529008,-1.50614224808218,0.936080645163721,-1.56205498559579,-0.268432346308382,0.116594087528271,-0.592160242328434,1.43022426435895,-0.6417300010555,"High"
"48257",64.18284515,0.334224598930481,22,18.20275957,999.8141593,374.825437019842,0.0571003563763783,-55.8300546795304,-37.1209493847721,1,32.5990466,"Texas Blackland Prairies","Oak / hickory group",0.545168944732285,-0.8734625442837,-0.461939512278713,-1.39681054819117,1.0901500573696,-0.0311330487843096,-0.1364322789834,1.39101384873463,-0.707372695574679,"High"
"48259",26.51380639,0.00762527233115468,15,18.60339574,854.2159091,148.240782755391,-0.225075525557396,-19.1583627867321,-11.3772735333359,0,29.94565971,"Edwards Plateau","White / red / jack pine group",-1.18808925909687,1.55829176179506,2.2611280801926,-2.13568613620872,-0.985150363525104,-0.236453602050079,-0.588297138356948,1.48510833800646,-1.16687155720893,"High"
"48267",1.350298624,0.00353565114908662,15,18.10917903,608.7142857,110.737129851828,-0.508104704716551,-31.6206004900937,-48.6836462215971,1,30.48699748,"Edwards Plateau","White / red / jack pine group",-1.20979282333315,0.731902287125689,-1.68499737004661,-2.25798273957703,-3.06672647346468,-0.373610946827056,-1.35021258982175,1.36903527122107,-1.16687155720893,"High"
"48277",21.15127403,0.236340533672173,38,17.02395914,1147.104895,533.281484670377,-0.0634517094288558,-51.9622104346583,-35.6475626414846,0,33.66983325,"East Central Texas Plains","Oak / hickory group",0.0256995358401814,-0.616980052960283,-0.306090296534365,-0.880097244005611,0.203533698838839,-0.265682861603948,0.320685217158781,1.11415760678757,0.342910416732186,"High"
"48281",11.46176496,0.0763052208835341,19,18.29116668,741.7722772,142.227312880491,-0.0631840096685414,-35.088585438419,-29.8509753877575,0,31.19535009,"Cross Timbers","White / red / jack pine group",-0.823605702114483,0.501935059102524,0.307050538078652,-2.15529561110571,0.20550253267909,-0.318496934609672,-0.937266482742273,1.41177738055316,-0.904300779132216,"High"
"48285",7.991924468,0.0138888888888889,20,20.3480178,1005.80916,328.189966511147,-0.262004624659476,-31.0430591128504,-23.0476673179711,1,29.38508259,"East Central Texas Plains","Oak / hickory group",-1.15484833083969,0.770199912857155,1.02667845109871,-1.54888532486325,-1.25675038257916,-0.337409802923103,-0.117826765905264,1.89485497098787,-0.838658084613037,"High"
"48287",10.54133916,0.137844611528822,15,19.73215004,932.0888889,365.489870843373,0.130497924543232,-45.2623464048606,-30.7597397864112,0,30.31231124,"East Central Texas Plains","Oak / hickory group",-0.497016989255781,-0.172702127299527,0.210924914937405,-1.42725313032678,1.62996233000411,-0.323513848784206,-0.346617976567639,1.7502106111534,-1.16687155720893,"High"
"48289",6.233220615,0.169382341796135,53,18.96998392,1025.833333,674.08804907726,-0.0542524790834753,-40.0522654393226,-32.9706946808056,1,31.29668668,"East Central Texas Plains","Oak / hickory group",-0.32964668177492,0.172786072699615,-0.0229414395057327,-0.420937582859974,0.27119067390291,-0.34699587307555,-0.0556816501206474,1.57120622470049,1.32755083451987,"High"
"48291",28.72317043,0.073671285739344,65,19.8054645,1372.64497,723.914254655433,-0.0639317346143498,-55.908223002362,-33.3744217902139,0,30.15118614,"South Central Plains","White / red / jack pine group",-0.837583960258971,-0.878646001763665,-0.0656461493605428,-0.258458058089122,0.200003289143054,-0.224411143256573,1.0206499085818,1.76742944256829,2.11526316875002,"High"
"48293",9.963100282,0.214733542319749,23,18.93318874,960.1171875,285.859438462934,-0.140133250814352,-63.598688397144,-42.7131444635899,1,31.54544987,"Texas Blackland Prairies","Unknown",-0.0889684746900395,-1.38861217387757,-1.053460524188,-1.6869220065805,-0.360430995881327,-0.326665623564209,-0.259632019058042,1.56256440968472,-0.6417300010555,"High"
"48299",8.8673409,0.0315985130111524,16,18.85961534,716.8947368,129.741014545224,-0.20033887024948,-25.8731833473075,-26.1105038421647,0,30.70651089,"Edwards Plateau","Unknown",-1.06086359542625,1.11302204638463,0.702703315294482,-2.19601249484429,-0.803221309843281,-0.332638218829828,-1.01447404724916,1.54528476292444,-1.10122886268975,"High"
"48307",2.887792557,0.00478468899521531,13,18.25620654,661.1197183,138.989605434171,-0.189621441980712,-2.60734883139464,-10.5448796265167,0,31.19245273,"Central Great Plains","Oak / hickory group",-1.20316419639678,2.65581405701716,2.34917552473434,-2.16585353260747,-0.72439854425234,-0.365230613392544,-1.18757208143871,1.40356654797114,-1.29815694624729,"High"
"48309",94.61904826,0.317460317460317,21,19.00319875,871.2649007,313.809292013319,0.0196773578262728,-46.752040617346,-37.5670661420466,2,31.55262186,"Texas Blackland Prairies","Oak / hickory group",0.456201129972795,-0.27148596106814,-0.509128036994573,-1.59577962739298,0.814917588492604,0.134763885875207,-0.535385512144322,1.57900714907809,-0.773015390093858,"High"
"48315",10.12335842,0.0361618331543144,40,17.75345909,1198.017544,695.316129431924,-0.171786802842754,-42.550020370804,-33.8276053551797,2,32.79891416,"South Central Plains","White / red / jack pine group",-1.03664611721774,0.00715623680561918,-0.113582173971812,-0.351714402651883,-0.593231295457505,-0.325792113364781,0.47869286456607,1.28548992862729,0.474195805770544,"High"
"48319",1.76582522,0.00484027105517909,16,18.36918102,668.1714286,107.714839280471,-0.446538561626284,-6.79793453369038,-33.5171096267412,1,30.71783807,"Edwards Plateau","Oak / hickory group",-1.20286922315718,2.37793010073994,-0.0807391230962909,-2.26783820278269,-2.6139300055579,-0.371346058913909,-1.16568706511005,1.43010003843544,-1.10122886268975,"High"
"48321",12.99738902,0.245967741935484,21,21.10281872,1161.087629,634.227590151013,-0.212164124559754,-26.5486053041893,-19.8218282111526,1,28.81947969,"Western Gulf Coastal Plain","Elm / ash / cottonwood group",0.0767909997329612,1.06823381417356,1.36789537680103,-0.550919554160671,-0.89019173084141,-0.310126793188856,0.364080698381177,2.07212954674399,-0.773015390093858,"High"
"48325",14.81909306,0.0155400155400155,17,19.94010767,684.96875,136.618017300418,-0.264798162927964,-20.5451025484866,-25.7425571498435,0,29.35577447,"Southern Texas Plains","White / red / jack pine group",-1.14608582405982,1.46633499042724,0.74162330944757,-2.17358710389698,-1.27729583495677,-0.300197331389675,-1.11355649855559,1.79905209989125,-1.03558616817057,"High"
"48333",2.516651078,0.0900243309002433,14,18.17891278,704.8224299,149.448091234555,-0.221102139340959,-21.8577431678095,-28.2677275652363,0,31.49481021,"Cross Timbers","White / red / jack pine group",-0.750798571024259,1.37929184314886,0.474520438695729,-2.13174919367677,-0.955927560956583,-0.36725357379495,-1.05194050891466,1.38541312744723,-1.23251425172811,"High"
"48339",218.6499255,0.0619556611243072,53,19.6015924,1174.760274,1013.34196040726,0.031295374729077,-55.1410783385711,-37.5798378055816,2,30.30277567,"South Central Plains","White / red / jack pine group",-0.899758621451421,-0.827775500751269,-0.510478974726807,0.685344014342325,0.900363854144783,0.810812151911597,0.4065138169228,1.7195474924032,1.32755083451987,"High"
"48343",18.93360683,0.115246098439376,34,17.64612857,1172.542857,799.255007774457,-0.0743275877174987,-49.3822910547768,-32.1959900483559,0,33.11293378,"South Central Plains","White / red / jack pine group",-0.616946992218328,-0.445901770570073,0.0590038541864066,-0.0127775046411664,0.123545591296333,-0.277770577974,0.39963205275667,1.26028199380034,0.08033963865547,"High"
"48347",26.55278569,0.0634425377015081,57,18.38156918,1169.348148,800.813888011452,-0.0256009959754833,-60.4647813996328,-40.6326596259085,1,31.61788063,"South Central Plains","White / red / jack pine group",-0.891867787589793,-1.180798150507,-0.833394793450406,-0.00769411293709124,0.481911854415525,-0.236241139728094,0.389717258237908,1.43300955503804,1.59012161259659,"High"
"48349",18.91885264,0.354706684856753,27,18.6440912,970.6540881,363.081135776279,-0.0173019351663077,-57.4101784340819,-36.3563562701069,1,32.04636637,"Texas Blackland Prairies","Elm / ash / cottonwood group",0.653867097398096,-0.978242895173988,-0.381063776273229,-1.43510783498388,0.542948411729644,-0.277850997824187,-0.226930698119695,1.49466618328134,-0.379159222978783,"High"
"48351",5.701732059,0.0151107696247919,62,18.84989229,1392.43609,730.548132784859,-0.0867853061768271,-62.2601146058102,-40.5984333752468,0,30.78483269,"South Central Plains","White / red / jack pine group",-1.14836382631956,-1.29984935948123,-0.829774471530315,-0.236825478338175,0.0319236277718263,-0.349892828452289,1.08207174327666,1.54300118123007,1.91833508519248,"High"
"48363",11.67042625,0.110885733603786,23,17.92907259,785.3061224,154.661464561404,0.0572813755118116,-47.7357834129615,-36.0249049631921,0,32.75304982,"Cross Timbers","White / red / jack pine group",-0.640087389357745,-0.336719405609098,-0.346004124436772,-2.11474877370157,1.09148138691265,-0.317359596017602,-0.802158987890746,1.32673498793319,-0.6417300010555,"High"
"48365",11.03359192,0.0861961274203623,52,17.97012811,1228.504132,784.849627015563,0.021373035358232,-59.2692370967219,-36.1546615878488,0,32.1640079,"South Central Plains","White / red / jack pine group",-0.771114795054847,-1.10151983372766,-0.35972928402743,-0.0597523724379147,0.82738867663685,-0.320830753798062,0.573308134876505,1.33637739786885,1.26190814000069,"High"
"48367",59.14961085,0.219178082191781,20,17.98720719,832,216.535363190229,-0.0290349738831264,-57.5707433585761,-41.4716174509398,2,32.77766241,"Cross Timbers","Oak / hickory group",-0.0653813617720266,-0.988890193577492,-0.922136544161407,-1.91298262417692,0.456656202698461,-0.0585674215533228,-0.657244317512862,1.34038863656912,-0.838658084613037,"High"
"48373",18.3199003,0.0365585486531061,62,18.95726275,1238.410256,792.083969053551,-0.0401474633147052,-51.2924875095355,-38.0002254486456,1,30.79456284,"South Central Plains","White / red / jack pine group",-1.03454075343752,-0.572569732001874,-0.554945972124893,-0.036161724851517,0.374927906727525,-0.281115674329796,0.604051837647988,1.56821849647293,1.91833508519248,"High"
"48379",20.1941291,0.160714285714286,13,17.66109567,1087.075,643.990756320564,0.217600476954271,-38.7685756413019,-18.455819645913,0,32.87090969,"East Central Texas Plains","Oak / hickory group",-0.37564793802842,0.257909448057686,1.51238653946592,-0.519082600471739,2.27056974989004,-0.270899918716428,0.134382153590894,1.26379720719303,-1.29815694624729,"High"
"48387",4.480934262,0.218568176068808,46,16.92619994,1188.566667,654.889196578973,-0.00751170693101177,-51.1349800051762,-34.0694773461613,0,33.61870522,"East Central Texas Plains","White / red / jack pine group",-0.0686181253079953,-0.562125175664383,-0.139166468303725,-0.483543603002794,0.614951960148191,-0.356546963714477,0.449362023016151,1.09119761793877,0.868051972885619,"High"
"48395",7.717937829,0.298174442190669,27,19.42567625,951.7603306,570.769271456311,0.0729207827166711,-37.7380398185306,-31.3240000671385,1,31.02512401,"East Central Texas Plains","Oak / hickory group",0.353851251063975,0.326245807664936,0.151239620069868,-0.757852378858629,1.20650350762814,-0.338903206794259,-0.285567564043894,1.67823135190366,-0.379159222978783,"High"
"48401",22.55455136,0.0775058275058275,47,18.0802373,1166.715278,711.770016453262,-0.026854921989182,-51.8527824425464,-35.430639287812,1,32.10759178,"South Central Plains","White / red / jack pine group",-0.81723409902721,-0.609723720424506,-0.283144973657986,-0.29805950935149,0.472689687141107,-0.25803409520944,0.381546133717766,1.3622379386113,0.933694667404798,"High"
"48403",8.221285825,0.0296075683251577,42,18.35999789,1306.345238,906.291301135789,0.0611597934729855,-59.9819112850404,-38.771592020677,0,31.34311218,"South Central Plains","White / red / jack pine group",-1.07142951191574,-1.14877831668342,-0.636538178550115,0.336259831772049,1.12000573269327,-0.336159635616816,0.814888376176489,1.42794326380557,0.605481194808903,"High"
"48407",19.38097714,0.0576923076923077,52,19.21125276,1222.448276,1066.46011511556,0.0648288623094673,-51.32205422001,-38.325820518329,2,30.57933323,"South Central Plains","White / red / jack pine group",-0.9223841803856,-0.574530344447112,-0.589386173580189,0.85855833868353,1.14699039222001,-0.275332121284167,0.554513757086473,1.62787127388216,1.26190814000069,"High"
"48411",2.041866311,0.04644412191582,11,18.34525585,690.4713376,130.01232667857,-0.185462713100571,-28.439940370641,-19.3842167341168,0,31.15643528,"Edwards Plateau","White / red / jack pine group",-0.98207814999139,0.942816579388573,1.41418424549587,-2.19512776629675,-0.693812614171437,-0.369841456954478,-1.09647919186647,1.42448090861027,-1.42944233528565,"High"
"48419",12.26022087,0.0619219943707278,50,18.04934957,1243.123894,958.355559324948,0.0126735407870706,-35.8009389630093,-31.9066351664876,0,31.79219318,"South Central Plains","White / red / jack pine group",-0.89993729045679,0.45469783983441,0.0896107071504514,0.506037478493501,0.763407075440545,-0.314144834991627,0.618680635515285,1.35498356320352,1.13062275096233,"High"
"48423",96.44833082,0.146982478909799,51,18.21008764,1084.807407,724.758618044838,0.0699832788971906,-59.7594026766499,-39.142911515272,1,32.375677,"South Central Plains","White / red / jack pine group",-0.448522450799455,-1.1340234406833,-0.675814934830748,-0.255704652312934,1.18489924127069,0.144734655495627,0.127344667971019,1.39273493897967,1.19626544548151,"High"
"48425",18.55755352,0.0411311053984576,14,18.2664251,813.6551724,112.111085434892,-0.1789462126573,-26.4566235776631,-22.7383262516899,0,32.22237032,"Cross Timbers","White / red / jack pine group",-1.01027425670626,1.07433325895005,1.05939936622645,-2.25350237331992,-0.645886136472487,-0.279820311022898,-0.714177576891456,1.40596650647786,-1.23251425172811,"High"
"48439",926.8542307,0.36038961038961,26,18.53221853,858.5075758,373.054173846801,-0.0704445127898696,-49.1318244836535,-36.7969016402426,6,32.77182865,"Cross Timbers","Unknown",0.684026306249309,-0.429292960574659,-0.427662980961509,-1.40258650474375,0.152104187362193,4.67098232230816,-0.574977930418599,1.46839146687936,-0.444801917497963,"High"
"48441",57.99568183,0.0263888888888889,12,17.60856591,629.1654676,108.952596839513,-0.181869965828617,-62.912358031707,-25.1565144537118,1,32.30167782,"Edwards Plateau","White / red / jack pine group",-1.08851100010035,-1.34310058890835,0.803612664924624,-2.26380196808168,-0.667389271841265,-0.0648570788584998,-1.28674224989272,1.25145992636596,-1.36379964076647,"High"
"48453",485.8586108,0.0939716312056738,21,19.49850936,836.3636364,192.210401600855,-0.00600384162641054,-39.2461579507226,-34.6017010550167,3,30.33573938,"Edwards Plateau","White / red / jack pine group",-0.729850301753152,0.226240256441553,-0.195463057100627,-1.99230450215758,0.626041758042491,2.26727180443327,-0.643701751269554,1.69533713216191,-0.773015390093858,"High"
"48457",8.990214451,0.0132657624087047,56,18.93964446,1313.882813,779.03404148168,-0.0560610231011207,-59.2082698676873,-40.1563319588432,0,30.77181773,"South Central Plains","White / red / jack pine group",-1.15815525463236,-1.09747700630187,-0.783010674217851,-0.0787165613189457,0.257889494031318,-0.331968478738137,0.838281275903745,1.56408061746068,1.52447891807741,"High"
"48463",6.692199568,0.0024390243902439,16,19.98813728,625.6968326,104.582914496855,-0.218463760679519,-8.41924778884851,-3.12463995251584,1,29.3574973,"Southern Texas Plains","White / red / jack pine group",-1.21561260669307,2.27041841294384,3.13406010381493,-2.27805117494373,-0.936523250747495,-0.344494141795182,-1.29750717505041,1.81033246337634,-1.10122886268975,"High"
"48467",25.64783659,0.34803528468324,35,18.03437252,1053.268908,588.496724963021,0.108685692518093,-43.6654839972922,-30.4393340129552,1,32.56489655,"East Central Texas Plains","Oak / hickory group",0.618462067013712,-0.0668118114894093,0.244816212480684,-0.700044480630283,1.4695413401158,-0.241173695907007,0.029464786887889,1.35146601292704,0.145982333174649,"High"
"48469",40.28809932,0.0314685314685315,17,21.1612629,968.504065,316.897068647796,-0.239844521881052,-11.0723758123408,-18.529259781421,1,28.79776778,"Western Gulf Coastal Plain","Oak / hickory group",-1.06155340571288,2.09448555676241,1.50461832275349,-1.58571061903991,-1.09377093051555,-0.161374822810415,-0.233603304997846,2.08585590417201,-1.03558616817057,"High"
"48473",40.33754083,0.102564102564103,29,19.85473891,1061.039474,529.910935738804,-0.0820606563237885,-41.8074201419177,-31.3768899152998,1,30.00938786,"Western Gulf Coastal Plain","Unknown",-0.68425017260336,0.0563991599183092,0.145645134172442,-0.891088351641927,0.0666716996530805,-0.161105334697056,0.0535807752876097,1.77900216313199,-0.247873833940425,"High"
"48477",22.54201767,0.204188481675393,20,19.89369164,1044.252874,396.542938077195,-0.105263208830238,-59.2937721326644,-35.4652380702428,1,30.2150656,"Texas Blackland Prairies","Oak / pine group",-0.144930968740521,-1.10314678836825,-0.286804700564119,-1.32599140372565,-0.103974588939958,-0.258102411902671,0.00148348264885543,1.7881507061482,-0.838658084613037,"High"
"48481",14.8135768,0.13953488372093,10,20.45865691,1090.392157,344.648906080276,-0.155229113837304,-30.2369097907825,-16.8669484584346,1,29.27764519,"Western Gulf Coastal Plain","Elm / ash / cottonwood group",-0.488046737619991,0.823656870638426,1.68045125812546,-1.49521395558291,-0.471455547911092,-0.300227398564002,0.144676966057843,1.9208399701679,-1.49508502980483,"High"
"48485",81.30252524,0.112,8,17.2689983,724.5684211,118.046074845801,-0.43830393375932,-40.6918353364692,-23.898576180858,2,33.98852364,"Central Great Plains","Aspen / birch group",-0.634173992681154,0.130375243770012,0.936672565301921,-2.23414881733838,-2.55336732897085,0.062180247851874,-0.990658731664433,1.17170816347295,-1.62637041884319,"High"
"48491",197.3834923,0.106951871657754,20,19.30457638,850.7133758,183.873827115318,-0.0881310649083495,-34.6916218307583,-39.3417316845082,2,30.64726996,"Texas Blackland Prairies","White / red / jack pine group",-0.66096434143749,0.528258304975863,-0.6968453720807,-2.01948944720626,0.022026064440717,0.694896376666221,-0.599167267049303,1.64978951047298,-0.838658084613037,"High"
"48497",28.98091497,0.239332096474954,28,17.76208855,864.5078125,313.578138385836,-0.0256638939923621,-47.6058086826482,-34.9974527629419,1,33.21582617,"Cross Timbers","Oak / hickory group",0.0415757191262279,-0.328100588374138,-0.237324159483026,-1.59653340206048,0.481449262502965,-0.223006269299178,-0.556356167389653,1.28751666683067,-0.313516528459604,"High"
"48499",26.95952052,0.126360126360126,42,17.67343334,1074.821053,727.155267155268,0.0887810422793589,-56.5486445692887,-38.8318892842719,0,32.78693237,"South Central Plains","White / red / jack pine group",-0.557964996536326,-0.921113306180169,-0.64291619252751,-0.247889359055369,1.32314991667054,-0.234024172609285,0.0963519710143865,1.26669486557833,0.605481194808903,"High"
"49001",0.9856971,0.0651052004763795,14,8.605329893,294.1111111,75.1958964908609,-0.106958811619121,-45.2181490693914,-36.1183491747782,1,38.35829525,"Central Basin and Range","White / red / jack pine group",-0.883044058757423,-0.169771336400689,-0.355888295824828,-2.37388003978786,-0.116445127376213,-0.375598260257222,-2.32658503285473,-0.863064318445395,-1.23251425172811,"Low"
"49003",3.692822793,0.0092264017033357,9,8.681990985,306.6688073,79.7675349257341,-0.326952351484436,-53.3984326571367,-52.0400336637588,3,41.52184586,"Central Basin and Range","Unknown",-1.17959208719937,-0.712218079725111,-2.04002319946865,-2.35897226923413,-1.73441716222133,-0.360842679458145,-2.28761216319679,-0.845059488030905,-1.56072772432401,"Low"
"49005",41.87988073,0.123910939012585,12,5.613913211,447.453125,428.319944906942,-0.185439415997158,-40.0235763930173,-38.6227576242646,8,41.72386543,"Wasatch and Uinta Mountains","Unknown",-0.57096280062564,0.174688485931438,-0.620795045213039,-1.22236896432,-0.693641272495503,-0.152698587617326,-1.85068736614651,-1.56563649232581,-1.36379964076647,"Low"
"49007",5.325147325,0.104435710275126,14,6.857846139,327.2692308,184.098882840503,-0.105611018949012,-28.1083696520913,-26.6520119151674,1,39.64869273,"Colorado Plateaus","White / red / jack pine group",-0.674317575824126,0.964803525749267,0.645424661959785,-2.01875555734146,-0.106532605170603,-0.351945458104692,-2.22367865125502,-1.27348305658242,-1.23251425172811,"Low"
"49009",0.326836155,0.147243107769424,11,4.713836215,310.0344828,300.6682234108,-0.206189325240888,-46.1805644028261,-31.7290594557282,1,40.88839892,"Wasatch and Uinta Mountains","Douglas-fir group",-0.447139296970562,-0.233590525276882,0.10839398681764,-1.63863166793555,-0.846249266814261,-0.379189477293964,-2.2771667733352,-1.77703099832846,-1.42944233528565,"Low"
"49011",452.8405073,0.409090909090909,4,10.39378761,439.372549,139.28749633221,-0.60044918177678,-80.0151376018573,-66.3646165515732,6,40.99093063,"Central Basin and Range","Douglas-fir group",0.942483438999977,-2.47721128080682,-3.55522280276463,-2.16488213269882,-3.74588633219199,2.08730184763136,-1.87576547205013,-0.443022325069263,-1.8889411969199,"Moderate"
"49013",2.380809515,0.279052180489035,14,5.171889295,337.8600746,292.89788326281,-0.0814616004472857,-40.4167113074887,-34.9165784216877,0,40.29713036,"Colorado Plateaus","White / red / jack pine group",0.252369667145138,0.148619126384832,-0.228769580913802,-1.66397016521631,0.0710775365521301,-0.367993997914858,-2.19080991733988,-1.6694514190259,-1.23251425172811,"Low"
"49015",0.873824332,0.099878197320341,13,9.563982235,222.2423358,72.9279712430377,-0.184200751071413,-48.5341523323728,-43.1705740924346,2,38.99609769,"Colorado Plateaus","White / red / jack pine group",-0.698504235362557,-0.389660433344967,-1.10184568120021,-2.38127557416994,-0.684531344942059,-0.376208038987375,-2.549630117529,-0.637912649014914,-1.29815694624729,"Low"
"49017",0.373034873,0.226174366905084,16,8.542849164,279.5326757,158.40318121395,-0.0952996727923388,-43.482313913876,-34.0075962076458,1,37.85624616,"Colorado Plateaus","White / red / jack pine group",-0.0282521735341904,-0.0546655314542734,-0.132620918093677,-2.10254731592492,-0.0306964250113179,-0.378937664488218,-2.3718292761946,-0.877738710636661,-1.10122886268975,"Low"
"49019",1.01951548,0.048314606741573,10,10.36000261,283.0766551,123.956147089048,-0.12976169396451,-27.9411246033748,-20.1345566693905,1,38.98127641,"Colorado Plateaus","White / red / jack pine group",-0.972151512349079,0.975893793102505,1.33481615630488,-2.21487651437448,-0.284151988092624,-0.375413928277413,-2.36083051933451,-0.450957161107778,-1.49508502980483,"Moderate"
"49021",6.225260259,0.188221709006928,14,8.513997743,335.0543689,108.432753186973,-0.0979897445803077,-48.9017519040097,-38.0317624524354,1,37.85969363,"Central Basin and Range","White / red / jack pine group",-0.229666415088343,-0.41403650641664,-0.558281835794061,-2.26549713930011,-0.0504809192620316,-0.347039262149228,-2.1995174382739,-0.884514833031605,-1.23251425172811,"Low"
"49023",1.32313989,0.117760617760618,13,9.758825854,278.2921147,75.3769420980343,-0.185964887369992,-56.432390423562,-46.8682200191277,1,39.70337876,"Central Basin and Range","White / red / jack pine group",-0.603602472229233,-0.913404321268951,-1.49296852820614,-2.37328966362186,-0.697505922279664,-0.37375897944149,-2.37567936313616,-0.592151152199286,-1.29815694624729,"Low"
"49025",0.741055233,0.0831588393658391,15,10.85262885,287.447619,101.229811830042,-0.166579929601993,-40.7876957236525,-36.7437874327945,2,37.28562084,"Colorado Plateaus","White / red / jack pine group",-0.78723364163273,0.124018599249851,-0.422044763196634,-2.28898539161726,-0.554936646906951,-0.376931716197111,-2.34726521216023,-0.335257636387626,-1.16687155720893,"Moderate"
"49027",0.737608503,0.0328909405654934,10,10.11712785,251.8782359,78.2287059503196,-0.221371077063335,-33.9205771185615,-32.7865383246859,2,39.07279091,"Central Basin and Range","Aspen / birch group",-1.05400469989594,0.579387423985288,-0.00346208433551186,-2.36399027527588,-0.957905499555079,-0.376950503098339,-2.45765496114696,-0.507999380983279,-1.49508502980483,"Low"
"49029",7.574127842,0.0696576151121606,9,5.597529969,459.62,187.650758233867,-0.556613332325538,-21.6498690720616,-33.0607609567122,1,41.08300699,"Wasatch and Uinta Mountains","Unknown",-0.85888445592891,1.39307628289969,-0.0324683057742171,-2.00717315769327,-3.42348969009417,-0.339687063963647,-1.81292741193457,-1.56948430464043,-1.56072772432401,"Low"
"49033",0.906293065,0.275574112734864,9,4.210629924,321.4293785,553.08471769202,-0.171146581088668,-44.5186341439318,-35.1606733864972,1,41.62537961,"Wyoming Basin","Aspen / birch group",0.233911608669756,-0.123385463691968,-0.254589012916986,-0.815520384239823,-0.588522698583048,-0.376031063454076,-2.24180266053863,-1.89521538230462,-1.56072772432401,"Low"
"49035",596.3803358,0.142265193370166,12,9.030642121,483.8294574,142.507082411291,-0.431433379406855,-38.8740555523278,-35.5217347913042,8,40.66637915,"Central Basin and Range","Aspen / birch group",-0.473557021282218,0.250914918637231,-0.292780707684897,-2.15438330361847,-2.50283691424604,2.86968647897452,-1.73779324618372,-0.763174343771555,-1.36379964076647,"Low"
"49037",0.75519025,0.0765359614174879,14,11.10844343,267.5813377,75.9988119183283,-0.210679610012126,-37.6319936998722,-33.5570957107007,0,37.62697759,"Colorado Plateaus","White / red / jack pine group",-0.822381165225214,0.333277883153691,-0.0849686981580772,-2.3712617927114,-0.879273669225358,-0.376854671239066,-2.40892031030577,-0.27517633555703,-1.23251425172811,"Moderate"
"49039",7.387500725,0.24515824279641,13,6.345866943,388.872428,150.91222437844,-0.374712943701127,-35.1842166710107,-35.1752851827633,1,39.37282045,"Wasatch and Uinta Mountains","Aspen / birch group",0.0724949987632042,0.495593610163372,-0.256134592853185,-2.12697476514746,-2.08567885209439,-0.340704302103462,-2.03249283685476,-1.39372786864076,-1.29815694624729,"Low"
"49041",4.34013738,0.150394944707741,15,6.226432772,329.4459016,175.566360610721,-0.180875404413011,-34.7644192208361,-30.1802963870773,2,38.74858288,"Wasatch and Uinta Mountains","White / red / jack pine group",-0.430412541017475,0.523431002016663,0.272216222033689,-2.04657947330907,-0.660074636337097,-0.357314397518523,-2.21692334311365,-1.42177849952077,-1.16687155720893,"Low"
"49043",8.603080446,0.262920673076923,12,3.367901024,419.8993289,460.849140147042,-0.234385079827793,-47.2041778914643,-36.1072056598137,2,40.86768169,"Wasatch and Uinta Mountains","Douglas-fir group",0.16675997574343,-0.3014678546358,-0.35470957742264,-1.11629369484163,-1.0536187307126,-0.334078608720508,-1.93620070289905,-2.0931409601178,-1.36379964076647,"Low"
"49045",3.878849762,0.0832127351664255,11,10.05170371,241.3919156,81.0521114026653,-0.125330829280178,-38.1543313931138,-32.5573324604085,2,40.4490093,"Central Basin and Range","White / red / jack pine group",-0.786947617348814,0.298640895624436,0.0207824355465755,-2.35478336154827,-0.251564598691004,-0.359828712511954,-2.4901993058846,-0.523365070604735,-1.42944233528565,"Low"
"49047",3.078216628,0.0752032520325203,15,7.716984309,276.0955056,207.090045366661,-0.0752453101486874,-34.1748565550628,-33.3625445180168,2,40.12273797,"Colorado Plateaus","White / red / jack pine group",-0.829453835885215,0.562525777228794,-0.0643898169240431,-1.94378309821413,0.116796078422808,-0.364192679404849,-2.38249654988605,-1.07170355344848,-1.16687155720893,"Low"
"49049",119.7381257,0.101107011070111,13,7.515339242,422.6390533,160.405227201745,-0.36262387930904,-38.2079456687822,-34.2523977102679,6,40.11653943,"Central Basin and Range","Aspen / birch group",-0.691982937431714,0.295085653447308,-0.158515084965007,-2.09601879389737,-1.99676820441894,0.271679056723239,-1.92769795524221,-1.11906245664873,-1.29815694624729,"Low"
"49051",10.84254929,0.229137199434229,13,4.411684695,435.0918919,406.392061142837,-0.251226190033596,-45.139059617532,-38.6423735580727,3,40.32920363,"Wasatch and Uinta Mountains","Aspen / birch group",-0.0125284614212976,-0.164526797488038,-0.622869943683527,-1.29387415103611,-1.17747893754147,-0.321872059331205,-1.88905051164271,-1.84799511761182,-1.29815694624729,"Low"
"49053",27.37807952,0.0903954802259887,14,12.16365396,355.8913043,85.7724687978349,-0.346326818012629,-33.4336074499751,-34.0538566516328,1,37.280483,"Wasatch and Uinta Mountains","White / red / jack pine group",-0.748828886578206,0.611679105317484,-0.137514170967171,-2.33939062960298,-1.87690927836188,-0.231742756138801,-2.13484991052983,-0.0273467501888201,-1.23251425172811,"Moderate"
"49055",0.42328132,0.0887096774193548,11,9.877816171,225.9442897,76.958144053863,-0.0962471805779526,-40.8278397565163,-37.1798263484818,0,38.32476835,"Colorado Plateaus","White / red / jack pine group",-0.757775419245805,0.121356588861422,-0.468167292365217,-2.3681334824644,-0.0376649982742407,-0.37866378894912,-2.53814108605964,-0.564204766064434,-1.42944233528565,"Low"
"49057",171.0403242,0.0729537366548043,6,7.686861668,467.27,319.902435345257,-0.487287011246534,-29.8912635616911,-32.1168955659133,5,41.27140364,"Wasatch and Uinta Mountains","Aspen / birch group",-0.841391983534397,0.846577184989616,0.0673701660963943,-1.57591034331955,-2.91361995095004,0.551309122329148,-1.78918560068712,-1.07877823799435,-1.75765580788154,"Low"
"50001",18.62051342,0.658479532163743,40,6.525190992,1016.89781,610.079460462846,-0.218356077031532,-40.3164423919818,-35.8297735182259,9,44.03311735,"Eastern Great Lakes Lowlands","Maple / beech / birch group",2.26598548471283,0.15526810695989,-0.325363866335095,-0.629664796554907,-0.935731276896082,-0.279477138966295,-0.0834130880897014,-1.3516113398091,0.474195805770544,"Low"
"50003",20.39718658,0.542762685065402,31,6.008419006,1235.46729,631.441675125365,-0.211772773488698,-37.304661306254,-32.0341521359685,8,43.03526131,"Northeastern Highlands","Maple / beech / birch group",1.65187774406675,0.354983779898979,0.0761224497202595,-0.560004214414583,-0.887313486829504,-0.269793124502644,0.594918328722542,-1.47298179942751,-0.116588444902067,"Low"
"50005",17.87030812,0.681104833647207,37,4.951956051,1087.409091,702.857802520609,-0.190391929326661,-47.6975501451274,-35.8354440835675,7,44.46812065,"Northeastern Highlands","Maple / beech / birch group",2.38605765331969,-0.334184100885149,-0.325963677053728,-0.327121571526017,-0.730065196917281,-0.283566241643968,0.135419006592393,-1.72110553270235,0.277267722213007,"Low"
"50007",117.4325078,0.555058692006708,37,6.524050673,971.7352941,727.057030164121,-0.230472455315645,-39.434179579972,-26.3261521244013,16,44.46369231,"Eastern Great Lakes Lowlands","Maple / beech / birch group",1.71713248640583,0.213772263203069,0.679892864598964,-0.248209702526265,-1.02484280825878,0.259111952320507,-0.223575170175693,-1.35187915819881,0.277267722213007,"Low"
"50009",3.600880184,0.704219225750326,28,4.438592875,1111.283186,598.077431809552,-0.173487455735073,-39.4730698127449,-29.8958418606339,4,44.72663301,"Northeastern Highlands","Maple / beech / birch group",2.50872541922236,0.211193394159165,0.302304734138948,-0.668802513128847,-0.605738975557726,-0.361343825969179,0.209512373545822,-1.84167539002872,-0.313516528459604,"Low"
"50011",30.16632499,0.641594584430237,39,5.944960174,1053.168142,814.099955998623,-0.206126542595232,-43.2774238769307,-30.7340318746856,7,44.85609882,"Northeastern Highlands","Maple / beech / birch group",2.1763772957277,-0.0410789690706541,0.213644199537401,0.0356307597394353,-0.845787523414854,-0.216545020242522,0.0291520591294365,-1.4878859115221,0.408553111251365,"Low"
"50013",33.40702995,0.4375,15,7.043144496,797.7,453.767556371193,-0.294672598642012,-34.1525314341266,-24.6050784605744,4,44.79880094,"Eastern Great Lakes Lowlands","Elm / ash / cottonwood group",1.0932500997712,0.564006189126043,0.861941455688625,-1.13938620917567,-1.49701138465745,-0.198881088343498,-0.763694530034116,-1.22996338569294,-1.16687155720893,"Low"
"50015",21.19557797,0.671488389798249,27,5.045597019,1171.835443,876.710947484406,-0.179946773509235,-36.5526588209686,-29.8660484730757,9,44.60550286,"Northeastern Highlands","Maple / beech / birch group",2.33502331602812,0.404850180585385,0.305456164750406,0.239800513867739,-0.653244895636882,-0.265441376560207,0.39743659005578,-1.69911276290605,-0.379159222978783,"Low"
"50017",16.22245501,0.708385876418663,36,5.514585499,1065.191304,662.946151961582,-0.253322709556896,-40.9271026294759,-30.7003709332095,10,44.00594065,"Northeastern Highlands","Maple / beech / birch group",2.53083777789922,0.114774320460529,0.217204725213478,-0.457270474907329,-1.19289807194552,-0.292548103761597,0.0664659993649309,-1.58896486612486,0.211625027693828,"Low"
"50019",14.92285875,0.67966991747937,34,4.800009877,1176.567797,629.090026113899,-0.169437119750433,-44.9367321271543,-30.535302080227,7,44.82976973,"Northeastern Highlands","Maple / beech / birch group",2.37844257264697,-0.151110161369847,0.234665077288956,-0.567672765719606,-0.575950235584332,-0.299631741462718,0.412123473117757,-1.75679202011895,0.08033963865547,"Low"
"50021",24.30553031,0.621029224904701,41,6.273638877,1070.615385,677.282069760071,-0.267904047631025,-37.7195180191088,-30.438454740065,8,43.58026259,"Northeastern Highlands","Maple / beech / birch group",2.0672372111982,0.327474015668863,0.244909218604831,-0.410522120622193,-1.30013848113666,-0.248490130759981,0.0832996604489691,-1.41069154663659,0.539838500289723,"Low"
"50023",32.80566626,0.674596880782448,39,5.251370796,1126.7,761.863084154399,-0.178916170639685,-43.556711545272,-39.0054446314499,12,44.27067766,"Northeastern Highlands","Maple / beech / birch group",2.35152003558965,-0.0595989487898619,-0.66127421350819,-0.13470976718368,-0.645665188419189,-0.202158908261639,0.257358528843217,-1.65078417976202,0.408553111251365,"Low"
"50025",20.95415018,0.617940199335548,35,6.419764101,1238.407692,810.313821339157,-0.210191544968452,-39.2887690064795,-30.1985274782277,10,42.98888813,"Northeastern Highlands","Maple / beech / birch group",2.05084379433074,0.223414654104298,0.270287806924148,0.023284458168802,-0.875684129312807,-0.26675731370775,0.60404388026184,-1.37637218320514,0.145982333174649,"Low"
"50027",21.9733212,0.616506968641115,33,6.025609397,1136.269939,767.403177984369,-0.272932438233391,-36.4633423574227,-28.2738561405844,10,43.57870174,"Northeastern Highlands","Maple / beech / birch group",2.04323765844255,0.410772887818703,0.473872181429954,-0.116643936116789,-1.33712045515229,-0.261202174405362,0.287058879874279,-1.46894441792616,0.0146969441362909,"Low"
"51003",58.31627813,0.069221260815822,53,12.94807732,1136.5,891.870000876609,-0.151679874384844,-50.7932586335155,-34.7725202635819,4,38.02094361,"Northern Piedmont","Oak / hickory group",-0.861200182270969,-0.53946512443347,-0.213531659801338,0.289233051677122,-0.445352189682641,-0.0631096222772382,0.287772875277861,0.156885031559925,1.32755083451987,"Moderate"
"51005",12.9947989,0.12823585810163,50,11.11802697,1035.691176,857.467862658684,-0.171527563097579,-41.1173927663086,-34.2980304909373,2,37.78643249,"Ridge and Valley","Oak / hickory group",-0.548010513583172,0.102155899117986,-0.163341946012835,0.177050255417833,-0.591324681934807,-0.310140911013173,-0.02508778766143,-0.272925519556776,1.13062275096233,"Moderate"
"51007",14.0920155,0.0413140866102539,41,13.85038888,1097.462963,872.12403003296,-0.0804349964239304,-53.0548500079722,-44.6867655738638,1,37.34089753,"Piedmont","White / red / jack pine group",-1.00930317789298,-0.689434604420994,-1.26222261846773,0.224842919585253,0.0786278337184255,-0.304160372969723,0.166621245981941,0.368804353278353,0.539838500289723,"Moderate"
"51009",25.89049741,0.117753156402989,53,12.77236489,1104.189189,886.724190957873,-0.186865231589974,-42.3684679630131,-30.1940759223645,2,37.60530214,"Blue Ridge","White / red / jack pine group",-0.603642069553137,0.0191952463695924,0.270758675481424,0.272452950915775,-0.704127624764915,-0.239851037950807,0.18749612024334,0.115616737287937,1.32755083451987,"Moderate"
"51011",18.26866946,0.0201484623541888,38,13.41944666,1103.94,806.504099298271,-0.0555940159639421,-45.2587785091165,-31.2097552272113,2,37.37566583,"Piedmont","White / red / jack pine group",-1.12162885921931,-0.17246553483838,0.163324002386058,0.0108612399138809,0.261324160742398,-0.281394915445559,0.186722761001125,0.267592103529238,0.342910416732186,"Moderate"
"51015",30.24463289,0.155275022542831,54,11.16912647,1046.358621,783.31834839722,-0.144666506971237,-38.0450746463346,-33.4190780559623,3,38.16396127,"Ridge and Valley","Oak / hickory group",-0.404514034027069,0.305885872628092,-0.070369718394041,-0.0647457573307255,-0.393771437119374,-0.216118191688294,0.00801867844086709,-0.260924153443113,1.39319352903905,"Moderate"
"51017",3.099313647,0.174499662693951,48,10.57390241,1073.04878,990.090805476937,-0.114823053633127,-34.9964536385943,-30.9701022367704,2,38.05849134,"Ridge and Valley","Oak / hickory group",-0.302489129063101,0.508044455462131,0.188673579325827,0.609523739456547,-0.174283751463564,-0.364077687046245,0.0908517133614518,-0.400720078329289,0.999337361923977,"Moderate"
"51019",40.11102461,0.0342015259142331,56,13.09339421,1079.565217,1003.82492625577,-0.136560745648739,-47.8726802894477,-34.2086059072502,2,37.31274776,"Piedmont","Oak / hickory group",-1.04704944119662,-0.34579724062847,-0.153882955493616,0.654309678730796,-0.334156526840825,-0.16233999417192,0.111075506467322,0.19101454749235,1.52447891807741,"Moderate"
"51021",6.837874293,0.148347701149425,43,10.61819811,1008.150943,1050.57152492292,-0.129669043225228,-44.1498798693943,-34.9321275992488,2,37.13430249,"Ridge and Valley","Oak / hickory group",-0.441277234860034,-0.0989328205575069,-0.230414313459012,0.806746836004909,-0.283470575787255,-0.343700120601161,-0.11055903126886,-0.3903166709973,0.671123889328082,"Moderate"
"51023",23.85335935,0.111245758603975,62,12.22233921,1033.117647,812.259914322203,-0.167105426373013,-38.1614625149726,-34.9843736390038,2,37.55746724,"Ridge and Valley","Oak / hickory group",-0.638176741556787,0.298168020352196,-0.235940699765025,0.0296305216383375,-0.558801483485481,-0.250954754088159,-0.0330747471068997,-0.0135637744117211,1.91833508519248,"Moderate"
"51025",11.13915712,0.0296610169491525,46,14.34179125,1116.241379,827.028489187776,-0.112665458203959,-52.6961989374474,-31.7021209026972,1,36.76355975,"Piedmont","White / red / jack pine group",-1.07114586079194,-0.665651919736634,0.111243443949175,0.077789738216375,-0.158415426107098,-0.320255355381137,0.224900149014376,0.484216436596035,0.868051972885619,"High"
"51027",16.41140592,0.253208463406174,53,11.78433764,1148.307692,1039.23840978591,-0.0698298659910173,-44.1806517406502,-31.3929718053892,2,37.26894333,"Central Appalachians","Oak / hickory group",0.115217410532368,-0.100973349002483,0.143944053332982,0.769790396310827,0.156624689793578,-0.291518199451363,0.324418103347409,-0.116434002103369,1.32755083451987,"Moderate"
"51029",11.38211049,0.015063731170336,50,13.48536553,1119.420455,875.472257192488,-0.0919038170468247,-61.7764206089684,-38.9796142445449,2,37.57320899,"Piedmont","White / red / jack pine group",-1.14861345876042,-1.26777489280315,-0.65854197395204,0.235761237594667,-0.00572114785557182,-0.318931102838777,0.234766426443566,0.28307398677015,1.13062275096233,"Moderate"
"51031",42.51205261,0.0217849613492621,46,13.53990914,1090.519481,822.527313043577,0.0595407209677212,-42.5300111697125,-33.4441442030065,3,37.20536506,"Piedmont","White / red / jack pine group",-1.11294398121205,0.00848307662140089,-0.0730211195800286,0.0631117399154221,1.10809804650617,-0.149252843196088,0.145072116695133,0.295884245828867,0.868051972885619,"Moderate"
"51033",22.38949352,0.0354403596932029,47,13.70229484,1070.710843,1010.1635489572,-0.253117658504407,-27.3243457320021,-23.8783010485963,2,38.03006134,"Southeastern Plains","White / red / jack pine group",-1.04047496710649,1.01679331529372,0.938817191264178,0.674979452643526,-1.19138999644092,-0.258933766880001,0.0835959148042709,0.33402258842172,0.933694667404798,"Moderate"
"51035",24.3261452,0.328370905997448,42,11.22167374,1108.197183,957.963099886864,-0.13103972073534,-47.1029754989588,-37.8245370957605,2,36.73067075,"Blue Ridge","Oak / pine group",0.514103475600674,-0.294756973815789,-0.536362329956737,0.50475769765826,-0.293551407622181,-0.248377766315344,0.199934948613133,-0.248582760170312,0.605481194808903,"Moderate"
"51036",14.70304034,0.0574797347089167,41,14.52420533,1149.633333,942.649633902149,0.198387018375966,-43.5317294546292,-33.5701332416588,0,37.35323301,"Southeastern Plains","White / red / jack pine group",-0.923512302330037,-0.0579423492887243,-0.0863477583296986,0.454821631949073,2.12926178834088,-0.300829893553796,0.3285322364721,0.527058698425742,0.539838500289723,"High"
"51037",9.709912083,0.0355239786856128,44,13.83247147,1096.242857,728.068420899601,-0.0770417421519016,-55.4129960650672,-35.5690340317259,1,37.0190245,"Piedmont","White / red / jack pine group",-1.04003120224605,-0.845806768690556,-0.297783840473087,-0.244911633083658,0.103583977988037,-0.328045662524859,0.162834641229799,0.364596222137762,0.736766583847261,"Moderate"
"51041",317.720922,0.0467439073112265,50,14.28597216,1107.863636,986.611882619891,-0.0200388742179534,-60.3797891457507,-35.8283821525352,3,37.37486365,"Piedmont","White / red / jack pine group",-0.980487192957318,-1.17516218803313,-0.325216692992659,0.598179232565681,0.522819225893781,1.35081297177778,0.198899783918211,0.471106614871331,1.13062275096233,"High"
"51043",31.81729378,0.00947867298578199,20,11.95184487,1003.517241,1386.84887314171,0.114912378199525,16.2703073850294,-4.66436555559529,3,39.11317293,"Ridge and Valley","Oak / hickory group",-1.17825328691939,3.90761945304741,2.97119381714942,1.90332208382443,1.51533633622566,-0.207546175659652,-0.124939747381401,-0.0770928031891797,-0.838658084613037,"Moderate"
"51045",6.005151241,0.0789910388317292,38,11.21032333,1018.96,795.325657662787,-0.219016040880188,-31.9957208980658,-25.4457960755801,2,37.48134038,"Ridge and Valley","Oak / hickory group",-0.809352102631677,0.707027496236553,0.773013561123247,-0.0255908210756436,-0.940585069656487,-0.348238998241313,-0.077013071653573,-0.251248548014619,0.342910416732186,"Moderate"
"51047",52.88216371,0.0357766143106457,43,12.90492375,1069.491525,1122.10347136253,-0.0133825073752978,-24.4829489575036,-20.6703037839992,2,38.48091689,"Northern Piedmont","Oak / hickory group",-1.0386904684049,1.20521055172404,1.27814687512025,1.04000715612315,0.571774369811555,-0.0927290502199728,0.0798117556138626,0.146749867953988,0.671123889328082,"Moderate"
"51049",12.80932538,0.0386740331491713,41,13.63420927,1100.191489,979.5626615908,0.00523797998368369,-49.3822475979836,-39.4996391652278,1,37.51312098,"Piedmont","White / red / jack pine group",-1.02331390586237,-0.445898888885631,-0.713548221581983,0.575192250725082,0.708721244890085,-0.311151861305406,0.175089239351322,0.318031828186738,0.539838500289723,"Moderate"
"51051",16.97000526,0.214046822742475,51,11.83539108,1146.367347,1089.88911008246,-0.0468999758577022,-48.5333117741813,-40.7236386257853,2,37.12555892,"Central Appalachians","Oak / hickory group",-0.0926128861878638,-0.389604694683995,-0.843018204170369,0.934958536609663,0.325265646343884,-0.288473472818613,0.318396233446111,-0.104443453765285,1.19626544548151,"Moderate"
"51053",21.98063489,0.0380854348944931,51,14.25248649,1120.540541,799.895872269788,-0.0889436769491769,-48.7382602722142,-37.0507132672195,1,37.076215,"Piedmont","White / red / jack pine group",-1.02643758882982,-0.403195133709082,-0.454510204334027,-0.0106876935179708,0.0160496000497985,-0.261162310078407,0.23824261865179,0.463242080282317,1.19626544548151,"High"
"51057",16.44424789,0.00482093663911846,37,14.01428633,1079.5,814.838748739478,-0.396373960757369,-6.11804368433443,-40.3718023340391,2,37.93211711,"Southeastern Plains","White / red / jack pine group",-1.20297183064141,2.42301467184231,-0.805802306586889,0.0380399075371727,-2.24498771118525,-0.291339189535721,0.110873105198809,0.407297749545358,0.277267722213007,"Moderate"
"51059",1134.97992,0.0566265060240964,38,13.25387286,1023.52459,1142.03624034479,-0.240873217694531,-34.5509890634952,-27.7577499681365,10,38.83568018,"Piedmont","Oak / hickory group",-0.928040375406934,0.537583872456293,0.528463918856173,1.10500642295521,-1.10133661203324,5.80540154516532,-0.0628468449605005,0.22870499518903,0.342910416732186,"Moderate"
"51061",41.91930284,0.0984251968503937,54,12.49546125,1036.444444,1013.14146739975,-0.0414317537306017,-46.274812796178,-35.7394142277135,2,38.73292662,"Northern Piedmont","Oak / hickory group",-0.706215289181701,-0.239840276094064,-0.315806006102043,0.684690221660299,0.365482420379097,-0.152483711695281,-0.022750016854274,0.0505824030606736,1.39319352903905,"Moderate"
"51063",15.98036658,0.321215733015495,34,10.89477114,1104.610169,1095.19459604256,-0.150599874268192,-35.3747270455745,-37.7602379504694,3,36.93023741,"Blue Ridge","Oak / hickory group",0.476131069472595,0.482960584530073,-0.52956101223598,0.952259328983327,-0.437409183776912,-0.293867641823174,0.18880263366804,-0.325359984724534,0.08033963865547,"Moderate"
"51065",36.13757553,0.00351617440225035,37,13.39460993,1119.25,904.085554993523,-0.581249695309732,-31.8507431535404,-18.8463819426482,2,37.84153331,"Piedmont","White / red / jack pine group",-1.20989618616488,0.716641185606703,1.47107435315585,0.329067058796426,-3.60468113041157,-0.183997854057246,0.234237418543411,0.26175888226883,0.277267722213007,"Moderate"
"51067",31.43729392,0.066799885812161,49,13.08986729,1134.314815,901.769156559302,-0.165309460321418,-55.1610019703656,-39.7472453757013,2,36.99421746,"Piedmont","Oak / hickory group",-0.874050386627915,-0.829096666339991,-0.739739059725146,0.321513456983787,-0.545592809954472,-0.209617419951104,0.280991143276454,0.1901862055678,1.06498005644316,"Moderate"
"51069",82.29239445,0.102888086642599,35,11.51684372,969.140625,873.360729065364,-0.203714500166092,-43.2859078135939,-32.0422334377601,3,39.20168622,"Ridge and Valley","Oak / hickory group",-0.682530793485802,-0.0416415514999992,0.075267640518159,0.22887570251018,-0.828047833423967,0.0675756733935995,-0.231627738021679,-0.179258344163448,0.145982333174649,"Moderate"
"51071",18.11486311,0.144318983768525,48,10.80806176,988.962963,1053.36572251918,-0.146843736522044,-46.9777851814354,-36.7384245624727,2,37.31243241,"Ridge and Valley","Oak / hickory group",-0.4626575834482,-0.286455418092458,-0.421477499280626,0.815858505101283,-0.409784164260365,-0.282233259239755,-0.170109018115903,-0.345724783105511,0.999337361923977,"Moderate"
"51073",66.23003579,0.0132645541635962,39,14.5565587,1153.925,1140.6392465956,0.0303005707079409,-43.128850112947,-27.904045780857,0,37.40803632,"Southeastern Plains","White / red / jack pine group",-1.15816166677279,-0.0312268223141353,0.512989307194947,1.10045093096375,0.893047434365661,-0.0199745396032459,0.341851445341501,0.534657297988963,0.408553111251365,"High"
"51075",32.13355388,0.0336507936507937,39,13.64007961,1090.772727,992.012534722265,-0.0007097925515076,-41.2482047792095,-31.0067663341439,1,37.71944289,"Piedmont","White / red / jack pine group",-1.04997216986131,0.0934815604322086,0.18479539130244,0.61579035460205,0.664977552973263,-0.205822354164721,0.145858066856071,0.319410552040234,0.408553111251365,"Moderate"
"51077",13.6783286,0.365936739659367,44,10.4062634,1174.919355,1075.17949843565,-0.130657941429551,-39.0618257363703,-33.5654602071051,5,36.65691816,"Blue Ridge","Maple / beech / birch group",0.713464846171048,0.238463599103533,-0.0858534626034346,0.886991594672096,-0.290743560443453,-0.306415233353285,0.407007525560062,-0.440092227448989,0.736766583847261,"Moderate"
"51079",48.85851696,0.134666666666667,38,12.1862754,1103.956522,1029.56311075508,-0.123657118785815,-33.7171393557018,-28.2503729541764,2,38.2951499,"Northern Piedmont","Oak / hickory group",-0.513882299607154,0.592877683919279,0.476356143092796,0.738239970780656,-0.239255070075009,-0.11466051977829,0.18677403710641,-0.022033817900671,0.342910416732186,"Moderate"
"51081",14.91300644,0.0875576036866359,43,14.67914435,1120.955556,888.393711107001,-0.131838986638882,-46.0632303820464,-31.7693584614644,1,36.67713346,"Southeastern Plains","White / red / jack pine group",-0.763889458945283,-0.225809932248486,0.10413131208687,0.277897131087192,-0.299429716054001,-0.299685442905779,0.239530619670725,0.563448093709692,0.671123889328082,"High"
"51083",16.19282654,0.0509090909090909,54,14.13123013,1095.269841,819.209678203323,-0.065955920811458,-51.0009689593102,-33.071445928409,1,36.76641926,"Piedmont","White / red / jack pine group",-0.958382620003591,-0.553238704355685,-0.0335985212229328,0.0522931811680183,0.185116139901101,-0.292709598029915,0.159814881463427,0.434763485189015,1.39319352903905,"Moderate"
"51085",87.96467053,0.0161349468280161,39,13.91910723,1087.328767,1047.41626020789,-0.0676614378734526,-58.0410270238194,-36.5487473290619,2,37.75925117,"Southeastern Plains","White / red / jack pine group",-1.14292853177028,-1.02007540126786,-0.401414166821374,0.796457754075522,0.172572685611725,0.0984932359691143,0.1351697206778,0.384943729927378,0.408553111251365,"Moderate"
"51087",545.3859962,0.036036036036036,33,14.45757459,1103.842105,858.483266175872,-0.203783789688334,-26.8122079843303,-30.262186827199,3,37.53616688,"Southeastern Plains","Oak / hickory group",-1.03731372082104,1.05075392929667,0.263554164411635,0.180361410241062,-0.828557432521122,2.59173444290577,0.186418943404776,0.511409623480501,0.0146969441362909,"High"
"51089",51.53265911,0.0221707478491066,44,13.62898512,1178.267857,904.781878593028,-0.0493025479196738,-45.5895935353207,-38.5440356286001,2,36.68268363,"Piedmont","White / red / jack pine group",-1.11089661748125,-0.194402370118282,-0.612468133530117,0.33133771790485,0.307595607440242,-0.100084720559003,0.417399617383031,0.316804870255981,0.736766583847261,"Moderate"
"51091",2.047863644,0.312007874015748,42,9.332787213,1093.492308,1057.38784365297,-0.128395469543507,-39.8293011418615,-32.1344363727738,2,38.35794605,"Ridge and Valley","Oak / hickory group",0.427265086443203,0.187571166118207,0.0655147666195185,0.82897434089102,-0.274103907099616,-0.369808767622065,0.154298299375569,-0.69221173418558,0.605481194808903,"Low"
"51093",45.38413121,0.023417172593235,40,14.92082559,1211.555556,883.479508343012,-0.22287661604043,-40.647537183151,-19.2923116356886,0,36.90615633,"Middle Atlantic Coastal Plain","White / red / jack pine group",-1.10428185824181,0.13331272005002,1.42390561537937,0.261872283911787,-0.968978188161301,-0.133598162678969,0.520708148954271,0.620210000265415,0.474195805770544,"High"
"51095",206.299984,0.0279394644935972,23,14.68536962,1179.931034,982.161356076957,0.0210891311464456,-45.2372131305596,-24.3494860085748,0,37.30892696,"Southeastern Plains","White / red / jack pine group",-1.08028211636228,-0.171035502585675,0.888977047922497,0.583666398821167,0.825300664981934,0.743497006501715,0.422561295083044,0.564910177378347,-0.6417300010555,"High"
"51097",8.589461379,0.0189018901890189,43,14.14826724,1108.829787,802.760465817242,-0.139482180359525,-31.7909288172002,-29.3522966255719,1,37.71033653,"Southeastern Plains","White / red / jack pine group",-1.12824440082021,0.720607563007171,0.359798870686544,-0.00134646849689748,-0.355642610780251,-0.334152841418327,0.201898238124555,0.438764866702117,0.671123889328082,"Moderate"
"51099",57.34533133,0.00437636761487965,35,13.71578687,1031.142857,978.168388077012,0.0159131114173992,4.42019588870017,-13.8790693899727,1,38.26817121,"Southeastern Plains","Oak / hickory group",-1.2053311524332,3.12182097549281,1.99649768088595,0.570645629217542,0.787232932727019,-0.0684019084817729,-0.0392035172289069,0.33719136290379,0.145982333174649,"Moderate"
"51101",23.94192989,0.0112419700214133,42,14.17754072,1099.666667,746.121624354252,-0.150973277366859,-34.8731285745676,-29.4747857455728,2,37.70976247,"Southeastern Plains","White / red / jack pine group",-1.16889549342784,0.51622232345827,0.346842439948773,-0.186041488671374,-0.440155427015407,-0.250471987527756,0.173460451787595,0.44564011500985,0.605481194808903,"High"
"51103",30.95045556,0.00418994413407821,32,14.3454622,1086,971.444272093613,0.541794858561536,3.52190588721419,-10.378275196591,0,37.71889398,"Southeastern Plains","White / red / jack pine group",-1.20632049932148,3.06225403253292,2.36679830426711,0.548718790582947,4.65490086986563,-0.212271002965607,0.131045885997297,0.48507860579407,-0.0509457503828881,"High"
"51105",21.03806258,0.105982100800754,50,12.20069047,1232.442857,1022.18714946114,-0.0819273131632345,-35.7349319070543,-29.7277542155196,2,36.70599767,"Ridge and Valley","Oak / hickory group",-0.666110902244065,0.459074865661835,0.32008440250282,0.714187513406848,0.0676523898358301,-0.26629993701429,0.585531986576586,-0.0186482557596699,1.13062275096233,"Moderate"
"51107",303.4326906,0.183538315988647,47,12.36541876,1021.141026,948.800238697797,-0.0721504806045736,-41.9832290094205,-31.911807169853,2,39.08984618,"Northern Piedmont","Oak / hickory group",-0.254521118419224,0.0447410130336079,0.0890636324112516,0.474878293552219,0.139557417951479,1.27293289644779,-0.0702442471283725,0.0200402738260939,0.933694667404798,"Moderate"
"51109",28.58759231,0.0177556818181818,41,13.36735068,1105.324675,981.730215725868,-0.130890208832337,-42.0460069536371,-31.1445945366652,1,37.97900287,"Piedmont","White / red / jack pine group",-1.13432731312361,0.0405781143971949,0.170216451069498,0.582260482425536,-0.292451802251571,-0.225150131442241,0.191020106424533,0.255356701440566,0.539838500289723,"Moderate"
"51111",10.99546123,0.0367286973555338,46,13.93386367,1108.727273,768.92173680424,-0.0820022287471585,-67.2349144773838,-44.3204534283026,2,36.94624219,"Piedmont","White / red / jack pine group",-1.03363777657769,-1.62973572100891,-1.2234755204207,-0.111692029534175,0.0671014131124348,-0.321038590648296,0.201580085439821,0.388409467145439,0.868051972885619,"Moderate"
"51113",15.90463565,0.204592901878914,44,12.16294793,1097.916667,975.552043975614,-0.109929213335625,-55.920201480377,-39.4477476294057,2,38.41514692,"Northern Piedmont","Oak / hickory group",-0.14278471619663,-0.879440312415554,-0.708059333346434,0.562113927047983,-0.138291345735632,-0.294280424229064,0.168029318495694,-0.0275125702950291,0.736766583847261,"Moderate"
"51117",18.97200264,0.0357951038880889,46,14.33981548,1090.980583,955.095594703928,-0.0561503548916005,-48.5552243722586,-35.7007271770788,1,36.67892139,"Piedmont","White / red / jack pine group",-1.03859234446777,-0.391057751578332,-0.311713837818088,0.49540697801194,0.257232491380661,-0.277561296048795,0.14650314893694,0.483752401935689,0.868051972885619,"High"
"51121",98.3053609,0.152340019102197,48,11.5582155,1021.431034,858.076867076491,-0.139103495580836,-47.8772355945968,-34.8164765676598,6,37.17621588,"Ridge and Valley","Oak / hickory group",-0.420090057544063,-0.346099309672467,-0.218181189565855,0.17903617321431,-0.352857522716686,0.154856666993878,-0.0693442059262483,-0.169541656552925,0.999337361923977,"Moderate"
"51125",12.14870558,0.117504542701393,49,12.57480554,1151.602564,967.352308091129,-0.103336093900657,-50.1244033790817,-35.0295166059873,3,37.78852713,"Blue Ridge","Oak / hickory group",-0.604961459101065,-0.495112340005975,-0.240715750194115,0.53537520242912,-0.089801363372046,-0.314752665236149,0.334643754211267,0.0692174165797625,1.06498005644316,"Moderate"
"51127",41.01186902,0.00543056633048875,36,14.39912437,1129.970588,914.895433608836,-0.132951997223284,-21.616304707115,-18.6419878625838,1,37.50756091,"Southeastern Plains","White / red / jack pine group",-1.19973653412422,1.39530198574504,1.49269437737959,0.364317263379856,-0.307615501878219,-0.157429811200541,0.267508814198011,0.497681847481829,0.211625027693828,"High"
"51133",24.50759688,0.0148698884758364,36,14.16500317,1066.052632,893.034127878813,-0.158583161799625,-25.2106446374193,-17.8313354669753,2,37.89196816,"Southeastern Plains","White / red / jack pine group",-1.14964217931533,1.15695597137026,1.57844208800102,0.293029182646683,-0.496123344110412,-0.247388737644716,0.0691391348941001,0.442695512269738,0.211625027693828,"High"
"51135",18.83660604,0.0551830840639505,44,13.89948635,1109.77551,864.174969796562,0.0496424347973163,-44.9837834523493,-31.6839122091003,1,37.14365153,"Piedmont","White / red / jack pine group",-0.935700596204264,-0.154230204562404,0.113169489931151,0.198921629481023,1.0352997714913,-0.278299294833405,0.204833293936108,0.380335517237386,0.736766583847261,"Moderate"
"51137",41.31932644,0.0174454828660436,43,13.08858324,1104.722222,1083.30715928452,0.0300992071849915,-54.3500276372638,-44.6289380875992,2,38.24812358,"Piedmont","Oak / hickory group",-1.13597353476225,-0.775319754917289,-1.25610584809235,0.913495287997713,0.891566479292301,-0.155753969988286,0.189150390684473,0.189884630128544,0.671123889328082,"Moderate"
"51139",29.71792692,0.0667644900953778,44,11.4193577,1029.958333,896.569386212755,-0.0593716154122115,-41.3589707730092,-36.4155571665357,2,38.62263781,"Ridge and Valley","Oak / hickory group",-0.874238231217595,0.0861365030190708,-0.3873258207241,0.304557395308591,0.233541298255217,-0.218989078887136,-0.0428796930754529,-0.202154173222126,0.736766583847261,"Moderate"
"51141",14.11844289,0.107484076433121,45,12.711606,1219.87013,1079.03985729044,-0.125582721085072,-46.6673532529625,-41.1874788140776,2,36.68017009,"Blue Ridge","Oak / hickory group",-0.658139937901124,-0.265870216269344,-0.892081445648143,0.89957993578483,-0.253417170800051,-0.304016326651718,0.546512468759626,0.101346740838856,0.80240927836644,"Moderate"
"51143",24.25264468,0.0293860416302256,51,13.81048186,1124.265306,860.066072312293,-0.166396728079171,-55.8080962620858,-38.285223288768,2,36.81960714,"Piedmont","White / red / jack pine group",-1.07260515108608,-0.872006449039126,-0.585091953873584,0.18552282251129,-0.553589266702748,-0.248778391548386,0.249802444478079,0.359431683144099,1.19626544548151,"Moderate"
"51145",43.40714671,0.0826833073322933,43,13.77751993,1086.380952,981.34520500671,-0.086416075387153,-32.9045517755886,-29.7697823376795,1,37.55019299,"Piedmont","White / red / jack pine group",-0.789757283695649,0.646761572145185,0.315638828448575,0.581004991304857,0.0346391852034773,-0.144374003122471,0.132228172334335,0.351690155541228,0.671123889328082,"Moderate"
"51147",25.25716139,0.0262609420591913,43,13.70444555,1110.265306,796.722350747495,0.00683888603738159,-44.3880728156168,-34.4911304497343,1,37.22555625,"Piedmont","White / red / jack pine group",-1.08919001219305,-0.11472774827307,-0.183767321275564,-0.0210363095285408,0.720495323469316,-0.243303127685776,0.206353378142873,0.33452770996135,0.671123889328082,"Moderate"
"51149",55.71915535,0.0119500271591526,38,14.58765752,1150,807.109126043021,-0.315687256655267,-56.3953724617669,-57.0284727085849,0,37.18545996,"Southeastern Plains","White / red / jack pine group",-1.16513784378556,-0.910949605291825,-2.56768120675461,0.0128341868164182,-1.65156650935837,-0.0772656162617456,0.329670189243952,0.541961250562333,0.342910416732186,"High"
"51153",537.6351912,0.0290581162324649,33,13.137146,1004.454545,1330.23457924486,-7.43409270649309e-05,-33.1295589603947,-36.6613123085338,2,38.70893293,"Northern Piedmont","Oak / hickory group",-1.07434544673161,0.631841011835331,-0.413320859922082,1.7187071114247,0.669651067288614,2.54948755731375,-0.12203081997624,0.201290210657707,0.0146969441362909,"Moderate"
"51155",41.1804283,0.134185303514377,49,11.44112267,978.9811321,796.545416161366,-0.158192750412108,-40.0430880289065,-33.953540947637,3,37.06472199,"Ridge and Valley","Oak / hickory group",-0.516436887338289,0.173394640402551,-0.126903159387344,-0.0216132799627969,-0.493252011127296,-0.15651105442397,-0.201087677610254,-0.197042393783523,1.06498005644316,"Moderate"
"51157",10.66819853,0.193993506493506,39,11.92439033,1056.731707,1141.83738581456,-0.0766825183206321,-49.1808573719405,-29.6730754999401,2,38.68296842,"Northern Piedmont","Oak / hickory group",-0.199035563982135,-0.432544404156263,0.325868107955442,1.10435797322489,0.106225937900132,-0.322822383408588,0.0402115999919232,-0.0835408503525028,0.408553111251365,"Moderate"
"51159",18.04908466,0.0054773082942097,31,14.04151899,1084.28125,862.859250976352,-0.165791132408145,-40.4653364262478,-31.3041283925651,1,37.93755309,"Southeastern Plains","White / red / jack pine group",-1.19948847515568,0.145394722605707,0.153341569820604,0.194631168946066,-0.54913533200656,-0.282591794211487,0.125711737228466,0.413693685374651,-0.116588444902067,"Moderate"
"51161",145.0158935,0.104875804967801,45,12.38704278,1055.948718,804.890476369862,-0.186770092117831,-40.4829944607183,-33.6687087891083,2,37.27270245,"Ridge and Valley","Oak / hickory group",-0.671981999249357,0.14422379213743,-0.0967747028040976,0.00559933639293344,-0.703427908739473,0.409459192369568,0.0377815899204426,0.0251189493683041,0.80240927836644,"Moderate"
"51163",14.71029769,0.15644082582146,55,11.83854633,1056.377778,954.051951357076,-0.115810131724195,-35.2893087426022,-32.7932288505215,2,37.81198592,"Ridge and Valley","Oak / hickory group",-0.398327131813355,0.488624798951323,-0.00416978257505842,0.492003735219134,-0.181543349852381,-0.300790336316173,0.0391131796634269,-0.103702403257352,1.45883622355823,"Moderate"
"51165",36.86508083,0.176816889971579,61,11.11364771,982.5075758,826.656270772109,-0.159759412396514,-37.0863781897715,-33.4150034314427,3,38.50992418,"Ridge and Valley","Oak / hickory group",-0.290191635277963,0.369458457260534,-0.069938720192974,0.0765759618393308,-0.504774237099821,-0.180032481018356,-0.190143342878206,-0.273954044347957,1.8526923906733,"Moderate"
"51167",21.96390285,0.267924528301887,51,11.56009624,1138.887324,1012.59323525398,-0.0924035988218548,-45.9858751628183,-31.011317802908,3,36.93098569,"Ridge and Valley","Oak / hickory group",0.193315367665846,-0.220680392875024,0.184313954340555,0.682902477691534,-0.00939686004247975,-0.261253510486572,0.295181946623549,-0.169099940894169,1.19626544548151,"Moderate"
"51169",15.68036855,0.147353856796956,54,12.25621569,1134.776471,1161.88823059127,-0.049248805106084,-54.6282533183329,-38.1809514411681,2,36.71473258,"Ridge and Valley","Oak / hickory group",-0.446551553381086,-0.793769312684608,-0.574062476550882,1.16974227637963,0.307990866180636,-0.295502824549515,0.282423894859885,-0.00560745313417054,1.39319352903905,"Moderate"
"51171",33.01190163,0.0939183987682833,44,11.39945242,953.5714286,806.499330612777,-0.103938199600386,-40.014301205045,-34.0315753894939,3,38.85900858,"Ridge and Valley","Oak / hickory group",-0.730132805577571,0.175303537409217,-0.135157344257577,0.0108456895876251,-0.0942296306056148,-0.201034792497996,-0.279946812819497,-0.206829180861633,0.736766583847261,"Moderate"
"51173",26.11904542,0.143918918918919,49,10.83443147,1137.838235,1109.92633784081,-0.143170404499331,-41.010060257487,-30.8288575620965,3,36.84457396,"Ridge and Valley","Oak / hickory group",-0.46478072218784,0.10927327704732,0.203613900919108,1.00029843568735,-0.38276815055792,-0.238605303910181,0.291926093941224,-0.339531522036007,1.06498005644316,"Moderate"
"51175",11.48842563,0.0380420999239158,49,14.89343145,1175.866667,914.469989002569,0.0894295468980459,-46.6858325617415,-38.5144689806357,1,36.72258915,"Middle Atlantic Coastal Plain","White / red / jack pine group",-1.02666756693188,-0.267095606655696,-0.60934068656588,0.362929920381519,1.32791943098512,-0.318351616765229,0.409947512840643,0.61377613880867,1.06498005644316,"High"
"51177",129.5461772,0.0121076233183857,39,13.36590362,1082.734375,1017.88471099933,-0.145008231194504,-68.7585596288126,-44.491851574734,2,38.18593824,"Piedmont","White / red / jack pine group",-1.16430148310249,-1.73077089191823,-1.24160536095515,0.700157583804162,-0.396284693814155,0.325139262418149,0.120911003336518,0.255016841033939,0.408553111251365,"Moderate"
"51179",215.3999834,0.0267123287671233,44,13.32555487,1043.093023,1194.67386293259,-0.0292417597913255,-50.2594575453529,-34.9748282333109,1,38.41828772,"Southeastern Plains","Oak / hickory group",-1.08679450904621,-0.504067982176616,-0.23493102325071,1.27665376803982,0.455135367964536,0.793097871642723,-0.00211612042528455,0.245540425002889,0.736766583847261,"Moderate"
"51181",8.940092428,0.0111624326404927,40,14.67638777,1191.456522,765.15516945435,-0.143474325169883,-5.91726371748991,-17.8821464751907,0,37.11604185,"Southeastern Plains","White / red / jack pine group",-1.16931759723139,2.43632868937866,1.57306749384397,-0.12397452357373,-0.385003375947109,-0.332241676086196,0.458330701701446,0.562800675911052,0.474195805770544,"High"
"51183",8.82270241,0.0354700854700855,45,14.64790668,1155.48,700.705123025837,0.0916682844453243,-45.3305633467447,-40.1477236780783,1,36.92430527,"Southeastern Plains","White / red / jack pine group",-1.04031721281109,-0.177225693942133,-0.782100123195027,-0.334141298138467,1.3443845269469,-0.332881527386814,0.346677395209447,0.556111530451582,0.80240927836644,"High"
"51185",30.66319418,0.215526802218115,52,10.62704059,1112.141026,977.919009869516,-0.131802238208045,-34.3469032670374,-27.114386434301,2,37.12025818,"Ridge and Valley","Oak / hickory group",-0.0847586551508269,0.551117104459784,0.596516453361168,0.569832425559507,-0.299159444783967,-0.213836762735833,0.212174684050464,-0.388239902343345,1.26190814000069,"Moderate"
"51187",71.76630546,0.166666666666667,37,11.75684309,1013.764706,977.887630941665,-0.155515847804828,-44.1523572364006,-35.3791986100063,2,38.90864171,"Ridge and Valley","Oak / hickory group",-0.344058732914449,-0.0990970984398287,-0.277703775459413,0.569730101225838,-0.473564371384626,0.0102017003299044,-0.0931366911990655,-0.122891446122986,0.277267722213007,"Moderate"
"51191",37.15555984,0.174716981132075,49,11.78867434,1135.781609,1198.35404172562,-0.138338366507121,-43.8620829552101,-35.6429585758939,4,36.72368096,"Ridge and Valley","Oak / hickory group",-0.301335823054653,-0.0798485801196927,-0.305603296081283,1.28865455546533,-0.347230278184525,-0.178449183089644,0.285543345405459,-0.115415473068347,1.06498005644316,"Moderate"
"51193",30.09166717,0.00226415094339623,32,13.94027256,1069.473684,961.29713797509,-0.167505432927862,3.35887528554467,-14.207328709858,1,38.11024721,"Southeastern Plains","Oak / pine group",-1.21654065770755,3.05144323141713,1.9617756652319,0.515629746168817,-0.561743385415404,-0.216951953506884,0.0797563859858283,0.389914676301541,-0.0509457503828881,"Moderate"
"51195",36.39754746,0.175634517766497,48,11.40475956,1177.836066,1006.37012854162,-0.18066146758885,-45.5323091955658,-29.9162618963704,3,36.97459821,"Central Appalachians","Oak / hickory group",-0.296466468560005,-0.190603760545615,0.300144780841211,0.662609392767856,-0.658501209231337,-0.18258083938795,0.416059551968607,-0.205582731676094,0.999337361923977,"Moderate"
"51197",24.00851515,0.119962067330488,45,11.04516439,1014.540541,748.885772501816,-0.159570370716855,-35.178310629622,-30.1064625974668,3,36.91587345,"Blue Ridge","Oak / hickory group",-0.591919409171438,0.495985248531759,0.280026077971822,-0.177027808576714,-0.503383904677807,-0.250109054921229,-0.0907288836004819,-0.290038221218556,0.80240927836644,"Moderate"
"51199",252.1808672,0.00642398286937901,28,14.84424418,1185.454545,1139.18437764854,0.748291026702251,5.96552972166308,-10.4212518811266,0,37.24473835,"Southeastern Plains","White / red / jack pine group",-1.19446448600403,3.22429435505823,2.36225239491189,1.09570671228647,6.1736046716177,0.99357740762279,0.439703537643205,0.602223884179924,-0.313516528459604,"High"
"51550",276.8053142,0.00415800415800416,28,15.30731754,1224,993.495752748638,-0.0790498776863129,-64.6538577018596,-48.3333394377111,1,36.6776213,"Middle Atlantic Coastal Plain","White / red / jack pine group",-1.20649000434202,-1.45858201622586,-1.64794325795603,0.620627017503835,0.0888148755005483,1.12779652359536,0.559329539872896,0.710982539956287,-0.313516528459604,"High"
"51800",88.39361441,0.0119093353822512,41,15.10593342,1226.861538,862.545023610895,-0.201852243613403,-37.9730498553667,-42.9537405672407,1,36.70178459,"Middle Atlantic Coastal Plain","White / red / jack pine group",-1.16535379449457,0.310661943393864,-1.07890986003682,0.19360649704065,-0.814351617499615,0.100831256732604,0.568210336614519,0.663684923470843,0.539838500289723,"High"
"51810",711.3626303,0.0423728813559322,18,15.45944134,1171.526316,992.961233624185,-0.16555313021755,-20.4196867967736,-24.9823617323925,1,36.73204545,"Middle Atlantic Coastal Plain","White / red / jack pine group",-1.00368416851465,1.4746514950262,0.822033873857723,0.61888399067058,-0.547384912931298,3.4964141338245,0.396477212946566,0.746710745093357,-0.969943473651395,"High"
"53003",13.74020676,0.704697986577181,13,8.847349846,467.7837838,1350.97293039164,-0.170159519560256,-54.1757159170595,-48.0942997388583,2,46.18884051,"Columbia Plateau","Douglas-fir group",2.51126619644765,-0.763760886091549,-1.62265855265533,1.78633332136303,-0.581263222006509,-0.306077957477274,-1.78759107022939,-0.806222860842784,-1.29815694624729,"Low"
"53007",10.13149285,0.476791443850267,26,5.021942509,1028.51107,1187.02259346152,-0.148021007125815,-57.767195751282,-53.2160354868456,4,47.87008565,"North Cascades","Douglas-fir group",1.3017692602449,-1.00191724325108,-2.16441617549954,1.25170355131897,-0.418442559027379,-0.325747775475547,-0.0473712806534164,-1.7046683247951,-0.444801917497963,"Low"
"53009",16.98347645,0.108252947481243,26,8.159384367,2346.125356,1508.52738119546,-0.191103845464814,-74.720606437147,-61.583699740946,2,48.04877932,"Coast Range","Douglas-fir group",-0.654059549659911,-2.12612306278596,-3.04951570388528,2.30010658575448,-0.735301079768167,-0.288400046145807,4.04185089910577,-0.967800285025816,-0.444801917497963,"Low"
"53011",296.0758394,0.0327868852459016,12,10.41270059,1806.946903,1554.85428611554,-0.268408196888702,-55.6412029149071,-34.6889473090274,0,45.77556424,"Willamette Valley","Douglas-fir group",-1.05455692006801,-0.860939503536745,-0.204691632236209,2.4511751531514,-1.30384631456126,1.23283331311884,2.3685080154693,-0.438580371678713,-1.36379964076647,"Moderate"
"53013",1.788742744,0.714972527472527,14,8.540399804,523.8300654,1394.12055089827,-0.243040559905181,-49.3342456995362,-51.0933778741156,2,46.29413363,"Columbia Plateau","Douglas-fir group",2.5657930458532,-0.442715811770164,-1.93988956987826,1.92703448039292,-1.11727662140315,-0.371221143629048,-1.61365116972368,-0.878313973919162,-1.23251425172811,"Low"
"53015",36.67595612,0.079646017699115,18,9.319253489,2034.322917,1256.68022487507,-0.248593570739233,-68.7682942525154,-61.6352886418246,0,46.1911299,"Cascades","Douglas-fir group",-0.805876138651433,-1.73141640926105,-3.05497258055373,1.47885187050976,-1.15811698537106,-0.18106333265067,3.07417055227792,-0.695390301032717,-0.969943473651395,"Low"
"53019",1.339380709,0.321244855967078,19,6.124776401,468.9480198,974.733208367531,-0.263950389511326,-56.7413381675624,-44.3044826968909,4,48.46960795,"Northern Rockies","Douglas-fir group",0.476285624582297,-0.933891104617331,-1.22178619752112,0.559443765454842,-1.27106077150515,-0.373670456504555,-1.78397785828697,-1.44565378844057,-0.904300779132216,"Low"
"53023",1.226470761,0.688785666887857,12,8.809077955,489.6290323,1216.39213749209,-0.0910675034244428,-54.8582101238958,-50.8091939483487,2,46.43153701,"Columbia Plateau","Douglas-fir group",2.42681973132278,-0.809018089691526,-1.90982968087783,1.34747543483791,0.000429633000094898,-0.374285888534564,-1.71979423800185,-0.815211500178849,-1.36379964076647,"Low"
"53027",14.97910265,0.0821535821535821,19,9.692527968,2573.476454,1253.48738757557,-0.40432409339949,-66.4394132809621,-60.0764674532976,1,47.13975329,"Coast Range","Douglas-fir group",-0.792568528046138,-1.57698485623986,-2.89008643587759,1.46844026719633,-2.30345802943248,-0.29932517593713,4.74743610899033,-0.607722052158149,-0.904300779132216,"Low"
"53031",6.812391805,0.167108142347115,22,7.535694719,2455.081921,1553.51314468603,-0.286840611996902,-59.9239947679176,-62.0890613557262,2,47.75126637,"North Cascades","Hemlock / Sitka spruce group",-0.341715827456269,-1.14493778649141,-3.10297092308663,2.44680179139149,-1.43940998701266,-0.343839016593917,4.37999811484443,-1.11428171453002,-0.707372695574679,"Low"
"53033",406.1508819,0.260660980810235,25,8.320803798,1734.486747,1323.91816435674,-0.0975605949649681,-76.0287842711678,-60.9911683553882,11,47.49116048,"Cascades","Douglas-fir group",0.154767819482277,-2.21287027614869,-2.98683999965229,1.69810975552797,-0.0473246807797148,1.83281327997832,2.14362757799049,-0.929888882971193,-0.510444612017142,"Low"
"53035",262.8190067,0.00430570505920344,13,10.23245703,1166.602273,1524.41629800163,-0.341321470664214,-36.8797012559151,-9.33670650388251,0,47.6345684,"Puget Lowland","Douglas-fir group",-1.20570615765935,0.383163511429883,2.47697145781422,2.35191915349536,-1.84009677905221,1.05156212822516,0.381195422164823,-0.480912859338867,-1.29815694624729,"Moderate"
"53037",7.9155595,0.482207931404073,22,6.644293426,866.2244389,1400.15868254624,-0.00355629692634163,-62.0092285774577,-53.5654451545697,4,47.12499013,"Columbia Plateau","Douglas-fir group",1.33051448634909,-1.28321273465452,-2.20137539407293,1.94672437548491,0.644042554253004,-0.337826041244972,-0.551028609223484,-1.32363862157384,-0.707372695574679,"Low"
"53039",4.549752961,0.328408327736736,22,8.994227288,543.470948,927.731639635658,-0.124593144373615,-50.1133116110477,-46.139276264001,3,45.87432128,"Eastern Cascades Slopes and Foothills","Douglas-fir group",0.514302072264353,-0.494376828408704,-1.41586364513603,0.406175169895066,-0.24613919597201,-0.356171857425099,-1.55269559751158,-0.771726829467128,-0.707372695574679,"Low"
"53041",12.76358055,0.173396334478809,24,8.364742393,1843.605023,1660.21793381506,-0.113610934323,-63.5789809819172,-54.3783199820044,2,46.57918016,"Cascades","Douglas-fir group",-0.308344476960854,-1.38730534593029,-2.28735818503476,2.79475811733041,-0.165369057205351,-0.311401200128849,2.48227666458387,-0.919569346280717,-0.576087306536321,"Low"
"53045",26.2858131,0.0555935292777398,22,9.164592436,1881.902062,1240.55673975038,-0.130685442949393,-72.4534804052789,-63.2788056442914,2,47.34952243,"Puget Lowland","Douglas-fir group",-0.933522369012462,-1.97578657145268,-3.22881752456716,1.42627439304964,-0.290945824064682,-0.237696312508977,2.60113170658051,-0.731714412238848,-0.707372695574679,"Low"
"53047",3.085180141,0.40201749772912,24,5.378731199,526.3995859,892.218556408278,-0.186424031109647,-55.0858278652894,-46.0675262423343,4,48.54846991,"Columbia Plateau","Douglas-fir group",0.904944940682986,-0.82411175988247,-1.40827420220305,0.290369665161626,-0.700882756577574,-0.364154723768366,-1.60567665067695,-1.62087197269959,-0.576087306536321,"Low"
"53049",9.148328896,0.0369444444444444,14,9.825890447,2308.625,1035.81304892153,-0.440799042579742,-66.6457834315564,-55.3453368562205,0,46.55422051,"Coast Range","Douglas-fir group",-1.03249280969824,-1.59066956715586,-2.38964553229422,0.758620551066642,-2.57171794189253,-0.331106653047984,3.9254683665745,-0.576400181370671,-1.23251425172811,"Low"
"53051",3.746742245,0.398783231935995,22,5.728632023,748.4823529,1059.44776360462,-0.142719483630383,-53.1067442013652,-45.4260848024663,3,48.53107495,"Northern Rockies","Douglas-fir group",0.88778073591359,-0.692875785390032,-1.3404249794482,0.835691585580363,-0.379451792466985,-0.360548783673149,-0.916441731013448,-1.5386933233528,-0.707372695574679,"Low"
"53053",206.4493751,0.247005044136192,28,8.026190763,1675.833856,1369.44314491617,-0.113754885397242,-69.6004228100581,-56.1399873823011,4,47.0393724,"Cascades","Douglas-fir group",0.0822959484661619,-1.78659608869692,-2.4737006263452,1.8465633076431,-0.166427764713999,0.744311284336103,1.96159805286116,-0.999082493376236,-0.313516528459604,"Low"
"53057",28.43851593,0.344667697063369,25,7.175946054,1546.942073,1368.47157455248,-0.0189212153172678,-68.5808249541799,-58.8186766320988,3,48.48422602,"North Cascades","Hemlock / Sitka spruce group",0.600590325115065,-1.71898504190507,-2.75704213237253,1.84339508945065,0.531039198384392,-0.225962693849673,1.56158179360188,-1.19877325432134,-0.510444612017142,"Low"
"53059",2.772101279,0.310797524723845,27,7.14785629,2106.530035,1817.20713031298,0.0144513439710892,-57.9217558908336,-50.8082957062276,3,46.02359908,"Cascades","Douglas-fir group",0.420841779140235,-1.01216635545462,-1.90973466826098,3.30668812976375,0.776482167722626,-0.365861205464679,3.29826568512478,-1.20537049190312,-0.379159222978783,"Low"
"53061",150.177755,0.19786432160804,18,7.523701861,1729.825269,1583.06872823802,-0.0746889432198579,-67.9583485864644,-56.9677679060987,4,48.04672039,"North Cascades","Hemlock / Sitka spruce group",-0.178493200583442,-1.67770771027691,-2.56126008487165,2.54318033585677,0.120887953722919,0.437594666327738,2.12916065893034,-1.11709838944087,-0.969943473651395,"Low"
"53063",112.3588114,0.61063829787234,13,8.173501538,497.2215385,1149.88153531327,-0.122244015363045,-57.6305330976899,-49.0612285057603,6,47.62085499,"Northern Rockies","Douglas-fir group",2.01209270213947,-0.992854939899378,-1.72493658026001,1.13058934229202,-0.22886221116749,0.23145703501328,-1.69623085903512,-0.964484688245805,-1.29815694624729,"Low"
"53065",7.050411792,0.376771170367065,18,7.016881102,540.6702586,934.134105751964,-0.21851637381179,-52.5460740027528,-42.9011667463712,3,48.39841442,"Northern Rockies","Douglas-fir group",0.770963023229367,-0.655696912548513,-1.07334880229789,0.427053132402301,-0.936910201094911,-0.342541654170349,-1.56138755033478,-1.23613167710051,-0.969943473651395,"Low"
"53067",152.1426675,0.0662983425414365,12,10.03532601,1417.777778,1188.23528394844,-0.0547526593215313,-50.9672931890073,-41.5353600689233,3,46.92772378,"Puget Lowland","Douglas-fir group",-0.876712069974326,-0.551005614055843,-0.928878994551624,1.25565804417513,0.267512031166163,0.448304706586244,1.16071979205938,-0.527211581310314,-1.36379964076647,"Low"
"53069",6.340896794,0.03725782414307,10,9.807341834,2250.25,1470.1488294845,-0.409709479424377,-27.2558308740332,-34.4509822693464,0,46.29186006,"Coast Range","Hemlock / Sitka spruce group",-1.03082970788107,1.02133663719398,-0.179520600273408,2.17495700289879,-2.34306557422879,-0.346408968461746,3.74430127748038,-0.58075655854684,-1.49508502980483,"Low"
"53071",18.47922045,0.265957446808511,5,11.03719175,365.840708,1109.10443056401,-0.0740922573535903,-55.4216766141483,-35.2359382172028,5,46.23039499,"Columbia Plateau","Unknown",0.182876092816461,-0.846382388781083,-0.262550238910119,0.997618257612571,0.125276360063393,-0.280247276769858,-2.10397188900433,-0.291910696908777,-1.82329850240072,"Moderate"
"53073",41.12806652,0.322883268020425,24,6.093274077,1469.648148,1327.80292077263,-0.0132048382773844,-68.4586737007487,-60.4514771729035,7,48.82502564,"North Cascades","Douglas-fir group",0.484980655163912,-1.71088501103132,-2.92975353004913,1.71077765526025,0.573081061053743,-0.156796459892054,1.32169973112807,-1.45305250904948,-0.576087306536321,"Low"
"53077",22.53483646,0.604130808950086,25,7.686058761,685.5032765,1169.03154007735,-0.158818857567044,-56.9340893373262,-51.6131688250521,8,46.45742087,"Columbia Plateau","Douglas-fir group",1.97755754654602,-0.946672720705431,-1.99487106908309,1.19303607363193,-0.497856800286665,-0.258141554128192,-1.11189759303013,-1.07896681089354,-0.510444612017142,"Low"
"54001",18.72781762,0.245,42,10.36424383,1216.148148,1046.36501796523,-0.0658317123842374,-44.1791389147285,-36.4634505321052,4,39.13088778,"Western Allegheny Plateau","Unknown",0.0716552063853988,-0.100873031270751,-0.392391797798598,0.793029731852589,0.186029647460723,-0.278892261877922,0.534961279987023,-0.449961056762558,0.605481194808903,"Moderate"
"54003",141.4036926,0.176737160120846,42,11.62675693,980.125,694.364445462337,-0.163299414645791,-49.5652999774252,-40.9966403310295,4,39.46705841,"Ridge and Valley","Oak / hickory group",-0.290614760516193,-0.458037363795552,-0.871895280642663,-0.354817772802514,-0.530809659076874,0.389770368027104,-0.197537678162695,-0.153443831811312,0.605481194808903,"Moderate"
"54005",16.85723648,0.194385593220339,52,11.90923909,1195.144737,1037.54053166382,-0.104451607523694,-41.4430149839702,-35.4059479181324,2,38.01965929,"Central Appalachians","Oak / hickory group",-0.196954765032021,0.0805634066780877,-0.280533214988545,0.764253742913385,-0.0980055581300722,-0.289088135391986,0.469777094429553,-0.0870993113612403,1.26190814000069,"Moderate"
"54007",10.60782952,0.237539766702015,48,11.49949575,1223.525641,1273.64553912767,-0.0812897435344075,-36.3723072188357,-30.8642102964935,2,38.70037172,"Western Allegheny Plateau","Oak / hickory group",0.0320638492909146,0.416809562944316,0.199874423856964,1.53417448970912,0.0723414812988803,-0.323151433443877,0.557857364468774,-0.183332735092887,0.999337361923977,"Moderate"
"54009",95.93283438,0.476987447698745,23,10.50749126,989.6315789,1173.65053375187,-0.0620136524749455,-36.9883978835892,-28.6237676154006,1,40.27361809,"Western Allegheny Plateau","Maple / beech / birch group",1.30280945001472,0.37595567675524,0.436859883621183,1.20809826607559,0.214110081842476,0.141924867464091,-0.168033965502198,-0.416317579776063,-0.6417300010555,"Moderate"
"54011",128.2250238,0.284237726098191,39,12.28349615,1097.232558,1023.55052618727,-0.0401039315025287,-36.633577852429,-28.34654012353,2,38.42427249,"Western Allegheny Plateau","Oak / hickory group",0.279889287476218,0.399484319534502,0.466183947644185,0.71863338280378,0.375248067286652,0.317938124402252,0.165906182972729,0.000799709131784147,0.408553111251365,"Moderate"
"54013",9.934274714,0.201729106628242,47,11.61928889,1154.311111,1037.35914876427,-0.127521852550851,-39.5023115675579,-28.6919995116675,2,38.84302754,"Western Allegheny Plateau","Oak / hickory group",-0.157982838813715,0.209254330006039,0.429642574540324,0.763662266862209,-0.267678773597295,-0.326822741498852,0.343049742659483,-0.15519779578731,0.933694667404798,"Moderate"
"54015",9.709610307,0.221476510067114,44,11.73791961,1186.62963,1250.74086021871,-0.0004289084949185,-48.8017096376667,-33.7898363332819,2,38.46233288,"Central Appalachians","Oak / hickory group",-0.0531836361603084,-0.407402555283962,-0.109587111257273,1.45948404718048,0.667043352491164,-0.328047307398669,0.443350419508526,-0.127335865571799,0.736766583847261,"Moderate"
"54017",10.26352087,0.209554831704669,38,11.05430068,1132.509804,1341.6310212986,-0.0538131609779757,-45.4556410488782,-23.7948797348262,1,39.27051574,"Western Allegheny Plateau","Oak / hickory group",-0.11645182180011,-0.185519781971852,0.947641178846979,1.75587005545152,0.274421697911772,-0.325028137624268,0.275389283085399,-0.287892447557158,0.342910416732186,"Moderate"
"54019",25.14459059,0.17588141025641,51,10.92330725,1155.480392,1082.50591568274,-0.0395356289092668,-48.6891043956644,-34.4207333586882,2,38.0274572,"Central Appalachians","Oak / hickory group",-0.295156213459171,-0.399935534593272,-0.176320986170269,0.910882492619613,0.379427725033832,-0.243916711140475,0.346678611783304,-0.318657917119767,1.19626544548151,"Moderate"
"54021",9.090726291,0.162557077625571,43,11.48237343,1169.592593,1179.41688521759,-0.0396837373752188,-31.6556819889802,-23.1385039731813,2,38.92494169,"Western Allegheny Plateau","Oak / hickory group",-0.365868266308205,0.729575980877525,1.01707009705328,1.22690190634761,0.378338441429501,-0.331420624392024,0.390475894453644,-0.187354129255947,0.671123889328082,"Moderate"
"54023",9.353861138,0.195631970260223,47,9.912641893,1034.243243,733.5439659795,-0.173653575247122,-37.3163384715057,-25.8925181927439,3,39.10297545,"Ridge and Valley","Oak / hickory group",-0.190340258958365,0.354209449743539,0.725761003753082,-0.227056290656518,-0.606960723819525,-0.329986369785375,-0.0295814545875686,-0.556025503255705,0.933694667404798,"Low"
"54025",13.21052269,0.231472569778633,56,9.871528516,1143.526316,1098.11030737113,-0.0781387201714228,-48.88887869385,-35.4230770680239,2,37.94633549,"Central Appalachians","Oak / hickory group",-0.000134682626451976,-0.413182864748555,-0.282345070965342,0.96176724526027,0.0955161058154644,-0.308965077241635,0.309579080276155,-0.565681501642109,1.52447891807741,"Low"
"54027",14.05011966,0.106275303643725,50,10.90253073,941.2621359,755.549083478216,-0.170126392215278,-32.8467973408377,-32.0500960877381,4,39.32098937,"Ridge and Valley","Oak / hickory group",-0.664554878726634,0.650591354414604,0.0744359594688178,-0.155299250516091,-0.58101958249875,-0.304388732315528,-0.318148761038194,-0.323537546530776,1.13062275096233,"Moderate"
"54029",136.0927033,0.118918918918919,16,10.22435557,981.1333333,676.611139559251,-0.0367070127976457,-31.5798604077516,-25.4254718934844,1,40.51938268,"Western Allegheny Plateau","Oak / hickory group",-0.597455383666515,0.734603822439495,0.775163375389387,-0.412709973759286,0.400231162119836,0.360822051389343,-0.194408310988431,-0.482815590041031,-1.10122886268975,"Moderate"
"54031",9.142746357,0.166666666666667,43,10.53150362,957.3043478,886.802881535418,-0.145000877968501,-38.8799781494422,-30.0256021657634,2,39.00681469,"Ridge and Valley","Oak / hickory group",-0.344058732914449,0.250522182434107,0.288579185241951,0.272709554995798,-0.396230613525952,-0.331137081485604,-0.268361680394871,-0.410677972272798,0.671123889328082,"Moderate"
"54033",62.75892261,0.223205506391347,39,10.89965637,1129.384615,1177.53759212594,-0.0840764130378855,-50.6648390066646,-31.4306113625911,4,39.28324558,"Western Allegheny Plateau","Unknown",-0.0440078760796889,-0.530949428416701,0.139962684898927,1.22077367232109,0.0518465461760423,-0.0388943448870085,0.265690244216037,-0.324212626457242,0.408553111251365,"Moderate"
"54035",23.94059741,0.180672268907563,43,11.89048069,1122.507246,1051.53092981072,-0.0953322922927884,-27.8828282062206,-26.8390492519039,2,38.84240576,"Western Allegheny Plateau","Oak / hickory group",-0.269731191469815,0.979759513703098,0.62564056767626,0.809875383491593,-0.0309363295082881,-0.250479250403046,0.244346296937988,-0.0915049596769094,0.671123889328082,"Moderate"
"54037",105.0080004,0.0428571428571429,24,11.98208329,998.78125,670.506187867887,-0.0422700264750244,-40.7284954878006,-27.5836241372596,2,39.30696568,"Ridge and Valley","Oak / hickory group",-1.00111419928503,0.127944254735684,0.546882283421099,-0.432617764008446,0.359317230897264,0.19139037466954,-0.139637917890111,-0.069990926475734,-0.576087306536321,"Moderate"
"54039",77.5135341,0.191870629370629,49,12.12552127,1147.404255,1130.19732691147,-0.0145417928214482,-39.12318663522,-31.3668823753686,5,38.3384015,"Central Appalachians","Unknown",-0.210301644127676,0.234394666848135,0.146703693479367,1.06640061289747,0.563248249301731,0.041527802692854,0.321614282337218,-0.0363026964033393,1.06498005644316,"Moderate"
"54041",15.98972449,0.188101487314086,41,11.14031115,1190.8,1226.23288321361,-0.0741374233790286,-34.3588425076043,-27.3527118933884,2,38.99232588,"Western Allegheny Plateau","Oak / hickory group",-0.230304429984352,0.550325395701302,0.571307297611736,1.37956536963567,0.124944180463351,-0.293816635178941,0.456293182563694,-0.267691797060024,0.539838500289723,"Moderate"
"54043",18.2118395,0.10624597553123,45,12.30629114,1146.253521,1202.21442912401,-0.0503866322349364,-40.2890758025376,-28.9598373627064,2,38.17214276,"Western Allegheny Plateau","Oak / hickory group",-0.664710522622518,0.157082826114877,0.401311710820235,1.3012429896566,0.299622563747309,-0.281704675376085,0.318042973915777,0.00615340184007508,0.80240927836644,"Moderate"
"54045",27.73587383,0.215538847117794,52,12.0082488,1200.521739,1054.29702956226,-0.0637078123783794,-55.1094199476767,-32.7702881329871,2,37.83026305,"Central Appalachians","Oak / hickory group",-0.0846947330313286,-0.825676185873569,-0.00174320119536443,0.818895427620658,0.201650155301042,-0.229792546414772,0.48646464561402,-0.0638456243678714,1.26190814000069,"Moderate"
"54047",13.08798808,0.191105239982387,49,11.58691137,1117.974684,1102.60492216301,-0.135014594486252,-40.5363906572268,-31.2783372237993,2,37.38006242,"Central Appalachians","Oak / hickory group",-0.214363555247052,0.140683011113,0.156069661031952,0.976423847482708,-0.322785150462779,-0.3096329698863,0.230279469294672,-0.162802067284535,1.06498005644316,"Moderate"
"54049",70.32045532,0.235294117647059,43,10.7059444,1121.352941,1032.28838865835,-0.0829274248571217,-36.0470381606694,-21.4691110954716,2,39.51290476,"Western Allegheny Plateau","Oak / hickory group",0.0201462201642668,0.438378636854031,1.19365209220531,0.747126897919771,0.0602969340646208,0.00232088466652667,0.240763905901127,-0.369708341142689,0.671123889328082,"Moderate"
"54051",39.06134096,0.430131004366812,41,10.57263393,1022.75,1047.57304887815,-0.123601862465889,-36.5004260587648,-28.8055240593853,1,39.86069015,"Western Allegheny Plateau","Maple / beech / birch group",1.05414293972836,0.408313812554665,0.417634381979779,0.796969030186912,-0.238848680048995,-0.168061446984804,-0.0652507886956853,-0.401017996956436,0.539838500289723,"Moderate"
"54053",23.93151821,0.210379981464319,43,12.00666423,1071.144928,1077.42496250115,0.0276334908922249,-42.0908726141388,-31.021007160405,3,38.77058882,"Western Allegheny Plateau","Oak / hickory group",-0.112072763198879,0.0376030058737314,0.183289051154848,0.894313884820802,0.873432037662784,-0.250528737898044,0.0849430996585647,-0.0642177807432319,0.671123889328082,"Moderate"
"54055",54.71354585,0.300271739130435,48,10.71872914,1008.703125,1084.07913434287,-0.119895249457009,-42.3344403683558,-32.3804035711446,2,37.40481915,"Central Appalachians","Unknown",0.364981577524124,0.0214516666644425,0.0394972969092977,0.916012640847688,-0.211587896864031,-0.0827468365345751,-0.108845331815495,-0.36670568269382,0.999337361923977,"Moderate"
"54057",31.84961212,0.192035398230088,41,10.72628568,955.244898,598.404494928282,-0.202407979692978,-30.2702997464667,-28.1424775166055,3,39.41559604,"Ridge and Valley","Unknown",-0.209427218021638,0.821442733130067,0.487768909906687,-0.667735984793311,-0.818438853134158,-0.207370019865189,-0.274753192607316,-0.364930933369608,0.539838500289723,"Moderate"
"54059",21.7240817,0.242665036674817,48,12.22477281,1178.318182,1147.88747567434,-0.0801312415172484,-47.252235149725,-33.5582153438806,2,37.73025841,"Central Appalachians","Oak / hickory group",0.0592635876360478,-0.304654602742635,-0.0850871286745749,1.12408686315,0.0808618399749698,-0.262560690410024,0.417555801258982,-0.0129922125652411,0.999337361923977,"Moderate"
"54061",113.8668788,0.247685185185185,40,10.57409806,1106.254902,1012.61342945514,-0.0313122582383754,-47.568830146923,-33.9440600850099,4,39.6326151,"Western Allegheny Plateau","Oak / hickory group",0.0859054478034778,-0.325648486798211,-0.125900309991728,0.682968329469119,0.439907609060489,0.239676974866347,0.193907070326661,-0.400674127443662,0.474195805770544,"Moderate"
"54063",10.89816093,0.193223443223443,45,10.77730137,995.6438356,964.883251085976,-0.10921595695321,-31.6335380741907,-27.4558206976645,2,37.56276782,"Central Appalachians","Oak / hickory group",-0.203122279329046,0.731044376726297,0.560400842564562,0.527323792449687,-0.133045605878322,-0.321568940030349,-0.149374898346299,-0.352949251098135,0.80240927836644,"Moderate"
"54065",30.00191269,0.0766509433962264,36,11.16138895,959.5555556,883.07434677037,-0.0733261099847358,-27.7643130574078,-27.6537111888154,4,39.55435902,"Ridge and Valley","Unknown",-0.821770957421003,0.98761842908403,0.539468743107553,0.26055108236705,0.130911093783918,-0.217441173303787,-0.261375046320833,-0.262741408217266,0.211625027693828,"Moderate"
"54067",14.83712699,0.22550382209868,49,10.52714358,1251.990099,1301.11104266717,-0.087162092899471,-48.7204588238709,-35.3648991550424,3,38.29532117,"Central Appalachians","Oak / hickory group",-0.0318107457420278,-0.402014693254091,-0.276191233791825,1.62373743978544,0.0291524992163606,-0.300099034841447,0.646196944742895,-0.411701983003045,1.06498005644316,"Moderate"
"54069",152.7732814,0.404255319148936,17,10.47191673,997.1666667,730.864588203949,-0.16078406697916,-37.559550376709,-32.0647419773684,3,40.09564117,"Western Allegheny Plateau","Maple / beech / birch group",0.916821028655939,0.338081707410388,0.0728867732669195,-0.235793540916727,-0.512310196842604,0.451741959011772,-0.144648784811927,-0.424672709647227,-1.03558616817057,"Moderate"
"54071",3.865183856,0.32330664358364,53,9.564882261,1025.862385,906.776712279112,-0.131036481169631,-37.156378405952,-32.2633589519384,2,38.68302258,"Ridge and Valley","Oak / hickory group",0.487227503545028,0.364816639053156,0.051877829171778,0.337842721156669,-0.293527581801089,-0.359903200512529,-0.0555914871009928,-0.637701266485969,1.32755083451987,"Low"
"54073",22.12709914,0.329974811083123,35,11.29424996,1059.9,1113.42739481094,-0.0988587776273862,-44.3981826099069,-28.4940545874525,2,39.37094261,"Western Allegheny Plateau","Oak / hickory group",0.522615378172108,-0.115398143734244,0.450580431718711,1.0117151202633,-0.0568723395209632,-0.260363985463987,0.0500444123295215,-0.231537313788923,0.145982333174649,"Moderate"
"54075",3.442007553,0.453655412206057,50,8.659284255,1244.40411,1096.54640367889,-0.110520630562343,-47.6134536915501,-36.9146053758499,8,38.32741832,"Central Appalachians","Maple / beech / birch group",1.17898665359068,-0.328607540258757,-0.440113232036558,0.956667472444862,-0.142641003158942,-0.362209784261971,0.622653791937241,-0.850392451758028,1.13062275096233,"Low"
"54077",20.00094857,0.19585020242915,45,9.435842062,1234.115789,1072.11489476668,-0.0674412099659079,-46.4046346318081,-31.091576904516,3,39.46754717,"Central Appalachians","Unknown",-0.189182103792919,-0.248448954655703,0.175824453468541,0.876998151624059,0.174192381335145,-0.27195287718326,0.59072393896532,-0.668007994958439,0.80240927836644,"Low"
"54079",63.2232395,0.186473429951691,41,12.21272328,1099.018868,1114.72338326754,-0.0510101846632032,-35.0900002523651,-28.7359587306763,3,38.50774136,"Western Allegheny Plateau","Unknown",-0.238944508361296,0.501841240690334,0.424992736445562,1.01594124156019,0.295036563668338,-0.0363635184076592,0.171450004521675,-0.0158221976145577,0.539838500289723,"Moderate"
"54081",47.4860193,0.254865034526051,42,10.72091394,1116.967742,1137.70061391545,-0.135302240573559,-49.1400182574955,-34.8692652870103,2,37.7694567,"Central Appalachians","Unknown",0.124008811034169,-0.429836301876761,-0.223764978444373,1.09086826987595,-0.324900682243759,-0.122141517122093,0.22715442002655,-0.36619255468503,0.605481194808903,"Moderate"
"54083",10.68140378,0.390168014934661,45,8.777861452,1275.45,1097.08138599186,-0.083158027538605,-46.8465189509693,-38.2390706721696,3,38.76980557,"Ridge and Valley","Maple / beech / birch group",0.842059895944897,-0.277750959565925,-0.580210106568945,0.958412009701181,0.0586009356729013,-0.322750406280281,0.719004858654777,-0.822543092098364,0.80240927836644,"Low"
"54085",8.326151775,0.20633971291866,44,11.3239718,1098.239437,1190.8901666133,-0.0818786137079723,-30.9440139992342,-27.2533297213925,2,39.18076157,"Western Allegheny Plateau","Unknown",-0.133514413662009,0.776767741312857,0.581819563746269,1.26431541771389,0.068010556520064,-0.335588048563323,0.169031036720052,-0.224556762444746,0.736766583847261,"Moderate"
"54087",11.04339918,0.20615796519411,48,11.81211843,1153.026316,1047.17724443716,-0.0549048461166206,-42.1458547520285,-25.4215577410641,2,38.71614541,"Western Allegheny Plateau","Oak / hickory group",-0.134478946375177,0.0339570587229554,0.775577399465405,0.795678341547711,0.266392752942457,-0.320777297906553,0.33906237528933,-0.109909330986885,0.999337361923977,"Moderate"
"54089",13.60915431,0.259157509157509,44,10.86362726,1029.054545,1115.939698142,-0.0807343131621976,-44.688820569348,-31.5649982743601,2,37.65388128,"Central Appalachians","Unknown",0.146788915779549,-0.134670778098836,0.125747751242898,1.01990755327268,0.0764264685675493,-0.306792277842927,-0.0456846034158076,-0.332674520210791,0.736766583847261,"Moderate"
"54091",37.58198337,0.121447028423773,35,10.7083736,1160.931034,1012.75901137997,-0.089984990577691,-27.608027505871,-26.5334727685183,2,39.33603936,"Western Allegheny Plateau","Unknown",-0.584038740757014,0.99798195591662,0.657963279620376,0.683443061222965,0.00839111911681124,-0.176124899858979,0.363594705056694,-0.369137812692052,0.145982333174649,"Moderate"
"54093",6.397191352,0.492828456683878,47,8.630557924,1229.681159,1011.2904907438,-0.0769976446338541,-37.122069966231,-33.9798805639956,4,39.11245596,"Central Appalachians","Maple / beech / birch group",1.38687747019804,0.367091682600922,-0.129689263287895,0.678654325409904,0.103908299106969,-0.34610212681739,0.576961043748028,-0.857139195178869,0.933694667404798,"Low"
"54095",13.16022258,0.220762155059133,36,11.10088756,1075.6,1199.08075025468,-0.0646977175382966,-36.7487967962257,-26.6866139572261,2,39.46812443,"Western Allegheny Plateau","Oak / hickory group",-0.0569747085146875,0.391843980399386,0.641764590262676,1.29102429755342,0.194369764854688,-0.309239245278689,0.0987694367197158,-0.276950927523238,0.211625027693828,"Moderate"
"54097",26.62037693,0.276595744680851,40,10.40630245,1266.62963,1300.17123359698,-0.0495793082553739,-35.1990128027519,-32.6127436724766,3,38.89238811,"Central Appalachians","Oak / hickory group",0.239333395573342,0.494612456711818,0.0149212494163219,1.6206727927924,0.305560136381449,-0.23587272388183,0.691630798566844,-0.440083056060879,0.474195805770544,"Moderate"
"54099",30.48495997,0.116504854368932,52,12.3502035,1127.909091,1150.0867365453,-0.0572434434231641,-46.8986845502186,-29.8290927507071,2,38.14884463,"Western Allegheny Plateau","Oak / hickory group",-0.610266791544803,-0.28121013786003,0.309365199750654,1.1312584881416,0.249193224969645,-0.214808254120077,0.261110948490667,0.0164667769078345,1.26190814000069,"Moderate"
"54101",5.78243363,0.350965154173978,47,9.805036811,1341.069767,1205.47261817469,-0.0957249879278232,-40.7414807956698,-33.5676993913643,2,38.49361397,"Central Appalachians","Maple / beech / birch group",0.634010844728126,0.12708317970214,-0.0860903149521433,1.31186770013626,-0.0338244622965556,-0.349452952847479,0.922656116460758,-0.581297922453012,0.933694667404798,"Low"
"54103",16.48822451,0.384324834749764,43,10.70081508,1097.618182,1258.0662934075,-0.06243438291783,-36.4476009119205,-24.4557458862585,3,39.6065942,"Western Allegheny Plateau","Oak / hickory group",0.811050217825292,0.411816726428488,0.877737284379393,1.48337173618758,0.211015763294705,-0.291099488597062,0.167102968883904,-0.370913027044393,0.671123889328082,"Moderate"
"54105",9.571553773,0.189010989010989,41,11.61787494,1109.305556,959.605433023375,0.0596744892217325,-35.5588032879739,-33.7075349842549,2,39.02774267,"Western Allegheny Plateau","Unknown",-0.225477716794316,0.470754215748123,-0.100881589262457,0.510113223017643,1.10908186309584,-0.328799804538918,0.203374789470358,-0.155529879890215,0.539838500289723,"Moderate"
"54107",88.90049793,0.12699747687132,43,11.63357212,1061.133333,950.12014115434,-0.131031292857596,-39.71230631499,-30.5823034902326,4,39.20966038,"Western Allegheny Plateau","Oak / hickory group",-0.554582586003689,0.195329266695224,0.229693447863333,0.479182396611934,-0.293489423663419,0.103594098795837,0.0538720671388353,-0.15184319794358,0.671123889328082,"Moderate"
"54109",16.14847063,0.195484864032837,45,11.34797645,1155.192308,1213.74591131037,-0.0717325162282114,-45.5508492478336,-34.4102813309745,2,37.61230303,"Central Appalachians","Oak / hickory group",-0.191120949715159,-0.191833178922846,-0.17521541064535,1.33884628944237,0.142631393091519,-0.292951366343671,0.345784541724296,-0.218918965732834,0.80240927836644,"Moderate"
